{"Accuracy":0.1103967168262654,"Precision":0.04694250113498133,"Recall":0.1103967168262654,"F1 Score":0.04962212868875643,"Adjusted Rand Index":0.010017663643565678,"Precision by cluster":[0.10204081632653061,0.0,0.08821349147516679,0.0,0.08139534883720931,0.0,0.33706293706293705,0.0,0.04259634888438134,0.0,0.0,0.039603960396039604,0.11559139784946236,0.0,0.0,0.0,0.0,0.0,0.0,0.0,0.0,0.0,0.0,0.0,0.0,0.0,0.0,0.0],"Recall by cluster":[0.02332814930015552,0.0,0.779050736497545,0.0,0.015765765765765764,0.0,0.5965346534653465,0.0,0.06752411575562701,0.0,0.0,0.01532567049808429,0.17916666666666667,0.0,0.0,0.0,0.0,0.0,0.0,0.0,0.0,0.0,0.0,0.0,0.0,0.0,0.0,0.0],"F1 score by cluster":[0.0379746835443038,0.0,0.15848177126685534,0.0,0.026415094339622643,0.0,0.4307417336907953,0.0,0.05223880597014925,0.0,0.0,0.022099447513812154,0.14052287581699346,0.0,0.0,0.0,0.0,0.0,0.0,0.0,0.0,0.0,0.0,0.0,0.0,0.0,0.0,0.0],"confusion_matrix":[[15,0,498,0,16,0,31,0,48,0,0,8,27,0,0,0,0,0,0,0,0,0,0,0,0,0,0,0],[24,0,496,0,11,0,26,0,38,0,0,7,29,0,0,0,0,0,0,0,0,0,0,0,0,0,0,0],[12,0,476,0,15,0,12,0,73,0,0,3,20,0,0,0,0,0,0,0,0,0,0,0,0,0,0,0],[18,0,398,0,6,0,11,0,33,0,0,4,20,0,0,0,0,0,0,0,0,0,0,0,0,0,0,0],[8,0,375,0,7,0,8,0,35,0,0,2,9,0,0,0,0,0,0,0,0,0,0,0,0,0,0,0],[8,0,381,0,5,0,3,0,26,0,0,2,11,0,0,0,0,0,0,0,0,0,0,0,0,0,0,0],[3,0,123,0,0,0,241,0,14,0,0,7,16,0,0,0,0,0,0,0,0,0,0,0,0,0,0,0],[6,0,258,0,9,0,6,0,18,0,0,5,10,0,0,0,0,0,0,0,0,0,0,0,0,0,0,0],[7,0,216,0,1,0,34,0,21,0,0,7,25,0,0,0,0,0,0,0,0,0,0,0,0,0,0,0],[4,0,231,0,3,0,11,0,20,0,0,1,12,0,0,0,0,0,0,0,0,0,0,0,0,0,0,0],[5,0,210,0,1,0,29,0,13,0,0,5,13,0,0,0,0,0,0,0,0,0,0,0,0,0,0,0],[9,0,161,0,1,0,49,0,13,0,0,4,24,0,0,0,0,0,0,0,0,0,0,0,0,0,0,0],[0,0,110,0,0,0,71,0,2,0,0,14,43,0,0,0,0,0,0,0,0,0,0,0,0,0,0,0],[4,0,174,0,0,0,32,0,27,0,0,3,5,0,0,0,0,0,0,0,0,0,0,0,0,0,0,0],[3,0,175,0,6,0,9,0,16,0,0,3,3,0,0,0,0,0,0,0,0,0,0,0,0,0,0,0],[6,0,188,0,3,0,3,0,9,0,0,4,11,0,0,0,0,0,0,0,0,0,0,0,0,0,0,0],[2,0,87,0,0,0,48,0,3,0,0,5,28,0,0,0,0,0,0,0,0,0,0,0,0,0,0,0],[1,0,96,0,0,0,11,0,5,0,0,1,5,0,0,0,0,0,0,0,0,0,0,0,0,0,0,0],[2,0,88,0,1,0,16,0,11,0,0,1,9,0,0,0,0,0,0,0,0,0,0,0,0,0,0,0],[1,0,85,0,1,0,17,0,4,0,0,2,9,0,0,0,0,0,0,0,0,0,0,0,0,0,0,0],[2,0,92,0,0,0,10,0,8,0,0,5,8,0,0,0,0,0,0,0,0,0,0,0,0,0,0,0],[2,0,90,0,0,0,12,0,10,0,0,3,11,0,0,0,0,0,0,0,0,0,0,0,0,0,0,0],[1,0,104,0,0,0,1,0,7,0,0,0,3,0,0,0,0,0,0,0,0,0,0,0,0,0,0,0],[0,0,65,0,0,0,12,0,7,0,0,0,9,0,0,0,0,0,0,0,0,0,0,0,0,0,0,0],[3,0,75,0,0,0,2,0,3,0,0,1,1,0,0,0,0,0,0,0,0,0,0,0,0,0,0,0],[0,0,58,0,0,0,0,0,7,0,0,0,1,0,0,0,0,0,0,0,0,0,0,0,0,0,0,0],[0,0,55,0,0,0,4,0,6,0,0,2,4,0,0,0,0,0,0,0,0,0,0,0,0,0,0,0],[1,0,31,0,0,0,6,0,16,0,0,2,6,0,0,0,0,0,0,0,0,0,0,0,0,0,0,0]]}