{"Accuracy":0.1344733242134063,"Precision":0.12144678260968347,"Recall":0.1344733242134063,"F1 Score":0.10414222237988806,"Adjusted Rand Index":0.018354391413501918,"Precision by cluster":[0.15671641791044777,0.10454545454545454,0.2413793103448276,0.09192825112107623,0.08333333333333333,0.08527131782945736,0.4448979591836735,0.17894736842105263,0.09815950920245399,0.1111111111111111,0.07528957528957529,0.23333333333333334,0.12990196078431374,0.07547169811320754,0.0,0.0,0.08798646362098139,0.0,0.0,0.0,0.0,0.0,0.0,0.0,0.0,0.0,0.0,0.16666666666666666],"Recall by cluster":[0.03265940902021773,0.4009508716323296,0.24058919803600654,0.0836734693877551,0.01126126126126126,0.02522935779816514,0.5396039603960396,0.05448717948717949,0.15434083601286175,0.03900709219858156,0.2826086956521739,0.02681992337164751,0.22083333333333333,0.08163265306122448,0.0,0.0,0.30057803468208094,0.0,0.0,0.0,0.0,0.0,0.0,0.0,0.0,0.0,0.0,0.016129032258064516],"F1 score by cluster":[0.05405405405405406,0.16584726319239593,0.24098360655737705,0.0876068376068376,0.01984126984126984,0.03893805309734513,0.48769574944071586,0.08353808353808354,0.12,0.05774278215223097,0.11890243902439024,0.048109965635738834,0.16358024691358025,0.0784313725490196,0.0,0.0,0.13612565445026178,0.0,0.0,0.0,0.0,0.0,0.0,0.0,0.0,0.0,0.0,0.029411764705882353],"confusion_matrix":[[21,224,73,42,6,16,15,9,48,14,84,0,21,32,0,0,38,0,0,0,0,0,0,0,0,0,0,0],[7,253,25,27,5,2,18,2,62,4,97,5,28,32,1,0,63,0,0,0,0,0,0,0,0,0,0,0],[17,182,147,55,8,27,7,9,24,7,60,2,15,18,0,0,32,0,0,0,0,0,0,0,0,0,0,1],[7,193,22,41,7,10,5,4,16,10,105,2,19,14,0,0,35,0,0,0,0,0,0,0,0,0,0,0],[8,171,47,38,5,9,5,7,22,9,73,0,9,17,0,0,24,0,0,0,0,0,0,0,0,0,0,0],[10,179,25,41,6,11,2,9,18,4,81,0,10,20,0,0,20,0,0,0,0,0,0,0,0,0,0,0],[2,50,14,9,0,0,218,0,18,1,26,0,31,12,0,0,23,0,0,0,0,0,0,0,0,0,0,0],[7,79,59,39,1,12,1,17,6,9,43,3,15,3,0,0,18,0,0,0,0,0,0,0,0,0,0,0],[6,88,21,14,2,5,14,3,48,0,31,0,25,13,0,0,40,0,0,0,0,0,0,0,0,0,0,1],[6,103,15,27,4,8,2,6,10,11,46,0,10,11,0,0,23,0,0,0,0,0,0,0,0,0,0,0],[3,103,4,8,0,1,20,1,22,2,78,1,14,2,0,0,17,0,0,0,0,0,0,0,0,0,0,0],[6,84,8,7,0,2,28,2,15,5,26,7,37,13,0,0,21,0,0,0,0,0,0,0,0,0,0,0],[1,50,3,4,1,1,37,1,22,3,14,3,53,0,0,0,47,0,0,0,0,0,0,0,0,0,0,0],[3,78,16,10,1,1,28,0,23,0,37,2,10,20,1,0,13,0,0,0,0,0,0,0,0,0,0,2],[7,75,31,18,3,5,6,3,14,1,25,1,7,9,0,0,9,0,0,0,0,0,0,0,0,0,0,1],[4,81,20,23,7,8,2,5,2,4,35,1,9,10,0,0,13,0,0,0,0,0,0,0,0,0,0,0],[1,28,6,1,0,1,22,0,18,1,14,0,28,1,0,0,52,0,0,0,0,0,0,0,0,0,0,0],[0,55,12,2,0,1,10,3,8,1,12,0,3,7,0,0,5,0,0,0,0,0,0,0,0,0,0,0],[2,36,11,4,0,0,10,1,21,3,12,0,13,3,0,0,12,0,0,0,0,0,0,0,0,0,0,0],[0,50,1,2,0,1,12,2,11,2,19,0,10,0,0,0,9,0,0,0,0,0,0,0,0,0,0,0],[0,50,5,2,0,1,5,1,15,0,17,0,8,9,0,0,12,0,0,0,0,0,0,0,0,0,0,0],[5,40,3,2,1,1,7,1,12,2,22,1,10,2,0,0,19,0,0,0,0,0,0,0,0,0,0,0],[6,36,12,12,0,4,0,2,5,1,21,0,1,5,0,0,11,0,0,0,0,0,0,0,0,0,0,0],[0,32,8,1,1,0,9,3,7,0,8,2,10,5,0,0,7,0,0,0,0,0,0,0,0,0,0,0],[1,40,1,9,0,1,1,2,3,2,17,0,3,0,0,0,5,0,0,0,0,0,0,0,0,0,0,0],[2,23,11,5,2,1,0,2,1,2,9,0,0,3,1,0,4,0,0,0,0,0,0,0,0,0,0,0],[2,22,3,2,0,0,1,0,5,1,16,0,3,2,0,0,14,0,0,0,0,0,0,0,0,0,0,0],[0,15,6,1,0,0,5,0,13,0,8,0,6,2,0,0,5,0,0,0,0,0,0,0,0,0,0,1]]}