{"Accuracy":0.11272229822161423,"Precision":0.044356979737936696,"Recall":0.11272229822161423,"F1 Score":0.050667487788710434,"Adjusted Rand Index":0.012648897692437369,"Precision by cluster":[0.0,0.0,0.08568406205923837,0.0,0.07042253521126761,0.0,0.41541353383458646,0.0,0.064,0.0,0.0,0.06722689075630252,0.14457831325301204,0.0,0.0,0.0,0.0,0.0,0.0,0.0,0.0,0.0,0.0,0.0,0.0,0.0,0.0,0.047058823529411764],"Recall by cluster":[0.0,0.0,0.8678571428571429,0.0,0.011990407673860911,0.0,0.5403422982885085,0.0,0.025974025974025976,0.0,0.0,0.05904059040590406,0.3346613545816733,0.0,0.0,0.0,0.0,0.0,0.0,0.0,0.0,0.0,0.0,0.0,0.0,0.0,0.0,0.06779661016949153],"F1 score by cluster":[0.0,0.0,0.15596919127086006,0.0,0.020491803278688523,0.0,0.46971307120085015,0.0,0.03695150115473441,0.0,0.0,0.06286836935166994,0.20192307692307693,0.0,0.0,0.0,0.0,0.0,0.0,0.0,0.0,0.0,0.0,0.0,0.0,0.0,0.0,0.05555555555555555],"confusion_matrix":[[0,0,548,0,7,0,23,0,14,0,0,13,27,0,0,0,0,0,0,0,0,0,0,0,0,0,0,7],[0,0,528,0,4,0,19,0,5,0,0,18,41,0,0,0,0,0,0,0,0,0,0,0,0,0,0,5],[0,0,486,0,13,0,4,0,14,0,0,10,18,0,0,0,0,0,0,0,0,0,0,0,0,0,0,15],[0,0,462,0,1,0,4,0,9,0,0,6,25,0,0,0,0,0,0,0,0,0,0,0,0,0,0,2],[0,0,358,0,5,0,5,0,14,0,0,8,20,1,0,0,0,0,0,0,0,0,0,0,0,0,0,6],[0,0,381,0,6,0,2,0,6,0,0,5,7,0,0,0,0,0,0,0,0,0,0,0,0,0,0,2],[0,0,134,0,0,0,221,0,0,0,0,18,34,0,0,0,1,0,0,0,0,0,0,0,0,0,0,1],[0,0,284,0,1,0,2,0,3,0,0,15,28,0,0,0,0,0,0,0,0,0,0,0,0,0,0,2],[0,0,215,0,1,0,24,0,8,0,0,11,39,0,0,0,0,0,0,0,0,0,0,0,0,0,0,10],[0,0,251,0,6,0,2,0,1,0,0,9,22,1,0,0,0,0,0,0,0,0,0,0,0,0,0,0],[0,0,226,0,3,0,15,0,4,0,0,10,17,0,0,0,0,0,0,0,0,0,0,0,0,0,0,0],[0,0,170,0,3,0,29,0,5,0,0,16,45,0,0,0,0,0,0,0,0,0,0,0,0,0,0,3],[0,0,90,0,0,0,49,0,0,0,0,28,84,0,0,0,0,0,0,0,0,0,0,0,0,0,0,0],[0,0,168,0,4,0,25,0,4,0,0,8,21,0,0,0,0,0,0,0,0,0,0,0,0,0,0,10],[0,0,182,0,6,0,13,0,6,0,0,3,18,0,0,0,0,0,0,0,0,0,0,0,0,0,0,4],[0,0,180,0,3,0,1,0,7,0,0,4,5,0,0,0,0,0,0,0,0,0,0,0,0,0,0,1],[0,0,100,0,0,0,26,0,1,0,0,13,39,0,0,0,0,0,0,0,0,0,0,0,0,0,0,1],[0,0,107,0,0,0,14,0,4,0,0,1,6,0,0,0,1,0,0,0,0,0,0,0,0,0,0,2],[0,0,101,0,1,0,9,0,1,0,0,6,13,1,0,0,0,0,0,0,0,0,0,0,0,0,0,3],[0,0,89,0,2,0,10,0,1,0,0,9,8,0,0,0,0,0,0,0,0,0,0,0,0,0,0,1],[0,0,93,0,0,0,10,0,2,0,0,5,13,0,0,0,0,0,0,0,0,0,0,0,0,0,0,0],[0,0,103,0,1,0,1,0,1,0,0,10,13,0,0,0,0,0,0,0,0,0,0,0,0,0,0,2],[0,0,91,0,2,0,1,0,0,0,0,2,2,0,0,0,0,0,0,0,0,0,0,0,0,0,0,2],[0,0,70,0,1,0,12,0,5,0,0,7,10,0,0,0,0,0,0,0,0,0,0,0,0,0,0,0],[0,0,88,0,0,0,2,0,3,0,0,1,1,1,0,0,0,0,0,0,0,0,0,0,0,0,0,1],[0,0,73,0,0,0,2,0,4,0,0,1,4,0,0,0,0,0,0,0,0,0,0,0,0,0,0,1],[0,0,51,0,1,0,3,0,1,0,0,1,15,0,0,0,0,0,0,0,0,0,0,0,0,0,0,0],[0,0,43,0,0,0,4,0,2,0,0,0,6,0,0,0,0,0,0,0,0,0,0,0,0,0,0,4]]}