{"Accuracy":0.1280437756497948,"Precision":0.12586594167693102,"Recall":0.1280437756497948,"F1 Score":0.10316011780911225,"Adjusted Rand Index":0.021199813784183737,"Precision by cluster":[0.10185185185185185,0.12278308321964529,0.23770491803278687,0.08058124174372523,0.14814814814814814,0.14150943396226415,0.4906976744186046,0.125,0.10151187904967603,0.08888888888888889,0.06288343558282208,0.2222222222222222,0.1556420233463035,0.05945945945945946,0.0,0.0,0.07374890254609306,0.0,0.0,0.0,0.0,0.0,0.0,0.0,0.0,0.0,0.0,0.5],"Recall by cluster":[0.03421461897356143,0.28526148969889065,0.23731587561374795,0.12448979591836734,0.009009009009009009,0.034403669724770644,0.5222772277227723,0.016025641025641024,0.15112540192926044,0.028368794326241134,0.2971014492753623,0.022988505747126436,0.16666666666666666,0.08979591836734693,0.0,0.0,0.48554913294797686,0.0,0.0,0.0,0.0,0.0,0.0,0.0,0.0,0.0,0.0,0.06451612903225806],"F1 score by cluster":[0.051222351571594875,0.17167381974248927,0.2375102375102375,0.09783480352846832,0.016985138004246284,0.055350553505535055,0.5059952038369304,0.028409090909090908,0.12144702842377261,0.043010752688172046,0.10379746835443038,0.041666666666666664,0.16096579476861167,0.07154471544715447,0.0,0.0,0.12804878048780488,0.0,0.0,0.0,0.0,0.0,0.0,0.0,0.0,0.0,0.0,0.11428571428571428],"confusion_matrix":[[22,151,68,89,1,11,17,4,42,7,108,0,12,45,0,0,66,0,0,0,0,0,0,0,0,0,0,0],[17,180,16,50,0,1,10,2,65,9,129,2,15,37,0,0,98,0,0,0,0,0,0,0,0,0,0,0],[23,113,145,105,6,17,6,6,19,5,73,3,9,28,0,0,53,0,0,0,0,0,0,0,0,0,0,0],[31,85,25,61,0,9,2,2,24,13,133,2,11,24,0,0,68,0,0,0,0,0,0,0,0,0,0,0],[13,96,52,57,4,9,1,6,20,7,98,0,7,28,0,0,46,0,0,0,0,0,0,0,0,0,0,0],[18,96,28,59,1,15,0,3,17,4,108,1,7,40,0,0,39,0,0,0,0,0,0,0,0,0,0,0],[1,33,10,16,0,0,211,0,21,2,29,0,24,14,0,0,43,0,0,0,0,0,0,0,0,0,0,0],[14,43,66,50,4,13,1,5,6,6,53,2,8,7,0,0,34,0,0,0,0,0,0,0,0,0,0,0],[4,58,27,21,1,3,12,3,47,2,31,1,15,15,0,0,70,0,0,0,0,0,0,0,0,0,0,1],[8,52,25,35,4,5,2,3,11,8,63,1,10,12,0,0,43,0,0,0,0,0,0,0,0,0,0,0],[8,64,3,15,0,2,18,0,26,1,82,0,8,4,0,0,45,0,0,0,0,0,0,0,0,0,0,0],[7,49,8,16,1,1,18,0,21,4,35,6,27,12,0,0,56,0,0,0,0,0,0,0,0,0,0,0],[3,15,3,8,0,0,31,0,12,3,19,4,40,1,0,0,101,0,0,0,0,0,0,0,0,0,0,0],[6,66,14,13,0,0,25,0,24,1,40,1,7,22,0,0,23,0,0,0,0,0,0,0,0,0,0,3],[4,47,28,40,1,4,6,0,9,1,31,1,3,12,0,0,28,0,0,0,0,0,0,0,0,0,0,0],[6,60,15,36,1,7,2,3,2,2,48,1,4,9,0,0,28,0,0,0,0,0,0,0,0,0,0,0],[2,16,2,3,0,1,20,1,14,1,14,1,12,2,0,0,84,0,0,0,0,0,0,0,0,0,0,0],[4,32,13,6,0,3,9,0,9,0,19,0,3,9,0,0,12,0,0,0,0,0,0,0,0,0,0,0],[4,19,11,9,0,0,9,1,13,2,19,0,1,1,0,0,39,0,0,0,0,0,0,0,0,0,0,0],[4,23,1,7,1,1,10,0,10,4,25,0,7,4,0,0,22,0,0,0,0,0,0,0,0,0,0,0],[2,33,5,4,0,1,4,0,11,1,20,0,5,10,0,0,29,0,0,0,0,0,0,0,0,0,0,0],[5,26,4,6,0,0,4,0,8,4,27,0,8,3,0,0,33,0,0,0,0,0,0,0,0,0,0,0],[4,21,12,19,1,2,0,0,5,2,29,0,1,9,0,0,11,0,0,0,0,0,0,0,0,0,0,0],[2,19,5,6,0,0,6,0,8,0,10,0,7,8,0,0,22,0,0,0,0,0,0,0,0,0,0,0],[1,27,6,11,1,0,1,0,4,1,24,0,0,3,0,0,6,0,0,0,0,0,0,0,0,0,0,0],[2,20,11,11,0,0,0,1,2,0,8,0,0,5,0,0,6,0,0,0,0,0,0,0,0,0,0,0],[1,11,2,2,0,0,1,0,4,0,20,0,2,3,0,0,25,0,0,0,0,0,0,0,0,0,0,0],[0,11,5,2,0,1,4,0,9,0,9,1,4,3,0,0,9,0,0,0,0,0,0,0,0,0,0,4]]}