{"Accuracy":0.14555403556771546,"Precision":0.11995634041783353,"Recall":0.14555403556771546,"F1 Score":0.11604591549080337,"Adjusted Rand Index":0.02943343769735888,"Precision by cluster":[0.10344827586206896,0.12746710526315788,0.20077220077220076,0.10659186535764376,0.1004566210045662,0.09259259259259259,0.4965034965034965,0.10303030303030303,0.136986301369863,0.09375,0.09324324324324325,0.16363636363636364,0.14325842696629212,0.07518796992481203,0.0,0.0,0.09269662921348315,0.0,0.0,0.0,0.0,0.0,0.0,0.0,0.0,0.0,0.0,0.5],"Recall by cluster":[0.07465007776049767,0.24564183835182252,0.3404255319148936,0.31020408163265306,0.04954954954954955,0.011467889908256881,0.5272277227722773,0.05448717948717949,0.06430868167202572,0.0425531914893617,0.25,0.034482758620689655,0.2125,0.04081632653061224,0.0,0.0,0.3815028901734104,0.0,0.0,0.0,0.0,0.0,0.0,0.0,0.0,0.0,0.0,0.11290322580645161],"F1 score by cluster":[0.08672086720867209,0.16783974011911207,0.25258044930176077,0.15866388308977036,0.06636500754147813,0.02040816326530612,0.5114045618247299,0.07127882599580712,0.087527352297593,0.05853658536585366,0.13582677165354332,0.056962025316455694,0.17114093959731544,0.05291005291005291,0.0,0.0,0.14915254237288136,0.0,0.0,0.0,0.0,0.0,0.0,0.0,0.0,0.0,0.0,0.18421052631578946],"confusion_matrix":[[48,104,124,148,14,11,13,16,16,12,53,0,20,17,0,0,46,0,0,0,0,0,0,0,0,0,0,1],[42,155,35,118,15,1,8,8,14,11,102,3,30,20,1,0,67,0,1,0,0,0,0,0,0,0,0,0],[27,66,208,144,17,8,2,21,6,7,48,4,10,9,0,0,31,0,0,0,0,0,0,2,0,0,0,1],[49,68,36,152,17,0,2,11,2,12,75,6,13,7,0,0,40,0,0,0,0,0,0,0,0,0,0,0],[32,84,94,96,22,7,3,13,6,7,37,0,8,10,0,0,24,0,0,0,0,0,0,0,0,0,0,1],[30,84,61,131,23,5,0,12,2,12,44,2,5,6,0,0,18,0,1,0,0,0,0,0,0,0,0,0],[10,43,18,19,4,0,213,0,5,2,21,1,28,5,1,0,32,0,2,0,0,0,0,0,0,0,0,0],[15,18,115,73,20,1,1,17,1,7,12,1,14,0,0,0,16,0,1,0,0,0,0,0,0,0,0,0],[21,49,43,26,9,4,10,6,20,4,28,2,22,9,0,0,58,0,0,0,0,0,0,0,0,0,0,0],[18,37,44,74,11,1,2,9,3,12,29,2,7,7,0,0,26,0,0,0,0,0,0,0,0,0,0,0],[11,68,7,38,3,0,18,3,10,6,69,0,13,1,0,0,29,0,0,0,0,0,0,0,0,0,0,0],[15,52,14,38,5,0,25,2,4,5,19,9,34,9,0,0,29,0,1,0,0,0,0,0,0,0,0,0],[17,33,5,14,4,1,28,4,4,3,7,6,51,0,0,0,63,0,0,0,0,0,0,0,0,0,0,0],[21,51,18,34,3,0,28,3,10,1,38,3,9,10,2,0,12,0,0,0,0,0,0,0,0,0,0,2],[14,35,49,48,10,3,6,1,5,2,16,1,6,2,0,0,16,0,0,0,0,0,0,0,0,0,0,1],[11,43,43,57,11,5,1,8,1,1,19,1,5,4,0,0,13,0,1,0,0,0,0,0,0,0,0,0],[7,18,5,9,3,0,19,2,6,2,12,2,19,1,0,0,66,0,2,0,0,0,0,0,0,0,0,0],[6,26,14,21,6,1,9,3,2,1,14,0,5,4,0,0,7,0,0,0,0,0,0,0,0,0,0,0],[8,20,19,18,4,1,7,5,9,4,5,0,9,0,0,0,18,0,0,0,0,0,0,0,0,0,0,1],[6,29,3,18,3,1,11,3,2,3,16,1,11,0,0,0,12,0,0,0,0,0,0,0,0,0,0,0],[7,30,4,19,2,0,3,3,3,3,14,1,12,6,0,0,18,0,0,0,0,0,0,0,0,0,0,0],[12,16,8,27,0,0,5,3,4,2,16,3,8,0,1,0,23,0,0,0,0,0,0,0,0,0,0,0],[8,14,23,36,7,2,0,3,1,4,10,0,1,0,0,0,7,0,0,0,0,0,0,0,0,0,0,0],[8,21,11,10,1,1,8,2,2,0,3,5,2,4,0,0,15,0,0,0,0,0,0,0,0,0,0,0],[7,17,10,23,2,0,1,2,1,4,14,0,2,0,0,0,2,0,0,0,0,0,0,0,0,0,0,0],[4,14,15,21,3,1,0,3,0,0,0,0,1,0,1,0,3,0,0,0,0,0,0,0,0,0,0,0],[10,13,3,7,0,0,1,1,0,1,14,1,4,0,0,0,16,0,0,0,0,0,0,0,0,0,0,0],[0,8,7,7,0,0,5,1,7,0,5,1,7,2,0,0,5,0,0,0,0,0,0,0,0,0,0,7]]}