{"Accuracy":0.11340629274965801,"Precision":0.10340573853346487,"Recall":0.11340629274965801,"F1 Score":0.08506388281818049,"Adjusted Rand Index":0.014111741211972836,"Precision by cluster":[0.14457831325301204,0.10401761144744083,0.150997150997151,0.08449004224502112,0.0,0.06515580736543909,0.48604651162790696,0.1,0.20588235294117646,0.057692307692307696,0.03765690376569038,0.0,0.1276595744680851,0.25,0.0,0.0,0.04721362229102167,0.0,0.0,0.0,0.0,0.0,0.0,0.0,0.0,0.0,0.0,0.5],"Recall by cluster":[0.07153502235469449,0.3197969543147208,0.087893864013267,0.28169014084507044,0.0,0.0518018018018018,0.5225,0.009230769230769232,0.02681992337164751,0.03180212014134275,0.031914893617021274,0.0,0.3050847457627119,0.012048192771084338,0.0,0.0,0.3860759493670886,0.0,0.0,0.0,0.0,0.0,0.0,0.0,0.0,0.0,0.0,0.05357142857142857],"F1 score by cluster":[0.09571286141575275,0.1569767441860465,0.1111111111111111,0.12999071494893222,0.0,0.05771643663739021,0.5036144578313253,0.016901408450704224,0.04745762711864407,0.04100227790432802,0.0345489443378119,0.0,0.18,0.022988505747126436,0.0,0.0,0.08413793103448276,0.0,0.0,0.0,0.0,0.0,0.0,0.0,0.0,0.0,0.0,0.0967741935483871],"confusion_matrix":[[48,171,36,178,0,41,20,6,3,18,19,4,25,2,0,0,99,0,0,0,0,0,0,0,0,0,0,1],[24,189,11,149,0,33,16,3,1,12,12,3,44,1,0,0,93,0,0,0,0,0,0,0,0,0,0,0],[43,133,53,155,0,39,1,3,4,11,29,8,31,0,0,0,92,0,0,0,0,0,0,0,0,0,0,1],[23,111,30,140,0,19,1,1,0,17,31,3,32,0,0,0,89,0,0,0,0,0,0,0,0,0,0,0],[34,126,41,114,0,23,1,1,3,12,16,2,15,0,0,0,49,0,0,0,0,0,0,0,0,0,0,0],[20,113,29,156,0,23,1,2,0,10,11,2,13,0,0,0,64,0,0,0,0,0,0,0,0,0,0,0],[5,50,2,26,0,11,209,0,0,3,3,1,37,0,0,0,53,0,0,0,0,0,0,0,0,0,0,0],[15,69,23,80,0,13,2,3,2,15,15,1,18,0,0,0,69,0,0,0,0,0,0,0,0,0,0,0],[11,75,11,49,0,9,10,0,7,2,3,0,20,0,0,0,64,0,0,0,0,0,0,0,0,0,0,0],[7,73,22,71,0,16,0,1,0,9,11,3,15,0,0,0,55,0,0,0,0,0,0,0,0,0,0,0],[5,89,9,58,0,14,22,0,0,4,9,0,21,0,0,0,51,0,0,0,0,0,0,0,0,0,0,0],[10,70,7,38,0,15,17,0,0,4,14,0,46,1,0,0,54,0,0,0,0,0,0,0,0,0,0,0],[1,35,0,13,0,1,29,0,0,0,1,2,72,0,0,0,82,0,0,0,0,0,0,0,0,0,0,0],[11,59,7,52,0,22,18,1,4,4,9,2,30,3,0,0,27,0,0,0,0,0,0,0,0,0,0,0],[12,58,14,53,0,11,12,2,2,5,2,0,12,1,0,0,42,0,0,0,0,0,0,0,0,0,0,0],[11,55,12,62,0,5,5,0,1,6,8,2,18,0,0,0,33,0,0,0,0,0,0,0,0,0,0,0],[4,30,1,8,0,0,19,0,0,4,4,0,26,1,0,0,61,0,0,0,0,0,0,0,0,0,0,0],[8,50,5,30,0,12,9,0,1,3,3,1,10,0,0,0,18,0,0,0,0,0,0,0,0,0,0,0],[3,33,7,25,0,2,4,0,1,3,6,0,17,1,0,0,23,0,0,0,0,0,0,0,0,0,0,1],[2,36,4,25,0,4,11,1,0,1,4,0,13,0,0,0,35,0,0,0,0,0,0,0,0,0,0,0],[7,37,1,33,0,3,4,2,0,2,5,0,16,0,0,0,19,0,0,0,0,0,0,0,0,0,0,0],[7,32,2,22,0,4,4,0,1,2,3,1,9,0,0,0,35,0,0,0,0,0,0,0,0,0,0,0],[4,19,4,29,0,9,0,1,0,1,6,0,0,1,0,0,12,0,0,0,0,0,0,0,0,0,0,0],[5,27,8,17,0,7,4,2,0,2,2,0,10,0,0,0,14,0,0,0,0,0,0,0,0,0,0,0],[1,26,1,27,0,1,1,1,0,0,5,1,4,0,0,0,14,0,0,0,0,0,0,0,0,0,0,0],[4,18,6,24,0,8,2,0,0,4,2,0,0,0,0,0,12,0,0,0,0,0,0,0,0,0,0,0],[4,25,1,14,0,3,3,0,0,2,5,0,7,0,0,0,24,0,0,0,0,0,0,0,0,0,0,0],[3,8,4,9,0,5,5,0,4,0,1,1,3,1,0,0,9,0,0,0,0,0,0,0,0,0,0,3]]}