{"Accuracy":0.13009575923392613,"Precision":0.06928975275628052,"Recall":0.13009575923392613,"F1 Score":0.06887251923136288,"Adjusted Rand Index":0.021539985697491357,"Precision by cluster":[0.11585365853658537,0.18691588785046728,0.12705436156763592,0.082010582010582,0.0,0.0,0.3476764199655766,0.0,0.0,0.0,0.0,0.12903225806451613,0.10032786885245902,0.0,0.0,0.0,0.0,0.0,0.0,0.0,0.0,0.0,0.0,0.0,0.0,0.0,0.0,0.0],"Recall by cluster":[0.059282371294851796,0.03179650238473768,0.6579378068739771,0.2361904761904762,0.0,0.0,0.5358090185676393,0.0,0.0,0.0,0.0,0.045112781954887216,0.5368421052631579,0.0,0.0,0.0,0.0,0.0,0.0,0.0,0.0,0.0,0.0,0.0,0.0,0.0,0.0,0.0],"F1 score by cluster":[0.0784313725490196,0.05434782608695652,0.21298013245033112,0.12174766813942071,0.0,0.0,0.42171189979123175,0.0,0.0,0.0,0.0,0.06685236768802229,0.16906077348066298,0.0,0.0,0.0,0.0,0.0,0.0,0.0,0.0,0.0,0.0,0.0,0.0,0.0,0.0,0.0],"confusion_matrix":[[38,11,320,150,0,0,20,0,0,0,0,6,96,0,0,0,0,0,0,0,0,0,0,0,0,0,0,0],[28,20,196,204,0,0,20,0,0,0,0,5,156,0,0,0,0,0,0,0,0,0,0,0,0,0,0,0],[24,2,402,101,0,0,8,0,0,0,0,4,70,0,0,0,0,0,0,0,0,0,0,0,0,0,0,0],[34,2,254,124,0,0,6,0,0,0,0,9,96,0,0,0,0,0,0,0,0,0,0,0,0,0,0,0],[19,4,256,90,0,0,6,0,0,0,0,1,73,0,0,0,0,0,0,0,0,0,0,0,0,0,0,0],[14,1,238,115,0,0,1,0,0,0,0,3,39,0,0,0,0,0,0,0,0,0,0,0,0,0,0,0],[5,2,68,25,0,0,202,0,0,0,0,4,71,0,0,0,0,0,0,0,0,0,0,0,0,0,0,0],[21,2,190,60,0,0,1,0,0,0,0,2,67,0,0,0,0,0,0,0,0,0,0,0,0,0,0,0],[7,14,108,65,0,0,28,0,0,0,0,3,82,0,0,0,0,0,0,0,0,0,0,0,0,0,0,0],[13,5,132,54,0,0,3,0,0,0,0,0,48,0,0,0,0,0,0,0,0,0,0,0,0,0,0,0],[17,10,103,66,0,0,31,0,0,0,0,6,38,0,0,0,0,0,0,0,0,0,0,0,0,0,0,0],[8,5,89,35,0,0,42,0,0,0,0,12,75,0,0,0,0,0,0,0,0,0,0,0,0,0,0,0],[6,3,21,19,0,0,76,0,0,0,0,7,153,0,0,0,0,0,0,0,0,0,0,0,0,0,0,0],[10,2,89,55,0,0,18,0,0,0,0,1,53,0,0,0,0,0,0,0,0,0,0,0,0,0,0,0],[4,1,121,50,0,0,13,0,0,0,0,3,47,0,0,0,0,0,0,0,0,0,0,0,0,0,0,0],[8,3,130,44,0,0,3,0,0,0,0,3,31,0,0,0,0,0,0,0,0,0,0,0,0,0,0,0],[10,2,24,20,0,0,21,0,0,0,0,2,90,0,0,0,0,0,0,0,0,0,0,0,0,0,0,0],[7,1,65,35,0,0,17,0,0,0,0,2,17,0,0,0,0,0,0,0,0,0,0,0,0,0,0,0],[4,5,42,28,0,0,9,0,0,0,0,2,34,0,0,0,0,0,0,0,0,0,0,0,0,0,0,0],[5,0,32,25,0,0,13,0,0,0,0,3,30,0,0,0,0,0,0,0,0,0,0,0,0,0,0,0],[5,3,35,38,0,0,9,0,0,0,0,2,25,0,0,0,0,0,0,0,0,0,0,0,0,0,0,0],[15,1,28,19,0,0,7,0,0,0,0,3,39,0,0,0,0,0,0,0,0,0,0,0,0,0,0,0],[7,0,51,20,0,0,1,0,0,0,0,1,8,0,0,0,0,0,0,0,0,0,0,0,0,0,0,0],[5,2,32,6,0,0,15,0,0,0,0,5,19,0,0,0,0,0,0,0,0,0,0,0,0,0,0,0],[8,2,42,25,0,0,4,0,0,0,0,0,20,0,0,0,0,0,0,0,0,0,0,0,0,0,0,0],[5,1,49,23,0,0,0,0,0,0,0,3,14,0,0,0,0,0,0,0,0,0,0,0,0,0,0,0],[0,0,27,12,0,0,2,0,0,0,0,1,28,0,0,0,0,0,0,0,0,0,0,0,0,0,0,0],[1,3,20,4,0,0,5,0,0,0,0,0,6,0,0,0,0,0,0,0,0,0,0,0,0,0,0,0]]}