{"Accuracy":0.14952120383036935,"Precision":0.11782252405203139,"Recall":0.14952120383036935,"F1 Score":0.11268288182673729,"Adjusted Rand Index":0.034802562535342696,"Precision by cluster":[0.08231707317073171,0.1568627450980392,0.18819875776397516,0.09898762654668167,0.10185185185185185,0.08762886597938144,0.4608501118568233,0.10596026490066225,0.15671641791044777,0.061224489795918366,0.10865561694290976,0.17796610169491525,0.1460446247464503,0.09701492537313433,0.0,0.0,0.10806916426512968,0.0,0.0,0.0,0.0,0.0,0.0,0.0,0.0,0.0,0.0,0.375],"Recall by cluster":[0.041990668740279936,0.10142630744849446,0.4959083469721768,0.35918367346938773,0.024774774774774775,0.0389908256880734,0.5099009900990099,0.05128205128205128,0.06752411575562701,0.031914893617021274,0.213768115942029,0.08045977011494253,0.3,0.053061224489795916,0.0,0.0,0.43352601156069365,0.0,0.0,0.0,0.0,0.0,0.0,0.0,0.0,0.0,0.0,0.04838709677419355],"F1 score by cluster":[0.055612770339855816,0.12319538017324351,0.2728500675371454,0.15520282186948853,0.03985507246376811,0.05396825396825397,0.48413631022326675,0.06911447084233262,0.09438202247191012,0.04195804195804196,0.14407814407814407,0.11081794195250659,0.19645293315143247,0.06860158311345646,0.0,0.0,0.17301038062283736,0.0,0.0,0.0,0.0,0.0,0.0,0.0,0.0,0.0,0.0,0.08571428571428572],"confusion_matrix":[[27,46,176,164,9,23,14,16,14,14,47,6,27,12,0,0,44,0,0,1,0,0,0,3,0,0,0,0],[35,64,61,197,6,15,12,4,12,19,75,7,30,21,0,0,72,0,0,0,0,0,0,1,0,0,0,0],[22,17,303,129,12,17,2,16,9,6,26,4,16,3,0,0,25,0,0,1,0,0,0,2,0,0,0,1],[25,21,94,176,6,19,3,14,2,13,54,8,16,5,0,0,34,0,0,0,0,0,0,0,0,0,0,0],[24,28,143,111,11,15,3,17,6,9,27,3,13,7,1,0,25,0,0,0,0,0,0,1,0,0,0,0],[22,22,127,152,9,17,2,10,1,11,25,4,6,7,0,0,21,0,0,0,0,0,0,0,0,0,0,0],[12,19,17,29,4,5,206,2,4,2,16,6,44,6,0,0,32,0,0,0,0,0,0,0,0,0,0,0],[10,1,156,70,9,3,2,16,0,7,4,5,8,0,0,0,21,0,0,0,0,0,0,0,0,0,0,0],[11,15,62,51,7,7,12,3,21,4,14,1,34,8,0,0,58,0,1,0,0,0,0,0,0,0,0,2],[13,7,65,97,7,7,1,6,2,9,14,7,11,7,0,0,28,0,0,0,0,0,0,1,0,0,0,0],[15,27,11,62,3,11,21,3,6,9,59,2,19,1,0,0,27,0,0,0,0,0,0,0,0,0,0,0],[9,16,19,54,4,7,21,2,3,4,16,21,50,9,0,0,26,0,0,0,0,0,0,0,0,0,0,0],[13,8,11,19,0,0,32,2,4,5,7,14,72,0,0,0,53,0,0,0,0,0,0,0,0,0,0,0],[17,21,21,49,0,8,33,1,13,1,36,1,14,13,1,0,14,0,0,0,0,0,0,1,0,0,0,1],[8,12,62,66,3,8,8,3,3,3,10,4,8,4,0,0,12,0,0,0,0,0,0,0,0,0,0,1],[10,9,78,66,3,10,2,8,0,1,12,2,9,4,0,0,10,0,0,0,0,0,0,0,0,0,0,0],[8,4,10,9,0,3,22,0,3,1,10,3,24,1,0,0,75,0,0,0,0,0,0,0,0,0,0,0],[5,6,23,28,0,7,8,0,2,2,13,1,8,6,0,0,10,0,0,0,0,0,0,0,0,0,0,0],[3,10,29,25,1,1,8,4,8,2,3,0,12,0,0,0,22,0,0,0,0,0,0,0,0,0,0,0],[8,8,10,29,2,0,12,2,2,4,15,1,11,1,0,0,14,0,0,0,0,0,0,0,0,0,0,0],[5,12,7,34,2,1,4,4,3,1,11,2,17,6,0,0,16,0,0,0,0,0,0,0,0,0,0,0],[9,4,7,35,2,1,6,3,2,6,10,4,15,2,0,0,21,0,0,0,0,0,0,1,0,0,0,0],[6,6,39,42,0,3,0,4,1,6,5,0,1,0,0,0,3,0,0,0,0,0,0,0,0,0,0,0],[5,7,17,19,2,0,6,2,1,3,5,6,10,5,0,0,5,0,0,0,0,0,0,0,0,0,0,0],[2,8,19,27,4,0,1,3,1,5,5,3,4,0,0,0,3,0,0,0,0,0,0,0,0,0,0,0],[0,3,29,19,1,4,0,4,0,0,3,1,0,1,0,0,1,0,0,0,0,0,0,0,0,0,0,0],[2,5,6,11,1,0,1,1,0,0,15,1,9,3,0,0,16,0,0,0,0,0,0,0,0,0,0,0],[2,2,8,8,0,2,5,1,11,0,6,1,5,2,0,0,6,0,0,0,0,0,0,0,0,0,0,3]]}