{"Accuracy":0.1280437756497948,"Precision":0.06574482328048452,"Recall":0.1280437756497948,"F1 Score":0.06629671397449116,"Adjusted Rand Index":0.019387952424074248,"Precision by cluster":[0.11813186813186813,0.15,0.10552763819095477,0.0871559633027523,0.0,0.0,0.36253776435045315,0.0,0.0,0.0,0.0,0.11382113821138211,0.09024896265560166,0.0,0.0,0.0,0.0,0.0,0.0,0.0,0.0,0.0,0.0,0.0,0.0,0.0,0.0,0.14285714285714285],"Recall by cluster":[0.12816691505216096,0.01015228426395939,0.7661691542288557,0.03822937625754527,0.0,0.0,0.6,0.0,0.0,0.0,0.0,0.10144927536231885,0.3686440677966102,0.0,0.0,0.0,0.0,0.0,0.0,0.0,0.0,0.0,0.0,0.0,0.0,0.0,0.0,0.14285714285714285],"F1 score by cluster":[0.12294496068620443,0.01901743264659271,0.1855049186910259,0.05314685314685315,0.0,0.0,0.4519774011299435,0.0,0.0,0.0,0.0,0.10727969348659004,0.145,0.0,0.0,0.0,0.0,0.0,0.0,0.0,0.0,0.0,0.0,0.0,0.0,0.0,0.0,0.14285714285714285],"confusion_matrix":[[86,2,466,13,0,0,26,0,0,0,0,12,59,0,0,0,2,0,0,0,0,0,0,0,0,0,0,5],[104,6,328,17,0,0,31,0,0,0,0,20,84,0,0,0,0,0,0,0,0,0,0,0,0,0,0,1],[38,2,462,11,0,0,5,0,0,0,0,17,62,0,0,0,0,0,0,0,0,0,0,0,0,0,0,6],[47,1,344,19,0,0,5,0,0,0,0,10,68,0,0,0,1,0,0,0,0,0,0,0,0,0,0,2],[39,2,327,20,0,0,7,0,0,0,0,7,29,0,0,0,2,0,0,0,0,0,0,0,0,0,0,4],[34,1,343,13,0,0,4,0,0,0,0,8,38,0,0,0,2,0,0,0,0,0,0,0,0,0,0,1],[20,2,92,3,0,0,240,0,0,0,0,12,29,0,0,0,2,0,0,0,0,0,0,0,0,0,0,0],[19,0,227,17,0,0,10,0,0,0,0,7,43,0,0,0,0,0,0,0,0,0,0,0,0,0,0,2],[33,4,130,6,0,0,33,0,0,0,0,5,42,0,0,0,0,0,0,0,0,0,0,0,0,0,0,8],[29,0,184,8,0,0,3,0,0,0,0,8,49,0,0,0,2,0,0,0,0,0,0,0,0,0,0,0],[34,5,154,6,0,0,30,0,0,0,0,12,38,0,0,0,3,0,0,0,0,0,0,0,0,0,0,0],[29,3,130,6,0,0,38,0,0,0,0,28,41,0,0,0,0,0,0,0,0,0,0,0,0,0,0,1],[16,1,41,7,0,0,62,0,0,0,0,21,87,0,0,0,1,0,0,0,0,0,0,0,0,0,0,0],[21,0,141,8,0,0,34,0,0,0,0,11,27,0,0,0,0,0,0,0,0,0,0,0,0,0,0,7],[17,2,151,4,0,0,14,0,0,0,0,7,29,0,0,0,0,0,0,0,0,0,0,0,0,0,0,2],[19,0,152,11,0,0,6,0,0,0,0,5,25,0,0,0,0,0,0,0,0,0,0,0,0,0,0,0],[16,1,37,2,0,0,30,0,0,0,0,13,57,0,0,0,0,0,0,0,0,0,0,0,0,0,0,2],[22,1,87,7,0,0,15,0,0,0,0,3,14,0,0,0,0,0,0,0,0,0,0,0,0,0,0,1],[16,2,61,5,0,0,15,0,0,0,0,3,21,0,0,0,0,0,0,0,0,0,0,0,0,0,0,3],[20,2,63,9,0,0,18,0,0,0,0,3,21,0,0,0,0,0,0,0,0,0,0,0,0,0,0,0],[20,1,67,5,0,0,9,0,0,0,0,8,18,0,0,0,0,0,0,0,0,0,0,0,0,0,0,1],[5,1,71,2,0,0,7,0,0,0,0,6,28,0,0,0,1,0,0,0,0,0,0,0,0,0,0,1],[7,0,67,5,0,0,0,0,0,0,0,2,5,0,0,0,0,0,0,0,0,0,0,0,0,0,0,0],[4,0,60,2,0,0,7,0,0,0,0,6,18,0,0,0,0,0,0,0,0,0,0,0,0,0,0,1],[10,0,54,4,0,0,2,0,0,0,0,3,9,0,0,0,0,0,0,0,0,0,0,0,0,0,0,0],[7,0,62,4,0,0,1,0,0,0,0,1,4,0,0,0,1,0,0,0,0,0,0,0,0,0,0,0],[10,1,47,4,0,0,4,0,0,0,0,7,14,0,0,0,1,0,0,0,0,0,0,0,0,0,0,0],[6,0,30,0,0,0,6,0,0,0,0,1,5,0,0,0,0,0,0,0,0,0,0,0,0,0,0,8]]}