{"Accuracy":0.1311722062645329,"Precision":0.1496021622403295,"Recall":0.1311722062645329,"F1 Score":0.0964365729027211,"Adjusted Rand Index":0.013824347963788449,"Precision by cluster":[0.2,0.11088825214899714,0.24358974358974358,0.09109311740890688,0.1875,0.05128205128205128,0.5033557046979866,0.14634146341463414,0.5714285714285714,0.052763819095477386,0.07851239669421488,0.1299638989169675,0.21634615384615385,0.11594202898550725,0.0,0.0,0.07792207792207792,0.0,0.06382978723404255,0.0,0.0,0.0,0.0,0.028169014084507043,0.0,0.0,0.0,0.36],"Recall by cluster":[0.0182648401826484,0.6241935483870967,0.22657580919931858,0.09316770186335403,0.012269938650306749,0.004705882352941176,0.379746835443038,0.018072289156626505,0.01593625498007968,0.06930693069306931,0.29571984435797666,0.12949640287769784,0.18518518518518517,0.02768166089965398,0.0,0.0,0.07692307692307693,0.0,0.02459016393442623,0.0,0.0,0.0,0.0,0.047619047619047616,0.0,0.0,0.0,0.15],"F1 score by cluster":[0.03347280334728033,0.18832116788321168,0.23477493380406,0.09211873080859775,0.023032629558541268,0.008620689655172414,0.4329004329004329,0.032171581769437,0.031007751937984496,0.05991440798858773,0.12408163265306123,0.12972972972972974,0.19955654101995565,0.0446927374301676,0.0,0.0,0.07741935483870968,0.0,0.03550295857988166,0.0,0.0,0.0,0.0,0.035398230088495575,0.0,0.0,0.0,0.21176470588235294],"confusion_matrix":[[12,330,49,52,2,6,14,2,0,32,94,14,13,7,1,0,12,3,6,0,0,0,0,5,0,0,0,3],[5,387,9,17,0,0,6,1,1,21,103,14,13,5,0,0,15,2,12,0,0,0,0,8,0,0,0,1],[4,243,133,81,8,6,2,9,0,31,37,4,4,3,0,0,9,0,3,0,0,0,0,9,0,0,0,1],[2,256,17,45,2,3,3,1,0,38,86,5,3,3,0,0,9,0,2,0,0,0,0,8,0,0,0,0],[7,255,72,50,6,3,1,4,0,21,41,4,9,4,1,0,4,0,2,0,0,0,0,4,0,0,0,1],[5,242,28,38,2,2,0,0,0,22,66,2,3,5,0,0,3,0,1,0,0,0,0,6,0,0,0,0],[1,77,4,6,1,0,150,0,0,7,28,70,18,5,0,0,6,0,1,0,0,0,0,21,0,0,0,0],[4,114,65,52,0,4,0,6,0,39,28,1,5,2,0,0,4,0,0,0,0,0,0,8,0,0,0,0],[2,113,16,9,0,2,12,0,4,15,30,8,9,2,0,0,14,0,7,0,0,0,0,4,0,0,0,4],[0,170,19,18,0,4,3,4,0,21,38,5,7,3,0,0,5,0,1,0,0,0,0,5,0,0,0,0],[1,130,3,5,0,1,6,0,0,5,76,10,3,5,1,0,6,1,2,0,0,0,0,2,0,0,0,0],[1,126,3,8,0,0,15,1,0,17,29,36,10,8,1,0,4,2,0,0,0,0,0,17,0,0,0,0],[1,67,0,4,1,0,18,1,0,27,19,39,45,1,0,0,13,0,0,0,0,0,0,7,0,0,0,0],[1,142,12,11,3,0,16,0,2,10,43,17,10,8,1,0,4,1,3,0,0,0,0,3,0,0,0,2],[1,112,29,14,2,3,10,0,0,10,30,7,2,3,0,0,2,2,0,0,0,0,0,10,0,0,0,1],[2,106,21,19,0,1,3,4,0,15,27,5,2,0,0,0,3,0,0,0,0,0,0,2,0,0,0,0],[0,44,5,3,1,0,13,1,0,23,22,12,13,0,0,0,12,0,1,0,0,0,0,6,0,0,0,0],[2,74,13,12,0,2,3,0,0,4,16,2,2,0,0,0,3,0,1,0,0,0,0,2,0,0,0,2],[3,56,8,2,2,0,2,3,0,7,14,1,10,0,0,0,10,0,3,0,0,0,0,0,0,0,0,1],[0,64,2,2,0,0,5,0,0,2,23,5,8,1,0,0,4,0,0,0,0,0,0,0,0,0,0,0],[1,56,2,4,0,0,2,0,0,3,22,5,4,0,0,0,2,0,1,0,0,0,0,2,0,0,0,0],[0,72,0,7,0,1,3,0,0,3,23,4,7,0,0,0,4,0,0,0,0,0,0,0,0,0,0,0],[0,52,14,8,0,0,0,3,0,7,11,0,1,1,0,0,0,0,0,0,0,0,0,2,0,0,0,0],[2,49,2,4,0,0,5,0,0,6,3,3,3,1,0,0,2,0,0,0,0,0,0,4,0,0,0,0],[0,54,0,9,1,1,1,0,0,1,21,1,0,1,0,0,1,0,0,0,0,0,0,2,0,0,0,0],[2,44,10,9,0,0,1,1,0,5,8,2,0,0,0,0,1,0,0,0,0,0,0,3,0,0,0,0],[0,32,1,3,0,0,2,0,0,4,25,1,3,0,0,0,0,0,0,0,0,0,0,1,0,0,0,0],[1,23,9,2,1,0,2,0,0,2,5,0,1,1,0,0,2,0,1,0,0,0,0,1,0,0,0,9]],"epoch_accuracies":[[0.11285909712722299,0.1315093479252166,0.13415412676698588,0.14423164614683082,0.14943000455996353,0.15289557683538532,0.1533059735522116,0.15481076151390788,0.15517555859553123,0.15795713634290925,0.15845873233014135,0.1567715458276334,0.16187870497036025,0.1630186958504332,0.16269949840401277,0.16657546739626083,0.16511627906976745,0.1669858641130871,0.1669858641130871,0.1692202462380301,0.1669858641130871,0.17131782945736435,0.1689466484268126,0.17213862289101686,0.17286821705426356,0.1749202006383949,0.17090743274053807,0.17409940720474237,0.1786593707250342,0.17487460100319197],[0.13130898645876077,0.12816304199151962,0.10819313363424976,0.13404459034331828,0.12146081247435371,0.11667350567637806,0.13418137053754617,0.13883189714129393,0.1192723293667077,0.14457666529886473,0.1124333196553139,0.13541239228559704,0.1322664478183559,0.14225140199699082,0.15743400355628506,0.12693202024346875,0.15743400355628506,0.13418137053754617,0.1577075639447408,0.14717548898919436,0.13035152509916564,0.15250991656408153,0.1304883052933935,0.14457666529886473,0.13842155655861033,0.15114211462180277,0.15004787306797976,0.1566133223909178,0.13842155655861033,0.13363424976063465]]}