{"Accuracy":0.11012311901504789,"Precision":0.0429424310322525,"Recall":0.11012311901504789,"F1 Score":0.051165368606998635,"Adjusted Rand Index":0.013395753276415758,"Precision by cluster":[0.0,0.0,0.08409506398537477,0.0,0.06369426751592357,0.0,0.3763779527559055,0.0,0.0794979079497908,0.0,0.0,0.07664233576642336,0.14222222222222222,0.0,0.0,0.0,0.0,0.0,0.0,0.0,0.0,0.0,0.0,0.0,0.0,0.0,0.0,0.09090909090909091],"Recall by cluster":[0.0,0.0,0.8214285714285714,0.0,0.023980815347721823,0.0,0.5843520782396088,0.0,0.06168831168831169,0.0,0.0,0.15498154981549817,0.12749003984063745,0.0,0.0,0.0,0.0,0.0,0.0,0.0,0.0,0.0,0.0,0.0,0.0,0.0,0.0,0.05084745762711865],"F1 score by cluster":[0.0,0.0,0.15257048092868988,0.0,0.03484320557491289,0.0,0.4578544061302682,0.0,0.06946983546617916,0.0,0.0,0.10256410256410256,0.13445378151260504,0.0,0.0,0.0,0.0,0.0,0.0,0.0,0.0,0.0,0.0,0.0,0.0,0.0,0.0,0.06521739130434782],"confusion_matrix":[[0,0,532,0,11,0,28,0,25,0,0,31,9,0,0,0,0,0,0,0,0,0,0,0,0,0,0,3],[0,0,514,0,7,0,26,0,17,0,0,32,23,0,0,0,0,0,0,0,0,0,0,0,0,0,0,1],[0,0,460,0,29,0,5,0,31,0,0,21,10,0,0,0,0,0,0,0,0,0,0,0,0,0,0,4],[0,0,446,0,10,0,6,0,14,0,0,21,11,0,0,0,0,0,0,0,0,0,0,0,0,0,0,1],[0,0,348,0,10,0,6,0,20,0,0,19,12,0,0,0,0,0,0,0,0,0,0,0,0,0,0,2],[0,0,370,0,13,0,3,0,11,0,0,4,7,0,0,0,0,0,0,0,0,0,0,0,0,0,0,1],[0,0,129,0,1,0,239,0,2,0,0,30,8,0,0,0,0,0,0,0,0,0,0,0,0,0,0,0],[2,0,272,0,6,0,7,0,8,0,0,32,8,0,0,0,0,0,0,0,0,0,0,0,0,0,0,0],[0,0,207,0,6,0,30,0,19,0,0,25,17,0,0,0,0,0,0,0,0,0,0,0,0,0,0,4],[1,0,245,0,8,0,2,0,6,0,0,18,12,0,0,0,0,0,0,0,0,0,0,0,0,0,0,0],[0,0,220,0,4,0,19,0,9,0,0,20,3,0,0,0,0,0,0,0,0,0,0,0,0,0,0,0],[0,0,165,0,4,0,39,0,7,0,0,42,13,0,0,0,0,0,0,0,0,0,0,0,0,0,0,1],[0,0,80,0,0,0,58,0,0,0,0,81,32,0,0,0,0,0,0,0,0,0,0,0,0,0,0,0],[0,0,159,0,5,0,30,0,11,0,0,22,9,0,0,0,0,0,0,0,0,0,0,0,0,0,0,4],[0,0,178,0,9,0,18,0,10,0,0,11,4,0,0,0,0,0,0,0,0,0,0,0,0,0,0,2],[0,0,170,0,7,0,2,0,9,0,0,9,3,0,0,0,0,0,0,0,0,0,0,0,0,0,0,1],[0,0,95,0,1,0,30,0,3,0,0,39,12,0,0,0,0,0,0,0,0,0,0,0,0,0,0,0],[0,0,101,0,5,0,15,0,5,0,0,5,3,0,0,0,0,0,0,0,0,0,0,0,0,0,0,1],[0,0,98,0,5,0,11,0,2,0,0,10,6,0,0,0,0,0,0,0,0,0,0,0,0,0,0,3],[0,0,88,0,1,0,11,0,2,0,0,16,1,0,0,0,0,0,0,0,0,0,0,0,0,0,0,1],[0,0,89,0,4,0,12,0,3,0,0,9,6,0,0,0,0,0,0,0,0,0,0,0,0,0,0,0],[0,0,102,0,0,0,6,0,3,0,0,16,3,0,0,0,0,0,0,0,0,0,0,0,0,0,0,1],[0,0,92,0,1,0,1,0,3,0,0,3,0,0,0,0,0,0,0,0,0,0,0,0,0,0,0,0],[0,0,67,0,2,0,16,0,5,0,0,15,0,0,0,0,0,0,0,0,0,0,0,0,0,0,0,0],[0,0,83,0,4,0,2,0,4,0,0,4,0,0,0,0,0,0,0,0,0,0,0,0,0,0,0,0],[0,0,70,0,2,0,3,0,6,0,0,2,2,0,0,0,0,0,0,0,0,0,0,0,0,0,0,0],[0,0,47,0,2,0,4,0,1,0,0,7,11,0,0,0,0,0,0,0,0,0,0,0,0,0,0,0],[0,0,43,0,0,0,6,0,3,0,0,4,0,0,0,0,0,0,0,0,0,0,0,0,0,0,0,3]]}