{"Accuracy":0.09644322845417237,"Precision":0.10880946826310745,"Recall":0.09644322845417237,"F1 Score":0.058584774285334616,"Adjusted Rand Index":0.013102889781050031,"Precision by cluster":[0.08678500986193294,0.09112333071484682,0.189873417721519,0.05357142857142857,0.07142857142857142,0.5,0.2449628844114528,0.0,0.2391304347826087,0.05,0.03017832647462277,0.04338394793926247,0.14285714285714285,0.041401273885350316,0.030303030303030304,0.0,0.0791476407914764,0.08333333333333333,0.0,0.0,0.0,0.16666666666666666,0.0,0.01990049751243781,0.0,0.0,0.0,0.0],"Recall by cluster":[0.13793103448275862,0.42413162705667273,0.025167785234899327,0.006276150627615063,0.0022123893805309734,0.004694835680751174,0.5539568345323741,0.0,0.03873239436619718,0.0037735849056603774,0.08396946564885496,0.0823045267489712,0.008130081300813009,0.05603448275862069,0.02066115702479339,0.0,0.2639593908629442,0.011363636363636364,0.0,0.0,0.0,0.00819672131147541,0.0,0.047058823529411764,0.0,0.0,0.0,0.0],"F1 score by cluster":[0.10653753026634383,0.1500161655350792,0.044444444444444446,0.011235955056179775,0.004291845493562232,0.009302325581395349,0.3397058823529412,0.0,0.06666666666666667,0.007017543859649123,0.044399596367305755,0.056818181818181816,0.015384615384615385,0.047619047619047616,0.02457002457002457,0.0,0.12177985948477751,0.02,0.0,0.0,0.0,0.015625,0.0,0.027972027972027972,0.0,0.0,0.0,0.0],"confusion_matrix":[[88,225,8,6,2,0,64,0,2,0,80,45,2,31,17,0,43,7,0,0,1,0,0,17,0,0,0,0],[59,232,3,2,0,1,53,0,2,1,71,30,0,21,13,0,43,2,0,1,0,0,0,13,0,0,0,0],[116,224,15,7,3,0,24,0,3,3,50,43,0,26,22,1,33,0,0,0,0,1,0,25,0,0,0,0],[83,198,2,3,0,0,37,0,0,2,55,25,0,12,10,0,40,2,1,0,0,0,0,8,0,0,0,0],[77,171,10,4,1,0,32,0,4,3,60,20,1,14,6,1,33,4,0,1,0,0,0,10,0,0,0,0],[67,185,5,1,0,2,21,0,1,3,49,18,0,28,10,0,18,2,0,1,0,1,0,14,0,0,0,0],[26,59,5,1,0,0,231,0,0,0,20,18,2,12,3,0,31,0,0,0,0,0,0,9,0,0,0,0],[77,118,8,8,0,0,19,0,0,0,45,27,0,13,4,0,24,0,0,2,0,1,0,16,0,0,0,0],[25,83,4,0,0,0,42,0,11,1,17,19,1,17,7,0,47,0,0,1,0,1,0,8,0,0,0,0],[39,108,4,2,0,0,17,0,0,1,27,22,1,8,8,0,17,0,0,0,1,0,0,10,0,0,0,0],[36,93,1,4,1,0,52,0,0,0,22,9,0,12,9,0,17,1,0,0,0,0,0,5,0,0,0,0],[25,78,0,1,0,0,50,0,0,0,12,20,1,15,7,0,24,1,0,0,0,0,0,9,0,0,0,0],[20,38,0,0,2,0,62,0,0,0,2,25,2,14,5,0,64,0,0,0,0,0,0,12,0,0,0,0],[28,79,0,2,1,0,40,0,2,0,22,11,0,13,7,0,19,1,0,1,1,0,0,5,0,0,0,0],[38,84,4,6,1,1,31,0,1,0,19,17,0,13,5,0,16,1,0,1,0,0,0,4,0,0,0,0],[30,72,1,1,1,0,18,0,0,0,18,13,0,14,5,0,12,0,0,0,0,0,0,6,0,0,0,0],[14,49,0,0,0,0,38,0,0,0,12,17,0,5,4,0,52,0,0,1,0,0,0,5,0,0,0,0],[24,68,1,0,0,0,19,0,4,0,18,15,1,8,3,0,9,2,0,1,0,1,0,2,0,0,0,0],[17,52,0,1,1,0,11,0,3,0,11,10,0,9,3,0,21,0,0,0,0,0,0,2,0,0,0,0],[16,48,1,1,1,0,15,0,1,1,16,13,1,0,1,0,14,0,0,0,0,0,0,5,0,0,0,0],[13,61,0,2,0,0,18,0,0,0,18,4,0,5,3,0,20,0,0,0,0,0,0,3,0,0,0,0],[17,42,1,1,0,0,13,0,0,2,15,7,1,4,1,0,15,0,0,0,0,1,0,2,0,0,0,0],[19,34,3,1,0,0,1,0,0,0,12,8,0,4,0,0,5,1,0,0,1,0,0,2,0,0,0,0],[11,20,1,1,0,0,14,0,0,0,8,14,0,5,1,0,6,0,0,0,0,0,0,4,0,0,0,0],[10,43,1,0,0,0,3,0,0,0,16,3,0,4,6,0,8,0,0,0,0,0,0,0,0,0,0,0],[23,41,0,0,0,0,5,0,0,0,17,3,1,1,4,0,7,0,0,0,0,0,0,4,0,0,0,0],[9,30,1,1,0,0,10,0,0,1,11,3,0,2,0,0,12,0,0,0,0,0,0,1,0,0,0,0],[7,11,0,0,0,0,3,0,12,2,6,2,0,4,1,0,7,0,0,0,0,0,0,0,0,0,0,0]],"epoch_accuracies":[[0.10587752496466189,0.11103004878938488,0.12293101089781587,0.13360083899502986,0.14285714285714285,0.14860243490948885,0.15580684875290685,0.16086817746568785,0.16793579864119282,0.17851443162646483,0.19192011308193882,0.2092471843509188,0.23400665724317177,0.2800145912179107,0.34407915735716565],[0.0679890560875513,0.10560875512995896,0.11792065663474692,0.11792065663474692,0.11627906976744186,0.11176470588235295,0.11367989056087552,0.12038303693570451,0.11668946648426813,0.09685362517099863,0.10533515731874145,0.09480164158686731,0.0905608755129959,0.09945280437756499,0.09644322845417237]]}