{"Accuracy":0.13187414500683994,"Precision":0.11545164988135397,"Recall":0.13187414500683994,"F1 Score":0.10411957299515753,"Adjusted Rand Index":0.020308701835363218,"Precision by cluster":[0.1132286995515695,0.12201453790238836,0.23130841121495327,0.06842105263157895,0.0,0.0945945945945946,0.5,0.2,0.08229426433915212,0.08433734939759036,0.06593406593406594,0.20833333333333334,0.1606060606060606,0.06752411575562701,0.0,0.0,0.09219858156028368,0.0,0.0,0.0,0.0,0.0,0.0,0.0,0.0,0.0,0.0,0.3333333333333333],"Recall by cluster":[0.15707620528771385,0.3724247226624406,0.16202945990180032,0.053061224489795916,0.0,0.016055045871559634,0.5173267326732673,0.016025641025641024,0.21221864951768488,0.024822695035460994,0.2391304347826087,0.019157088122605363,0.22083333333333333,0.08571428571428572,0.0,0.0,0.30057803468208094,0.0,0.0,0.0,0.0,0.0,0.0,0.0,0.0,0.0,0.0,0.1935483870967742],"F1 score by cluster":[0.13159609120521173,0.1838091513492374,0.19056785370548604,0.059770114942528735,0.0,0.027450980392156862,0.5085158150851582,0.02967359050445104,0.11859838274932614,0.038356164383561646,0.1033672670321065,0.03508771929824561,0.18596491228070175,0.07553956834532374,0.0,0.0,0.14111261872455902,0.0,0.0,0.0,0.0,0.0,0.0,0.0,0.0,0.0,0.0,0.24489795918367346],"confusion_matrix":[[101,192,44,38,0,7,12,3,66,9,83,0,19,36,0,0,33,0,0,0,0,0,0,0,0,0,0,0],[53,235,14,24,1,2,12,0,109,6,88,2,15,21,0,0,49,0,0,0,0,0,0,0,0,0,0,0],[89,136,99,70,2,16,3,2,40,8,64,1,11,39,0,0,28,0,0,0,0,0,0,0,0,0,0,3],[92,133,16,26,1,4,2,2,35,6,102,2,14,23,0,0,32,0,0,0,0,0,0,0,0,0,0,0],[65,128,38,34,0,7,3,2,38,6,75,0,7,23,0,0,16,0,0,0,0,0,0,0,0,0,0,2],[62,125,18,37,0,7,0,2,36,6,81,0,7,34,0,0,21,0,0,0,0,0,0,0,0,0,0,0],[17,39,13,4,0,0,209,0,35,0,19,0,29,13,0,0,26,0,0,0,0,0,0,0,0,0,0,0],[74,56,39,37,5,5,1,5,9,5,43,1,7,5,0,0,18,0,0,0,0,0,0,0,0,0,0,2],[32,78,16,5,0,4,10,0,66,2,24,1,16,12,0,0,40,0,0,0,0,0,0,0,0,0,0,5],[38,84,15,25,1,2,2,2,21,7,46,0,4,12,0,0,23,0,0,0,0,0,0,0,0,0,0,0],[21,85,5,5,0,1,18,0,42,3,66,0,11,2,0,0,17,0,0,0,0,0,0,0,0,0,0,0],[23,65,6,3,0,3,17,0,35,5,23,5,40,9,0,0,26,0,0,0,0,0,0,0,0,0,0,1],[18,31,3,0,0,0,28,0,28,2,22,3,53,0,0,0,52,0,0,0,0,0,0,0,0,0,0,0],[13,69,12,6,0,2,26,0,33,0,38,2,9,21,0,0,10,0,0,0,0,0,0,0,0,0,0,4],[27,60,22,11,2,3,5,1,24,0,31,0,5,8,0,0,13,0,0,0,0,0,0,0,0,0,0,3],[39,71,13,16,2,6,2,1,10,4,32,0,6,6,0,0,16,0,0,0,0,0,0,0,0,0,0,0],[9,25,3,2,0,0,22,0,30,0,8,1,19,2,0,0,52,0,0,0,0,0,0,0,0,0,0,0],[13,44,10,1,1,1,9,0,15,0,12,0,2,7,0,0,4,0,0,0,0,0,0,0,0,0,0,0],[12,28,7,6,0,0,9,0,25,1,13,0,9,3,0,0,12,0,0,0,0,0,0,0,0,0,0,3],[12,37,2,1,0,0,9,1,20,2,15,1,9,0,0,0,10,0,0,0,0,0,0,0,0,0,0,0],[2,47,4,2,0,0,3,0,16,1,18,1,9,9,0,0,13,0,0,0,0,0,0,0,0,0,0,0],[14,29,3,3,0,0,4,0,22,2,23,2,8,3,0,0,15,0,0,0,0,0,0,0,0,0,0,0],[22,31,7,8,0,3,0,0,9,1,19,0,0,8,0,0,7,0,0,0,0,0,0,0,0,0,0,1],[14,26,4,1,0,0,5,2,12,2,5,2,9,4,0,0,7,0,0,0,0,0,0,0,0,0,0,0],[11,26,1,8,1,0,1,1,6,0,24,0,2,3,0,0,1,0,0,0,0,0,0,0,0,0,0,0],[13,20,9,3,0,0,0,1,5,3,6,0,0,3,0,0,3,0,0,0,0,0,0,0,0,0,0,0],[6,12,1,3,0,0,1,0,10,2,15,0,6,3,0,0,12,0,0,0,0,0,0,0,0,0,0,0],[0,14,4,1,0,1,5,0,5,0,6,0,4,2,0,0,8,0,0,0,0,0,0,0,0,0,0,12]]}