{"Accuracy":0.16552667578659372,"Precision":0.09916822605355552,"Recall":0.16552667578659372,"F1 Score":0.10150846627098224,"Adjusted Rand Index":0.033419353616259806,"Precision by cluster":[0.08450704225352113,0.14960629921259844,0.16900770276393295,0.11275626423690205,0.0,0.09691629955947137,0.4859154929577465,0.0,0.35714285714285715,0.0,0.0,0.0,0.14975247524752475,0.0,0.0,0.0,0.0,0.0,0.0,0.0,0.0,0.0,0.0,0.0,0.0,0.0,0.0,0.5714285714285714],"Recall by cluster":[0.07717041800643087,0.5110759493670886,0.6206322795341098,0.20625,0.0,0.048458149779735685,0.518796992481203,0.0,0.016025641025641024,0.0,0.0,0.0,0.46360153256704983,0.0,0.0,0.0,0.0,0.0,0.0,0.0,0.0,0.0,0.0,0.0,0.0,0.0,0.0,0.2033898305084746],"F1 score by cluster":[0.08067226890756303,0.23145825868864206,0.2656695156695157,0.14580265095729014,0.0,0.06461086637298091,0.5018181818181818,0.0,0.03067484662576687,0.0,0.0,0.0,0.22637979420018708,0.0,0.0,0.0,0.0,0.0,0.0,0.0,0.0,0.0,0.0,0.0,0.0,0.0,0.0,0.3],"confusion_matrix":[[48,187,234,77,0,25,11,1,0,0,0,0,39,0,0,0,0,0,0,0,0,0,0,0,0,0,0,0],[52,323,81,71,0,27,18,0,0,0,0,0,60,0,0,0,0,0,0,0,0,0,0,0,0,0,0,0],[40,80,373,63,0,19,4,0,0,0,0,0,22,0,0,0,0,0,0,0,0,0,0,0,0,0,0,0],[41,150,146,99,0,20,0,0,0,0,0,0,24,0,0,0,0,0,0,0,0,0,0,0,0,0,0,0],[34,89,197,62,0,17,2,1,3,0,0,0,21,0,0,0,0,0,0,0,0,0,0,0,0,0,0,2],[38,116,187,82,0,22,1,0,0,0,0,0,8,0,0,0,0,0,0,0,0,0,0,0,0,0,0,0],[20,77,25,15,0,6,207,0,0,0,0,0,49,0,0,0,0,0,0,0,0,0,0,0,0,0,0,0],[34,37,199,27,0,4,2,0,0,0,0,0,19,0,0,0,0,0,0,0,0,0,0,0,0,0,0,0],[19,103,74,23,0,6,17,0,5,0,0,0,62,0,0,0,0,0,0,0,0,0,0,0,0,0,0,3],[25,79,96,42,0,14,0,0,1,0,0,0,33,0,0,0,0,0,0,0,0,0,0,0,0,0,0,0],[14,147,28,33,0,4,21,0,0,0,0,0,33,0,0,0,0,0,0,0,0,0,0,0,0,0,0,0],[32,73,41,30,0,6,25,0,1,0,0,0,59,0,0,0,0,0,0,0,0,0,0,0,0,0,0,0],[16,51,12,18,0,3,40,0,0,0,0,0,121,0,0,0,0,0,0,0,0,0,0,0,0,0,0,0],[19,94,36,24,0,5,20,0,2,0,0,0,33,0,0,0,0,0,0,0,0,0,0,0,0,0,0,1],[18,53,83,23,0,9,8,0,0,0,0,0,19,0,0,0,0,0,0,0,0,0,0,0,0,0,0,0],[18,60,83,34,0,13,4,0,0,0,0,0,10,0,0,0,0,0,0,0,0,0,0,0,0,0,0,1],[6,49,5,15,0,1,8,0,0,0,0,0,67,0,0,0,0,0,0,0,0,0,0,0,0,0,0,0],[10,54,42,16,0,3,8,0,0,0,0,0,12,0,0,0,0,0,0,0,0,0,0,0,0,0,0,0],[14,53,36,8,0,0,5,0,1,0,0,0,22,0,0,0,0,0,0,0,0,0,0,0,0,0,0,2],[2,56,13,14,0,1,7,0,0,0,0,0,18,0,0,0,0,0,0,0,0,0,0,0,0,0,0,0],[7,46,18,8,0,3,5,0,0,0,0,0,18,0,0,0,0,0,0,0,0,0,0,0,0,0,0,0],[12,46,24,20,0,1,3,0,0,0,0,0,17,0,0,0,0,0,0,0,0,0,0,0,0,0,0,0],[10,16,52,10,0,4,0,0,0,0,0,0,2,0,0,0,0,0,0,0,0,0,0,0,0,0,0,0],[14,31,22,19,0,0,7,0,0,0,0,0,12,0,0,0,0,0,0,0,0,0,0,0,0,0,0,0],[5,25,31,20,0,7,0,0,0,0,0,0,7,0,0,0,0,0,0,0,0,0,0,0,0,0,0,0],[9,11,38,9,0,5,0,0,0,0,0,0,1,0,0,0,0,0,0,0,0,0,0,0,0,0,0,0],[7,43,15,9,0,1,1,0,0,0,0,0,14,0,0,0,0,0,0,0,0,0,0,0,0,0,0,0],[4,10,16,7,0,1,2,0,1,0,0,0,6,0,0,0,0,0,0,0,0,0,0,0,0,0,0,12]],"epoch_accuracies":[[0.08061647895672792,0.1036432447220829,0.1038256349459669,0.10920614655054489,0.11732251151338288,0.12046874287538188,0.12525648625233687,0.12657881537549587,0.13086498563676988,0.13300807076740687,0.13642788746523185,0.13770461903241987,0.14230997218549085,0.14294833796908485,0.14518261821166387,0.14463544754001187,0.14814645934977885,0.14810086179380785,0.14764488623409786,0.15275181250284986,0.15562445852902285,0.15302539783867586,0.15462131229766085,0.15758515343577584,0.16054899457389085,0.15822351921936983,0.15886188500296383,0.15858829966713783,0.16022981168209385,0.16301126259632484],[0.11573187414500684,0.11682626538987688,0.12120383036935704,0.12489740082079344,0.13707250341997265,0.14254445964432286,0.14610123119015048,0.1466484268125855,0.14623803009575922,0.14965800273597812,0.14924760601915185,0.15444596443228453,0.15294117647058825,0.15198358413132695,0.15622435020519837,0.1588235294117647,0.1548563611491108,0.1600547195622435,0.16484268125854992,0.15800273597811218,0.16634746922024624,0.16169630642954858,0.16470588235294117,0.1625170998632011,0.16415868673050615,0.16347469220246238,0.16785225718194255,0.16538987688098494,0.1640218878248974,0.16415868673050615]]}