{"Accuracy":0.11969904240766074,"Precision":0.06490046829378913,"Recall":0.11969904240766074,"F1 Score":0.06329672737748356,"Adjusted Rand Index":0.012205838869683357,"Precision by cluster":[0.11006711409395974,0.08333333333333333,0.09271653543307086,0.0,0.0,0.0,0.44813278008298757,0.0,0.07537688442211055,0.0,0.0,0.11428571428571428,0.11935483870967742,0.0,0.0,0.0,0.18181818181818182,0.0,0.0,0.0,0.0,0.0,0.0,0.0,0.0,0.0,0.0,0.0],"Recall by cluster":[0.12752721617418353,0.017432646592709985,0.7708674304418985,0.0,0.0,0.0,0.5346534653465347,0.0,0.04823151125401929,0.0,0.0,0.01532567049808429,0.30833333333333335,0.0,0.0,0.0,0.011560693641618497,0.0,0.0,0.0,0.0,0.0,0.0,0.0,0.0,0.0,0.0,0.0],"F1 score by cluster":[0.11815561959654179,0.028833551769331587,0.16552451238798102,0.0,0.0,0.0,0.48758465011286684,0.0,0.058823529411764705,0.0,0.0,0.02702702702702703,0.17209302325581396,0.0,0.0,0.0,0.021739130434782608,0.0,0.0,0.0,0.0,0.0,0.0,0.0,0.0,0.0,0.0,0.0],"confusion_matrix":[[82,8,470,0,0,0,21,0,26,0,0,1,35,0,0,0,0,0,0,0,0,0,0,0,0,0,0,0],[83,11,457,0,1,0,13,0,11,1,0,7,46,0,0,0,1,0,0,0,0,0,0,0,0,0,0,0],[75,6,471,0,0,0,4,0,25,0,0,2,28,0,0,0,0,0,0,0,0,0,0,0,0,0,0,0],[49,6,400,0,0,0,6,0,8,1,0,0,20,0,0,0,0,0,0,0,0,0,0,0,0,0,0,0],[59,3,348,0,0,0,4,0,16,0,0,1,13,0,0,0,0,0,0,0,0,0,0,0,0,0,0,0],[53,2,361,0,0,0,0,0,5,0,0,1,14,0,0,0,0,0,0,0,0,0,0,0,0,0,0,0],[32,10,100,0,0,0,216,0,2,0,0,2,42,0,0,0,0,0,0,0,0,0,0,0,0,0,0,0],[18,5,261,0,0,0,1,0,8,0,0,1,17,0,0,0,1,0,0,0,0,0,0,0,0,0,0,0],[30,11,187,0,0,0,12,0,15,0,0,2,53,0,0,0,1,0,0,0,0,0,0,0,0,0,0,0],[27,5,224,0,1,0,2,0,1,0,0,3,19,0,0,0,0,0,0,0,0,0,0,0,0,0,0,0],[28,3,198,0,0,0,20,0,4,0,0,1,21,0,0,0,1,0,0,0,0,0,0,0,0,0,0,0],[25,2,144,0,0,0,26,0,7,0,0,4,53,0,0,0,0,0,0,0,0,0,0,0,0,0,0,0],[3,13,103,0,0,0,41,0,1,0,0,3,74,0,0,0,2,0,0,0,0,0,0,0,0,0,0,0],[39,7,151,0,0,0,27,0,11,0,0,2,8,0,0,0,0,0,0,0,0,0,0,0,0,0,0,0],[15,5,171,0,0,0,5,0,9,0,0,0,10,0,0,0,0,0,0,0,0,0,0,0,0,0,0,0],[21,1,184,0,0,0,2,0,2,0,0,1,13,0,0,0,0,0,0,0,0,0,0,0,0,0,0,0],[4,9,79,0,0,0,26,0,0,1,0,0,52,0,0,0,2,0,0,0,0,0,0,0,0,0,0,0],[16,1,82,0,0,0,9,0,5,0,0,0,6,0,0,0,0,0,0,0,0,0,0,0,0,0,0,0],[12,2,81,0,0,0,11,0,6,0,0,0,16,0,0,0,0,0,0,0,0,0,0,0,0,0,0,0],[3,3,84,0,0,0,11,0,4,0,0,0,14,0,0,0,0,0,0,0,0,0,0,0,0,0,0,0],[16,3,82,0,0,0,6,0,1,0,0,2,14,0,0,0,1,0,0,0,0,0,0,0,0,0,0,0],[5,2,95,0,0,0,5,0,3,0,0,0,17,0,0,0,1,0,0,0,0,0,0,0,0,0,0,0],[9,0,96,0,0,0,0,0,6,1,0,1,3,0,0,0,0,0,0,0,0,0,0,0,0,0,0,0],[10,4,58,0,0,0,5,0,2,0,0,1,13,0,0,0,0,0,0,0,0,0,0,0,0,0,0,0],[8,0,71,0,0,0,1,0,2,0,0,0,3,0,0,0,0,0,0,0,0,0,0,0,0,0,0,0],[9,3,53,0,0,0,0,0,1,0,0,0,0,0,0,0,0,0,0,0,0,0,0,0,0,0,0,0],[6,3,47,0,0,0,1,0,3,0,0,0,10,0,0,0,1,0,0,0,0,0,0,0,0,0,0,0],[8,4,22,0,0,0,7,0,15,0,0,0,6,0,0,0,0,0,0,0,0,0,0,0,0,0,0,0]]}