{"Accuracy":0.14186046511627906,"Precision":0.1391088306176949,"Recall":0.14186046511627906,"F1 Score":0.1045022425824117,"Adjusted Rand Index":0.01899345612826571,"Precision by cluster":[0.10727969348659004,0.1119298245614035,0.23118279569892472,0.10440251572327044,0.5,0.1,0.4885844748858447,0.046511627906976744,0.1069364161849711,0.07142857142857142,0.09939759036144578,0.15,0.14792899408284024,0.07766990291262135,0.0,0.0,0.07586206896551724,0.0,0.0,0.0,0.0,0.0,0.0,0.0,0.0,0.0,0.0,0.3181818181818182],"Recall by cluster":[0.04354587869362364,0.5055467511885895,0.281505728314239,0.16938775510204082,0.0022522522522522522,0.016055045871559634,0.5297029702970297,0.00641025641025641,0.1189710610932476,0.014184397163120567,0.11956521739130435,0.022988505747126436,0.20833333333333334,0.0326530612244898,0.0,0.0,0.3815028901734104,0.0,0.0,0.0,0.0,0.0,0.0,0.0,0.0,0.0,0.0,0.11290322580645161],"F1 score by cluster":[0.061946902654867256,0.18328066647515082,0.25387453874538746,0.12918287937743192,0.004484304932735426,0.02766798418972332,0.5083135391923991,0.011267605633802818,0.1126331811263318,0.023668639053254437,0.10855263157894737,0.03986710963455149,0.17301038062283736,0.04597701149425287,0.0,0.0,0.12655800575263662,0.0,0.0,0.0,0.0,0.0,0.0,0.0,0.0,0.0,0.0,0.16666666666666666],"confusion_matrix":[[28,265,82,87,0,7,14,5,32,6,28,0,11,14,0,0,64,0,0,0,0,0,0,0,0,0,0,0],[22,319,22,57,0,2,11,2,48,3,32,1,22,14,0,0,76,0,0,0,0,0,0,0,0,0,0,0],[27,181,172,101,1,10,3,6,18,2,19,3,16,7,0,0,43,0,0,0,0,0,0,0,0,0,0,2],[18,211,33,83,0,8,1,2,12,6,37,5,14,7,0,0,53,0,0,0,0,0,0,0,0,0,0,0],[17,199,70,54,1,7,3,5,18,6,19,0,8,6,0,0,29,0,0,0,0,0,0,0,0,0,0,2],[24,215,34,69,0,7,0,3,13,3,26,1,7,6,0,0,28,0,0,0,0,0,0,0,0,0,0,0],[12,60,17,9,0,0,214,0,13,1,7,1,24,2,0,0,44,0,0,0,0,0,0,0,0,0,0,0],[14,79,72,69,0,8,1,2,5,6,11,3,11,1,0,0,29,0,0,0,0,0,0,0,0,0,0,1],[10,103,31,21,0,1,12,1,37,1,5,0,15,9,0,0,61,0,0,0,0,0,0,0,0,0,0,4],[10,120,32,40,0,3,2,3,7,4,13,2,10,2,0,0,34,0,0,0,0,0,0,0,0,0,0,0],[4,148,6,13,0,0,18,0,15,2,33,0,9,0,0,0,28,0,0,0,0,0,0,0,0,0,0,0],[10,96,11,12,0,1,22,0,11,2,8,6,40,5,0,0,36,0,0,0,0,0,0,0,0,0,0,1],[0,48,7,8,0,0,31,0,10,0,4,6,50,0,0,0,76,0,0,0,0,0,0,0,0,0,0,0],[6,111,14,13,0,2,26,0,21,0,10,3,13,8,0,0,16,0,0,0,0,0,0,0,0,0,0,2],[10,90,31,26,0,4,6,1,7,1,10,1,4,2,0,0,20,0,0,0,0,0,0,0,0,0,0,2],[11,100,30,33,0,4,2,5,2,2,11,0,7,2,0,0,15,0,0,0,0,0,0,0,0,0,0,0],[3,33,5,8,0,0,24,1,8,0,4,0,20,1,0,0,66,0,0,0,0,0,0,0,0,0,0,0],[1,63,12,8,0,1,9,0,4,0,4,0,3,5,0,0,9,0,0,0,0,0,0,0,0,0,0,0],[4,45,12,7,0,1,9,2,13,2,4,0,5,1,0,0,22,0,0,0,0,0,0,0,0,0,0,1],[4,49,2,9,0,0,9,1,7,2,8,0,9,0,0,0,19,0,0,0,0,0,0,0,0,0,0,0],[2,59,5,7,0,0,3,1,6,0,9,0,12,4,0,0,17,0,0,0,0,0,0,0,0,0,0,0],[6,49,4,8,0,0,4,0,9,1,10,4,8,1,0,0,24,0,0,0,0,0,0,0,0,0,0,0],[7,48,12,21,0,0,0,1,4,1,6,0,2,0,0,0,14,0,0,0,0,0,0,0,0,0,0,0],[4,38,5,4,0,0,6,1,8,0,1,3,6,2,0,0,15,0,0,0,0,0,0,0,0,0,0,0],[2,43,3,17,0,2,1,1,4,1,4,0,2,0,0,0,5,0,0,0,0,0,0,0,0,0,0,0],[3,31,13,7,0,2,0,0,1,3,1,0,0,1,0,0,4,0,0,0,0,0,0,0,0,0,0,0],[2,31,3,1,0,0,1,0,5,1,5,0,4,1,0,0,17,0,0,0,0,0,0,0,0,0,0,0],[0,16,4,3,0,0,6,0,8,0,3,1,6,2,0,0,6,0,0,0,0,0,0,0,0,0,0,7]]}