{"Accuracy":0.11573187414500684,"Precision":0.0888749020592866,"Recall":0.11573187414500684,"F1 Score":0.07007978331798823,"Adjusted Rand Index":0.015158398973796412,"Precision by cluster":[0.14285714285714285,0.09488325881768504,0.20710059171597633,0.08287292817679558,0.0,0.0,0.4506172839506173,0.0,0.08498583569405099,0.0,0.07112970711297072,0.08695652173913043,0.12903225806451613,0.06329113924050633,0.0,0.0,0.050400916380297825,0.0,0.0,0.0,0.0,0.0,0.0,0.0,0.0,0.0,0.0,0.4],"Recall by cluster":[0.0015552099533437014,0.6053882725832013,0.057283142389525366,0.030612244897959183,0.0,0.0,0.5420792079207921,0.0,0.19292604501607716,0.0,0.06159420289855073,0.007662835249042145,0.25,0.02040816326530612,0.0,0.0,0.2543352601156069,0.0,0.0,0.0,0.0,0.0,0.0,0.0,0.0,0.0,0.0,0.0967741935483871],"F1 score by cluster":[0.003076923076923077,0.16405411208932788,0.08974358974358974,0.044709388971684055,0.0,0.0,0.49213483146067416,0.0,0.11799410029498525,0.0,0.06601941747572816,0.014084507042253521,0.1702127659574468,0.030864197530864196,0.0,0.0,0.0841300191204589,0.0,0.0,0.0,0.0,0.0,0.0,0.0,0.0,0.0,0.0,0.15584415584415584],"confusion_matrix":[[1,389,21,23,1,4,19,1,52,0,26,2,28,10,0,0,66,0,0,0,0,0,0,0,0,0,0,0],[1,382,8,14,0,4,15,0,88,0,20,0,26,4,0,0,69,0,0,0,0,0,0,0,0,0,0,0],[1,364,35,33,1,5,5,0,45,0,22,3,19,12,0,0,66,0,0,0,0,0,0,0,0,0,0,0],[0,316,5,15,0,1,3,0,40,0,26,3,18,2,0,0,61,0,0,0,0,0,0,0,0,0,0,0],[1,289,15,7,0,5,4,0,44,1,18,0,10,5,0,0,45,0,0,0,0,0,0,0,0,0,0,0],[0,313,8,10,0,0,0,1,31,0,17,2,10,5,0,0,39,0,0,0,0,0,0,0,0,0,0,0],[0,91,4,5,0,0,219,0,22,0,1,0,37,4,0,0,21,0,0,0,0,0,0,0,0,0,0,0],[0,172,15,15,0,2,2,0,18,0,12,0,16,0,0,0,59,0,0,0,0,0,0,0,0,0,0,1],[0,142,2,2,0,0,13,0,60,1,7,1,31,5,0,0,45,0,0,0,0,0,0,0,0,0,0,2],[0,174,5,9,0,0,2,1,17,0,16,1,11,3,0,0,43,0,0,0,0,0,0,0,0,0,0,0],[0,167,1,5,0,0,19,0,33,0,17,0,17,0,0,0,17,0,0,0,0,0,0,0,0,0,0,0],[1,116,5,6,0,1,23,0,26,0,5,2,42,4,0,0,29,0,0,0,0,0,0,0,0,0,0,1],[0,69,0,0,0,0,38,0,15,0,1,3,60,0,0,0,54,0,0,0,0,0,0,0,0,0,0,0],[0,134,7,3,0,0,26,0,32,0,6,2,11,5,0,0,18,0,0,0,0,0,0,0,0,0,0,1],[1,127,9,6,0,2,7,0,16,1,6,0,6,2,0,0,30,0,0,0,0,0,0,0,0,0,0,2],[0,147,5,9,0,2,3,0,12,0,7,0,11,2,0,0,26,0,0,0,0,0,0,0,0,0,0,0],[0,44,2,2,0,0,28,0,18,0,2,0,32,1,0,0,44,0,0,0,0,0,0,0,0,0,0,0],[0,68,5,3,0,0,9,0,15,0,3,0,4,2,0,0,10,0,0,0,0,0,0,0,0,0,0,0],[0,52,4,4,0,1,12,0,19,1,4,0,10,1,0,0,18,0,0,0,0,0,0,0,0,0,0,2],[0,62,0,0,0,0,12,0,18,1,2,0,11,0,0,0,13,0,0,0,0,0,0,0,0,0,0,0],[0,73,2,1,0,0,6,0,14,0,1,0,10,2,0,0,16,0,0,0,0,0,0,0,0,0,0,0],[0,63,0,1,0,0,5,0,16,0,4,0,14,1,0,0,24,0,0,0,0,0,0,0,0,0,0,0],[0,72,4,2,0,0,0,0,15,0,5,0,2,1,0,0,15,0,0,0,0,0,0,0,0,0,0,0],[0,42,2,1,0,0,7,0,10,0,0,4,11,2,0,0,14,0,0,0,0,0,0,0,0,0,0,0],[0,59,1,2,0,0,1,0,4,0,6,0,3,2,0,0,7,0,0,0,0,0,0,0,0,0,0,0],[1,40,2,3,0,1,0,0,8,1,3,0,2,1,0,0,4,0,0,0,0,0,0,0,0,0,0,0],[0,36,0,0,0,0,2,0,10,1,0,0,6,1,0,0,15,0,0,0,0,0,0,0,0,0,0,0],[0,23,2,0,0,1,6,0,8,0,2,0,7,2,0,0,5,0,0,0,0,0,0,0,0,0,0,6]]}