{"Accuracy":0.0893296853625171,"Precision":0.09217278983614546,"Recall":0.0893296853625171,"F1 Score":0.05988799066830729,"Adjusted Rand Index":0.009768143364771392,"Precision by cluster":[0.11394891944990176,0.05847953216374269,0.0918918918918919,0.07903780068728522,0.0,0.1222707423580786,0.5882352941176471,0.1,0.11904761904761904,0.1111111111111111,0.0634441087613293,0.0,0.13636363636363635,0.06382978723404255,0.0,0.0,0.07137858642407278,0.0,0.0,0.0,0.0,0.0,0.0,0.0,0.0,0.0,0.0,0.0],"Recall by cluster":[0.09020217729393468,0.07923930269413629,0.47299509001636664,0.04693877551020408,0.0,0.06422018348623854,0.09900990099009901,0.057692307692307696,0.03215434083601286,0.01773049645390071,0.07608695652173914,0.0,0.0125,0.024489795918367346,0.0,0.0,0.5895953757225434,0.0,0.0,0.0,0.0,0.0,0.0,0.0,0.0,0.0,0.0,0.0],"F1 score by cluster":[0.10069444444444445,0.06729475100942127,0.1538871139510117,0.058898847631242,0.0,0.08421052631578947,0.1694915254237288,0.07317073170731707,0.05063291139240506,0.03058103975535168,0.06919275123558484,0.0,0.022900763358778626,0.035398230088495575,0.0,0.0,0.12734082397003746,0.0,0.0,0.0,0.0,0.0,0.0,0.0,0.0,0.0,0.0,0.0],"confusion_matrix":[[58,60,309,38,1,22,0,18,4,4,29,2,2,13,0,0,83,0,0,0,0,0,0,0,0,0,0,0],[53,50,308,20,4,23,1,14,1,4,32,1,3,11,0,0,106,0,0,0,0,0,0,0,0,0,0,0],[65,80,289,28,2,16,0,20,5,1,37,0,1,5,0,0,62,0,0,0,0,0,0,0,0,0,0,0],[33,54,238,23,0,19,0,14,1,3,32,0,4,4,0,0,65,0,0,0,0,0,0,0,0,0,0,0],[34,44,223,27,0,11,0,10,2,0,25,0,1,10,0,0,57,0,0,0,0,0,0,0,0,0,0,0],[35,33,227,27,0,28,0,18,0,6,15,1,0,5,0,0,41,0,0,0,0,0,0,0,0,0,0,0],[15,104,62,7,1,7,40,1,9,1,17,2,2,2,0,0,134,0,0,0,0,0,0,0,0,0,0,0],[18,43,141,12,1,10,0,18,2,2,16,0,0,0,0,0,49,0,0,0,0,0,0,0,0,0,0,0],[18,26,137,6,2,11,1,5,10,2,5,1,1,6,0,0,80,0,0,0,0,0,0,0,0,0,0,0],[22,28,125,18,1,8,0,14,0,5,10,0,0,2,0,0,49,0,0,0,0,0,0,0,0,0,0,0],[10,33,117,10,1,13,3,4,5,0,21,1,0,3,0,0,55,0,0,0,0,0,0,0,0,0,0,0],[15,39,82,6,0,8,2,1,2,0,12,0,2,6,0,0,86,0,0,0,0,0,0,0,0,0,0,0],[2,47,45,1,0,1,7,3,1,1,2,0,3,0,0,0,127,0,0,0,0,0,0,0,0,0,0,0],[19,28,111,10,0,6,7,2,8,1,16,0,0,6,2,0,29,0,0,0,0,0,0,0,0,0,0,0],[24,18,105,10,0,5,0,4,3,1,8,1,0,1,0,0,35,0,0,0,0,0,0,0,0,0,0,0],[12,22,116,14,1,7,0,8,2,3,9,0,0,2,0,0,28,0,0,0,0,0,0,0,0,0,0,0],[4,20,38,2,0,0,1,2,1,0,3,0,0,0,0,0,102,0,0,0,0,0,0,0,0,0,0,0],[13,17,52,5,0,2,1,0,2,1,2,0,0,5,0,0,19,0,0,0,0,0,0,0,0,0,0,0],[9,11,54,2,0,4,0,4,5,1,3,0,0,1,0,0,34,0,0,0,0,0,0,0,0,0,0,0],[4,20,44,4,0,3,1,1,3,3,5,0,1,0,0,0,30,0,0,0,0,0,0,0,0,0,0,0],[5,10,55,5,0,4,2,4,0,1,4,0,0,7,0,0,28,0,0,0,0,0,0,0,0,0,0,0],[6,17,39,5,0,5,2,3,2,2,8,0,0,1,0,0,38,0,0,0,0,0,0,0,0,0,0,0],[11,8,61,1,1,5,0,5,1,1,7,0,0,0,0,0,15,0,0,0,0,0,0,0,0,0,0,0],[6,14,41,1,0,1,0,0,2,0,2,0,1,2,0,0,23,0,0,0,0,0,0,0,0,0,0,0],[4,5,50,2,0,3,0,3,0,0,5,0,0,0,0,0,13,0,0,0,0,0,0,0,0,0,0,0],[5,7,30,5,1,1,0,4,0,2,5,0,0,0,0,0,6,0,0,0,0,0,0,0,0,0,0,0],[6,10,25,2,0,5,0,0,0,0,1,0,0,0,0,0,22,0,0,0,0,0,0,0,0,0,0,0],[3,7,21,0,1,1,0,0,13,0,0,0,1,2,0,0,13,0,0,0,0,0,0,0,0,0,0,0]]}