{"Accuracy":0.10834473324213406,"Precision":0.05101301829004231,"Recall":0.10834473324213406,"F1 Score":0.054355890363218896,"Adjusted Rand Index":0.009802004656685253,"Precision by cluster":[0.08073394495412844,0.0,0.08573050719152157,0.06451612903225806,0.0,0.0,0.4452380952380952,0.0,0.05238095238095238,0.0,0.0,0.0,0.15490196078431373,0.0,0.0,0.0,0.0,0.0,0.0,0.0,0.0,0.0,0.0,0.0,0.0,0.0,0.0,0.056818181818181816],"Recall by cluster":[0.06885758998435054,0.0,0.8089285714285714,0.003929273084479371,0.0,0.0,0.4572127139364303,0.0,0.07142857142857142,0.0,0.0,0.0,0.3147410358565737,0.0,0.0,0.0,0.0,0.0,0.0,0.0,0.0,0.0,0.0,0.0,0.0,0.0,0.0,0.0847457627118644],"F1 score by cluster":[0.07432432432432433,0.0,0.15503080082135523,0.007407407407407408,0.0,0.0,0.451145958986731,0.0,0.06043956043956044,0.0,0.0,0.0,0.2076215505913272,0.0,0.0,0.0,0.0,0.0,0.0,0.0,0.0,0.0,0.0,0.0,0.0,0.0,0.0,0.06802721088435375],"confusion_matrix":[[44,0,504,2,0,0,23,0,40,0,0,1,16,0,0,0,0,0,0,0,0,0,0,0,0,0,0,9],[51,0,464,2,0,0,13,0,44,0,0,0,40,0,0,0,0,0,0,0,0,0,0,0,0,0,0,6],[44,0,453,1,0,0,2,0,45,0,0,2,7,0,0,0,0,0,0,0,0,0,0,0,0,0,0,6],[39,0,419,2,0,0,3,0,28,0,0,0,11,0,0,0,0,0,0,0,0,0,0,0,0,0,0,7],[25,0,328,2,0,0,5,0,36,0,0,1,13,0,0,0,0,0,0,0,0,0,0,0,0,0,0,7],[28,0,346,1,0,0,0,0,24,0,0,0,8,0,0,0,0,0,0,0,0,0,0,0,0,0,0,2],[21,0,125,0,0,0,187,0,9,0,0,1,65,0,0,0,0,0,0,0,0,0,0,0,0,0,0,1],[26,0,276,2,0,0,5,0,9,0,0,0,14,0,0,0,0,0,0,0,0,0,0,0,0,0,0,3],[28,0,192,1,0,0,16,0,22,0,0,0,39,0,0,0,0,0,0,0,0,0,0,0,0,0,0,10],[32,0,238,1,0,0,1,0,11,0,0,0,7,0,0,0,0,0,0,0,0,0,0,0,0,0,0,2],[22,0,204,1,0,0,12,0,16,0,0,0,19,0,0,0,0,0,0,0,0,0,0,0,0,0,0,1],[15,0,173,4,0,0,20,0,12,0,0,0,44,0,0,0,0,0,0,0,0,0,0,0,0,0,0,3],[25,0,104,2,0,0,38,0,2,0,0,1,79,0,0,0,0,0,0,0,0,0,0,0,0,0,0,0],[5,0,162,1,0,0,17,0,18,0,0,1,27,0,0,0,0,0,0,0,0,0,0,0,0,0,0,9],[15,0,178,1,0,0,6,0,15,0,0,1,14,0,0,0,0,0,0,0,0,0,0,0,0,0,0,2],[13,1,164,0,0,0,1,0,16,0,0,1,4,0,0,0,0,0,0,0,0,0,0,0,0,0,0,1],[14,0,109,1,0,0,20,0,3,0,0,1,31,0,0,0,0,0,0,0,0,0,0,0,0,0,0,1],[12,0,95,0,0,0,12,0,11,0,0,0,4,0,0,0,0,0,0,0,0,0,0,0,0,0,0,1],[12,0,98,0,0,0,7,0,4,0,0,0,13,0,0,0,0,0,0,0,0,0,0,0,0,0,0,1],[9,0,85,1,0,0,7,0,5,0,0,0,12,0,0,0,0,0,0,0,0,0,0,0,0,0,0,1],[13,0,82,1,0,0,6,0,10,0,0,0,10,0,0,0,0,0,0,0,0,0,0,0,0,0,0,1],[8,0,106,0,0,0,2,0,5,0,0,0,7,0,0,0,0,0,0,0,0,0,0,0,0,0,0,3],[6,0,89,0,0,0,1,0,4,0,0,0,0,0,0,0,0,0,0,0,0,0,0,0,0,0,0,0],[10,0,68,1,0,0,10,0,3,0,0,1,10,0,0,0,0,0,0,0,0,0,0,0,0,0,0,2],[7,0,76,1,0,0,0,0,10,0,0,0,2,0,0,0,0,0,0,0,0,0,0,0,0,0,0,1],[7,0,61,0,0,0,1,0,8,0,0,0,5,0,0,0,0,0,0,0,0,0,0,0,0,0,0,3],[11,0,49,1,0,0,3,0,4,0,0,0,4,0,0,0,0,0,0,0,0,0,0,0,0,0,0,0],[3,0,36,2,0,0,2,0,6,0,0,0,5,0,0,0,0,0,0,0,0,0,0,0,0,0,0,5]]}