{"Accuracy":0.11901504787961696,"Precision":0.06842930274655445,"Recall":0.11901504787961696,"F1 Score":0.05808690158043102,"Adjusted Rand Index":0.015903746077244423,"Precision by cluster":[0.07027027027027027,0.0,0.09947162876177348,0.14218009478672985,0.0,0.0,0.4115384615384615,0.21428571428571427,0.0425531914893617,0.0,0.0,0.14285714285714285,0.09107249850209706,0.0,0.0,0.0,0.049019607843137254,0.0,0.0,0.0,0.0,0.0,0.0,0.0,0.0,0.0,0.0,0.3103448275862069],"Recall by cluster":[0.020766773162939296,0.0,0.7228714524207012,0.056925996204933584,0.0,0.0,0.5783783783783784,0.00911854103343465,0.013422818791946308,0.0,0.0,0.008130081300813009,0.5692883895131086,0.0,0.0,0.0,0.053763440860215055,0.0,0.0,0.0,0.0,0.0,0.0,0.0,0.0,0.0,0.0,0.15789473684210525],"F1 score by cluster":[0.032059186189889025,0.0,0.17487883683360259,0.08130081300813008,0.0,0.0,0.48089887640449436,0.01749271137026239,0.02040816326530612,0.0,0.0,0.015384615384615385,0.15702479338842976,0.0,0.0,0.0,0.05128205128205128,0.0,0.0,0.0,0.0,0.0,0.0,0.0,0.0,0.0,0.0,0.20930232558139536],"confusion_matrix":[[13,2,410,25,0,0,21,1,9,0,0,0,130,0,0,0,14,0,0,0,0,0,0,0,0,0,0,1],[13,0,384,22,0,0,26,0,2,0,0,1,130,0,0,0,8,0,0,0,0,0,0,0,0,0,0,1],[20,1,433,17,0,0,2,0,14,0,0,1,98,0,0,0,13,0,0,0,0,0,0,0,0,0,0,0],[18,0,351,30,0,0,3,2,3,0,0,0,108,0,0,0,12,0,0,0,0,0,0,0,0,0,0,0],[12,0,328,11,0,0,4,2,5,0,0,1,64,0,0,0,12,0,0,0,0,0,0,0,0,0,0,1],[12,0,320,22,0,0,1,0,6,0,0,1,64,0,0,0,13,0,0,0,0,0,0,0,0,0,0,0],[3,1,87,2,0,0,214,0,1,0,0,1,60,0,0,0,1,0,0,0,0,0,0,0,0,0,0,0],[12,0,195,11,0,0,5,3,6,0,0,1,81,0,0,0,15,0,0,0,0,0,0,0,0,0,0,0],[8,0,169,2,0,0,24,0,4,0,0,0,70,0,0,0,11,0,0,0,0,0,0,0,0,0,0,10],[5,1,205,8,0,0,3,1,5,0,0,1,74,0,0,0,13,0,0,0,0,0,0,0,0,0,0,0],[7,3,170,8,0,0,17,1,2,0,0,0,63,0,0,0,6,0,0,0,0,0,0,0,0,0,0,0],[7,0,102,6,0,0,38,0,3,0,0,2,84,0,0,0,4,0,0,0,0,0,0,0,0,0,0,0],[3,0,35,1,0,0,60,0,0,0,0,0,152,0,0,0,16,0,0,0,0,0,0,0,0,0,0,0],[8,1,166,4,0,0,27,1,2,0,0,2,45,0,0,0,6,0,0,0,0,0,0,0,0,0,0,6],[5,2,133,4,0,0,9,1,3,0,0,1,35,0,0,0,7,0,0,0,0,0,0,0,0,0,0,1],[7,0,156,3,0,0,0,1,5,0,0,2,53,0,0,0,4,0,0,0,0,0,0,0,0,0,0,0],[3,0,59,3,0,0,21,0,2,0,0,0,88,0,0,0,10,0,0,0,0,0,0,0,0,0,0,0],[4,0,86,4,0,0,7,1,3,0,0,0,17,0,0,0,5,0,0,0,0,0,0,0,0,0,0,0],[5,1,66,3,0,0,7,0,3,0,0,0,39,0,0,0,5,0,0,0,0,0,0,0,0,0,0,0],[3,1,56,5,0,0,6,0,1,0,0,0,34,0,0,0,7,0,0,0,0,0,0,0,0,0,0,0],[0,0,68,3,0,0,6,0,1,0,0,0,28,0,0,0,7,0,0,0,0,0,0,0,0,0,0,0],[6,0,56,2,0,0,4,0,4,0,0,0,38,0,0,0,4,0,0,0,0,0,0,0,0,0,0,0],[2,0,73,7,0,0,1,0,3,0,0,0,16,0,0,0,5,0,0,0,0,0,0,0,0,0,0,0],[1,0,45,1,0,0,6,0,1,0,0,0,31,0,0,0,1,0,0,0,0,0,0,0,0,0,0,0],[4,0,72,3,0,0,1,0,2,1,0,0,18,0,0,0,0,0,0,0,0,0,0,0,0,0,0,0],[1,1,63,4,0,0,0,0,2,0,0,0,13,0,0,0,0,0,0,0,0,0,0,0,0,0,0,0],[3,2,33,0,0,0,3,0,1,0,0,0,29,0,0,0,1,0,0,0,0,0,0,0,0,0,0,0],[0,0,32,0,0,0,4,0,1,0,0,0,7,0,0,0,4,0,0,0,0,0,0,0,0,0,0,9]]}