{"Accuracy":0.11491108071135431,"Precision":0.10765911429570889,"Recall":0.11491108071135431,"F1 Score":0.06706354255528472,"Adjusted Rand Index":0.01298524493356934,"Precision by cluster":[0.11627906976744186,0.09680232558139534,0.42105263157894735,0.09484193011647254,0.0,0.0,0.43312101910828027,0.0,0.3333333333333333,0.05263157894736842,0.039603960396039604,0.06372549019607843,0.10308285163776493,0.0,0.0,0.0,0.056,0.0,0.0,0.0,0.0,0.0,0.0,0.0,0.0,0.0,0.0,0.3684210526315789],"Recall by cluster":[0.024154589371980676,0.5476973684210527,0.013311148086522463,0.2261904761904762,0.0,0.0,0.5425531914893617,0.0,0.01444043321299639,0.0035335689045936395,0.07604562737642585,0.05220883534136546,0.43673469387755104,0.0,0.0,0.0,0.07142857142857142,0.0,0.0,0.0,0.0,0.0,0.0,0.0,0.0,0.0,0.0,0.11475409836065574],"F1 score by cluster":[0.04,0.16452569169960474,0.025806451612903226,0.1336459554513482,0.0,0.0,0.4817001180637544,0.0,0.02768166089965398,0.006622516556291391,0.052083333333333336,0.05739514348785872,0.16679657053780203,0.0,0.0,0.0,0.06278026905829596,0.0,0.0,0.0,0.0,0.0,0.0,0.0,0.0,0.0,0.0,0.175],"confusion_matrix":[[15,310,0,119,0,0,20,0,0,1,40,20,69,0,0,0,26,0,0,0,0,0,0,0,0,0,0,1],[2,333,0,92,0,0,16,0,1,1,44,14,85,0,0,0,19,0,0,0,0,0,0,0,0,0,0,1],[28,278,8,160,0,0,1,0,2,3,39,18,51,0,0,0,12,0,0,0,0,0,0,0,0,0,0,1],[5,240,0,114,0,0,6,0,0,3,51,11,55,0,0,0,19,0,0,0,0,0,0,0,0,0,0,0],[13,239,0,99,0,1,3,0,0,1,35,5,40,1,0,0,13,0,0,0,0,0,0,0,0,0,0,1],[9,259,0,101,0,0,1,0,0,2,35,11,25,0,0,0,15,0,0,0,0,0,0,0,0,0,0,0],[0,80,1,20,0,0,204,0,0,0,13,10,46,0,0,0,2,0,0,0,0,0,0,0,0,0,0,0],[7,126,1,67,0,0,3,0,0,0,28,15,41,0,0,0,21,0,0,0,0,0,0,0,0,0,0,0],[8,143,1,31,0,0,14,0,4,1,6,2,57,0,0,0,7,0,0,0,0,0,0,0,0,0,0,3],[1,141,1,56,0,0,1,0,0,1,15,3,47,0,0,0,17,0,0,0,0,0,0,0,0,0,0,0],[2,144,0,26,0,0,14,0,0,0,20,4,45,0,0,0,8,0,0,0,0,0,0,0,0,0,0,0],[2,118,0,22,0,0,30,0,0,0,17,13,43,0,0,0,4,0,0,0,0,0,0,0,0,0,0,0],[0,52,0,3,0,0,44,0,0,1,4,21,107,0,0,0,13,0,0,0,0,0,0,0,0,0,0,0],[5,140,0,30,0,0,16,0,0,1,24,7,35,0,0,0,5,0,0,0,0,0,0,0,0,0,0,4],[7,115,3,49,0,0,12,0,1,1,13,6,21,0,0,0,4,0,0,0,0,0,0,0,0,0,0,0],[4,101,0,39,0,0,4,0,0,1,17,3,27,0,0,0,6,0,0,0,0,0,0,0,0,0,0,0],[1,52,0,8,0,0,24,0,0,0,15,9,73,0,0,0,14,0,0,0,0,0,0,0,0,0,0,0],[3,69,1,19,0,0,10,0,1,1,11,3,14,0,0,0,4,0,0,0,0,0,0,0,0,0,0,0],[0,65,2,12,0,0,11,0,0,0,8,4,25,0,0,0,9,0,0,0,0,0,0,0,0,0,0,1],[1,66,0,12,0,0,7,0,0,0,5,4,20,0,0,0,3,0,0,0,0,0,0,0,0,0,0,0],[1,56,0,20,0,0,9,0,0,0,11,2,27,0,0,0,3,0,0,0,0,0,0,0,0,0,0,0],[4,51,0,16,0,0,4,0,0,0,9,3,21,0,0,0,7,0,0,0,0,0,0,0,0,0,0,0],[4,55,1,19,0,0,0,0,0,0,9,2,11,0,0,0,6,0,0,0,0,0,0,0,0,0,0,0],[3,33,0,7,0,0,7,0,0,0,11,6,10,0,0,0,5,0,0,0,0,0,0,0,0,0,0,0],[2,50,0,23,0,0,2,0,0,0,10,2,8,0,0,0,3,0,0,0,0,0,0,0,0,0,0,0],[2,56,0,18,0,0,1,0,0,1,9,2,10,0,0,0,1,0,0,0,0,0,0,0,0,0,0,0],[0,41,0,13,0,0,5,0,0,0,3,1,17,0,0,0,3,0,0,0,0,0,0,0,0,0,0,0],[0,27,0,7,0,0,2,0,3,0,3,3,8,0,0,0,1,0,0,0,0,0,0,0,0,0,0,7]]}