{"Accuracy":0.11764705882352941,"Precision":0.0783946436450423,"Recall":0.11764705882352941,"F1 Score":0.05807511718191451,"Adjusted Rand Index":0.009858574300584507,"Precision by cluster":[0.05714285714285714,0.09584905660377359,0.24210526315789474,0.07296137339055794,0.0,0.0,0.37089201877934275,0.0,0.1951219512195122,0.0,0.0221606648199446,0.0,0.1085972850678733,0.0,0.0,0.0,0.04697986577181208,0.0,0.0,0.0,0.0,0.0,0.0,0.0,0.0,0.0,0.0,0.6666666666666666],"Recall by cluster":[0.003110419906687403,0.8050713153724247,0.03764320785597381,0.03469387755102041,0.0,0.0,0.5866336633663366,0.0,0.02572347266881029,0.0,0.028985507246376812,0.0,0.2,0.0,0.0,0.0,0.04046242774566474,0.0,0.0,0.0,0.0,0.0,0.0,0.0,0.0,0.0,0.0,0.03225806451612903],"F1 score by cluster":[0.0058997050147492625,0.17130332153093913,0.06515580736543909,0.04702627939142462,0.0,0.0,0.45445829338446786,0.0,0.045454545454545456,0.0,0.02511773940345369,0.0,0.14076246334310852,0.0,0.0,0.0,0.043478260869565216,0.0,0.0,0.0,0.0,0.0,0.0,0.0,0.0,0.0,0.0,0.06153846153846154],"confusion_matrix":[[2,508,8,30,0,0,29,0,2,0,26,1,26,0,0,0,11,0,0,0,0,0,0,0,0,0,0,0],[6,508,6,9,0,0,24,0,1,0,32,0,33,0,0,0,12,0,0,0,0,0,0,0,0,0,0,0],[4,439,23,46,0,1,10,0,3,0,52,0,24,0,0,0,9,0,0,0,0,0,0,0,0,0,0,0],[2,395,3,17,0,0,11,0,0,0,32,1,18,0,0,0,11,0,0,0,0,0,0,0,0,0,0,0],[2,346,10,19,0,0,5,0,2,1,34,0,16,0,0,0,9,0,0,0,0,0,0,0,0,0,0,0],[1,363,3,22,0,0,2,0,0,0,27,0,11,0,0,0,7,0,0,0,0,0,0,0,0,0,0,0],[2,132,1,2,0,0,237,0,0,0,6,0,21,0,0,0,3,0,0,0,0,0,0,0,0,0,0,0],[0,234,8,15,0,0,4,0,1,0,20,1,13,0,0,0,16,0,0,0,0,0,0,0,0,0,0,0],[0,225,2,6,0,0,25,0,8,0,11,0,28,0,0,0,5,0,0,0,0,0,0,0,0,0,0,1],[1,217,0,13,0,1,10,0,0,0,16,0,12,0,0,0,12,0,0,0,0,0,0,0,0,0,0,0],[2,222,0,4,0,0,22,0,0,0,8,0,16,0,0,0,2,0,0,0,0,0,0,0,0,0,0,0],[1,162,3,3,0,1,41,0,1,0,13,0,33,0,0,0,3,0,0,0,0,0,0,0,0,0,0,0],[0,118,0,0,0,0,61,0,0,0,4,0,48,0,0,0,9,0,0,0,0,0,0,0,0,0,0,0],[1,186,6,1,0,0,32,0,6,0,8,0,5,0,0,0,0,0,0,0,0,0,0,0,0,0,0,0],[1,160,6,15,0,0,7,0,2,0,11,0,9,0,0,0,4,0,0,0,0,0,0,0,0,0,0,0],[1,177,1,9,0,0,2,0,0,0,15,0,13,0,0,0,6,0,0,0,0,0,0,0,0,0,0,0],[0,84,1,0,0,0,44,0,0,0,6,0,31,0,0,0,7,0,0,0,0,0,0,0,0,0,0,0],[2,89,4,1,0,0,10,0,0,0,6,0,7,0,0,0,0,0,0,0,0,0,0,0,0,0,0,0],[0,80,1,5,0,0,13,0,4,1,6,0,12,0,0,0,6,0,0,0,0,0,0,0,0,0,0,0],[0,89,0,2,0,0,16,0,0,1,2,0,8,0,0,0,1,0,0,0,0,0,0,0,0,0,0,0],[0,97,1,0,0,0,9,0,0,0,4,0,10,0,0,0,4,0,0,0,0,0,0,0,0,0,0,0],[2,97,1,1,0,0,7,0,0,0,2,0,15,0,0,0,3,0,0,0,0,0,0,0,0,0,0,0],[1,95,4,4,0,0,0,0,0,0,7,0,4,0,0,0,1,0,0,0,0,0,0,0,0,0,0,0],[1,67,2,1,0,0,7,0,0,1,1,0,12,0,0,0,1,0,0,0,0,0,0,0,0,0,0,0],[0,72,1,2,0,0,2,0,0,0,4,0,3,0,0,0,1,0,0,0,0,0,0,0,0,0,0,0],[2,49,0,3,0,2,0,0,0,0,6,0,3,0,0,0,1,0,0,0,0,0,0,0,0,0,0,0],[0,59,0,0,0,0,2,0,0,0,0,0,6,0,0,0,4,0,0,0,0,0,0,0,0,0,0,0],[1,30,0,3,0,0,7,0,11,0,2,0,5,0,0,0,1,0,0,0,0,0,0,0,0,0,0,2]]}