{"Accuracy":0.11833105335157319,"Precision":0.07801468463896931,"Recall":0.11833105335157319,"F1 Score":0.07641930824883207,"Adjusted Rand Index":0.016493522796549632,"Precision by cluster":[0.1070518266779949,0.12751677852348994,0.09784106568672485,0.08667152221412965,0.0,0.0784313725490196,0.45,0.08888888888888889,0.0,0.07575757575757576,0.0,0.056179775280898875,0.09907341411261582,0.0,0.0,0.0,0.036585365853658534,0.0,0.0,0.0,0.0,0.0,0.0,0.0,0.0,0.0,0.0,0.2],"Recall by cluster":[0.18777943368107303,0.032148900169204735,0.35323383084577115,0.23943661971830985,0.0,0.009009009009009009,0.54,0.012307692307692308,0.0,0.0176678445229682,0.0,0.018115942028985508,0.5889830508474576,0.0,0.0,0.0,0.056962025316455694,0.0,0.0,0.0,0.0,0.0,0.0,0.0,0.0,0.0,0.0,0.10714285714285714],"F1 score by cluster":[0.13636363636363635,0.051351351351351354,0.15323741007194244,0.12727272727272726,0.0,0.01616161616161616,0.4909090909090909,0.021621621621621623,0.0,0.02865329512893983,0.0,0.0273972602739726,0.1696156192800488,0.0,0.0,0.0,0.04455445544554455,0.0,0.0,0.0,0.0,0.0,0.0,0.0,0.0,0.0,0.0,0.13953488372093023],"confusion_matrix":[[126,11,225,144,0,5,20,3,2,11,0,12,83,0,0,0,25,0,0,0,0,0,0,0,0,0,0,4],[83,19,191,118,0,10,19,6,0,3,0,5,113,0,0,0,23,0,0,0,0,0,0,0,0,0,0,1],[128,2,213,136,0,4,2,2,1,3,1,11,80,0,0,0,16,0,0,0,0,0,0,0,0,0,0,4],[82,5,159,119,0,3,1,8,0,5,0,5,85,0,0,0,25,0,0,0,0,0,0,0,0,0,0,0],[86,10,171,100,0,3,4,2,1,5,0,5,41,0,0,0,7,0,0,0,0,0,0,0,0,0,0,2],[78,5,173,110,0,4,1,5,0,2,0,8,44,0,0,0,14,0,0,0,0,0,0,0,0,0,0,0],[32,4,46,24,0,0,216,0,0,1,0,3,65,0,0,0,9,0,0,0,0,0,0,0,0,0,0,0],[53,5,102,63,0,1,2,4,3,6,0,3,66,0,0,0,17,0,0,0,0,0,0,0,0,0,0,0],[43,13,70,35,0,0,13,2,0,2,0,1,66,0,0,0,9,0,0,0,0,0,0,0,0,0,0,7],[40,3,99,55,0,2,1,4,0,5,0,3,58,1,0,0,12,0,0,0,0,0,0,0,0,0,0,0],[42,12,69,63,0,2,25,0,0,1,0,3,54,0,0,0,11,0,0,0,0,0,0,0,0,0,0,0],[41,7,73,36,0,0,22,0,1,1,2,5,84,0,0,0,4,0,0,0,0,0,0,0,0,0,0,0],[12,4,10,17,0,0,37,0,0,2,0,6,139,0,0,0,9,0,0,0,0,0,0,0,0,0,0,0],[45,4,77,34,0,3,24,0,5,1,1,3,45,0,0,0,5,0,0,0,0,0,0,0,0,0,0,2],[38,6,78,40,0,3,12,2,1,0,0,2,38,0,0,0,5,0,0,0,0,0,0,0,0,0,0,1],[45,2,70,49,0,0,5,0,0,2,0,1,37,0,0,0,7,0,0,0,0,0,0,0,0,0,0,0],[14,7,15,13,0,0,20,1,1,2,0,0,76,0,0,0,9,0,0,0,0,0,0,0,0,0,0,0],[25,4,49,29,0,3,10,0,0,2,0,1,24,0,0,0,2,0,0,0,0,0,0,0,0,0,0,1],[22,4,31,19,0,0,5,0,1,2,0,2,33,0,0,0,5,0,0,0,0,0,0,0,0,0,0,2],[16,6,28,31,0,3,16,0,0,2,0,0,26,0,0,0,8,0,0,0,0,0,0,0,0,0,0,0],[20,6,35,23,0,1,6,2,0,2,0,0,29,0,0,0,5,0,0,0,0,0,0,0,0,0,0,0],[27,0,29,17,0,0,4,0,1,1,0,2,36,0,0,0,5,0,0,0,0,0,0,0,0,0,0,0],[19,1,30,25,0,1,0,1,0,1,0,0,7,0,0,0,1,0,0,0,0,0,0,0,0,0,0,0],[14,2,34,12,0,1,4,2,0,1,0,4,23,0,0,0,1,0,0,0,0,0,0,0,0,0,0,0],[14,0,28,21,0,0,1,0,0,0,0,2,15,0,0,0,1,0,0,0,0,0,0,0,0,0,0,0],[14,0,31,21,0,0,1,1,0,1,0,1,7,0,0,0,3,0,0,0,0,0,0,0,0,0,0,0],[10,6,21,14,0,2,4,0,0,2,0,0,21,0,0,0,8,0,0,0,0,0,0,0,0,0,0,0],[8,1,20,5,0,0,5,0,2,0,0,1,8,0,0,0,0,0,0,0,0,0,0,0,0,0,0,6]]}