{"Accuracy":0.1298221614227086,"Precision":0.14377668819288666,"Recall":0.1298221614227086,"F1 Score":0.10232318159704468,"Adjusted Rand Index":0.015093112363966243,"Precision by cluster":[0.12112676056338029,0.11179277436946149,0.2867756315007429,0.07671957671957672,0.14563106796116504,0.10784313725490197,0.5,0.14285714285714285,0.1643835616438356,0.18181818181818182,0.05379959650302623,0.10509554140127389,0.20701754385964913,0.07462686567164178,0.05,0.0,0.11764705882352941,0.0,0.2857142857142857,0.0,0.0,0.0,0.0,0.16666666666666666,0.0,0.0,0.0,0.5],"Recall by cluster":[0.06605222734254992,0.5324675324675324,0.31484502446982054,0.05894308943089431,0.035046728971962614,0.02588235294117647,0.27621483375959077,0.009433962264150943,0.03896103896103896,0.014545454545454545,0.32388663967611336,0.13360323886639677,0.21532846715328466,0.0851063829787234,0.004405286343612335,0.0,0.021739130434782608,0.0,0.013986013986013986,0.0,0.0,0.0,0.0,0.010309278350515464,0.0,0.0,0.0,0.0410958904109589],"F1 score by cluster":[0.08548707753479125,0.1847887323943662,0.3001555209953344,0.06666666666666667,0.05649717514124294,0.04174573055028463,0.35584843492586493,0.017699115044247787,0.06299212598425197,0.026936026936026935,0.0922722029988466,0.11764705882352941,0.2110912343470483,0.07952286282306163,0.008097165991902834,0.0,0.03669724770642202,0.0,0.02666666666666667,0.0,0.0,0.0,0.0,0.019417475728155338,0.0,0.0,0.0,0.0759493670886076],"confusion_matrix":[[43,296,66,42,8,9,8,0,10,3,112,17,10,22,2,0,1,0,1,0,0,0,0,0,0,0,1,0],[18,328,16,22,5,5,8,0,5,2,150,12,14,25,0,0,6,0,0,0,0,0,0,0,0,0,0,0],[45,183,193,48,18,21,1,6,4,2,73,1,3,12,1,0,0,0,0,0,0,0,0,2,0,0,0,0],[27,226,14,29,1,8,1,1,1,2,152,5,7,17,0,0,1,0,0,0,0,0,0,0,0,0,0,0],[15,174,74,29,15,9,2,1,5,1,73,5,5,15,4,0,0,0,0,0,0,0,0,1,0,0,0,0],[29,212,36,32,3,11,0,0,0,0,78,4,5,12,1,0,1,0,0,0,0,0,0,0,0,0,1,0],[5,68,3,4,1,0,108,0,3,0,41,102,34,22,0,0,0,0,0,0,0,0,0,0,0,0,0,0],[39,80,58,40,10,7,0,3,0,1,57,8,7,3,2,0,2,0,0,0,0,0,0,0,0,0,1,0],[8,120,34,4,11,2,8,0,12,2,52,8,29,12,1,0,3,0,2,0,0,0,0,0,0,0,0,0],[16,117,21,19,7,3,0,1,2,4,75,2,2,6,0,0,0,0,0,0,0,0,0,0,0,0,0,0],[3,120,6,6,0,1,8,0,1,0,80,5,10,6,0,0,1,0,0,0,0,0,0,0,0,0,0,0],[7,111,8,10,3,0,10,2,2,1,30,33,15,13,0,0,0,0,0,0,0,0,0,2,0,0,0,0],[5,84,4,5,0,0,17,0,1,1,49,42,59,0,0,0,7,0,0,0,0,0,0,0,0,0,0,0],[13,108,5,5,1,1,9,0,4,0,44,16,7,20,0,0,0,0,0,0,0,0,0,0,0,0,0,2],[13,88,29,16,2,3,4,0,3,0,42,9,1,14,1,0,2,0,0,0,0,0,0,0,0,0,0,0],[13,82,32,19,1,11,3,3,0,1,47,3,1,6,0,0,2,0,0,0,0,0,0,0,0,0,0,1],[5,62,4,5,0,0,8,0,6,0,53,7,25,4,0,0,4,0,0,0,0,0,0,0,0,0,1,0],[7,55,9,9,3,2,9,0,1,0,32,4,5,10,0,0,0,0,0,0,0,0,0,0,0,0,0,0],[7,47,12,1,6,1,3,0,3,0,31,1,10,14,2,0,1,0,2,0,0,0,0,0,0,0,2,0],[4,44,2,3,0,1,2,0,1,0,42,4,5,4,0,0,0,0,0,0,0,0,0,0,0,0,0,0],[1,65,1,3,1,1,0,0,3,1,27,4,12,4,0,0,1,0,0,0,0,0,0,0,0,0,0,0],[2,62,1,3,0,0,3,0,1,0,32,2,5,2,0,0,0,0,0,0,0,0,0,0,0,0,0,0],[10,37,14,8,3,0,1,1,0,0,23,0,0,7,2,0,0,0,0,0,0,0,0,0,0,0,0,0],[4,40,6,5,0,0,2,0,0,0,12,12,7,7,0,0,0,0,1,0,0,0,0,1,0,0,0,0],[3,40,2,4,0,1,0,0,1,0,19,3,0,3,0,0,1,0,0,0,0,0,0,0,0,0,0,0],[8,32,12,5,3,2,0,3,0,0,15,0,0,2,0,0,0,0,0,0,0,0,0,0,0,0,0,0],[2,27,3,2,0,2,0,0,0,1,37,3,3,1,0,0,0,0,0,0,0,0,0,0,0,0,0,0],[3,26,8,0,1,1,1,0,4,0,9,2,4,5,4,0,1,0,1,0,0,0,0,0,0,0,0,3]],"epoch_accuracies":[[0.11431307281929688,0.12767315671879986,0.13542474123386986,0.13811499703615887,0.14509142309972187,0.14987916647667684,0.15407414162600885,0.15220464183119783,0.15489489763348685,0.15822351921936983,0.15890748255893483,0.15890748255893483,0.16387761615977384,0.16392321371574484,0.16652227440609182,0.16519994528293283,0.16524554283890383,0.16592950617846883,0.16602070129041083,0.16880215220464184,0.16702384752177282,0.16880215220464184,0.16857416442478684,0.17103643244722083,0.17422826136519082,0.17140121289498883,0.17431945647713282,0.17646254160776983,0.17628015138388584,0.17500341981669781],[0.1280437756497948,0.12872777017783857,0.1325581395348837,0.11244870041039672,0.11942544459644323,0.10383036935704515,0.08686730506155951,0.08686730506155951,0.11135430916552667,0.11135430916552667,0.1290013679890561,0.12325581395348838,0.10752393980848153,0.10410396716826266,0.12995896032831739,0.11299589603283174,0.13734610123119015,0.13912448700410396,0.13980848153214775,0.15239398084815323,0.13242134062927496,0.14555403556771546,0.14897400820793433,0.14432284541723667,0.1481532147742818,0.160328317373461,0.1429548563611491,0.146374829001368,0.14445964432284542,0.13461012311901505]]}