{"Accuracy":0.1131326949384405,"Precision":0.06288843625343127,"Recall":0.1131326949384405,"F1 Score":0.06649589883364208,"Adjusted Rand Index":0.01566826409844873,"Precision by cluster":[0.09535759096612297,0.0,0.08647096362476069,0.08609271523178808,0.0,0.0,0.4724220623501199,0.042735042735042736,0.15625,0.0,0.0,0.06666666666666667,0.11301369863013698,0.0,0.0,0.0,0.04405286343612335,0.0,0.0,0.0,0.0,0.0,0.0,0.0,0.0,0.0,0.0,0.2222222222222222],"Recall by cluster":[0.12140575079872204,0.0,0.4524207011686144,0.17267552182163187,0.0,0.0,0.5324324324324324,0.015197568389057751,0.016778523489932886,0.0,0.0,0.0040650406504065045,0.6179775280898876,0.0,0.0,0.0,0.053763440860215055,0.0,0.0,0.0,0.0,0.0,0.0,0.0,0.0,0.0,0.0,0.10526315789473684],"F1 score by cluster":[0.10681658468025299,0.0,0.14519153495847845,0.1148989898989899,0.0,0.0,0.5006353240152478,0.02242152466367713,0.030303030303030304,0.0,0.0,0.007662835249042145,0.1910828025477707,0.0,0.0,0.0,0.048426150121065374,0.0,0.0,0.0,0.0,0.0,0.0,0.0,0.0,0.0,0.0,0.14285714285714285],"confusion_matrix":[[76,3,297,90,0,0,21,13,2,0,0,1,101,0,0,0,21,0,0,0,0,0,0,0,0,0,0,1],[38,0,312,72,0,0,16,14,0,1,0,0,122,0,0,0,11,0,0,0,0,0,0,0,0,0,0,1],[88,2,271,129,1,0,1,13,5,0,0,1,68,0,0,0,20,0,0,0,0,0,0,0,0,0,0,0],[80,2,242,91,0,0,3,13,0,0,0,2,73,0,0,0,21,0,0,0,0,0,0,0,0,0,0,0],[60,0,226,82,0,0,3,6,2,0,0,3,37,0,0,0,19,0,0,0,0,0,0,0,0,0,0,2],[53,0,231,89,0,0,0,7,1,0,0,0,46,0,0,0,12,0,0,0,0,0,0,0,0,0,0,0],[18,0,63,18,0,0,197,2,0,0,0,0,69,0,0,0,3,0,0,0,0,0,0,0,0,0,0,0],[40,0,134,64,0,0,2,5,1,2,0,0,67,0,0,0,14,0,0,0,0,0,0,0,0,0,0,0],[19,0,129,32,0,0,18,2,5,1,0,0,75,0,0,0,7,0,0,0,0,0,0,0,0,0,0,10],[28,0,159,44,0,0,3,8,1,0,0,1,59,0,0,0,13,0,0,0,0,0,0,0,0,0,0,0],[33,4,113,47,0,1,13,1,0,0,0,0,58,0,0,0,7,0,0,0,0,0,0,0,0,0,0,0],[30,1,76,23,0,0,29,0,0,0,0,1,78,0,0,0,8,0,0,0,0,0,0,0,0,0,0,0],[17,0,19,10,0,0,44,2,0,0,0,0,165,0,0,0,10,0,0,0,0,0,0,0,0,0,0,0],[31,0,127,27,0,0,15,4,2,0,0,1,53,0,0,0,3,0,0,0,0,0,0,0,0,0,0,5],[21,1,91,34,0,0,8,3,2,0,0,0,36,0,0,0,4,0,0,0,0,0,0,0,0,0,0,1],[28,0,107,41,0,0,0,5,3,0,0,1,44,0,0,0,2,0,0,0,0,0,0,0,0,0,0,0],[20,1,35,18,0,0,13,1,0,0,0,0,88,0,0,0,10,0,0,0,0,0,0,0,0,0,0,0],[9,0,72,17,0,0,6,0,1,0,0,0,19,0,0,0,2,0,0,0,0,0,0,0,0,0,0,1],[17,1,56,11,0,0,4,2,1,0,0,0,30,0,0,0,7,0,0,0,0,0,0,0,0,0,0,0],[10,2,35,21,0,0,4,2,1,1,0,0,30,0,0,0,7,0,0,0,0,0,0,0,0,0,0,0],[8,0,56,10,0,0,2,3,0,0,0,0,30,0,0,0,4,0,0,0,0,0,0,0,0,0,0,0],[21,1,40,16,0,0,4,0,0,1,0,0,27,0,0,0,4,0,0,0,0,0,0,0,0,0,0,0],[10,0,59,22,0,0,1,1,1,0,0,1,10,0,0,0,2,0,0,0,0,0,0,0,0,0,0,0],[8,0,35,7,0,0,6,0,0,0,0,2,22,0,0,0,6,0,0,0,0,0,0,0,0,0,0,0],[14,0,56,13,0,0,0,5,0,0,0,0,12,0,0,0,1,0,0,0,0,0,0,0,0,0,0,0],[12,0,45,15,0,0,0,3,0,0,0,0,7,0,0,0,2,0,0,0,0,0,0,0,0,0,0,0],[4,1,21,11,0,0,1,2,0,0,0,1,25,0,0,0,6,0,0,0,0,0,0,0,0,0,0,0],[4,0,27,3,0,0,3,0,4,0,0,0,9,0,0,0,1,0,0,0,0,0,0,0,0,0,0,6]]}