{"Accuracy":0.10848153214774282,"Precision":0.08962938998316333,"Recall":0.10848153214774282,"F1 Score":0.06795141972814453,"Adjusted Rand Index":0.018076620281540483,"Precision by cluster":[0.1590909090909091,0.107952362658471,0.2537313432835821,0.06060606060606061,0.0,0.0,0.3931034482758621,0.0,0.07858243451463791,0.125,0.04694255713403336,0.0,0.12437810945273632,0.0,0.0,0.0,0.05852842809364549,0.0,0.0,0.0,0.0,0.0,0.0,0.0,0.0,0.0,0.0,0.46153846153846156],"Recall by cluster":[0.01088646967340591,0.44532488114104596,0.05564648117839607,0.02857142857142857,0.0,0.0,0.5643564356435643,0.0,0.1639871382636656,0.0035460992907801418,0.2753623188405797,0.0,0.10416666666666667,0.0,0.0,0.0,0.4046242774566474,0.0,0.0,0.0,0.0,0.0,0.0,0.0,0.0,0.0,0.0,0.0967741935483871],"F1 score by cluster":[0.020378457059679767,0.17377860235003093,0.0912751677852349,0.038834951456310676,0.0,0.0,0.4634146341463415,0.0,0.10625,0.006896551724137931,0.08021108179419525,0.0,0.11337868480725624,0.0,0.0,0.0,0.10226442658875091,0.0,0.0,0.0,0.0,0.0,0.0,0.0,0.0,0.0,0.0,0.16],"confusion_matrix":[[7,272,15,19,0,2,28,0,51,0,156,0,4,2,0,0,87,0,0,0,0,0,0,0,0,0,0,0],[1,281,5,17,0,1,18,0,89,0,125,0,14,0,0,0,80,0,0,0,0,0,0,0,0,0,0,0],[7,223,34,47,0,3,7,0,31,1,158,1,14,3,0,0,81,0,0,0,0,0,0,0,0,0,0,1],[3,202,3,14,0,0,8,0,30,1,135,0,12,1,0,0,81,0,0,0,0,0,0,0,0,0,0,0],[1,194,9,21,0,0,5,0,35,2,119,0,5,0,0,0,52,0,0,0,0,0,0,0,0,0,0,1],[3,184,5,20,0,0,0,0,28,0,143,0,3,0,0,0,50,0,0,0,0,0,0,0,0,0,0,0],[3,52,5,3,0,0,228,0,26,0,36,0,14,1,0,0,36,0,0,0,0,0,0,0,0,0,0,0],[4,101,11,18,0,0,6,0,5,1,91,0,6,0,0,0,69,0,0,0,0,0,0,0,0,0,0,0],[0,99,5,6,0,1,19,0,51,0,41,0,10,6,0,0,71,0,0,0,0,0,0,0,0,0,0,2],[0,107,7,8,0,0,4,0,10,1,82,0,3,0,0,0,60,0,0,0,0,0,0,0,0,0,0,0],[0,101,0,2,0,0,19,0,36,0,76,0,7,0,0,0,35,0,0,0,0,0,0,0,0,0,0,0],[0,81,3,3,0,0,32,0,23,0,36,0,28,2,0,0,53,0,0,0,0,0,0,0,0,0,0,0],[0,37,0,1,0,0,54,0,20,0,12,0,25,0,0,0,91,0,0,0,0,0,0,0,0,0,0,0],[1,90,7,2,0,0,32,0,32,0,54,0,6,0,0,0,21,0,0,0,0,0,0,0,0,0,0,0],[0,76,6,15,0,0,8,0,20,1,57,1,4,0,0,0,26,0,0,0,0,0,0,0,0,0,0,1],[2,93,2,10,0,1,4,0,10,0,62,0,2,0,0,0,38,0,0,0,0,0,0,0,0,0,0,0],[1,25,0,2,0,0,39,0,18,0,11,0,6,1,0,0,70,0,0,0,0,0,0,0,0,0,0,0],[2,45,6,0,0,1,10,0,13,0,26,0,2,1,0,0,13,0,0,0,0,0,0,0,0,0,0,0],[1,38,2,1,0,0,15,0,22,1,21,0,3,0,0,0,23,0,0,0,0,0,0,0,0,0,0,1],[0,35,0,0,0,0,13,0,19,0,21,0,6,0,0,0,25,0,0,0,0,0,0,0,0,0,0,0],[0,43,1,1,0,0,7,0,23,0,26,0,5,1,0,0,18,0,0,0,0,0,0,0,0,0,0,0],[1,43,2,3,0,0,6,0,11,0,22,0,5,0,0,0,35,0,0,0,0,0,0,0,0,0,0,0],[2,39,3,6,0,0,0,0,11,0,34,0,0,0,0,0,20,0,0,0,0,0,0,0,0,0,0,1],[0,28,2,2,0,0,8,1,10,0,16,0,8,0,0,0,18,0,0,0,0,0,0,0,0,0,0,0],[1,40,0,3,0,0,1,0,5,0,23,0,3,0,0,0,9,0,0,0,0,0,0,0,0,0,0,0],[2,26,0,5,0,0,0,0,4,0,19,0,0,1,0,0,9,0,0,0,0,0,0,0,0,0,0,0],[0,27,0,0,0,0,2,0,7,0,11,0,3,1,0,0,20,0,0,0,0,0,0,0,0,0,0,0],[2,21,1,2,0,0,7,0,9,0,6,0,3,0,0,0,5,0,0,0,0,0,0,0,0,0,0,6]]}