{"Accuracy":0.11764705882352941,"Precision":0.056317907481079184,"Recall":0.11764705882352941,"F1 Score":0.0561221282378822,"Adjusted Rand Index":0.017404796238053504,"Precision by cluster":[0.1038961038961039,0.0,0.10142348754448399,0.07608695652173914,0.0,0.0,0.35833333333333334,0.11904761904761904,0.022727272727272728,0.0,0.0,0.09268292682926829,0.08949096880131363,0.0,0.0,0.0,0.049342105263157895,0.0,0.0,0.0,0.0,0.0,0.0,0.0,0.0,0.0,0.0,0.2],"Recall by cluster":[0.025559105431309903,0.0,0.7612687813021702,0.026565464895635674,0.0,0.0,0.581081081081081,0.015197568389057751,0.003355704697986577,0.0,0.0,0.07723577235772358,0.40823970037453183,0.0,0.0,0.0,0.08064516129032258,0.0,0.0,0.0,0.0,0.0,0.0,0.0,0.0,0.0,0.0,0.17543859649122806],"F1 score by cluster":[0.041025641025641026,0.0,0.17899901864573112,0.03938115330520394,0.0,0.0,0.44329896907216493,0.026954177897574125,0.005847953216374269,0.0,0.0,0.08425720620842572,0.1468013468013468,0.0,0.0,0.0,0.061224489795918366,0.0,0.0,0.0,0.0,0.0,0.0,0.0,0.0,0.0,0.0,0.18691588785046728],"confusion_matrix":[[16,1,417,19,0,0,27,5,6,0,0,19,91,0,0,0,23,0,0,0,0,0,0,0,0,0,0,2],[8,0,393,19,0,0,32,6,0,0,0,11,100,0,0,0,16,0,0,0,0,0,0,0,0,0,0,2],[8,0,456,10,0,0,6,4,9,0,0,17,64,0,0,0,22,0,0,0,0,0,0,0,0,0,0,3],[13,0,372,14,0,0,5,4,1,0,0,16,79,0,0,0,23,0,0,0,0,0,0,0,0,0,0,0],[6,0,333,12,0,0,5,2,3,0,0,12,44,0,0,0,20,0,0,0,0,0,0,0,0,0,0,3],[11,0,340,15,0,0,1,1,3,0,0,5,45,0,0,0,17,0,0,0,0,0,0,0,0,0,0,1],[2,1,92,1,0,0,215,0,0,0,0,8,43,0,0,0,8,0,0,0,0,0,0,0,0,0,0,0],[9,0,202,14,0,0,4,5,3,0,0,10,65,0,0,0,15,0,0,0,0,0,0,0,0,0,0,2],[5,1,170,4,0,0,33,2,1,0,0,0,55,0,0,0,15,0,0,0,0,0,0,0,0,0,0,12],[2,0,213,7,0,0,5,2,1,0,0,13,52,0,0,0,20,0,0,0,0,0,0,0,0,0,0,1],[10,3,173,7,0,1,19,2,1,0,0,6,47,0,0,0,8,0,0,0,0,0,0,0,0,0,0,0],[5,0,106,3,0,0,45,1,1,0,0,19,56,0,0,0,10,0,0,0,0,0,0,0,0,0,0,0],[6,1,31,2,0,0,82,0,0,0,0,16,109,0,0,0,20,0,0,0,0,0,0,0,0,0,0,0],[5,0,171,5,0,0,29,3,1,0,0,8,38,0,0,0,2,0,0,0,0,0,0,0,0,0,0,6],[7,1,133,6,0,0,11,0,1,0,0,7,25,0,0,0,8,0,0,0,0,0,0,0,0,0,0,2],[5,0,164,4,0,0,0,0,1,0,0,10,37,0,0,0,7,0,0,0,0,0,0,0,0,0,0,3],[0,0,63,5,0,0,28,0,1,0,0,7,67,0,0,0,15,0,0,0,0,0,0,0,0,0,0,0],[6,0,87,4,0,0,6,1,1,0,0,1,18,0,0,0,3,0,0,0,0,0,0,0,0,0,0,0],[3,1,71,5,0,0,11,0,1,0,0,1,26,0,0,0,8,0,0,0,0,0,0,0,0,0,0,2],[3,0,57,6,0,0,7,1,1,0,0,2,27,0,0,0,9,0,0,0,0,0,0,0,0,0,0,0],[3,0,67,3,0,0,9,0,1,0,0,2,24,0,0,0,4,0,0,0,0,0,0,0,0,0,0,0],[4,1,61,3,0,0,4,0,3,0,0,4,26,0,0,0,8,0,0,0,0,0,0,0,0,0,0,0],[3,0,78,8,0,0,1,0,1,0,0,0,10,0,0,0,6,0,0,0,0,0,0,0,0,0,0,0],[2,0,45,0,0,0,7,0,0,0,0,7,16,0,0,0,8,0,0,0,0,0,0,0,0,0,0,1],[8,1,74,3,0,0,0,0,1,0,0,0,13,0,0,0,1,0,0,0,0,0,0,0,0,0,0,0],[3,0,62,3,0,0,1,2,1,0,0,1,8,0,0,0,3,0,0,0,0,0,0,0,0,0,0,0],[1,1,33,1,0,0,3,1,1,0,0,3,23,0,0,0,5,0,0,0,0,0,0,0,0,0,0,0],[0,0,32,1,0,0,4,0,0,0,0,0,10,0,0,0,0,0,0,0,0,0,0,0,0,0,0,10]]}