{"Accuracy":0.17154582763337894,"Precision":0.1610636008801303,"Recall":0.17154582763337894,"F1 Score":0.12737544932097628,"Adjusted Rand Index":0.03819752549840248,"Precision by cluster":[0.11688311688311688,0.18758815232722145,0.25806451612903225,0.12829736211031176,0.17391304347826086,0.14216867469879518,0.5375375375375375,0.12027491408934708,0.3333333333333333,0.3,0.1309823677581864,0.1875,0.16265060240963855,0.21212121212121213,0.0,0.0,0.08728813559322034,0.0,0.0,0.0,0.0,0.0,0.0,0.0,0.0,0.0,0.0,0.0],"Recall by cluster":[0.013333333333333334,0.22735042735042735,0.4925124792013311,0.4305835010060362,0.00904977375565611,0.1340909090909091,0.44527363184079605,0.21604938271604937,0.028070175438596492,0.009771986970684038,0.19330855018587362,0.03862660944206009,0.40601503759398494,0.029411764705882353,0.0,0.0,0.5754189944134078,0.0,0.0,0.0,0.0,0.0,0.0,0.0,0.0,0.0,0.0,0.0],"F1 score by cluster":[0.023936170212765957,0.20556414219474498,0.33867276887871856,0.1976905311778291,0.017204301075268817,0.13801169590643275,0.48707482993197276,0.1545253863134658,0.05177993527508091,0.01892744479495268,0.15615615615615616,0.06405693950177936,0.23225806451612904,0.05166051660516605,0.0,0.0,0.1515820456217807,0.0,0.0,0.0,0.0,0.0,0.0,0.0,0.0,0.0,0.0,0.0],"confusion_matrix":[[9,76,110,166,2,45,19,69,0,0,35,4,46,3,0,0,91,0,0,0,0,0,0,0,0,0,0,0],[4,133,12,171,0,31,8,18,0,0,57,3,36,2,0,0,110,0,0,0,0,0,0,0,0,0,0,0],[5,31,296,96,1,36,1,51,1,0,14,4,18,2,0,0,45,0,0,0,0,0,0,0,0,0,0,0],[5,36,31,214,0,30,1,62,0,2,20,3,26,3,0,0,64,0,0,0,0,0,0,0,0,0,0,0],[5,27,144,83,4,31,2,60,3,0,9,1,19,3,0,0,51,0,0,0,0,0,0,0,0,0,0,0],[6,33,64,127,0,59,2,73,0,0,15,2,18,0,0,0,41,0,0,0,0,0,0,0,0,0,0,0],[1,25,13,35,2,7,179,3,1,0,19,3,58,2,0,0,54,0,0,0,0,0,0,0,0,0,0,0],[2,6,127,47,0,16,2,70,0,0,5,1,17,2,0,0,29,0,0,0,0,0,0,0,0,0,0,0],[5,23,44,31,4,13,8,13,8,0,14,0,37,0,0,0,85,0,0,0,0,0,0,0,0,0,0,0],[4,25,42,90,1,27,1,30,0,3,9,1,22,1,0,0,51,0,0,0,0,0,0,0,0,0,0,0],[1,43,4,64,0,9,18,9,0,1,52,1,19,0,0,0,48,0,0,0,0,0,0,0,0,0,0,0],[6,35,8,40,1,10,10,5,0,1,7,9,57,3,0,0,41,0,0,0,0,0,0,0,0,0,0,0],[0,12,0,28,0,0,18,2,0,0,8,0,108,1,0,0,89,0,0,0,0,0,0,0,0,0,0,0],[4,51,11,49,2,13,16,2,2,0,23,1,25,7,0,0,32,0,0,0,0,0,0,0,0,0,0,0],[6,21,63,53,1,17,7,15,0,0,6,1,17,1,0,0,21,0,0,0,0,0,0,0,0,0,0,0],[1,16,47,57,0,17,0,26,0,0,7,1,10,1,0,0,19,0,0,0,0,0,0,0,0,0,0,0],[2,4,1,17,0,3,10,1,0,0,8,1,29,0,0,0,103,0,0,0,0,0,0,0,0,0,0,0],[2,15,18,33,2,12,8,11,1,0,7,2,9,0,0,0,16,0,0,0,0,0,0,0,0,0,0,0],[2,14,25,16,2,5,4,8,0,1,9,0,8,1,0,0,47,0,0,0,0,0,0,0,0,0,0,0],[0,14,2,32,0,2,7,1,1,0,19,1,13,0,0,0,24,0,0,0,0,0,0,0,0,0,0,0],[2,26,1,28,0,2,3,0,1,0,14,0,11,0,0,0,19,0,0,0,0,0,0,0,0,0,0,0],[0,6,1,41,0,4,4,6,0,1,11,3,9,0,0,0,29,0,0,0,0,0,0,0,0,0,0,0],[2,1,25,33,0,6,0,13,0,0,5,1,4,0,0,0,9,0,0,0,0,0,0,0,0,0,0,0],[0,8,12,23,0,3,4,5,0,0,1,3,24,0,0,0,17,0,0,0,0,0,0,0,0,0,0,0],[1,6,6,36,0,7,0,8,0,0,5,2,6,0,0,0,9,0,0,0,0,0,0,0,0,0,0,0],[2,3,29,24,0,4,0,15,0,0,4,0,3,1,0,0,7,0,0,0,0,0,0,0,0,0,0,0],[0,13,1,24,0,2,1,2,0,1,10,0,10,0,0,0,17,0,0,0,0,0,0,0,0,0,0,0],[0,6,10,10,1,4,0,4,6,0,4,0,5,0,0,0,12,0,0,0,0,0,0,0,0,0,0,0]]}