{"Accuracy":0.10054719562243503,"Precision":0.10140418858156695,"Recall":0.10054719562243503,"F1 Score":0.09106490983039826,"Adjusted Rand Index":0.015225916854029067,"Precision by cluster":[0.08131241084165478,0.12551867219917012,0.16080402010050251,0.10272536687631027,0.08293838862559241,0.11180124223602485,0.32142857142857145,0.14583333333333334,0.1326530612244898,0.05825242718446602,0.07058823529411765,0.0851063829787234,0.20512820512820512,0.06528662420382166,0.0273224043715847,0.03626943005181347,0.0891891891891892,0.02097902097902098,0.0,0.014423076923076924,0.0,0.052083333333333336,0.0,0.027777777777777776,0.04,0.0,0.028169014084507043,0.07692307692307693],"Recall by cluster":[0.09163987138263666,0.1890625,0.05245901639344262,0.09124767225325885,0.08393285371702638,0.04186046511627907,0.5149863760217984,0.045307443365695796,0.045774647887323945,0.06382978723404255,0.13533834586466165,0.0711743772241993,0.07511737089201878,0.15891472868217055,0.02358490566037736,0.08936170212765958,0.18857142857142858,0.018404907975460124,0.0,0.02586206896551724,0.0,0.04201680672268908,0.0,0.010416666666666666,0.010752688172043012,0.0,0.02197802197802198,0.0392156862745098],"F1 score by cluster":[0.08616780045351474,0.15087281795511223,0.07911001236093942,0.09664694280078895,0.08343265792610251,0.06091370558375635,0.3958115183246073,0.0691358024691358,0.06806282722513089,0.06091370558375635,0.09278350515463918,0.07751937984496124,0.10996563573883161,0.09255079006772009,0.02531645569620253,0.051597051597051594,0.12110091743119267,0.0196078431372549,0.0,0.018518518518518517,0.0,0.046511627906976744,0.0,0.015151515151515152,0.01694915254237288,0.0,0.024691358024691357,0.05194805194805195],"confusion_matrix":[[57,75,16,50,37,21,37,9,7,24,47,16,3,54,21,58,30,11,4,21,4,7,4,0,3,0,5,1],[53,121,8,29,19,7,47,1,11,29,59,22,7,68,11,40,37,16,3,26,3,8,0,3,4,0,7,1],[70,53,32,62,64,22,16,21,2,26,30,17,5,30,25,78,11,15,5,9,1,8,3,2,1,1,0,1],[70,88,12,49,16,8,14,4,6,39,42,15,3,43,12,45,19,10,1,15,1,7,4,0,3,1,8,2],[50,63,18,30,35,9,13,11,2,23,16,12,1,35,11,37,14,10,1,12,0,5,2,3,2,1,1,0],[34,54,9,45,25,18,17,4,3,15,33,11,2,51,21,34,13,7,3,14,2,6,1,2,2,2,2,0],[13,33,3,6,9,2,189,0,3,5,11,8,4,22,7,8,20,6,0,9,1,2,0,4,0,0,1,1],[35,22,15,26,27,11,6,14,1,15,17,7,2,23,9,47,6,6,1,4,1,4,1,2,4,0,1,2],[30,35,15,9,12,4,21,2,13,6,13,6,3,34,5,17,26,2,3,8,0,3,2,2,0,1,6,6],[24,32,8,15,25,13,5,3,3,18,18,11,0,26,8,27,10,6,2,12,0,3,2,0,2,1,7,1],[16,45,3,15,12,6,16,2,4,12,36,6,2,21,4,21,19,5,1,9,0,4,0,1,0,0,6,0],[20,37,7,12,12,1,33,1,1,13,22,20,9,26,2,14,18,7,3,10,2,2,1,3,0,0,5,0],[15,17,0,9,5,1,33,1,5,7,11,14,16,7,2,12,35,5,1,4,1,3,0,3,0,0,6,0],[23,44,1,9,7,6,32,2,6,9,22,5,3,41,6,11,9,4,1,7,1,2,0,3,1,0,1,2],[26,21,11,15,17,5,15,3,1,10,7,9,0,24,5,18,4,1,2,7,2,4,3,0,0,0,1,1],[29,29,6,16,16,8,8,3,3,11,20,6,0,14,7,21,7,7,3,7,2,4,4,1,0,1,1,1],[12,15,0,6,8,1,18,0,5,7,11,10,4,12,6,10,33,3,2,4,1,4,0,2,0,0,0,1],[15,22,5,10,8,6,10,2,3,5,15,3,3,15,2,15,7,3,2,4,0,3,1,1,0,0,2,1],[16,24,7,4,12,1,6,3,4,4,8,5,2,13,2,9,12,1,0,2,0,1,1,1,0,0,2,0],[10,18,2,7,7,0,6,0,2,1,18,2,2,7,2,9,13,2,0,3,0,3,0,1,0,0,1,0],[15,28,5,5,6,0,8,0,4,2,11,2,1,10,1,6,5,2,2,5,0,2,0,0,0,0,2,0],[8,15,1,14,5,2,7,1,2,7,4,5,1,9,2,9,7,2,1,6,0,5,1,0,1,0,2,2],[16,14,1,9,8,3,1,4,1,5,7,1,0,7,2,8,2,0,0,1,0,3,0,0,0,0,0,1],[8,15,1,7,5,1,11,0,0,4,8,7,1,8,4,5,5,2,0,1,1,0,0,1,0,0,1,0],[11,17,2,5,6,1,4,0,2,6,4,2,2,10,1,7,1,2,2,3,1,1,1,0,1,0,1,0],[13,9,6,10,7,4,2,1,0,2,5,6,0,4,3,6,3,3,0,0,1,1,0,0,1,0,0,0],[8,10,2,2,9,0,10,2,0,3,12,4,1,9,0,5,3,4,0,4,0,1,0,0,0,0,2,0],[4,8,3,1,3,0,3,2,4,1,3,3,1,5,2,2,1,1,0,1,0,0,0,1,0,0,0,2]],"epoch_accuracies":[[0.12288541334184487,0.13989330171902786,0.14796406912589485,0.16027540923806485,0.17167479823081483,0.18412293101089783,0.1983037709178788,0.21768273220555379,0.24718435091879076,0.3017190278601067,0.3960603711641056,0.5438420500661164,0.7105467146960923,0.8565500889152341,0.940084811454106],[0.11668946648426813,0.1305061559507524,0.1280437756497948,0.1051983584131327,0.1106703146374829,0.11887824897400821,0.13515731874145007,0.1298221614227086,0.12571819425444597,0.10820793433652531,0.10615595075239398,0.09316005471956225,0.10656634746922025,0.09917920656634747,0.10054719562243503]]}