{"Accuracy":0.14213406292749658,"Precision":0.14866799017921908,"Recall":0.14213406292749658,"F1 Score":0.11041706834360838,"Adjusted Rand Index":0.015219705121869534,"Precision by cluster":[0.11245674740484429,0.11861861861861862,0.25295109612141653,0.10324483775811209,0.09502262443438914,0.1069182389937107,0.5826086956521739,0.14285714285714285,0.30303030303030304,0.08888888888888889,0.09285714285714286,0.225,0.1371571072319202,0.11607142857142858,0.0,0.0,0.0922242314647378,0.0,0.0,0.0,0.0,0.0,0.0,0.75,0.0,0.0,0.0,0.5],"Recall by cluster":[0.1045016077170418,0.662751677852349,0.2613240418118467,0.06591337099811675,0.051094890510948905,0.11233480176211454,0.34183673469387754,0.0243161094224924,0.030864197530864196,0.014084507042253521,0.09454545454545454,0.038135593220338986,0.22357723577235772,0.057777777777777775,0.0,0.0,0.2947976878612717,0.0,0.0,0.0,0.0,0.0,0.0,0.03296703296703297,0.0,0.0,0.0,0.12162162162162163],"F1 score by cluster":[0.10833333333333334,0.2012226184411615,0.2570694087403599,0.08045977011494253,0.06645569620253164,0.10955961331901182,0.43086816720257237,0.04155844155844156,0.056022408963585436,0.0243161094224924,0.0936936936936937,0.06521739130434782,0.17001545595054096,0.0771513353115727,0.0,0.0,0.14049586776859505,0.0,0.0,0.0,0.0,0.0,0.0,0.06315789473684211,0.0,0.0,0.0,0.1956521739130435],"confusion_matrix":[[65,268,71,34,21,49,11,6,1,7,25,1,18,14,0,0,30,0,0,0,0,0,0,0,0,0,0,1],[43,395,8,22,5,10,4,2,1,1,28,3,28,6,0,0,39,0,0,0,0,0,0,0,0,0,0,1],[55,176,150,33,38,61,1,13,1,2,14,2,3,7,0,0,17,0,0,0,0,0,0,0,0,0,0,1],[43,293,22,35,11,52,1,5,0,4,28,4,5,5,0,0,23,0,0,0,0,0,0,0,0,0,0,0],[39,189,51,24,21,48,2,6,0,2,12,1,3,4,0,0,9,0,0,0,0,0,0,0,0,0,0,0],[51,230,38,30,16,51,0,4,2,3,12,0,1,3,0,0,13,0,0,0,0,0,0,0,0,0,0,0],[20,92,4,7,0,3,134,0,0,0,8,5,77,6,0,0,36,0,0,0,0,0,0,0,0,0,0,0],[21,88,77,31,24,40,0,8,0,2,7,2,6,5,0,0,18,0,0,0,0,0,0,0,0,0,0,0],[19,147,23,9,10,11,4,1,10,2,7,1,19,7,0,0,49,0,0,0,0,0,0,0,0,0,0,5],[23,149,25,18,7,23,0,2,1,4,10,0,5,2,0,0,14,0,0,0,0,0,0,1,0,0,0,0],[16,159,1,13,1,3,11,0,2,1,26,0,17,4,0,0,21,0,0,0,0,0,0,0,0,0,0,0],[21,105,2,7,4,7,8,0,0,3,12,9,39,5,0,0,14,0,0,0,0,0,0,0,0,0,0,0],[4,68,3,4,0,3,6,0,1,2,9,5,55,1,0,0,85,0,0,0,0,0,0,0,0,0,0,0],[22,106,6,6,7,5,11,1,2,0,12,2,20,13,0,0,12,0,0,0,0,0,0,0,0,0,0,0],[21,87,27,5,9,18,4,1,1,4,6,1,11,3,0,0,10,0,0,0,0,0,0,0,0,0,0,1],[15,100,22,12,10,18,2,1,0,0,7,1,4,3,0,0,5,0,0,0,0,0,0,0,0,0,0,0],[10,55,0,4,0,2,4,1,1,2,8,0,33,2,0,0,51,0,0,0,0,0,0,0,0,0,0,0],[17,69,5,5,5,6,5,2,1,0,5,2,5,5,0,0,15,0,0,0,0,0,0,0,0,0,0,0],[11,70,13,4,9,1,1,1,3,1,4,0,9,0,0,0,20,0,0,0,0,0,0,0,0,0,0,0],[8,67,0,1,2,2,5,0,0,0,7,0,11,2,0,0,15,0,0,0,0,0,0,0,0,0,0,0],[8,83,2,5,1,5,4,0,0,0,2,0,9,2,0,0,4,0,0,0,0,0,0,0,0,0,0,0],[6,71,2,5,0,12,2,1,0,1,8,0,7,2,0,0,16,0,0,0,0,0,0,0,0,0,0,0],[11,44,13,7,5,17,0,1,1,2,3,0,0,1,0,0,4,0,0,0,0,0,0,0,0,0,0,0],[8,34,5,2,3,8,6,0,1,0,3,0,6,3,0,0,9,0,0,0,0,0,0,3,0,0,0,0],[3,66,1,7,5,7,1,0,0,0,9,1,2,3,0,0,6,0,0,0,0,0,0,0,0,0,0,0],[10,42,18,7,2,11,0,0,0,0,1,0,1,0,0,0,2,0,0,0,0,0,0,0,0,0,0,0],[2,47,3,2,1,2,1,0,0,1,5,0,4,0,0,0,10,0,0,0,0,0,0,0,0,0,0,0],[6,30,1,0,4,2,2,0,4,1,2,0,3,4,0,0,6,0,0,0,0,0,0,0,0,0,0,9]],"epoch_accuracies":[[0.11353791436778989,0.13246090009575487,0.13724864347270987,0.14285714285714285,0.15361816606629886,0.15275181250284986,0.15457571474168985,0.15758515343577584,0.16086817746568785,0.16091377502165885,0.16136975058136885,0.16483516483516483,0.16059459212986185,0.16647667685012082,0.16492635994710683,0.16820938397701884,0.16752542063745382,0.16761661574939582,0.16866535953672884,0.16953171310017784,0.17258674935023482,0.17240435912635083,0.17249555423829283,0.17217637134649583,0.1753682002644658,0.17390907847339382,0.17500341981669781,0.17924399252200082,0.17887921207423282,0.17828644384660983],[0.12421340629274966,0.1253077975376197,0.11272229822161423,0.13365253077975375,0.09439124487004104,0.11655266757865937,0.12585499316005472,0.11641586867305062,0.11778385772913817,0.13885088919288646,0.1158686730506156,0.12790697674418605,0.11025991792065663,0.11887824897400821,0.12585499316005472,0.12872777017783857,0.13105335157318743,0.11969904240766074,0.1280437756497948,0.12065663474692202,0.12995896032831739,0.14432284541723667,0.13214774281805747,0.15540355677154583,0.14227086183310533,0.14076607387140902,0.15280437756497947,0.153077975376197,0.14582763337893298,0.14008207934336525]]}