{"Accuracy":0.11639994528792232,"Precision":0.05393663610864552,"Recall":0.11639994528792232,"F1 Score":0.05115492158550158,"Adjusted Rand Index":0.013209545638933555,"Precision by cluster":[0.1232876712328767,0.0,0.09626436781609195,0.0,0.0,0.0,0.33015873015873015,0.08108108108108109,0.15873015873015872,0.0,0.0,0.08681672025723473,0.11139896373056994,0.03571428571428571,0.0,0.0,0.0,0.0,0.0,0.0,0.0,0.0,0.0,0.0,0.0,0.0,0.0,0.06896551724137931],"Recall by cluster":[0.01386748844375963,0.0,0.8673139158576052,0.0,0.0,0.0,0.5606469002695418,0.04491017964071856,0.0364963503649635,0.0,0.0,0.10756972111553785,0.1853448275862069,0.003676470588235294,0.0,0.0,0.0,0.0,0.0,0.0,0.0,0.0,0.0,0.0,0.0,0.0,0.0,0.03125],"F1 score by cluster":[0.024930747922437674,0.0,0.17329453604914322,0.0,0.0,0.0,0.4155844155844156,0.057803468208092484,0.05934718100890208,0.0,0.0,0.09608540925266904,0.13915857605177995,0.006666666666666667,0.0,0.0,0.0,0.0,0.0,0.0,0.0,0.0,0.0,0.0,0.0,0.0,0.0,0.043010752688172046],"confusion_matrix":[[9,0,547,1,4,0,22,14,6,0,0,22,20,0,0,0,0,0,0,0,0,0,0,0,0,0,0,4],[7,0,474,0,1,0,29,17,1,0,0,21,30,3,0,0,0,0,0,0,0,0,0,0,0,0,0,0],[6,0,536,0,7,0,8,16,5,0,0,13,21,3,0,0,0,0,0,0,0,0,0,0,0,0,0,3],[4,0,435,0,3,0,5,18,2,0,0,16,19,1,0,0,0,0,0,0,0,0,0,0,0,0,0,0],[4,0,402,0,0,0,7,7,5,0,0,7,11,3,0,0,0,0,0,0,0,0,0,0,0,0,0,1],[2,0,379,0,2,0,5,18,4,0,0,6,11,1,0,0,0,0,0,0,0,0,0,0,0,0,0,1],[2,0,123,0,0,0,208,4,0,0,0,19,13,2,0,0,0,0,0,0,0,0,0,0,0,0,0,0],[4,0,264,0,2,0,9,15,3,0,0,11,22,3,0,0,0,0,0,0,0,0,0,0,0,0,0,1],[1,0,181,1,1,0,35,5,10,0,0,16,19,1,0,0,0,0,0,0,0,0,0,0,0,0,0,4],[2,0,227,0,1,0,5,11,2,0,0,14,16,3,0,0,0,0,0,0,0,0,0,0,0,0,0,1],[2,0,196,0,1,0,26,5,0,0,0,16,10,1,0,0,0,0,0,0,0,0,0,0,0,0,0,0],[3,0,153,0,2,0,40,3,1,0,0,27,21,1,0,0,0,0,0,0,0,0,0,0,0,0,0,0],[0,0,81,0,1,0,71,7,0,0,0,29,43,0,0,0,0,0,0,0,0,0,0,0,0,0,0,0],[5,0,205,0,2,0,28,3,3,0,0,9,15,1,0,0,0,0,0,0,0,0,0,0,0,0,0,1],[2,0,187,0,0,0,12,5,3,0,0,8,10,1,0,0,0,0,0,0,0,0,0,0,0,0,0,6],[2,0,186,0,1,0,3,9,1,0,0,7,11,1,0,0,0,0,0,0,0,0,0,0,0,0,0,0],[4,0,77,1,1,0,35,2,0,0,0,17,36,0,0,0,0,0,0,0,0,0,0,0,0,0,0,0],[0,0,113,0,0,0,12,1,1,0,0,9,8,1,0,0,0,0,0,0,0,0,0,0,0,0,0,0],[2,0,104,0,0,0,16,3,2,0,0,5,8,1,0,0,0,0,0,0,0,0,0,0,0,0,0,5],[2,0,97,0,1,0,12,3,0,0,0,5,8,0,0,0,0,0,0,0,0,0,0,0,0,0,0,0],[0,0,95,0,0,0,11,3,1,0,0,5,2,0,0,0,0,0,0,0,0,0,0,0,0,0,0,0],[2,0,87,0,2,0,6,4,0,0,0,3,10,0,0,0,0,0,0,0,0,0,0,0,0,0,0,0],[1,0,94,1,0,0,0,3,0,0,0,4,1,0,0,0,0,0,0,0,0,0,0,0,0,0,0,0],[3,0,76,0,0,0,10,1,0,0,0,8,5,0,0,0,0,0,0,0,0,0,0,0,0,0,0,0],[0,0,69,0,0,0,2,3,1,0,0,3,3,0,0,0,0,0,0,0,0,0,0,0,0,0,0,0],[2,0,83,0,2,0,0,2,1,0,0,2,2,0,0,0,0,0,0,0,0,0,0,0,0,0,0,0],[0,0,60,0,0,0,8,3,0,0,0,7,7,0,0,0,0,0,0,0,0,0,0,0,0,0,0,0],[2,0,37,0,0,0,5,0,11,0,0,2,4,1,0,0,0,0,0,0,0,0,0,0,0,0,0,2]],"epoch_accuracies":{"train":[0.1025945009347499,0.11098445123341388,0.1118508047968629,0.11212439013268889,0.11422187770735488,0.11572659705439789,0.11791527974100588,0.11828006018877388,0.11809766996488988,0.12160868177465688,0.12233824267019287,0.12370616934932288,0.12384296201723588,0.12521088869636587,0.12922347362181388,0.12698919337923487,0.13063699785691488,0.13232410742784187,0.13195932698007387,0.13537914367789886,0.13939172860334686,0.13925493593543387,0.13811499703615887,0.14135242351009986,0.14399708175641784,0.14477224020792487,0.14203638684966485,0.14331311841685285,0.14536500843554787,0.14436186220418584],"val":[0.0811217510259918,0.08125854993160055,0.07797537619699042,0.08139534883720931,0.08454172366621067,0.09343365253077976,0.09890560875512996,0.09945280437756499,0.09658002735978112,0.09398084815321478,0.09849521203830369,0.10656634746922025,0.10807113543091655,0.11504787961696307,0.11231190150478797,0.12462380300957593,0.11545827633378933,0.1131326949384405,0.11395348837209303,0.11340629274965801,0.11025991792065663,0.10656634746922025,0.10683994528043776,0.10820793433652531,0.10547195622435021,0.106703146374829,0.10355677154582764,0.11367989056087552,0.11135430916552667,0.11491108071135431]}}