{"Accuracy":0.11436388508891929,"Precision":0.06927593894415418,"Recall":0.11436388508891929,"F1 Score":0.05855336022065361,"Adjusted Rand Index":0.014118449148119279,"Precision by cluster":[0.10434782608695652,0.08333333333333333,0.09188980928530148,0.0,0.0,0.0,0.4101633393829401,0.0,0.06130268199233716,0.0,0.0,0.0718954248366013,0.09424083769633508,0.3333333333333333,0.0,0.0,0.13157894736842105,0.0,0.0,0.0,0.0,0.0,0.0,0.0,0.0,0.0,0.0,0.0],"Recall by cluster":[0.05598755832037325,0.004754358161648178,0.7806873977086743,0.0,0.0,0.0,0.5594059405940595,0.0,0.05144694533762058,0.0,0.0,0.1685823754789272,0.075,0.004081632653061225,0.0,0.0,0.08670520231213873,0.0,0.0,0.0,0.0,0.0,0.0,0.0,0.0,0.0,0.0,0.0],"F1 score by cluster":[0.0728744939271255,0.008995502248875561,0.16442605997931747,0.0,0.0,0.0,0.4732984293193717,0.0,0.055944055944055944,0.0,0.0,0.10080183276059565,0.08352668213457076,0.008064516129032258,0.0,0.0,0.10452961672473868,0.0,0.0,0.0,0.0,0.0,0.0,0.0,0.0,0.0,0.0,0.0],"confusion_matrix":[[36,2,497,0,0,0,22,0,32,0,0,41,11,0,0,0,2,0,0,0,0,0,0,0,0,0,0,0],[28,3,490,0,0,0,21,0,19,0,0,44,15,0,0,0,11,0,0,0,0,0,0,0,0,0,0,0],[36,2,477,0,0,0,6,0,43,0,1,29,9,0,0,0,8,0,0,0,0,0,0,0,0,0,0,0],[29,1,399,0,0,0,6,0,13,0,0,26,9,0,0,0,7,0,0,0,0,0,0,0,0,0,0,0],[20,0,371,0,0,0,4,0,20,0,0,16,4,1,0,0,8,0,0,0,0,0,0,0,0,0,0,0],[21,1,380,0,0,0,0,0,8,0,0,15,6,1,0,0,4,0,0,0,0,0,0,0,0,0,0,0],[9,1,113,0,0,0,226,0,6,0,1,37,9,0,0,0,2,0,0,0,0,0,0,0,0,0,0,0],[16,1,250,0,0,0,3,0,9,0,0,22,7,0,0,0,4,0,0,0,0,0,0,0,0,0,0,0],[10,7,198,0,0,0,23,0,16,0,1,35,17,0,0,0,4,0,0,0,0,0,0,0,0,0,0,0],[19,1,218,0,0,0,4,0,6,0,0,24,5,0,0,0,5,0,0,0,0,0,0,0,0,0,0,0],[16,0,200,0,0,0,21,0,3,0,0,21,10,0,0,0,5,0,0,0,0,0,0,0,0,0,0,0],[13,1,145,0,0,0,33,0,7,0,0,44,16,0,0,0,2,0,0,0,0,0,0,0,0,0,0,0],[12,5,82,0,0,0,47,0,1,0,1,68,18,0,0,0,6,0,0,0,0,0,0,0,0,0,0,0],[10,0,167,0,0,0,27,0,15,0,0,22,2,1,0,0,1,0,0,0,0,0,0,0,0,0,0,0],[6,2,173,0,0,0,7,0,10,0,0,11,2,0,0,0,3,0,0,0,0,0,0,0,0,0,0,1],[11,0,186,0,0,0,3,0,5,0,0,12,3,0,0,0,4,0,0,0,0,0,0,0,0,0,0,0],[6,1,63,0,0,0,34,0,1,0,0,44,9,0,0,0,15,0,0,0,0,0,0,0,0,0,0,0],[4,1,90,0,0,0,11,0,3,0,1,7,0,0,0,0,2,0,0,0,0,0,0,0,0,0,0,0],[6,0,81,0,0,0,11,0,7,0,0,13,5,0,0,0,5,0,0,0,0,0,0,0,0,0,0,0],[7,0,79,0,0,0,11,0,2,0,0,13,6,0,0,0,1,0,0,0,0,0,0,0,0,0,0,0],[4,0,90,0,0,0,7,0,0,0,0,17,3,0,0,0,4,0,0,0,0,0,0,0,0,0,0,0],[7,2,86,0,0,0,5,0,3,0,0,13,9,0,0,0,3,0,0,0,0,0,0,0,0,0,0,0],[5,0,99,0,0,0,0,0,6,0,0,3,2,0,0,0,1,0,0,0,0,0,0,0,0,0,0,0],[2,2,62,0,0,0,9,0,2,0,0,13,3,0,0,0,0,0,0,0,0,0,0,0,0,0,0,0],[5,0,69,0,0,0,1,0,3,0,0,4,3,0,0,0,0,0,0,0,0,0,0,0,0,0,0,0],[2,0,58,0,0,0,0,0,2,0,0,3,0,0,0,0,1,0,0,0,0,0,0,0,0,0,0,0],[4,3,40,0,0,0,3,0,4,0,0,7,5,0,0,0,5,0,0,0,0,0,0,0,0,0,0,0],[1,0,28,0,0,0,6,0,15,0,0,8,3,0,0,0,1,0,0,0,0,0,0,0,0,0,0,0]]}