{"Accuracy":0.10027359781121752,"Precision":0.09986831694918735,"Recall":0.10027359781121752,"F1 Score":0.07989515563105433,"Adjusted Rand Index":0.00665907995944987,"Precision by cluster":[0.09001636661211129,0.16347992351816443,0.25679012345679014,0.12038523274478331,0.0,0.16753926701570682,0.14285714285714285,0.17153284671532848,0.047206582936336075,0.0,0.10758377425044091,0.0,0.12142857142857143,0.07272727272727272,0.0,0.0,0.05248359887535145,0.0,0.0,0.0,0.0,0.0,0.0,0.0,0.0,0.0,0.0,1.0],"Recall by cluster":[0.09769094138543517,0.2697160883280757,0.17333333333333334,0.14231499051233396,0.0,0.07272727272727272,0.0024752475247524753,0.13623188405797101,0.3892857142857143,0.0,0.23552123552123552,0.0,0.07264957264957266,0.015384615384615385,0.0,0.0,0.26291079812206575,0.0,0.0,0.0,0.0,0.0,0.0,0.0,0.0,0.0,0.0,0.014705882352941176],"F1 score by cluster":[0.09369676320272573,0.20357142857142857,0.20696517412935322,0.13043478260869565,0.0,0.10142630744849446,0.004866180048661801,0.1518578352180937,0.08420239474700657,0.0,0.14769975786924938,0.0,0.09090909090909091,0.025396825396825397,0.0,0.0,0.0875,0.0,0.0,0.0,0.0,0.0,0.0,0.0,0.0,0.0,0.0,0.028985507246376812],"confusion_matrix":[[55,91,45,63,0,20,0,21,140,0,39,0,11,5,0,0,71,0,0,0,0,0,0,2,0,0,0,0],[38,171,6,42,0,6,1,11,186,0,75,0,9,6,0,0,82,0,0,0,0,0,0,1,0,0,0,0],[92,53,104,58,0,21,1,51,112,0,22,0,6,4,0,0,74,0,0,0,0,0,0,2,0,0,0,0],[51,82,6,75,0,10,0,17,145,0,59,0,3,1,0,0,78,0,0,0,0,0,0,0,0,0,0,0],[54,66,55,46,0,24,0,24,84,0,25,0,3,4,0,0,41,0,0,0,0,0,0,3,0,0,0,0],[63,69,9,66,0,32,0,18,100,0,35,0,3,7,0,0,38,0,0,0,0,0,0,0,0,0,0,0],[9,28,4,12,0,1,1,0,193,0,19,0,18,1,0,0,118,0,0,0,0,0,0,0,0,0,0,0],[37,11,42,43,0,6,0,47,88,0,15,0,4,1,0,0,51,0,0,0,0,0,0,0,0,0,0,0],[23,33,34,20,0,2,0,5,109,0,15,0,1,2,0,0,36,0,0,0,0,0,0,0,0,0,0,0],[20,52,11,21,0,9,1,15,90,0,16,0,5,0,0,0,45,0,0,0,0,0,0,0,0,0,0,0],[8,38,1,10,0,4,0,3,97,0,61,0,3,1,0,0,33,0,0,0,0,0,0,0,0,0,0,0],[13,37,4,6,0,7,1,0,100,0,17,0,24,2,0,0,43,0,0,0,0,0,0,0,0,0,0,0],[0,10,0,5,0,0,0,0,135,0,10,0,17,0,0,0,57,0,0,0,0,0,0,0,0,0,0,0],[12,58,6,19,0,13,0,1,83,0,15,0,8,4,0,0,40,0,0,0,0,0,0,1,0,0,0,0],[23,26,24,26,0,4,1,14,66,0,12,0,7,3,0,0,19,0,0,0,0,0,0,0,0,0,0,0],[23,34,8,22,0,6,0,12,55,0,15,0,1,2,0,0,38,0,0,0,0,0,0,0,0,0,0,0],[1,13,1,1,0,1,0,3,116,0,15,0,4,2,0,0,56,0,0,0,0,0,0,0,0,0,0,0],[12,27,6,10,0,3,0,2,36,0,13,0,2,1,0,0,12,0,0,0,0,0,0,2,0,0,0,0],[6,12,15,7,0,3,0,3,64,0,7,0,1,1,0,0,16,0,0,0,0,0,0,0,0,0,0,0],[8,28,1,7,0,2,0,0,62,0,16,0,1,0,0,0,18,0,0,0,0,0,0,1,0,0,0,0],[6,28,1,6,0,1,0,0,55,0,8,0,3,2,0,0,15,0,0,0,0,0,0,0,0,0,0,0],[11,12,0,13,0,0,0,1,42,0,10,0,1,1,0,0,13,0,0,0,0,0,0,0,0,0,0,0],[7,12,5,11,0,4,0,11,22,0,8,0,0,1,0,0,4,0,0,0,0,0,0,1,0,0,0,0],[9,11,0,11,0,2,1,0,24,0,7,0,3,1,0,0,16,0,0,0,0,0,0,0,0,0,0,0],[12,15,0,12,0,2,0,3,26,0,6,0,1,0,0,0,19,0,0,0,0,0,0,0,0,0,0,0],[13,13,9,8,0,2,0,7,19,0,5,0,1,1,0,0,11,0,0,0,0,0,0,0,0,0,0,0],[3,10,1,1,0,2,0,1,33,0,17,0,0,1,0,0,15,0,0,0,0,0,0,0,0,0,0,0],[2,6,7,2,0,4,0,4,27,0,5,0,0,1,0,0,8,0,0,0,0,0,0,1,0,0,0,1]],"epoch_accuracies":[[0.1010441840317359,0.1081574027632119,0.11089325612147188,0.12293101089781587,0.13036341252108888,0.13533354612192786,0.13847977748392687,0.14208198440563585,0.14937759336099585,0.14714331311841686,0.15174866627148784,0.15439332451780585,0.15722037298800784,0.16000182390223883,0.15722037298800784,0.15954584834252883,0.16100497013360085,0.16492635994710683,0.16433359171948383,0.16355843326797684,0.16519994528293283,0.16433359171948383,0.16670466462997582,0.16729743285759882,0.16784460352925082,0.16994209110391684,0.17062605444348183,0.17035246910765584,0.16857416442478684,0.17231316401440883],[0.09357045143638851,0.10971272229822161,0.09192886456908345,0.11080711354309165,0.11723666210670315,0.12393980848153215,0.12352941176470589,0.12038303693570451,0.05567715458276334,0.08590971272229822,0.08755129958960328,0.09261285909712723,0.0880984952120383,0.08426812585499316,0.09740082079343365,0.07250341997264022,0.07127222982216143,0.05417236662106703,0.0692202462380301,0.09534883720930233,0.09042407660738715,0.0612859097127223,0.07660738714090287,0.11792065663474692,0.11709986320109439,0.09233926128590972,0.07346101231190151,0.09630642954856361,0.08522571819425445,0.10082079343365254]]}