{"Accuracy":0.06224350205198358,"Precision":0.087634313623761,"Recall":0.06224350205198358,"F1 Score":0.03630931440424818,"Adjusted Rand Index":0.016427236928076922,"Precision by cluster":[0.09900990099009901,0.11893203883495146,0.26666666666666666,0.14893617021276595,0.0,0.11235955056179775,0.0,0.0,0.057297297297297295,0.08421052631578947,0.044063647490820076,0.1875,0.375,0.057034220532319393,0.0,0.0,0.037679425837320576,0.0,0.0,0.03225806451612903,0.0,0.0,0.0,0.0,0.0,0.0,0.0,0.0],"Recall by cluster":[0.015552099533437015,0.2329635499207607,0.006546644844517185,0.014285714285714285,0.0,0.022935779816513763,0.0,0.0,0.17041800643086816,0.05673758865248227,0.391304347826087,0.011494252873563218,0.0125,0.12244897959183673,0.0,0.0,0.36416184971098264,0.0,0.0,0.008403361344537815,0.0,0.0,0.0,0.0,0.0,0.0,0.0,0.0],"F1 score by cluster":[0.026881720430107527,0.15747188002142476,0.012779552715654952,0.0260707635009311,0.0,0.0380952380952381,0.0,0.0,0.08576051779935275,0.06779661016949153,0.07920792079207921,0.021660649819494584,0.024193548387096774,0.07782101167315175,0.0,0.0,0.06829268292682927,0.0,0.0,0.013333333333333334,0.0,0.0,0.0,0.0,0.0,0.0,0.0,0.0],"confusion_matrix":[[10,115,2,6,0,7,0,0,49,18,245,1,1,59,0,0,129,0,0,1,0,0,0,0,0,0,0,0],[12,147,0,4,0,8,0,0,46,21,197,2,0,48,0,0,143,0,0,3,0,0,0,0,0,0,0,0],[13,99,4,5,0,8,0,0,18,15,259,1,0,72,0,0,116,0,0,0,0,0,0,0,0,0,0,1],[14,79,0,7,0,9,0,0,16,10,203,0,2,25,0,0,121,0,0,4,0,0,0,0,0,0,0,0],[5,88,3,3,0,3,0,0,12,13,179,1,0,46,0,0,90,0,0,1,0,0,0,0,0,0,0,0],[5,80,0,3,0,10,0,0,9,17,192,1,0,33,0,0,84,0,0,2,0,0,0,0,0,0,0,0],[1,26,0,1,0,3,0,0,255,1,50,0,0,18,0,0,49,0,0,0,0,0,0,0,0,0,0,0],[6,46,3,4,0,2,0,0,13,15,131,0,0,8,0,0,82,0,0,2,0,0,0,0,0,0,0,0],[3,66,0,1,0,4,0,0,53,2,71,2,0,25,0,0,82,0,0,1,0,0,0,0,0,0,0,1],[3,42,0,1,0,2,0,0,12,16,118,0,1,16,0,0,70,0,0,1,0,0,0,0,0,0,0,0],[1,54,0,0,0,4,0,0,34,0,108,0,0,13,0,0,61,0,0,1,0,0,0,0,0,0,0,0],[1,38,0,0,0,2,0,0,64,3,54,3,0,21,0,0,72,0,0,3,0,0,0,0,0,0,0,0],[0,20,0,2,0,1,0,0,87,5,23,0,3,0,0,0,99,0,0,0,0,0,0,0,0,0,0,0],[2,42,0,1,0,5,0,0,40,3,72,2,0,30,0,0,45,0,0,3,0,0,0,0,0,0,0,0],[5,39,2,1,0,5,0,0,13,9,76,0,0,17,0,0,47,1,0,0,0,0,0,0,0,0,0,0],[2,42,0,1,0,5,0,0,5,7,99,0,0,14,0,0,49,0,0,0,0,0,0,0,0,0,0,0],[2,17,0,0,0,1,0,0,62,6,20,0,0,2,0,0,63,0,0,0,0,0,0,0,0,0,0,0],[2,23,1,0,0,0,0,0,12,2,40,0,0,13,0,0,24,0,0,2,0,0,0,0,0,0,0,0],[1,22,0,0,0,1,0,0,26,7,34,0,0,7,0,0,30,0,0,0,0,0,0,0,0,0,0,0],[4,25,0,1,0,0,0,0,25,3,34,0,0,4,0,0,22,0,0,1,0,0,0,0,0,0,0,0],[2,23,0,2,0,2,0,0,18,3,28,1,0,12,0,0,33,0,0,1,0,0,0,0,0,0,0,0],[1,14,0,0,0,0,0,0,16,1,40,0,0,2,0,0,53,0,0,1,0,0,0,0,0,0,0,0],[2,21,0,0,0,2,0,0,1,4,53,0,0,7,0,0,24,0,0,2,0,0,0,0,0,0,0,0],[1,21,0,1,0,2,0,0,12,1,22,1,1,8,0,0,23,0,0,0,0,0,0,0,0,0,0,0],[2,19,0,2,0,0,0,0,3,3,38,0,0,3,0,0,14,0,0,1,0,0,0,0,0,0,0,0],[1,13,0,0,0,1,0,0,0,3,29,0,0,9,0,0,10,0,0,0,0,0,0,0,0,0,0,0],[0,8,0,0,0,1,0,0,6,2,22,1,0,2,0,0,28,0,0,1,0,0,0,0,0,0,0,0],[0,7,0,1,0,1,0,0,18,0,14,0,0,12,0,0,9,0,0,0,0,0,0,0,0,0,0,0]]}