{"Accuracy":0.15143638850889193,"Precision":0.13273556226710867,"Recall":0.15143638850889193,"F1 Score":0.12266455404407509,"Adjusted Rand Index":0.03174141935642543,"Precision by cluster":[0.08585858585858586,0.15168539325842698,0.21043771043771045,0.1048,0.09,0.10638297872340426,0.5013054830287206,0.12737127371273713,0.14814814814814814,0.08870967741935484,0.10743801652892562,0.2909090909090909,0.16267942583732056,0.08496732026143791,0.16666666666666666,0.0,0.0920666013712047,0.0,0.0,0.0,0.0,0.0,0.0,0.0,0.0,0.0,0.0,0.36363636363636365],"Recall by cluster":[0.05287713841368585,0.25673534072900156,0.40916530278232405,0.2673469387755102,0.02027027027027027,0.045871559633027525,0.4752475247524752,0.15064102564102563,0.06430868167202572,0.03900709219858156,0.18840579710144928,0.06130268199233716,0.14166666666666666,0.10612244897959183,0.004651162790697674,0.0,0.5433526011560693,0.0,0.0,0.0,0.0,0.0,0.0,0.0,0.0,0.0,0.0,0.12903225806451613],"F1 score by cluster":[0.06544754571703561,0.19070041200706297,0.27793218454697055,0.15057471264367817,0.03308823529411765,0.0641025641025641,0.48792884371029227,0.13803230543318648,0.08968609865470852,0.054187192118226604,0.1368421052631579,0.10126582278481013,0.1514476614699332,0.09437386569872959,0.00904977375565611,0.0,0.1574539363484087,0.0,0.0,0.0,0.0,0.0,0.0,0.0,0.0,0.0,0.0,0.19047619047619047],"confusion_matrix":[[34,108,139,106,4,25,12,31,13,13,42,2,8,38,0,0,67,0,0,0,0,0,0,0,0,0,0,1],[39,162,43,109,6,10,15,17,10,12,58,4,20,28,0,0,97,0,0,1,0,0,0,0,0,0,0,0],[17,47,250,113,10,21,2,38,6,5,26,2,4,24,2,0,41,0,0,0,0,0,0,2,0,0,0,1],[37,64,63,131,7,18,1,25,5,9,52,5,10,16,0,0,47,0,0,0,0,0,0,0,0,0,0,0],[30,58,110,89,9,11,4,28,4,9,29,0,6,23,0,0,32,0,0,0,0,0,0,0,0,0,0,2],[34,66,74,123,7,20,2,30,1,11,21,0,3,19,0,0,25,0,0,0,0,0,0,0,0,0,0,0],[11,29,17,16,2,3,192,6,11,2,17,0,14,14,0,0,70,0,0,0,0,0,0,0,0,0,0,0],[14,8,122,49,12,6,3,47,3,8,8,2,4,4,1,0,21,0,0,0,0,0,0,0,0,0,0,0],[16,46,40,31,5,6,9,10,20,2,17,0,13,13,0,0,80,0,0,0,0,0,0,0,0,0,0,3],[21,31,42,80,4,9,1,17,2,11,10,3,6,11,0,0,34,0,0,0,0,0,0,0,0,0,0,0],[17,64,11,38,4,2,19,9,3,5,52,1,8,6,0,0,37,0,0,0,0,0,0,0,0,0,0,0],[7,41,14,39,2,4,19,7,6,3,12,16,24,16,1,0,50,0,0,0,0,0,0,0,0,0,0,0],[13,20,9,12,2,1,21,13,4,4,5,9,34,1,0,0,92,0,0,0,0,0,0,0,0,0,0,0],[10,56,16,34,1,3,25,6,7,2,24,0,6,26,1,0,25,0,0,0,0,0,0,0,0,0,0,3],[5,29,54,50,3,7,6,11,3,1,12,2,4,6,1,0,19,0,0,0,0,0,0,0,0,0,0,2],[11,38,49,55,9,7,1,18,0,2,10,0,5,4,0,0,14,0,1,0,0,0,0,0,0,0,0,0],[9,8,10,7,1,0,13,2,8,1,7,0,10,2,0,0,94,0,1,0,0,0,0,0,0,0,0,0],[7,24,16,18,1,4,6,4,1,1,11,0,3,12,0,0,11,0,0,0,0,0,0,0,0,0,0,0],[9,22,15,13,2,3,3,8,11,4,6,0,2,2,0,0,26,0,0,0,0,0,0,0,0,0,0,2],[10,24,5,15,1,3,8,5,3,2,14,1,5,2,0,0,21,0,0,0,0,0,0,0,0,0,0,0],[6,37,4,12,1,2,2,5,2,4,14,0,3,10,0,0,23,0,0,0,0,0,0,0,0,0,0,0],[11,15,15,22,1,0,4,5,1,3,6,2,5,4,0,0,34,0,0,0,0,0,0,0,0,0,0,0],[10,8,26,26,3,8,3,8,0,3,7,0,0,4,0,0,10,0,0,0,0,0,0,0,0,0,0,0],[5,15,9,13,1,3,6,4,3,1,3,5,6,7,0,0,12,0,0,0,0,0,0,0,0,0,0,0],[4,18,6,24,1,5,1,7,1,4,7,0,1,2,0,0,3,0,0,1,0,0,0,0,0,0,0,0],[2,11,21,12,1,4,0,4,0,2,1,0,0,4,0,0,4,0,0,0,0,0,0,0,0,0,0,0],[6,11,4,5,0,1,1,3,1,0,9,0,3,6,0,0,21,0,0,0,0,0,0,0,0,0,0,0],[1,8,4,8,0,2,4,1,6,0,4,1,2,2,0,0,11,0,0,0,0,0,0,0,0,0,0,8]]}