{"Accuracy":0.15362517099863202,"Precision":0.09922171812333688,"Recall":0.15362517099863202,"F1 Score":0.08852913371552558,"Adjusted Rand Index":0.026541799278270172,"Precision by cluster":[0.0891089108910891,0.1618150684931507,0.1339159853397237,0.1072961373390558,0.25,0.0,0.4431279620853081,0.07692307692307693,0.08547008547008547,0.0,0.0,0.1111111111111111,0.15427509293680297,0.1,0.0,0.0,0.0,0.0,0.0,0.0,0.0,0.0,0.0,0.0,0.0,0.0,0.0,0.0],"Recall by cluster":[0.056162246489859596,0.3004769475357711,0.7774140752864157,0.09523809523809523,0.0022271714922048997,0.0,0.4960212201591512,0.014577259475218658,0.03257328990228013,0.0,0.0,0.0037593984962406013,0.5824561403508772,0.013157894736842105,0.0,0.0,0.0,0.0,0.0,0.0,0.0,0.0,0.0,0.0,0.0,0.0,0.0,0.0],"F1 score by cluster":[0.06889952153110047,0.21035058430717862,0.22847522847522847,0.10090817356205853,0.004415011037527594,0.0,0.46808510638297873,0.024509803921568627,0.04716981132075472,0.0,0.0,0.007272727272727273,0.24393828067597356,0.023255813953488372,0.0,0.0,0.0,0.0,0.0,0.0,0.0,0.0,0.0,0.0,0.0,0.0,0.0,0.0],"confusion_matrix":[[36,118,349,46,0,0,18,4,15,0,0,0,53,2,0,0,0,0,0,0,0,0,0,0,0,0,0,0],[42,189,215,70,0,0,12,4,18,0,0,0,78,1,0,0,0,0,0,0,0,0,0,0,0,0,0,0],[24,31,475,29,0,0,4,4,2,0,0,0,41,1,0,0,0,0,0,0,0,0,0,0,0,0,0,0],[30,96,288,50,0,0,2,5,5,0,0,1,47,0,0,0,1,0,0,0,0,0,0,0,0,0,0,0],[24,61,279,28,1,0,2,10,4,0,0,0,36,4,0,0,0,0,0,0,0,0,0,0,0,0,0,0],[25,49,269,35,0,0,1,6,4,0,0,0,22,0,0,0,0,0,0,0,0,0,0,0,0,0,0,0],[13,28,74,3,0,0,187,1,7,0,0,0,64,0,0,0,0,0,0,0,0,0,0,0,0,0,0,0],[15,19,229,24,0,0,1,5,2,0,0,0,48,0,0,0,0,0,0,0,0,0,0,0,0,0,0,0],[11,69,117,12,0,0,19,1,10,0,0,1,57,10,0,0,0,0,0,0,0,0,0,0,0,0,0,0],[16,32,150,15,0,0,0,5,2,0,0,2,33,0,0,0,0,0,0,0,0,0,0,0,0,0,0,0],[26,73,91,23,0,0,28,1,3,0,0,1,25,0,0,0,0,0,0,0,0,0,0,0,0,0,0,0],[20,36,91,12,1,0,21,0,5,0,0,1,79,0,0,0,0,0,0,0,0,0,0,0,0,0,0,0],[11,35,22,6,0,0,37,1,7,0,0,0,166,0,0,0,0,0,0,0,0,0,0,0,0,0,0,0],[18,39,105,14,1,0,13,0,7,0,0,0,28,3,0,0,0,0,0,0,0,0,0,0,0,0,0,0],[15,25,146,12,0,0,9,2,1,0,0,0,29,0,0,0,0,0,0,0,0,0,0,0,0,0,0,0],[8,20,151,14,0,0,2,3,1,0,0,0,22,0,0,0,1,0,0,0,0,0,0,0,0,0,0,0],[9,35,38,1,0,0,12,1,2,0,0,0,71,0,0,0,0,0,0,0,0,0,0,0,0,0,0,0],[6,33,64,7,1,0,12,1,3,0,0,1,14,2,0,0,0,0,0,0,0,0,0,0,0,0,0,0],[2,29,54,7,0,0,5,0,1,0,0,1,25,0,0,0,0,0,0,0,0,0,0,0,0,0,0,0],[3,30,32,7,0,0,11,0,0,0,0,1,24,0,0,0,0,0,0,0,0,0,0,0,0,0,0,0],[10,35,34,9,0,0,7,1,4,0,0,0,17,0,0,0,0,0,0,0,0,0,0,0,0,0,0,0],[13,18,34,8,0,0,4,2,6,0,0,0,27,0,0,0,0,0,0,0,0,0,0,0,0,0,0,0],[6,7,61,8,0,0,0,1,0,0,0,0,5,0,0,0,0,0,0,0,0,0,0,0,0,0,0,0],[3,9,34,3,0,0,8,3,1,0,0,0,23,0,0,0,0,0,0,0,0,0,0,0,0,0,0,0],[7,20,53,9,0,0,2,2,2,0,0,0,6,0,0,0,0,0,0,0,0,0,0,0,0,0,0,0],[4,12,58,8,0,0,0,1,2,0,0,0,10,0,0,0,0,0,0,0,0,0,0,0,0,0,0,0],[6,13,20,6,0,0,1,1,2,0,0,0,21,0,0,0,0,0,0,0,0,0,0,0,0,0,0,0],[1,7,14,0,0,0,4,0,1,0,0,0,5,7,0,0,0,0,0,0,0,0,0,0,0,0,0,0]]}