{"Accuracy":0.13488372093023257,"Precision":0.08425656025997538,"Recall":0.13488372093023257,"F1 Score":0.07912264743403855,"Adjusted Rand Index":0.023345288267037655,"Precision by cluster":[0.11594202898550725,0.1499330655957162,0.12284730195177956,0.06887755102040816,0.0,0.08737864077669903,0.3407202216066482,0.0,0.049019607843137254,0.3333333333333333,0.0,0.08,0.07766990291262135,0.0,0.0,0.0,0.0,0.0,0.0,0.0,0.0,0.0,0.0,0.0,0.0,0.0,0.0,0.21666666666666667],"Recall by cluster":[0.06220839813374806,0.1774960380348653,0.7004909983633388,0.05510204081632653,0.0,0.04128440366972477,0.6089108910891089,0.0,0.01607717041800643,0.0035460992907801418,0.0,0.03065134099616858,0.36666666666666664,0.0,0.0,0.0,0.0,0.0,0.0,0.0,0.0,0.0,0.0,0.0,0.0,0.0,0.0,0.20967741935483872],"F1 score by cluster":[0.08097165991902834,0.1625544267053701,0.20903540903540904,0.061224489795918366,0.0,0.056074766355140186,0.4369449378330373,0.0,0.024213075060532687,0.007017543859649123,0.0,0.0443213296398892,0.1281864530225783,0.0,0.0,0.0,0.0,0.0,0.0,0.0,0.0,0.0,0.0,0.0,0.0,0.0,0.0,0.21311475409836064],"confusion_matrix":[[40,73,341,32,0,16,37,0,15,0,0,12,75,0,0,0,1,0,0,0,0,0,0,0,0,0,0,1],[36,112,261,54,0,25,30,0,9,0,0,3,99,0,0,0,1,0,0,0,0,0,0,0,0,0,0,1],[23,21,428,19,0,13,9,0,13,0,0,8,70,0,0,0,0,0,0,0,0,0,0,0,0,0,0,7],[28,51,277,27,0,16,9,0,5,0,0,5,70,0,0,0,1,0,0,0,0,0,0,0,0,0,0,1],[19,51,257,24,0,15,8,0,9,0,0,5,51,0,0,0,2,0,0,0,0,0,0,0,0,0,0,3],[20,36,272,43,0,18,3,0,2,0,0,5,36,0,0,0,1,0,0,0,0,0,0,0,0,0,0,0],[8,17,82,4,0,5,246,0,4,0,0,3,35,0,0,0,0,0,0,0,0,0,0,0,0,0,0,0],[11,7,213,7,0,4,5,0,5,0,0,7,48,0,0,0,3,0,0,0,0,0,0,0,0,0,0,2],[12,47,113,11,0,11,29,0,5,0,0,4,71,0,0,0,0,0,0,0,0,0,0,0,0,0,0,8],[21,19,159,21,0,6,8,0,1,1,0,3,40,0,0,0,2,0,0,0,0,0,0,0,0,0,0,1],[19,43,107,21,0,9,26,0,2,0,0,4,45,0,0,0,0,0,0,0,0,0,0,0,0,0,0,0],[14,19,94,10,0,7,51,0,4,1,0,8,51,0,0,0,0,0,0,0,0,0,0,0,0,0,0,2],[8,15,38,6,0,2,74,0,0,0,0,8,88,1,0,0,0,0,0,0,0,0,0,0,0,0,0,0],[12,28,110,8,0,11,33,0,6,0,0,4,22,0,0,0,1,0,0,0,0,0,0,0,0,0,0,10],[8,26,121,12,0,8,9,0,4,1,0,0,23,0,0,0,0,0,0,0,0,0,0,0,0,0,0,3],[5,24,128,13,0,10,5,0,2,0,0,6,31,0,0,0,0,0,0,0,0,0,0,0,0,0,0,0],[7,10,33,2,0,3,47,0,0,0,0,1,70,0,0,0,0,0,0,0,0,0,0,0,0,0,0,0],[3,13,57,5,0,9,11,0,2,0,0,0,18,0,0,0,0,0,0,0,0,0,0,0,0,0,0,1],[5,21,38,11,0,1,18,0,2,0,0,0,25,0,0,0,2,0,0,0,0,0,0,0,0,0,0,5],[6,21,39,10,0,2,19,0,0,0,0,2,19,0,0,0,1,0,0,0,0,0,0,0,0,0,0,0],[6,32,31,12,0,5,9,0,0,0,0,1,29,0,0,0,0,0,0,0,0,0,0,0,0,0,0,0],[7,13,51,5,0,2,13,0,1,0,0,3,32,0,0,0,0,0,0,0,0,0,0,0,0,0,0,1],[8,10,72,6,0,3,0,0,4,0,0,0,13,0,0,0,0,0,0,0,0,0,0,0,0,0,0,0],[2,11,37,4,0,2,10,0,2,0,0,3,21,0,0,0,0,0,0,0,0,0,0,0,0,0,0,1],[3,9,44,12,0,1,2,0,1,0,0,1,12,0,0,0,0,0,0,0,0,0,0,0,0,0,0,0],[5,3,47,2,0,1,0,0,1,0,0,1,6,0,0,0,0,0,0,0,0,0,0,0,0,0,0,0],[6,9,19,5,0,1,5,0,3,0,0,1,22,0,0,0,0,0,0,0,0,0,0,0,0,0,0,0],[3,6,15,6,0,0,6,0,0,0,0,2,11,0,0,0,0,0,0,0,0,0,0,0,0,0,0,13]]}