{"Accuracy":0.1131326949384405,"Precision":0.06167977718924916,"Recall":0.1131326949384405,"F1 Score":0.053626632589717636,"Adjusted Rand Index":0.01706139330128483,"Precision by cluster":[0.06683168316831684,0.10714285714285714,0.09894166871769629,0.12062256809338522,0.0,0.0,0.308659217877095,0.16666666666666666,0.0642570281124498,0.0,0.0,0.05555555555555555,0.08038585209003216,0.0,0.0,0.0,0.0,0.0,0.0,0.0,0.0,0.0,0.0,0.0,0.0,0.0,0.0,0.0],"Recall by cluster":[0.04313099041533546,0.005110732538330494,0.671118530884808,0.058823529411764705,0.0,0.0,0.5972972972972973,0.00303951367781155,0.053691275167785234,0.0,0.0,0.0040650406504065045,0.4681647940074906,0.0,0.0,0.0,0.0,0.0,0.0,0.0,0.0,0.0,0.0,0.0,0.0,0.0,0.0,0.0],"F1 score by cluster":[0.05242718446601942,0.00975609756097561,0.17245817245817247,0.07908163265306123,0.0,0.0,0.40699815837937386,0.005970149253731343,0.05850091407678245,0.0,0.0,0.007575757575757576,0.13721185510428102,0.0,0.0,0.0,0.0,0.0,0.0,0.0,0.0,0.0,0.0,0.0,0.0,0.0,0.0,0.0],"confusion_matrix":[[27,3,397,17,0,1,34,0,18,0,0,1,127,0,0,0,1,0,0,0,0,0,0,0,0,0,0,0],[29,3,357,30,0,2,43,1,9,0,0,0,112,0,0,0,1,0,0,0,0,0,0,0,0,0,0,0],[37,1,402,16,0,0,9,1,40,0,0,3,89,0,0,0,1,0,0,0,0,0,0,0,0,0,0,0],[38,3,327,31,0,1,6,0,10,0,0,2,109,0,0,0,0,0,0,0,0,0,0,0,0,0,0,0],[35,0,298,20,0,0,9,0,19,0,0,2,57,0,0,0,0,0,0,0,0,0,0,0,0,0,0,0],[19,0,319,20,0,0,2,0,13,0,0,2,64,0,0,0,0,0,0,0,0,0,0,0,0,0,0,0],[10,0,81,2,0,0,221,1,2,0,0,1,52,0,0,0,0,0,0,0,0,0,0,0,0,0,0,0],[19,1,185,10,0,0,9,1,14,0,0,1,89,0,0,0,0,0,0,0,0,0,0,0,0,0,0,0],[19,2,151,9,0,0,40,0,16,0,0,0,61,0,0,0,0,0,0,0,0,0,0,0,0,0,0,0],[12,2,195,9,0,2,8,0,11,0,0,1,76,0,0,0,0,0,0,0,0,0,0,0,0,0,0,0],[24,4,147,12,0,1,27,0,7,0,0,0,55,0,0,0,0,0,0,0,0,0,0,0,0,0,0,0],[16,1,92,7,0,1,54,0,5,0,0,1,69,0,0,0,0,0,0,0,0,0,0,0,0,0,0,0],[11,0,29,5,0,0,96,0,0,0,0,1,125,0,0,0,0,0,0,0,0,0,0,0,0,0,0,0],[13,0,151,8,0,1,33,1,12,0,0,0,49,0,0,0,0,0,0,0,0,0,0,0,0,0,0,0],[11,2,122,4,0,0,17,0,10,0,0,0,35,0,0,0,0,0,0,0,0,0,0,0,0,0,0,0],[9,0,154,8,0,0,1,0,7,0,0,1,51,0,0,0,0,0,0,0,0,0,0,0,0,0,0,0],[13,0,50,4,0,0,36,0,4,0,0,0,79,0,0,0,0,0,0,0,0,0,0,0,0,0,0,0],[8,1,80,2,0,0,10,0,8,0,0,0,18,0,0,0,0,0,0,0,0,0,0,0,0,0,0,0],[8,2,63,3,0,0,14,0,7,0,0,1,31,0,0,0,0,0,0,0,0,0,0,0,0,0,0,0],[6,0,58,3,0,0,9,0,2,0,0,0,35,0,0,0,0,0,0,0,0,0,0,0,0,0,0,0],[3,0,66,4,0,0,10,0,2,0,0,0,28,0,0,0,0,0,0,0,0,0,0,0,0,0,0,0],[9,1,51,5,0,0,8,0,7,0,0,0,33,0,0,0,0,0,0,0,0,0,0,0,0,0,0,0],[6,0,72,8,0,1,1,0,4,0,0,0,15,0,0,0,0,0,0,0,0,0,0,0,0,0,0,0],[3,1,41,3,0,0,8,0,2,0,0,1,27,0,0,0,0,0,0,0,0,0,0,0,0,0,0,0],[9,0,62,6,0,1,1,0,3,0,0,0,19,0,0,0,0,0,0,0,0,0,0,0,0,0,0,0],[3,0,54,7,0,0,1,1,6,0,0,0,12,0,0,0,0,0,0,0,0,0,0,0,0,0,0,0],[4,1,30,2,0,0,5,0,1,0,0,0,29,0,0,0,0,0,0,0,0,0,0,0,0,0,0,0],[3,0,29,2,0,0,4,0,10,0,0,0,9,0,0,0,0,0,0,0,0,0,0,0,0,0,0,0]]}