{"Accuracy":0.1549719600601833,"Precision":0.09325315305389163,"Recall":0.1549719600601833,"F1 Score":0.09966243148136242,"Adjusted Rand Index":0.03547990822725521,"Precision by cluster":[0.08773500447627573,0.16262295081967212,0.15994094488188976,0.08605851979345955,0.18421052631578946,0.08716323296354993,0.34812760055478503,0.12,0.10666666666666667,0.0,0.0,0.0,0.1607843137254902,0.0,0.0,0.0,0.0,0.0,0.0,0.0,0.0,0.0,0.0,0.0,0.0,0.0,0.0,0.2727272727272727],"Recall by cluster":[0.1526479750778816,0.41471571906354515,0.5471380471380471,0.10121457489878542,0.01511879049676026,0.12643678160919541,0.610705596107056,0.0189873417721519,0.03065134099616858,0.0,0.0,0.0,0.30597014925373134,0.0,0.0,0.0,0.0,0.0,0.0,0.0,0.0,0.0,0.0,0.0,0.0,0.0,0.0,0.05263157894736842],"F1 score by cluster":[0.1114269471290506,0.2336316533207725,0.24752475247524752,0.09302325581395349,0.027944111776447105,0.10318949343339587,0.44346289752650175,0.03278688524590164,0.047619047619047616,0.0,0.0,0.0,0.21079691516709512,0.0,0.0,0.0,0.0,0.0,0.0,0.0,0.0,0.0,0.0,0.0,0.0,0.0,0.0,0.08823529411764706],"confusion_matrix":[[98,121,238,45,8,56,41,6,4,0,0,0,24,0,0,0,0,0,0,0,0,0,0,0,0,0,0,1],[88,248,70,47,1,70,29,2,6,1,0,3,31,1,0,0,1,0,0,0,0,0,0,0,0,0,0,0],[77,46,325,42,5,63,8,6,6,0,0,0,15,0,0,0,0,0,0,0,0,0,0,0,0,0,0,1],[91,112,155,50,1,57,5,3,3,0,0,0,17,0,0,0,0,0,0,0,0,0,0,0,0,0,0,0],[75,64,199,45,7,45,5,3,7,0,0,0,12,1,0,0,0,0,0,0,0,0,0,0,0,0,0,0],[78,72,158,55,2,55,7,1,0,0,0,1,5,0,0,0,1,0,0,0,0,0,0,0,0,0,0,0],[34,36,22,17,0,15,251,2,0,0,0,0,33,1,0,0,0,0,0,0,0,0,0,0,0,0,0,0],[46,25,178,24,1,16,4,6,2,0,0,1,12,0,0,0,0,0,0,0,0,0,0,0,0,0,0,1],[48,55,63,16,2,16,22,0,8,0,0,0,28,1,0,0,0,0,0,0,0,0,0,0,0,0,0,2],[40,54,90,39,1,29,5,1,3,0,0,0,26,0,0,0,0,0,0,0,0,0,0,0,0,0,0,0],[38,95,39,22,1,16,29,1,2,0,0,0,18,0,0,0,2,0,0,0,0,0,0,0,0,0,0,0],[44,49,49,19,1,22,43,2,2,0,0,0,32,1,0,0,0,0,0,0,0,0,0,0,0,0,0,1],[30,45,12,13,0,4,75,4,1,0,0,0,82,0,0,0,2,0,0,0,0,0,0,0,0,0,0,0],[41,62,38,21,2,23,34,0,5,0,0,0,18,0,0,0,0,0,0,0,0,0,0,0,0,0,0,1],[46,48,84,13,1,23,17,2,3,0,0,0,9,0,0,0,0,0,0,0,0,0,0,0,0,0,0,0],[35,41,76,14,0,17,6,2,0,0,0,0,7,0,0,0,0,0,0,0,0,0,0,0,0,0,0,0],[22,36,11,10,0,3,41,0,4,0,0,1,57,0,0,0,0,0,0,0,0,0,0,0,0,0,0,0],[26,40,25,6,0,15,13,0,3,0,0,0,2,1,0,0,0,0,0,0,0,0,0,0,0,0,0,1],[22,39,26,5,1,7,22,1,4,0,0,0,17,0,0,0,0,0,0,0,0,0,0,0,0,0,0,0],[15,41,11,8,1,14,15,2,3,0,0,0,10,0,0,0,0,0,0,0,0,0,0,0,0,0,0,0],[20,49,13,5,0,11,3,0,3,0,0,0,13,0,0,0,0,0,0,0,0,0,0,0,0,0,0,0],[17,31,30,16,0,7,13,0,1,0,0,0,15,0,0,0,0,0,0,0,0,0,0,0,0,0,0,0],[14,28,30,12,1,11,1,2,0,0,0,0,3,0,0,0,0,0,0,0,0,0,0,0,0,0,0,0],[19,28,15,5,0,7,9,1,0,0,0,0,5,0,0,0,0,0,0,0,0,0,0,0,0,0,0,0],[14,16,15,15,0,13,5,2,0,0,0,0,1,0,0,0,0,0,0,0,0,0,0,0,0,0,0,0],[19,5,37,10,1,9,2,0,1,0,0,0,3,0,0,0,0,0,0,0,0,0,0,0,0,0,0,0],[12,28,8,6,0,6,9,1,1,0,0,0,9,0,0,0,0,0,0,0,0,0,0,0,0,0,0,0],[8,11,15,1,1,1,7,0,3,0,0,0,6,0,0,0,1,0,0,0,0,0,0,0,0,0,0,3]],"epoch_accuracies":[[0.07555859553123576,0.09689922480620156,0.10807113543091655,0.11527587779297765,0.12316461468308254,0.12690378476972183,0.12941176470588237,0.13369813041495668,0.13830369357045144,0.14131326949384404,0.14532603739170086,0.14660282717738257,0.14901960784313725,0.15321477428180574,0.15836753305973553,0.15695394436844506,0.16160510715914272,0.16456908344733243,0.16671226630186958,0.16981304149566803,0.17200182398540811,0.17533059735522116,0.17747378020975832,0.18121295029639764,0.18381212950296397,0.1845873233014136,0.18974008207934337,0.1908344733242134,0.19785681714546283,0.19539443684450525],[0.11653672548215019,0.13021474490493776,0.128846942962659,0.14279852277390234,0.1470387087949665,0.148680071125701,0.148680071125701,0.14881685131992886,0.15278347695253727,0.1537409383121324,0.15592942141977842,0.1566133223909178,0.1582546847216523,0.15182601559294215,0.15702366297360143,0.15880180549856382,0.15893858569279168,0.16044316782929832,0.1598960470523868,0.1594857064697032,0.1622213103542607,0.1616741895773492,0.16263165093694434,0.16016960744084258,0.16249487074271646,0.1616741895773492,0.16249487074271646,0.16057994802352618,0.16263165093694434,0.1549719600601833]]}