{"Accuracy":0.14623803009575922,"Precision":0.13074110053898208,"Recall":0.14623803009575922,"F1 Score":0.12177430672130726,"Adjusted Rand Index":0.028771775698742966,"Precision by cluster":[0.11581920903954802,0.1425959780621572,0.2077534791252485,0.10945273631840796,0.12173913043478261,0.12215909090909091,0.5168831168831168,0.10666666666666667,0.15121951219512195,0.10576923076923077,0.08081896551724138,0.24242424242424243,0.1331168831168831,0.07172995780590717,0.0,0.0,0.08964781216648879,0.0,0.0,0.0,0.0,0.0,0.0,0.0,0.0,0.0,0.0,0.5454545454545454],"Recall by cluster":[0.06376360808709176,0.24722662440570523,0.34206219312602293,0.22448979591836735,0.03153153153153153,0.09862385321100918,0.49257425742574257,0.07692307692307693,0.09967845659163987,0.03900709219858156,0.2717391304347826,0.03065134099616858,0.17083333333333334,0.06938775510204082,0.0,0.0,0.48554913294797686,0.0,0.0,0.0,0.0,0.0,0.0,0.0,0.0,0.0,0.0,0.0967741935483871],"F1 score by cluster":[0.08224674022066199,0.1808695652173913,0.2585034013605442,0.14715719063545152,0.05008944543828265,0.10913705583756345,0.5044359949302915,0.0893854748603352,0.12015503875968993,0.05699481865284974,0.12458471760797342,0.05442176870748299,0.14963503649635038,0.07053941908713693,0.0,0.0,0.15135135135135136,0.0,0.0,0.0,0.0,0.0,0.0,0.0,0.0,0.0,0.0,0.1643835616438356],"confusion_matrix":[[41,107,111,105,11,34,10,19,27,5,65,0,19,27,0,0,62,0,0,0,0,0,0,0,0,0,0,0],[26,156,33,87,4,18,11,7,22,12,112,2,25,27,0,0,89,0,0,0,0,0,0,0,0,0,0,0],[30,54,209,91,10,61,3,27,11,5,46,1,7,16,1,0,38,0,1,0,0,0,0,0,0,0,0,0],[34,70,52,110,11,17,2,20,3,8,94,2,14,9,0,0,44,0,0,0,0,0,0,0,0,0,0,0],[24,75,89,66,14,31,1,19,11,6,59,0,8,15,0,0,25,0,1,0,0,0,0,0,0,0,0,0],[27,70,55,95,13,43,1,13,6,9,58,2,5,13,0,0,26,0,0,0,0,0,0,0,0,0,0,0],[10,24,17,13,3,3,199,1,10,3,29,0,23,15,0,0,53,0,1,0,0,0,0,0,0,0,0,0],[18,18,114,43,13,17,1,24,3,5,24,2,7,1,0,0,22,0,0,0,0,0,0,0,0,0,0,0],[11,49,36,24,4,13,8,7,31,2,26,0,22,15,0,0,61,0,1,0,0,0,0,0,0,0,0,1],[24,28,36,53,4,25,2,17,2,11,32,1,7,8,0,0,32,0,0,0,0,0,0,0,0,0,0,0],[8,63,9,27,1,6,18,3,9,6,75,0,9,3,0,0,39,0,0,0,0,0,0,0,0,0,0,0],[6,37,15,22,5,7,17,4,6,4,36,8,36,13,0,0,45,0,0,0,0,0,0,0,0,0,0,0],[4,23,10,10,1,3,22,8,6,1,13,5,41,1,0,0,92,0,0,0,0,0,0,0,0,0,0,0],[5,61,15,21,3,6,24,2,11,1,43,1,9,17,1,0,22,0,0,0,0,0,0,0,0,0,0,3],[14,33,45,35,3,10,5,3,4,2,26,1,8,6,0,0,20,0,0,0,0,0,0,0,0,0,0,0],[14,40,44,41,2,15,2,13,0,3,22,1,5,7,0,0,15,0,0,0,0,0,0,0,0,0,0,0],[7,9,6,7,1,0,17,2,7,0,14,2,15,2,0,0,84,0,0,0,0,0,0,0,0,0,0,0],[3,22,14,17,2,5,8,2,3,1,21,0,4,7,1,0,9,0,0,0,0,0,0,0,0,0,0,0],[9,18,17,15,1,6,5,4,8,1,9,0,5,2,0,0,27,0,0,0,0,0,0,0,0,0,0,1],[5,18,3,21,1,4,9,2,1,3,18,0,9,2,0,0,20,0,3,0,0,0,0,0,0,0,0,0],[5,29,4,11,0,2,3,3,4,4,19,0,10,9,0,0,22,0,0,0,0,0,0,0,0,0,0,0],[6,13,9,23,1,3,3,3,4,1,19,1,7,3,0,0,32,0,0,0,0,0,0,0,0,0,0,0],[9,13,22,23,1,8,0,4,1,5,17,0,1,5,0,0,7,0,0,0,0,0,0,0,0,0,0,0],[3,20,8,10,1,0,6,5,3,0,9,3,6,5,0,0,14,0,0,0,0,0,0,0,0,0,0,0],[5,22,8,15,0,6,1,5,1,3,13,0,1,1,0,0,3,0,1,0,0,0,0,0,0,0,0,0],[4,7,17,9,3,5,0,6,0,1,6,0,0,4,0,0,4,0,0,0,0,0,0,0,0,0,0,0],[2,7,5,5,2,1,1,1,2,2,17,0,4,2,0,0,20,0,0,0,0,0,0,0,0,0,0,0],[0,8,3,6,0,3,6,1,9,0,6,1,1,2,0,0,10,0,0,0,0,0,0,0,0,0,0,6]]}