{"Accuracy":0.11573187414500684,"Precision":0.09034967534921742,"Recall":0.11573187414500684,"F1 Score":0.05840427783226143,"Adjusted Rand Index":0.016443276823784814,"Precision by cluster":[0.09051955008034279,0.0,0.09072426937738247,0.0,0.0,0.0,0.3247549019607843,1.0,0.05,0.0,0.0,0.10404624277456648,0.1004566210045662,0.07692307692307693,0.0,0.0,0.0,0.0,0.0,0.0,0.0,0.0,0.0,0.0,0.0,0.0,0.0,0.0],"Recall by cluster":[0.25920245398773006,0.0,0.5630914826498423,0.0,0.0,0.0,0.6385542168674698,0.003076923076923077,0.045774647887323945,0.0,0.0,0.0743801652892562,0.08979591836734693,0.003816793893129771,0.0,0.0,0.0,0.0,0.0,0.0,0.0,0.0,0.0,0.0,0.0,0.0,0.0,0.0],"F1 score by cluster":[0.13418023025009926,0.0,0.15627051871306633,0.0,0.0,0.0,0.4305442729488221,0.006134969325153374,0.04779411764705882,0.0,0.0,0.08674698795180723,0.09482758620689655,0.007272727272727273,0.0,0.0,0.0,0.0,0.0,0.0,0.0,0.0,0.0,0.0,0.0,0.0,0.0,0.0],"confusion_matrix":[[169,0,396,1,0,0,37,0,24,0,0,7,15,0,0,0,0,0,0,0,0,0,0,0,0,0,0,3],[144,0,400,0,0,0,45,0,10,0,0,6,15,0,0,0,0,0,0,0,0,0,0,0,0,0,0,0],[211,0,357,0,0,0,7,0,36,0,0,11,10,0,0,0,0,0,0,0,0,0,0,0,0,0,0,2],[135,0,310,0,0,0,7,0,13,0,0,10,12,1,0,0,0,0,0,0,0,0,0,0,0,0,0,2],[141,0,254,0,0,0,5,0,27,0,0,11,8,0,0,0,0,0,0,0,0,0,0,0,0,0,0,5],[116,0,302,0,0,0,10,0,13,0,0,4,7,1,0,0,0,0,0,0,0,0,0,0,0,0,0,0],[45,0,85,0,0,0,265,0,3,0,0,5,10,2,0,0,0,0,0,0,0,0,0,0,0,0,0,0],[109,0,172,1,0,0,9,1,14,0,0,9,8,0,0,0,0,0,0,0,0,0,0,0,0,0,0,2],[62,0,139,0,0,0,49,0,13,0,0,9,11,1,0,0,0,0,0,0,0,0,0,0,0,0,0,0],[76,0,169,0,0,0,13,0,7,0,0,9,10,0,0,0,0,0,0,0,0,0,0,0,0,0,0,1],[58,0,161,0,0,0,22,0,9,0,0,9,5,0,0,0,0,0,0,0,0,0,0,0,0,0,0,0],[52,0,104,0,0,0,48,0,6,0,0,18,11,1,0,0,0,0,0,0,0,0,0,0,0,0,0,2],[51,0,50,0,0,0,97,0,0,0,0,22,22,2,0,0,0,0,0,0,0,0,0,0,0,0,0,1],[75,0,131,0,0,0,31,0,17,0,0,2,5,1,0,0,0,0,0,0,0,0,0,0,0,0,0,0],[56,0,114,0,0,0,18,0,13,0,0,3,6,0,0,0,0,0,0,0,0,0,0,0,0,0,0,1],[59,0,125,1,0,0,7,0,5,0,0,4,5,1,0,0,0,0,0,0,0,0,0,0,0,0,0,1],[48,0,56,0,0,0,48,0,1,0,0,13,22,1,0,0,0,0,0,0,0,0,0,0,0,0,0,0],[32,0,66,0,0,0,11,0,6,0,0,1,1,0,0,0,0,0,0,0,0,0,0,0,0,0,0,0],[38,0,61,0,0,0,16,0,7,0,0,2,7,0,0,0,0,0,0,0,0,0,0,0,0,0,0,0],[21,0,73,0,0,0,18,0,2,0,0,2,4,1,0,0,0,0,0,0,0,0,0,0,0,0,0,0],[27,0,69,0,0,0,14,0,1,0,0,2,3,0,0,0,0,0,0,0,0,0,0,0,0,0,0,0],[32,0,54,0,0,0,12,0,2,0,0,4,8,0,0,0,0,0,0,0,0,0,0,0,0,0,0,1],[22,0,73,0,0,0,1,0,6,0,0,3,1,0,0,0,0,0,0,0,0,0,0,0,0,0,0,1],[21,0,32,0,0,0,13,0,2,0,0,4,6,1,0,0,0,0,0,0,0,0,0,0,0,0,0,0],[20,0,45,1,0,0,1,0,4,0,0,1,2,0,0,0,0,0,0,0,0,0,0,0,0,0,0,0],[22,0,59,0,0,0,1,0,4,0,0,1,0,0,0,0,0,0,0,0,0,0,0,0,0,0,0,0],[15,0,48,0,0,0,5,0,3,0,0,1,4,0,0,0,0,0,0,0,0,0,0,0,0,0,0,0],[10,0,30,0,0,0,6,0,12,0,0,0,1,0,0,0,0,0,0,0,0,0,0,0,0,0,0,0]]}