{"Accuracy":0.15321477428180574,"Precision":0.12962225560361174,"Recall":0.15321477428180574,"F1 Score":0.12442455636641221,"Adjusted Rand Index":0.03300230630058752,"Precision by cluster":[0.09829867674858223,0.14252153484729835,0.19086219602063376,0.11037234042553191,0.08900523560209424,0.13114754098360656,0.4595744680851064,0.15671641791044777,0.13122171945701358,0.09,0.08950617283950617,0.22962962962962963,0.11940298507462686,0.09210526315789473,0.0,0.0,0.09080188679245282,0.0,0.0,0.0,0.0,0.0,0.0,0.5,0.0,0.0,0.0,0.45454545454545453],"Recall by cluster":[0.08087091757387248,0.2884310618066561,0.4238952536824877,0.16938775510204082,0.038288288288288286,0.05504587155963303,0.5346534653465347,0.1346153846153846,0.0932475884244373,0.031914893617021274,0.21014492753623187,0.11877394636015326,0.06666666666666667,0.05714285714285714,0.0,0.0,0.44508670520231214,0.0,0.0,0.0,0.0,0.0,0.0,0.010752688172043012,0.0,0.0,0.0,0.16129032258064516],"F1 score by cluster":[0.08873720136518772,0.19077568134171907,0.2632113821138211,0.13365539452495975,0.05354330708661417,0.07754442649434572,0.494279176201373,0.14482758620689656,0.10902255639097744,0.04712041884816754,0.12554112554112554,0.15656565656565657,0.0855614973262032,0.07052896725440806,0.0,0.0,0.15083251714005877,0.0,0.0,0.0,0.0,0.0,0.0,0.021052631578947368,0.0,0.0,0.0,0.23809523809523808],"confusion_matrix":[[52,119,149,74,12,26,16,20,25,13,51,8,6,17,1,0,54,0,0,0,0,0,0,0,0,0,0,0],[60,182,51,66,9,7,16,8,27,15,70,8,7,16,1,0,87,0,1,0,0,0,0,0,0,0,0,0],[29,70,259,57,36,17,3,35,7,4,35,7,1,8,2,0,38,0,1,0,0,0,0,1,0,0,0,1],[45,88,78,83,13,17,3,18,6,6,70,6,7,5,1,0,44,0,0,0,0,0,0,0,0,0,0,0],[38,81,114,61,17,15,3,19,9,8,40,2,5,7,1,0,23,0,0,0,0,0,0,0,0,0,0,1],[42,98,106,66,15,24,0,13,4,8,31,2,3,8,0,0,15,0,0,0,0,1,0,0,0,0,0,0],[22,28,16,12,2,1,216,2,10,3,18,3,14,9,0,0,48,0,0,0,0,0,0,0,0,0,0,0],[19,15,131,30,15,7,3,42,2,6,18,6,1,0,1,0,15,0,1,0,0,0,0,0,0,0,0,0],[20,48,43,21,9,4,12,7,29,1,23,2,10,11,0,0,67,0,0,0,0,0,0,0,0,0,0,4],[35,42,52,51,6,9,2,13,5,9,18,4,4,7,0,0,25,0,0,0,0,0,0,0,0,0,0,0],[20,72,12,21,2,4,20,2,9,5,58,5,8,2,0,0,36,0,0,0,0,0,0,0,0,0,0,0],[14,52,18,18,6,4,25,4,6,1,20,31,7,11,1,0,43,0,0,0,0,0,0,0,0,0,0,0],[7,31,14,10,4,0,37,6,8,2,7,21,16,1,0,0,75,0,1,0,0,0,0,0,0,0,0,0],[13,59,24,17,2,8,30,2,10,0,29,1,9,14,3,0,20,0,0,0,0,0,0,0,0,0,0,4],[12,35,55,27,7,9,6,12,5,1,17,4,3,3,0,0,18,0,0,0,0,0,0,0,0,0,0,1],[16,42,62,26,7,10,2,15,1,3,17,2,2,5,0,0,14,0,0,0,0,0,0,0,0,0,0,0],[9,10,13,7,1,0,22,2,12,1,8,2,9,0,0,0,77,0,0,0,0,0,0,0,0,0,0,0],[5,29,25,9,1,1,9,3,2,1,13,0,1,6,1,0,13,0,0,0,0,0,0,0,0,0,0,0],[7,25,22,10,4,1,8,9,17,1,6,0,3,0,0,0,14,0,0,0,0,0,0,0,0,0,0,1],[10,22,7,6,2,5,12,6,3,3,15,3,5,1,0,0,19,0,0,0,0,0,0,0,0,0,0,0],[6,34,7,10,1,2,6,4,6,1,13,3,4,7,0,0,21,0,0,0,0,0,0,0,0,0,0,0],[15,14,14,12,2,1,4,2,7,2,17,4,2,2,0,0,30,0,0,0,0,0,0,0,0,0,0,0],[8,12,33,18,6,5,0,8,1,2,12,0,0,1,0,0,9,0,0,0,0,0,0,0,0,0,1,0],[8,16,9,8,3,2,10,2,2,0,5,8,2,5,0,0,11,0,1,0,0,0,0,1,0,0,0,0],[5,23,13,11,3,0,1,5,1,4,13,2,0,2,0,0,2,0,0,0,0,0,0,0,0,0,0,0],[4,7,24,9,4,2,0,6,1,0,3,0,0,1,1,0,4,0,0,0,0,0,0,0,0,0,0,0],[7,12,3,6,0,1,1,2,1,0,15,0,2,1,0,0,19,0,1,0,0,0,0,0,0,0,0,0],[1,11,3,6,2,1,3,1,5,0,6,1,3,2,0,0,7,0,0,0,0,0,0,0,0,0,0,10]]}