{"Accuracy":0.12298221614227087,"Precision":0.06922382646479958,"Recall":0.12298221614227087,"F1 Score":0.05697968879676323,"Adjusted Rand Index":0.019542389584978115,"Precision by cluster":[0.09456521739130434,0.2692307692307692,0.10874053682037164,0.0,0.0,0.0,0.29508196721311475,0.0,0.18181818181818182,0.0,0.0,0.05555555555555555,0.07765451664025357,0.0,0.0,0.0,0.0,0.0,0.0,0.0,0.0,0.0,0.0,0.0,0.0,0.0,0.0,0.0],"Recall by cluster":[0.13530326594090203,0.011093502377179081,0.7757774140752864,0.0,0.0,0.0,0.6237623762376238,0.0,0.012861736334405145,0.0,0.0,0.09961685823754789,0.20416666666666666,0.0,0.0,0.0,0.0,0.0,0.0,0.0,0.0,0.0,0.0,0.0,0.0,0.0,0.0,0.0],"F1 score by cluster":[0.11132437619961612,0.0213089802130898,0.19074446680080484,0.0,0.0,0.0,0.40063593004769477,0.0,0.024024024024024024,0.0,0.0,0.07133058984910837,0.11251435132032148,0.0,0.0,0.0,0.0,0.0,0.0,0.0,0.0,0.0,0.0,0.0,0.0,0.0,0.0,0.0],"confusion_matrix":[[87,3,423,3,0,2,45,0,0,0,0,37,43,0,0,0,0,0,0,0,0,0,0,0,0,0,0,0],[121,7,370,1,0,4,40,0,0,0,0,38,50,0,0,0,0,0,0,0,0,0,0,0,0,0,0,0],[49,0,474,0,0,2,14,0,1,0,0,31,40,0,0,0,0,0,0,0,0,0,0,0,0,0,0,0],[60,1,348,0,0,1,15,0,0,0,0,25,40,0,0,0,0,0,0,0,0,0,0,0,0,0,0,0],[63,1,315,3,0,2,12,0,1,0,0,15,32,0,0,0,0,0,0,0,0,0,0,0,0,0,0,0],[51,0,339,0,0,0,5,0,0,0,0,11,30,0,0,0,0,0,0,0,0,0,0,0,0,0,0,0],[21,0,98,0,0,0,252,0,0,0,0,14,19,0,0,0,0,0,0,0,0,0,0,0,0,0,0,0],[27,0,221,0,0,0,8,0,0,0,0,21,35,0,0,0,0,0,0,0,0,0,0,0,0,0,0,0],[44,4,158,1,0,0,45,0,4,0,0,21,34,0,0,0,0,0,0,0,0,0,0,0,0,0,0,0],[23,0,194,3,0,0,12,0,0,0,0,24,26,0,0,0,0,0,0,0,0,0,0,0,0,0,0,0],[49,2,152,0,0,0,33,0,1,0,0,20,19,0,0,0,0,0,0,0,0,0,0,0,0,0,0,0],[30,0,117,0,0,0,60,0,1,0,0,26,27,0,0,0,0,0,0,0,0,0,0,0,0,0,0,0],[19,0,43,0,0,0,88,0,0,0,0,41,49,0,0,0,0,0,0,0,0,0,0,0,0,0,0,0],[34,1,140,0,0,1,35,0,6,0,0,15,13,0,0,0,0,0,0,0,0,0,0,0,0,0,0,0],[32,0,149,0,0,0,11,0,1,0,0,8,14,0,0,0,0,0,0,0,0,0,0,0,0,0,0,0],[21,1,160,0,0,0,7,0,0,0,0,11,24,0,0,0,0,0,0,0,0,0,0,0,0,0,0,0],[10,0,42,1,0,1,55,0,0,0,0,31,33,0,0,0,0,0,0,0,0,0,0,0,0,0,0,0],[19,0,71,0,0,1,13,0,0,0,0,8,7,0,0,0,0,0,0,0,0,0,0,0,0,0,0,0],[25,1,56,0,0,0,23,0,2,0,0,8,13,0,0,0,0,0,0,0,0,0,0,0,0,0,0,0],[21,2,60,0,0,0,21,0,0,0,0,9,6,0,0,0,0,0,0,0,0,0,0,0,0,0,0,0],[36,1,50,0,0,2,14,0,0,0,0,6,16,0,0,0,0,0,0,0,0,0,0,0,0,0,0,0],[18,0,66,1,0,0,17,0,0,0,0,11,15,0,0,0,0,0,0,0,0,0,0,0,0,0,0,0],[15,0,90,0,0,0,0,0,0,0,0,3,8,0,0,0,0,0,0,0,0,0,0,0,0,0,0,0],[15,0,47,0,0,0,11,0,0,0,0,13,7,0,0,0,0,0,0,0,0,0,0,0,0,0,0,0],[11,0,59,0,0,1,2,0,0,0,0,4,8,0,0,0,0,0,0,0,0,0,0,0,0,0,0,0],[4,1,54,0,0,0,0,0,0,0,0,3,4,0,0,0,0,0,0,0,0,0,0,0,0,0,0,0],[7,1,34,0,0,0,6,0,0,0,0,10,13,0,0,0,0,0,0,0,0,0,0,0,0,0,0,0],[8,0,29,0,0,0,10,0,5,0,0,4,6,0,0,0,0,0,0,0,0,0,0,0,0,0,0,0]]}