{"Accuracy":0.146374829001368,"Precision":0.12500440211151745,"Recall":0.146374829001368,"F1 Score":0.10951557489499555,"Adjusted Rand Index":0.0253283551935429,"Precision by cluster":[0.10655737704918032,0.12580943570767808,0.22777777777777777,0.1166407465007776,0.1111111111111111,0.13114754098360656,0.47198275862068967,0.1134020618556701,0.14027149321266968,0.06779661016949153,0.07638072855464159,0.225,0.1319910514541387,0.0749063670411985,0.0,0.0,0.0774487471526196,0.0,0.0,0.0,0.0,0.0,0.0,0.0,0.0,0.0,0.0,0.5],"Recall by cluster":[0.02021772939346812,0.43106180665610144,0.3355155482815057,0.15306122448979592,0.006756756756756757,0.01834862385321101,0.5420792079207921,0.035256410256410256,0.09967845659163987,0.028368794326241134,0.23550724637681159,0.034482758620689655,0.24583333333333332,0.08163265306122448,0.0,0.0,0.3930635838150289,0.0,0.0,0.0,0.0,0.0,0.0,0.0,0.0,0.0,0.0,0.06451612903225806],"F1 score by cluster":[0.03398692810457516,0.19477264590046545,0.271343481138319,0.1323918799646955,0.012738853503184714,0.03219315895372234,0.5046082949308756,0.05378973105134474,0.11654135338345864,0.04,0.11535048802129548,0.059800664451827246,0.1717612809315866,0.078125,0.0,0.0,0.12940057088487156,0.0,0.0,0.0,0.0,0.0,0.0,0.0,0.0,0.0,0.0,0.11428571428571428],"confusion_matrix":[[13,214,100,76,2,10,12,12,19,9,60,1,25,36,1,0,53,0,0,0,0,0,0,0,0,0,0,0],[12,272,31,40,2,2,13,2,27,7,92,4,25,23,0,0,79,0,0,0,0,0,0,0,0,0,0,0],[9,118,205,91,5,4,4,14,6,5,48,5,23,21,0,0,51,0,1,0,0,0,0,0,0,0,0,1],[15,148,37,75,4,5,3,6,6,13,92,1,22,10,0,0,53,0,0,0,0,0,0,0,0,0,0,0],[7,144,80,46,3,6,4,8,12,9,55,1,8,20,1,0,40,0,0,0,0,0,0,0,0,0,0,0],[10,166,49,53,0,8,1,7,8,10,61,1,13,19,0,0,30,0,0,0,0,0,0,0,0,0,0,0],[3,48,18,7,0,0,219,0,10,1,24,0,27,17,0,0,30,0,0,0,0,0,0,0,0,0,0,0],[4,51,101,49,2,3,1,11,2,10,23,3,9,2,0,0,41,0,0,0,0,0,0,0,0,0,0,0],[2,85,31,15,0,4,12,4,31,4,27,0,27,14,0,0,55,0,0,0,0,0,0,0,0,0,0,0],[6,78,33,40,0,5,3,5,6,8,37,2,11,8,0,0,40,0,0,0,0,0,0,0,0,0,0,0],[2,107,7,13,0,1,18,1,6,6,65,0,17,2,0,0,31,0,0,0,0,0,0,0,0,0,0,0],[7,80,9,3,1,1,21,2,8,2,23,9,44,11,0,0,40,0,0,0,0,0,0,0,0,0,0,0],[2,43,5,3,1,0,38,1,8,3,12,2,59,0,0,0,63,0,0,0,0,0,0,0,0,0,0,0],[3,81,12,10,1,2,28,1,14,4,36,1,12,20,0,0,17,0,1,0,0,0,0,0,0,0,0,2],[2,56,56,25,1,2,7,3,6,3,19,1,8,6,0,0,20,0,0,0,0,0,0,0,0,0,0,0],[2,80,37,25,2,3,3,7,2,4,24,1,6,8,0,0,20,0,0,0,0,0,0,0,0,0,0,0],[1,21,4,1,0,2,24,2,10,0,12,3,24,1,0,0,68,0,0,0,0,0,0,0,0,0,0,0],[5,52,13,3,1,0,9,0,1,1,15,0,4,8,0,0,7,0,0,0,0,0,0,0,0,0,0,0],[2,38,13,7,1,0,9,2,9,2,10,0,16,1,0,0,17,0,0,0,0,0,0,0,0,0,0,1],[3,40,3,5,0,0,11,1,4,3,18,1,11,3,0,0,16,0,0,0,0,0,0,0,0,0,0,0],[0,52,2,8,0,0,4,0,3,2,15,0,12,10,0,0,17,0,0,0,0,0,0,0,0,0,0,0],[6,32,6,8,0,0,5,2,5,3,13,1,15,3,0,0,29,0,0,0,0,0,0,0,0,0,0,0],[3,37,15,17,0,2,0,2,2,3,17,0,1,4,0,0,13,0,0,0,0,0,0,0,0,0,0,0],[0,31,5,2,1,1,8,0,1,3,9,2,10,8,0,0,12,0,0,0,0,0,0,0,0,0,0,0],[2,34,7,8,0,0,1,2,2,1,16,0,3,3,0,0,6,0,0,0,0,0,0,0,0,0,0,0],[1,22,14,8,0,0,0,2,1,1,6,0,2,3,0,0,6,0,0,0,0,0,0,0,0,0,0,0],[0,19,2,4,0,0,1,0,2,1,15,0,6,4,0,0,17,0,0,0,0,0,0,0,0,0,0,0],[0,13,5,1,0,0,5,0,10,0,7,1,7,2,0,0,7,0,0,0,0,0,0,0,0,0,0,4]]}