{"Accuracy":0.11723666210670315,"Precision":0.09630681236458626,"Recall":0.11723666210670315,"F1 Score":0.08146821408255031,"Adjusted Rand Index":0.015840513114060064,"Precision by cluster":[0.13119533527696792,0.10368011323425336,0.2687224669603524,0.05673758865248227,0.0,0.04,0.43859649122807015,0.0,0.07900677200902935,0.0,0.04956896551724138,0.14285714285714285,0.16058394160583941,0.08064516129032258,0.0,0.0,0.06076388888888889,0.0,0.0,0.0,0.0,0.0,0.0,0.0,0.0,0.0,0.0,0.375],"Recall by cluster":[0.06998444790046657,0.4643423137876387,0.09983633387888707,0.0163265306122449,0.0,0.0045871559633027525,0.556930693069307,0.0,0.22508038585209003,0.0,0.16666666666666666,0.0038314176245210726,0.09166666666666666,0.02040816326530612,0.0,0.0,0.4046242774566474,0.0,0.0,0.0,0.0,0.0,0.0,0.0,0.0,0.0,0.0,0.14516129032258066],"F1 score by cluster":[0.09127789046653144,0.1695111368238357,0.14558472553699284,0.025356576862123614,0.0,0.00823045267489712,0.49073064340239914,0.0,0.11695906432748537,0.0,0.07641196013289037,0.007462686567164179,0.11671087533156499,0.03257328990228013,0.0,0.0,0.10566037735849057,0.0,0.0,0.0,0.0,0.0,0.0,0.0,0.0,0.0,0.0,0.20930232558139536],"confusion_matrix":[[45,274,29,15,1,7,20,0,75,1,81,0,5,8,0,0,81,0,0,0,0,0,0,0,0,0,0,1],[17,293,9,7,0,1,15,0,113,0,71,0,9,7,0,0,89,0,0,0,0,0,0,0,0,0,0,0],[48,216,61,28,1,8,5,1,39,0,106,0,6,9,0,0,82,0,0,0,0,0,0,0,0,0,0,1],[35,229,5,8,0,2,4,0,49,1,84,1,9,3,0,0,60,0,0,0,0,0,0,0,0,0,0,0],[20,203,19,8,0,7,5,0,49,0,70,0,1,4,0,0,57,0,0,0,0,0,0,0,0,0,0,1],[21,219,9,12,0,2,0,1,43,0,75,1,3,6,0,0,44,0,0,0,0,0,0,0,0,0,0,0],[11,61,4,5,0,0,225,0,32,0,13,0,10,1,0,0,42,0,0,0,0,0,0,0,0,0,0,0],[23,101,21,11,0,4,2,0,17,1,58,0,7,0,0,0,66,0,0,0,0,0,0,0,0,0,0,1],[12,102,9,5,0,2,15,0,70,0,19,0,8,3,0,0,63,0,0,0,0,0,0,0,0,0,0,3],[11,115,7,6,0,4,3,1,25,0,57,0,1,2,0,0,50,0,0,0,0,0,0,0,0,0,0,0],[4,125,2,1,0,2,19,0,41,0,46,0,6,0,0,0,30,0,0,0,0,0,0,0,0,0,0,0],[12,82,1,2,0,0,27,0,33,0,23,1,22,4,0,0,54,0,0,0,0,0,0,0,0,0,0,0],[4,47,0,0,0,0,40,0,28,0,6,2,22,0,0,0,91,0,0,0,0,0,0,0,0,0,0,0],[7,86,8,3,0,1,28,0,43,0,33,1,2,5,0,0,25,0,0,0,0,0,0,0,0,0,0,3],[10,94,9,7,0,4,7,1,30,0,22,0,2,2,0,0,26,0,0,0,0,0,0,0,0,0,0,1],[13,106,7,4,0,4,3,0,16,0,35,0,0,1,0,0,35,0,0,0,0,0,0,0,0,0,0,0],[3,24,0,1,0,0,34,0,26,0,7,0,7,1,0,0,70,0,0,0,0,0,0,0,0,0,0,0],[7,58,5,1,0,0,9,0,18,0,8,0,2,3,0,0,8,0,0,0,0,0,0,0,0,0,0,0],[5,40,3,1,0,1,12,0,26,1,11,0,1,0,0,0,24,0,0,0,0,0,0,0,0,0,0,3],[2,39,0,1,0,0,12,1,23,0,16,0,2,0,0,0,23,0,0,0,0,0,0,0,0,0,0,0],[3,59,2,0,0,0,6,0,22,0,10,0,3,2,0,0,18,0,0,0,0,0,0,0,0,0,0,0],[4,45,3,1,0,0,5,0,20,0,17,1,3,0,0,0,29,0,0,0,0,0,0,0,0,0,0,0],[8,51,3,6,0,0,0,0,11,0,21,0,0,0,0,0,15,0,0,0,0,0,0,0,0,0,0,1],[5,37,3,0,0,0,8,0,11,1,4,0,4,0,0,0,20,0,0,0,0,0,0,0,0,0,0,0],[2,46,1,2,0,0,1,0,6,0,16,0,0,0,0,0,11,0,0,0,0,0,0,0,0,0,0,0],[7,31,3,5,0,1,0,0,3,1,6,0,0,1,0,0,8,0,0,0,0,0,0,0,0,0,0,0],[3,22,0,0,0,0,2,0,11,1,10,0,0,0,0,0,22,0,0,0,0,0,0,0,0,0,0,0],[1,21,4,1,0,0,6,0,6,0,3,0,2,0,0,0,9,0,0,0,0,0,0,0,0,0,0,9]]}