{"Accuracy":0.09562243502051984,"Precision":0.08297082701604236,"Recall":0.09562243502051984,"F1 Score":0.05708402874031765,"Adjusted Rand Index":0.013272797387529326,"Precision by cluster":[0.15789473684210525,0.10923779416930102,0.25263157894736843,0.07357859531772576,0.0,0.0,0.38461538461538464,0.0,0.06657963446475196,0.0,0.09973045822102426,0.05263157894736842,0.12167300380228137,0.0,0.0,0.0,0.05198487712665406,0.0,0.011235955056179775,0.0,0.0,0.0,0.0,0.0,0.0,0.0,0.0,0.0],"Recall by cluster":[0.004651162790697674,0.5280135823429541,0.12100840336134454,0.21956087824351297,0.0,0.0,0.06265664160401002,0.0,0.17229729729729729,0.0,0.1434108527131783,0.007662835249042145,0.12698412698412698,0.0,0.0,0.0,0.34375,0.0,0.0072992700729927005,0.0,0.0,0.0,0.0,0.0,0.0,0.0,0.0,0.0],"F1 score by cluster":[0.009036144578313253,0.1810244470314319,0.16363636363636364,0.11022044088176353,0.0,0.0,0.10775862068965517,0.0,0.096045197740113,0.0,0.11764705882352941,0.013377926421404682,0.12427184466019417,0.0,0.0,0.0,0.090311986863711,0.0,0.008849557522123894,0.0,0.0,0.0,0.0,0.0,0.0,0.0,0.0,0.0],"confusion_matrix":[[3,275,24,160,1,0,3,0,50,0,26,6,17,1,0,0,75,0,4,0,0,0,0,0,0,0,0,0],[5,311,4,55,0,0,3,0,65,0,37,1,16,1,0,0,87,0,4,0,0,0,0,0,0,0,0,0],[0,175,72,222,2,0,2,0,21,0,27,8,8,0,0,0,56,0,2,0,0,0,0,0,0,0,0,0],[3,240,6,110,0,0,2,0,33,0,26,1,17,1,0,0,60,0,0,0,0,0,0,2,0,0,0,0],[1,160,39,137,0,0,1,0,23,0,20,1,10,0,0,0,56,0,0,0,0,0,0,0,0,0,0,0],[0,198,17,144,0,0,1,1,21,0,21,1,7,0,0,0,37,0,0,0,0,0,0,0,0,0,0,0],[0,75,8,25,0,0,25,0,95,0,14,0,26,0,0,0,84,0,47,0,0,0,0,0,0,0,0,0],[0,123,23,93,0,0,1,0,16,0,12,6,6,0,0,0,35,0,0,0,0,0,0,0,0,0,0,0],[2,110,17,40,2,0,3,0,51,0,10,2,11,0,0,0,46,0,2,0,0,0,0,0,0,0,0,0],[0,116,9,70,0,0,0,1,20,0,9,3,8,0,0,0,39,0,0,0,0,0,0,0,0,0,0,0],[0,121,2,27,0,0,3,1,25,0,37,0,9,0,0,0,30,0,3,0,0,0,0,0,0,0,0,0],[1,86,3,31,0,0,2,0,45,0,10,2,25,0,0,0,51,0,5,0,0,0,0,0,0,0,0,0],[0,54,1,2,0,0,5,0,53,0,8,0,32,0,0,0,90,0,7,0,0,0,0,0,0,0,0,0],[1,115,4,34,0,0,5,0,28,0,24,0,4,0,0,0,39,0,3,0,0,0,0,0,0,0,0,0],[0,82,12,70,0,0,2,0,24,0,12,2,5,0,0,0,24,0,2,0,0,0,0,0,0,0,0,0],[0,64,8,67,0,0,0,0,13,0,11,0,5,0,0,0,25,0,0,0,0,0,0,0,0,0,0,0],[0,36,2,3,0,0,1,0,44,0,9,0,6,0,0,0,55,0,4,0,0,0,0,0,0,0,0,0],[0,60,8,35,0,0,0,0,13,0,7,1,6,0,0,0,20,0,1,0,0,0,0,0,0,0,0,0],[0,49,8,23,0,0,0,0,22,0,6,0,5,0,0,0,23,0,1,0,0,0,0,0,0,0,0,0],[1,48,1,12,0,0,1,0,21,0,8,0,8,0,0,0,21,0,2,0,0,0,0,0,0,0,0,0],[0,61,1,17,0,0,2,0,16,0,5,1,5,0,0,0,16,0,1,0,0,0,0,0,0,0,0,0],[0,63,1,13,0,0,0,0,16,0,9,0,5,0,0,0,22,0,1,0,0,0,0,0,0,0,0,0],[0,54,4,26,0,0,0,0,8,0,2,1,3,0,0,0,4,0,0,0,0,0,0,0,0,0,0,0],[2,33,0,11,0,0,2,0,19,0,1,0,11,0,0,0,21,0,0,0,0,0,0,0,0,0,0,0],[0,45,1,21,0,0,1,0,7,0,5,0,1,0,0,0,13,0,0,0,0,0,0,0,0,0,0,0],[0,38,4,29,0,0,0,0,4,0,4,1,3,0,0,0,7,0,0,0,0,0,0,0,0,0,0,0],[0,36,0,8,0,0,0,0,2,0,7,0,4,0,0,0,18,0,0,0,0,0,0,0,0,0,0,0],[0,19,6,10,1,0,0,0,11,0,4,1,0,0,0,0,4,0,0,0,0,0,0,0,0,0,0,0]],"epoch_accuracies":[[0.0995850622406639,0.10701746386393689,0.11043728056176189,0.12370616934932288,0.13528794856595686,0.13920933837946287,0.14468104509598287,0.15092791026400984,0.14864803246545985,0.15525967808125485,0.15667320231635584,0.15731156809994984,0.15895308011490583,0.16073138479777485,0.16082257990971685,0.16205371392093385,0.16196251880899185,0.16433359171948383,0.16711504263371482,0.16483516483516483,0.16766221330536682,0.16921253020838084,0.16665906707400482,0.17149240800693083,0.17190278601066983,0.16989649354794584,0.1754137978204368,0.17158360311887283,0.17687291961150883,0.1757785782682048],[0.09958960328317373,0.11559507523939809,0.11600547195622435,0.1317373461012312,0.11819425444596443,0.10889192886456908,0.11231190150478797,0.08303693570451437,0.08495212038303694,0.07264021887824898,0.08030095759233927,0.08413132694938441,0.05978112175102599,0.05581395348837209,0.054035567715458276,0.05649794801641587,0.06716826265389877,0.06196990424076607,0.0759233926128591,0.08823529411764706,0.05512995896032832,0.06183310533515732,0.06826265389876882,0.05896032831737346,0.07496580027359781,0.05759233926128591,0.09288645690834474,0.06183310533515732,0.0704514363885089,0.09233926128590972]]}