{"Accuracy":0.1426812585499316,"Precision":0.12051033093994659,"Recall":0.1426812585499316,"F1 Score":0.11126176838781121,"Adjusted Rand Index":0.026952831031134564,"Precision by cluster":[0.11522633744855967,0.1265281173594132,0.24859550561797752,0.10159924741298212,0.125,0.13043478260869565,0.4587737843551797,0.16161616161616163,0.08931419457735247,0.0859375,0.09794628751974724,0.14705882352941177,0.12333965844402277,0.06796116504854369,0.0,0.0,0.07808219178082192,0.0,0.0,0.0,0.0,0.0,0.0,0.0,0.0,0.0,0.0,0.0],"Recall by cluster":[0.04354587869362364,0.32805071315372425,0.2896890343698854,0.22040816326530613,0.0045045045045045045,0.013761467889908258,0.5371287128712872,0.05128205128205128,0.18006430868167203,0.03900709219858156,0.2246376811594203,0.038314176245210725,0.2708333333333333,0.08571428571428572,0.0,0.0,0.32947976878612717,0.0,0.0,0.0,0.0,0.0,0.0,0.0,0.0,0.0,0.0,0.0],"F1 score by cluster":[0.06320541760722348,0.18262020291133657,0.2675736961451247,0.1390856406954282,0.008695652173913044,0.024896265560165973,0.49486887115165334,0.07785888077858881,0.11940298507462686,0.05365853658536585,0.13641364136413642,0.060790273556231005,0.1694915254237288,0.07581227436823104,0.0,0.0,0.12624584717607973,0.0,0.0,0.0,0.0,0.0,0.0,0.0,0.0,0.0,0.0,0.0],"confusion_matrix":[[28,162,71,113,2,7,19,11,57,14,51,3,25,34,0,0,46,0,0,0,0,0,0,0,0,0,0,0],[15,207,19,71,2,2,10,2,73,9,72,7,39,35,0,0,68,0,0,0,0,0,0,0,0,0,0,0],[24,103,177,120,3,6,3,15,27,3,30,7,24,29,0,0,40,0,0,0,0,0,0,0,0,0,0,0],[20,120,30,108,0,2,5,4,36,12,66,3,24,13,0,0,47,0,0,0,0,0,0,0,0,0,0,0],[24,114,70,78,2,1,4,8,34,11,36,2,14,20,0,0,26,0,0,0,0,0,0,0,0,0,0,0],[15,118,38,98,0,6,3,6,23,9,48,3,12,26,0,0,31,0,0,0,0,0,0,0,0,0,0,0],[3,30,15,15,0,0,217,0,32,2,15,1,34,17,0,0,23,0,0,0,0,0,0,0,0,0,0,0],[13,38,78,74,0,3,3,16,13,9,16,4,12,2,0,0,31,0,0,0,0,0,0,0,0,0,0,0],[11,61,27,20,2,4,11,3,56,2,15,1,34,15,0,0,49,0,0,0,0,0,0,0,0,0,0,0],[16,59,24,62,1,0,6,6,14,11,26,1,14,12,0,0,30,0,0,0,0,0,0,0,0,0,0,0],[4,90,3,16,1,0,19,0,22,6,62,0,20,3,0,0,30,0,0,0,0,0,0,0,0,0,0,0],[7,51,10,23,0,1,25,2,23,4,16,10,48,11,0,0,30,0,0,0,0,0,0,0,0,0,0,0],[3,27,3,10,0,0,36,1,18,4,5,11,65,0,0,0,57,0,0,0,0,0,0,0,0,0,0,0],[8,60,14,17,0,2,27,0,30,1,33,2,16,21,0,0,14,0,0,0,0,0,0,0,0,0,0,0],[6,53,27,51,1,2,7,2,17,2,13,2,7,5,0,0,20,0,0,0,0,0,0,0,0,0,0,0],[8,63,25,49,0,3,2,5,10,3,21,1,10,7,0,0,17,0,0,0,0,0,0,0,0,0,0,0],[0,17,5,7,0,1,22,1,25,1,6,0,30,1,0,0,57,0,0,0,0,0,0,0,0,0,0,0],[4,35,11,11,1,0,9,2,14,0,8,0,5,12,0,0,7,0,0,0,0,0,0,0,0,0,0,0],[7,20,12,14,0,0,10,2,18,2,9,0,16,2,0,0,16,0,0,0,0,0,0,0,0,0,0,0],[7,27,7,9,0,1,11,0,13,4,14,0,14,3,0,0,9,0,0,0,0,0,0,0,0,0,0,0],[2,43,4,7,0,0,4,2,13,0,13,0,13,11,0,0,13,0,0,0,0,0,0,0,0,0,0,0],[4,31,3,14,1,0,4,0,13,4,9,2,17,3,0,0,23,0,0,0,0,0,0,0,0,0,0,0],[3,20,15,29,0,1,0,1,6,6,16,0,1,6,0,0,12,0,0,0,0,0,0,0,0,0,0,0],[4,19,4,8,0,0,9,3,9,0,3,4,10,9,0,0,11,0,0,0,0,0,0,0,0,0,0,0],[3,28,5,14,0,2,1,1,6,5,8,1,4,3,0,0,4,0,0,0,0,0,0,0,0,0,0,0],[3,17,8,18,0,1,0,4,4,2,1,1,2,4,0,0,1,0,0,0,0,0,0,0,0,0,0,0],[0,14,3,3,0,1,1,0,6,2,15,0,7,2,0,0,17,0,0,0,0,0,0,0,0,0,0,0],[1,9,4,4,0,0,5,2,15,0,6,2,10,3,0,0,1,0,0,0,0,0,0,0,0,0,0,0]]}