{"Accuracy":0.14705882352941177,"Precision":0.07845949273476566,"Recall":0.14705882352941177,"F1 Score":0.07187616560318368,"Adjusted Rand Index":0.021512762386663557,"Precision by cluster":[0.13636363636363635,0.13175675675675674,0.13460207612456748,0.08108108108108109,0.05333333333333334,0.0,0.427536231884058,0.05405405405405406,0.08108108108108109,0.0,0.0,0.05,0.12836879432624113,0.0,0.0,0.0,0.0,0.0,0.0,0.0,0.0,0.0,0.0,0.0,0.0,0.0,0.0,0.0],"Recall by cluster":[0.0046801872074883,0.4960254372019078,0.6366612111292962,0.005714285714285714,0.008908685968819599,0.0,0.46949602122015915,0.0058309037900874635,0.009771986970684038,0.0,0.0,0.0037593984962406013,0.6350877192982456,0.0,0.0,0.0,0.0,0.0,0.0,0.0,0.0,0.0,0.0,0.0,0.0,0.0,0.0,0.0],"F1 score by cluster":[0.00904977375565611,0.2082082082082082,0.2222222222222222,0.010676156583629894,0.015267175572519083,0.0,0.4475347661188369,0.010526315789473684,0.01744186046511628,0.0,0.0,0.006993006993006993,0.2135693215339233,0.0,0.0,0.0,0.0,0.0,0.0,0.0,0.0,0.0,0.0,0.0,0.0,0.0,0.0,0.0],"confusion_matrix":[[3,229,299,2,9,0,16,8,5,0,0,2,68,0,0,0,0,0,0,0,0,0,0,0,0,0,0,0],[0,312,171,3,11,0,11,3,6,0,0,2,110,0,0,0,0,0,0,0,0,0,0,0,0,0,0,0],[3,132,389,5,6,0,7,6,3,0,0,2,58,0,0,0,0,0,0,0,0,0,0,0,0,0,0,0],[2,204,222,3,5,0,3,2,0,0,0,3,81,0,0,0,0,0,0,0,0,0,0,0,0,0,0,0],[1,148,237,2,4,0,2,3,1,0,0,1,50,0,0,0,0,0,0,0,0,0,0,0,0,0,0,0],[2,153,212,1,2,0,1,7,2,0,0,1,30,0,0,0,0,0,0,0,0,0,0,0,0,0,0,0],[0,48,59,0,1,0,177,1,0,0,0,1,90,0,0,0,0,0,0,0,0,0,0,0,0,0,0,0],[1,83,185,2,1,0,0,2,0,0,0,0,69,0,0,0,0,0,0,0,0,0,0,0,0,0,0,0],[1,103,101,1,6,0,12,1,3,0,0,0,79,0,0,0,0,0,0,0,0,0,0,0,0,0,0,0],[1,76,123,3,4,0,2,2,0,0,0,0,44,0,0,0,0,0,0,0,0,0,0,0,0,0,0,0],[0,117,84,1,3,0,28,0,2,0,0,1,35,0,0,0,0,0,0,0,0,0,0,0,0,0,0,0],[1,70,72,1,5,0,26,1,0,0,0,1,89,0,0,0,0,0,0,0,0,0,0,0,0,0,0,0],[1,47,15,0,0,0,38,0,3,0,0,0,181,0,0,0,0,0,0,0,0,0,0,0,0,0,0,0],[0,78,81,3,3,0,14,0,2,0,0,4,43,0,0,0,0,0,0,0,0,0,0,0,0,0,0,0],[0,66,121,3,1,0,9,0,0,0,0,1,38,0,0,0,0,0,0,0,0,0,0,0,0,0,0,0],[0,61,127,1,3,0,2,1,0,0,0,0,27,0,0,0,0,0,0,0,0,0,0,0,0,0,0,0],[2,49,22,0,0,0,13,0,0,0,0,0,83,0,0,0,0,0,0,0,0,0,0,0,0,0,0,0],[1,50,54,1,4,0,12,0,1,0,0,1,20,0,0,0,0,0,0,0,0,0,0,0,0,0,0,0],[0,46,42,0,0,0,4,0,0,0,0,0,32,0,0,0,0,0,0,0,0,0,0,0,0,0,0,0],[1,43,25,0,0,0,11,0,0,0,0,0,28,0,0,0,0,0,0,0,0,0,0,0,0,0,0,0],[0,53,30,0,2,0,5,0,4,0,0,0,23,0,0,0,0,0,0,0,0,0,0,0,0,0,0,0],[1,41,27,1,0,0,3,0,4,0,0,0,35,0,0,0,0,0,0,0,0,0,0,0,0,0,0,0],[0,33,45,1,0,0,1,0,0,0,0,0,8,0,0,0,0,0,0,0,0,0,0,0,0,0,0,0],[0,19,30,0,1,0,11,0,0,0,0,0,23,0,0,0,0,0,0,0,0,0,0,0,0,0,0,0],[0,43,38,0,1,0,3,0,0,0,0,0,16,0,0,0,0,0,0,0,0,0,0,0,0,0,0,0],[0,30,43,3,3,0,0,0,1,0,0,0,15,0,0,0,0,0,0,0,0,0,0,0,0,0,0,0],[1,23,18,0,0,0,1,0,0,0,0,0,27,0,0,0,0,0,0,0,0,0,0,0,0,0,0,0],[0,11,18,0,0,0,2,0,0,0,0,0,8,0,0,0,0,0,0,0,0,0,0,0,0,0,0,0]]}