{"Accuracy":0.11080711354309165,"Precision":0.08489448589248659,"Recall":0.11080711354309165,"F1 Score":0.07995860674966206,"Adjusted Rand Index":0.016494373509031934,"Precision by cluster":[0.09729272419627749,0.10588235294117647,0.0935720097640358,0.08762886597938144,0.14285714285714285,0.09872611464968153,0.4577777777777778,0.0,0.08465608465608465,0.0,0.050724637681159424,0.0,0.1390728476821192,0.06,0.0,0.0,0.06518010291595197,0.0,0.0,0.0,0.0,0.0,0.0,0.0,0.0,0.0,0.0,0.0],"Recall by cluster":[0.17884914463452567,0.042789223454833596,0.37643207855973815,0.13877551020408163,0.0022522522522522522,0.07110091743119266,0.5099009900990099,0.0,0.05144694533762058,0.0,0.025362318840579712,0.0,0.0875,0.04897959183673469,0.0,0.0,0.4393063583815029,0.0,0.0,0.0,0.0,0.0,0.0,0.0,0.0,0.0,0.0,0.0],"F1 score by cluster":[0.12602739726027398,0.060948081264108354,0.14988595633756924,0.10742496050552923,0.004434589800443459,0.08266666666666667,0.48243559718969553,0.0,0.064,0.0,0.033816425120772944,0.0,0.10741687979539642,0.05393258426966292,0.0,0.0,0.1135175504107543,0.0,0.0,0.0,0.0,0.0,0.0,0.0,0.0,0.0,0.0,0.0],"confusion_matrix":[[115,14,252,72,0,36,17,0,17,0,13,2,8,26,0,0,70,0,0,0,0,0,0,0,0,0,0,1],[106,27,246,62,2,26,14,0,13,0,12,2,9,18,0,0,94,0,0,0,0,0,0,0,0,0,0,0],[126,20,230,81,0,39,7,0,10,0,14,1,6,16,0,0,61,0,0,0,0,0,0,0,0,0,0,0],[85,17,192,68,0,19,2,0,4,0,16,0,7,8,1,0,71,0,0,0,0,0,0,0,0,0,0,0],[80,10,161,63,1,27,5,1,4,0,15,0,4,17,1,0,55,0,0,0,0,0,0,0,0,0,0,0],[85,9,183,69,0,31,2,0,0,0,7,0,2,9,0,0,39,0,0,0,0,0,0,0,0,0,0,0],[28,10,41,18,0,12,206,0,26,1,2,0,9,7,1,0,43,0,0,0,0,0,0,0,0,0,0,0],[65,21,102,35,0,16,1,0,3,0,8,0,7,0,1,0,53,0,0,0,0,0,0,0,0,0,0,0],[39,11,107,17,0,10,9,0,16,0,1,2,13,14,1,0,69,0,0,0,0,0,0,0,0,0,0,2],[54,9,99,43,0,13,2,0,3,0,4,1,1,7,0,0,46,0,0,0,0,0,0,0,0,0,0,0],[44,11,80,39,0,16,16,0,5,0,7,0,5,8,0,0,45,0,0,0,0,0,0,0,0,0,0,0],[37,11,59,17,2,12,26,0,6,0,4,0,8,9,0,0,70,0,0,0,0,0,0,0,0,0,0,0],[19,10,31,6,0,1,38,0,12,0,0,2,21,0,0,0,100,0,0,0,0,0,0,0,0,0,0,0],[37,8,87,20,0,11,26,0,9,1,4,0,6,12,1,0,23,0,0,0,0,0,0,0,0,0,0,0],[35,7,101,23,0,5,6,0,4,0,3,0,2,5,0,0,24,0,0,0,0,0,0,0,0,0,0,0],[38,5,106,26,0,9,3,0,2,0,3,1,3,2,0,0,26,0,0,0,0,0,0,0,0,0,0,0],[14,9,20,4,0,0,24,0,12,0,1,0,12,1,0,0,76,0,0,0,0,0,0,0,0,0,0,0],[14,6,43,16,0,3,8,0,4,0,1,0,1,10,0,0,13,0,0,0,0,0,0,0,0,0,0,0],[16,6,42,9,1,4,8,1,10,0,1,0,1,3,0,0,26,0,0,0,0,0,0,0,0,0,0,0],[20,4,35,12,0,2,8,0,3,0,3,0,8,3,0,0,21,0,0,0,0,0,0,0,0,0,0,0],[19,7,42,5,0,4,5,0,1,0,3,0,5,9,0,0,25,0,0,0,0,0,0,0,0,0,0,0],[20,8,31,16,0,2,4,0,3,0,3,0,3,1,0,0,37,0,0,0,0,0,0,0,0,0,0,0],[22,3,47,17,0,4,0,0,1,0,6,0,1,2,0,0,13,0,0,0,0,0,0,0,0,0,0,0],[13,4,31,3,0,3,7,0,3,0,1,0,6,5,0,0,17,0,0,0,0,0,0,0,0,0,0,0],[18,2,32,13,0,3,1,0,1,0,1,0,0,1,0,0,13,0,0,0,0,0,0,0,0,0,0,0],[14,0,24,11,0,3,0,0,1,0,3,0,0,2,0,0,8,0,0,0,0,0,0,0,0,0,0,0],[16,5,16,9,0,1,1,0,1,0,1,0,1,1,0,0,19,0,0,0,0,0,0,0,0,0,0,0],[3,1,18,2,1,2,4,0,15,0,1,0,2,4,0,0,9,0,0,0,0,0,0,0,0,0,0,0]]}