{"Accuracy":0.08290013679890561,"Precision":0.08311385150950815,"Recall":0.08290013679890561,"F1 Score":0.0594484036379755,"Adjusted Rand Index":0.010958343824421828,"Precision by cluster":[0.08982035928143713,0.07419354838709677,0.08723135271807839,0.11082474226804123,0.0,0.08956145768993205,0.532608695652174,0.061224489795918366,0.05353319057815846,0.0,0.06164383561643835,0.0,0.26666666666666666,0.06179775280898876,0.0,0.0,0.05353430353430354,0.0,0.0,0.0,0.0,0.0,0.0,0.0,0.0,0.0,0.0,0.0],"Recall by cluster":[0.06998444790046657,0.03645007923930269,0.22585924713584288,0.08775510204081632,0.0,0.33256880733944955,0.12128712871287128,0.009615384615384616,0.08038585209003216,0.0,0.03260869565217391,0.0,0.05,0.044897959183673466,0.0,0.0,0.5953757225433526,0.0,0.0,0.0,0.0,0.0,0.0,0.0,0.0,0.0,0.0,0.0],"F1 score by cluster":[0.07867132867132867,0.048884165781083955,0.12585499316005472,0.0979498861047836,0.0,0.1411192214111922,0.1975806451612903,0.01662049861495845,0.06426735218508997,0.0,0.04265402843601896,0.0,0.08421052631578947,0.05200945626477541,0.0,0.0,0.09823557463042441,0.0,0.0,0.0,0.0,0.0,0.0,0.0,0.0,0.0,0.0,0.0],"confusion_matrix":[[45,33,155,45,1,162,2,4,23,0,13,0,2,21,0,0,137,0,0,0,0,0,0,0,0,0,0,0],[35,23,168,28,1,166,2,2,15,0,14,0,4,17,0,0,156,0,0,0,0,0,0,0,0,0,0,0],[67,31,138,45,2,163,1,5,10,0,19,0,2,13,0,0,115,0,0,0,0,0,0,0,0,0,0,0],[41,29,127,43,0,96,1,3,5,0,13,0,1,11,0,0,120,0,0,0,0,0,0,0,0,0,0,0],[41,16,93,26,0,138,1,4,6,1,9,0,1,15,0,0,93,0,0,0,0,0,0,0,0,0,0,0],[34,14,109,32,0,145,0,5,0,0,8,0,1,11,0,0,77,0,0,0,0,0,0,0,0,0,0,0],[12,5,34,7,1,40,49,1,167,0,2,0,3,7,0,0,76,0,0,0,0,0,0,0,0,0,0,0],[40,11,71,17,0,55,0,3,5,0,9,0,2,0,0,0,99,0,0,0,0,0,0,0,0,0,0,0],[8,5,84,11,1,58,1,1,25,0,4,0,2,12,0,0,99,0,0,0,0,0,0,0,0,0,0,0],[13,17,69,15,1,66,0,4,3,0,1,0,1,8,0,0,84,0,0,0,0,0,0,0,0,0,0,0],[23,15,45,17,0,65,4,3,19,0,9,0,1,4,0,0,71,0,0,0,0,0,0,0,0,0,0,0],[13,14,38,10,0,43,2,1,25,0,2,0,5,8,0,0,100,0,0,0,0,0,0,0,0,0,0,0],[9,5,22,5,0,6,9,0,28,0,0,0,12,0,0,0,144,0,0,0,0,0,0,0,0,0,0,0],[11,11,40,9,0,72,8,1,25,0,8,0,2,11,0,0,47,0,0,0,0,0,0,0,0,0,0,0],[20,9,60,9,0,53,1,1,9,0,5,0,0,3,0,0,45,0,0,0,0,0,0,0,0,0,0,0],[14,9,58,15,0,67,0,2,2,0,1,0,0,4,0,0,52,0,0,0,0,0,0,0,0,0,0,0],[2,2,16,2,0,10,3,0,30,0,3,0,0,2,0,0,103,0,0,0,0,0,0,0,0,0,0,0],[8,9,25,5,0,30,2,0,6,0,1,0,0,8,0,0,25,0,0,0,0,0,0,0,0,0,0,0],[9,2,23,10,0,25,0,3,15,0,2,0,0,1,0,0,38,0,0,0,0,0,0,0,0,0,0,0],[7,8,23,6,0,18,1,1,13,0,3,0,2,1,0,0,36,0,0,0,0,0,0,0,0,0,0,0],[5,7,30,6,0,24,1,1,4,0,2,0,0,7,0,0,38,0,0,0,0,0,0,0,0,0,0,0],[11,11,21,4,0,15,2,1,5,0,6,0,1,1,0,0,50,0,0,0,0,0,0,0,0,0,0,0],[13,6,38,3,0,27,0,1,0,0,4,0,0,3,0,0,21,0,0,0,0,0,0,0,0,0,0,0],[4,5,25,0,0,17,1,0,7,0,1,0,1,4,0,0,28,0,0,0,0,0,0,0,0,0,0,0],[4,6,26,9,0,19,0,1,2,0,2,0,0,1,0,0,15,0,0,0,0,0,0,0,0,0,0,0],[3,3,20,5,1,15,0,1,0,0,3,0,0,1,0,0,14,0,0,0,0,0,0,0,0,0,0,0],[6,3,13,3,0,14,0,0,1,0,1,0,0,1,0,0,29,0,0,0,0,0,0,0,0,0,0,0],[3,1,11,1,0,10,1,0,17,0,1,0,2,3,0,0,12,0,0,0,0,0,0,0,0,0,0,0]]}