{"Accuracy":0.1320109439124487,"Precision":0.09133486082808755,"Recall":0.1320109439124487,"F1 Score":0.08351472294577145,"Adjusted Rand Index":0.020137248481572705,"Precision by cluster":[0.1111111111111111,0.15485564304461943,0.14211764705882354,0.08581818181818182,0.0,0.058704453441295545,0.4537987679671458,0.1,0.13095238095238096,0.0,0.0,0.02631578947368421,0.08287596048298573,0.0,0.0,0.0,0.0,0.0,0.0,0.0,0.0,0.0,0.0,0.0,0.0,0.0,0.0,1.0],"Recall by cluster":[0.017107309486780714,0.18700475435816163,0.49427168576104746,0.24081632653061225,0.0,0.06651376146788991,0.5470297029702971,0.003205128205128205,0.03536977491961415,0.0,0.0,0.0038314176245210726,0.6291666666666667,0.0,0.0,0.0,0.0,0.0,0.0,0.0,0.0,0.0,0.0,0.0,0.0,0.0,0.0,0.03225806451612903],"F1 score by cluster":[0.029649595687331536,0.16941852117731515,0.22076023391812866,0.12654155495978553,0.0,0.06236559139784946,0.49607182940516276,0.006211180124223602,0.05569620253164557,0.0,0.0,0.006688963210702341,0.14645974781765275,0.0,0.0,0.0,0.0,0.0,0.0,0.0,0.0,0.0,0.0,0.0,0.0,0.0,0.0,0.0625],"confusion_matrix":[[11,70,231,121,0,50,16,1,4,0,1,5,132,0,0,0,1,0,0,0,0,0,0,0,0,0,0,0],[8,118,139,140,0,55,14,0,2,1,0,4,150,0,0,0,0,0,0,0,0,0,0,0,0,0,0,0],[13,26,302,101,0,49,5,4,11,0,0,0,100,0,0,0,0,0,0,0,0,0,0,0,0,0,0,0],[8,47,155,118,0,38,3,0,2,0,0,2,116,0,0,0,1,0,0,0,0,0,0,0,0,0,0,0],[6,51,166,100,0,30,3,0,4,0,0,0,84,0,0,0,0,0,0,0,0,0,0,0,0,0,0,0],[7,43,173,116,0,29,0,1,0,0,0,2,65,0,0,0,0,0,0,0,0,0,0,0,0,0,0,0],[1,16,46,26,0,21,221,0,2,1,0,2,67,0,0,0,1,0,0,0,0,0,0,0,0,0,0,0],[4,13,126,62,0,20,2,1,2,0,0,1,79,0,0,0,2,0,0,0,0,0,0,0,0,0,0,0],[5,47,77,38,0,19,14,0,11,0,0,0,100,0,0,0,0,0,0,0,0,0,0,0,0,0,0,0],[6,17,91,66,0,19,2,0,1,0,0,0,79,0,0,0,1,0,0,0,0,0,0,0,0,0,0,0],[4,54,59,62,0,14,18,0,0,0,0,0,65,0,0,0,0,0,0,0,0,0,0,0,0,0,0,0],[1,21,57,40,0,20,27,0,2,0,0,1,92,0,0,0,0,0,0,0,0,0,0,0,0,0,0,0],[1,10,17,17,0,0,40,0,0,0,0,4,151,0,0,0,0,0,0,0,0,0,0,0,0,0,0,0],[1,27,59,50,0,29,27,0,10,0,0,5,36,0,0,0,1,0,0,0,0,0,0,0,0,0,0,0],[3,26,84,35,0,14,6,0,4,0,0,0,42,0,0,0,1,0,0,0,0,0,0,0,0,0,0,0],[3,23,73,58,0,17,1,0,0,0,0,1,48,0,0,0,0,0,0,0,0,0,0,0,0,0,0,0],[1,6,15,16,0,3,33,0,1,0,0,1,97,0,0,0,0,0,0,0,0,0,0,0,0,0,0,0],[1,11,31,23,0,13,9,0,3,0,0,2,26,0,0,0,0,0,0,0,0,0,0,0,0,0,0,0],[1,20,18,20,0,8,12,0,6,0,0,0,43,0,0,0,0,0,0,0,0,0,0,0,0,0,0,0],[3,22,24,20,0,3,12,0,1,0,0,1,33,0,0,0,0,0,0,0,0,0,0,0,0,0,0,0],[0,30,20,23,0,6,5,0,0,0,0,0,41,0,0,0,0,0,0,0,0,0,0,0,0,0,0,0],[2,13,29,25,0,2,4,0,2,0,0,0,51,0,0,0,0,0,0,0,0,0,0,0,0,0,0,0],[4,10,40,31,0,7,0,1,1,0,0,0,22,0,0,0,0,0,0,0,0,0,0,0,0,0,0,0],[2,9,19,13,0,9,6,0,2,0,0,3,30,0,0,0,0,0,0,0,0,0,0,0,0,0,0,0],[2,11,19,27,0,4,1,0,0,0,0,1,20,0,0,0,0,0,0,0,0,0,0,0,0,0,0,0],[1,3,34,9,0,7,0,2,1,0,0,0,9,0,0,0,0,0,0,0,0,0,0,0,0,0,0,0],[0,8,12,11,0,5,1,0,1,0,1,1,31,0,0,0,0,0,0,0,0,0,0,0,0,0,0,0],[0,10,9,7,0,3,5,0,11,0,0,2,13,0,0,0,0,0,0,0,0,0,0,0,0,0,0,2]]}