{"Accuracy":0.11846785225718194,"Precision":0.07705702296908705,"Recall":0.11846785225718194,"F1 Score":0.06297205077963483,"Adjusted Rand Index":0.014474986012568178,"Precision by cluster":[0.1040268456375839,0.08333333333333333,0.09788064696040157,0.10828877005347594,0.0,0.0,0.4288747346072187,0.2857142857142857,0.056,0.0,0.0,0.0975609756097561,0.09118236472945891,0.0,0.0,0.0,0.0,0.0,0.0,0.0,0.0,0.0,0.0,0.0,0.0,0.0,0.0,0.2777777777777778],"Recall by cluster":[0.04952076677316294,0.0017035775127768314,0.5859766277128547,0.15370018975332067,0.0,0.0,0.5459459459459459,0.0060790273556231,0.02348993288590604,0.0,0.0,0.016260162601626018,0.6816479400749064,0.0,0.0,0.0,0.0,0.0,0.0,0.0,0.0,0.0,0.0,0.0,0.0,0.0,0.0,0.08771929824561403],"F1 score by cluster":[0.0670995670995671,0.00333889816360601,0.16774193548387098,0.12705882352941175,0.0,0.0,0.4803804994054697,0.011904761904761904,0.03309692671394799,0.0,0.0,0.027874564459930314,0.16084843128590368,0.0,0.0,0.0,0.0,0.0,0.0,0.0,0.0,0.0,0.0,0.0,0.0,0.0,0.0,0.13333333333333333],"confusion_matrix":[[31,1,324,83,2,0,22,0,10,0,0,2,151,0,0,0,0,0,0,0,0,0,0,0,0,0,0,0],[18,1,323,65,0,0,19,1,2,0,0,4,153,0,0,0,0,0,0,0,0,0,0,0,0,0,0,1],[38,0,351,70,0,0,1,1,16,0,0,3,119,0,0,0,0,0,0,0,0,0,0,0,0,0,0,0],[22,0,286,81,0,0,3,0,3,0,0,4,127,0,0,0,1,0,0,0,0,0,0,0,0,0,0,0],[19,0,273,49,0,0,4,1,9,0,0,10,74,0,0,0,0,0,0,0,0,0,0,0,0,0,0,1],[18,0,286,47,0,0,0,0,7,0,0,4,77,0,0,0,0,0,0,0,0,0,0,0,0,0,0,0],[6,0,76,11,0,0,202,0,2,0,0,0,73,0,0,0,0,0,0,0,0,0,0,0,0,0,0,0],[19,0,155,36,0,0,4,2,6,0,0,5,102,0,0,0,0,0,0,0,0,0,0,0,0,0,0,0],[14,2,137,21,0,0,25,0,7,0,0,0,85,0,0,0,0,0,0,0,0,0,0,0,0,0,0,7],[11,1,172,29,0,0,3,0,6,0,0,1,93,0,0,0,0,0,0,0,0,0,0,0,0,0,0,0],[10,3,137,30,1,1,14,0,1,0,0,0,79,0,0,0,1,0,0,0,0,0,0,0,0,0,0,0],[11,0,75,23,1,0,35,0,4,0,0,4,93,0,0,0,0,0,0,0,0,0,0,0,0,0,0,0],[7,0,20,8,0,0,50,0,0,0,0,0,182,0,0,0,0,0,0,0,0,0,0,0,0,0,0,0],[14,0,147,19,0,0,20,0,3,0,0,1,60,0,0,0,0,0,0,0,0,0,0,0,0,0,0,4],[7,1,105,24,1,0,9,0,7,0,0,1,46,0,0,0,0,0,0,0,0,0,0,0,0,0,0,0],[10,0,131,24,0,0,0,0,7,0,0,0,59,0,0,0,0,0,0,0,0,0,0,0,0,0,0,0],[7,0,38,15,0,0,20,0,3,0,0,0,103,0,0,0,0,0,0,0,0,0,0,0,0,0,0,0],[2,0,75,12,0,0,6,0,6,0,0,0,26,0,0,0,0,0,0,0,0,0,0,0,0,0,0,0],[5,1,60,6,0,0,5,0,5,0,0,0,47,0,0,0,0,0,0,0,0,0,0,0,0,0,0,0],[6,0,47,11,0,0,5,1,1,0,0,0,42,0,0,0,0,0,0,0,0,0,0,0,0,0,0,0],[4,0,53,15,0,0,6,0,1,0,0,0,34,0,0,0,0,0,0,0,0,0,0,0,0,0,0,0],[7,1,39,15,0,0,5,0,4,0,0,0,43,0,0,0,0,0,0,0,0,0,0,0,0,0,0,0],[2,0,66,15,0,0,1,1,3,0,0,0,19,0,0,0,0,0,0,0,0,0,0,0,0,0,0,0],[3,0,39,4,0,0,6,0,2,0,0,1,31,0,0,0,0,0,0,0,0,0,0,0,0,0,0,0],[2,0,59,16,0,0,0,0,2,0,0,0,22,0,0,0,0,0,0,0,0,0,0,0,0,0,0,0],[2,0,57,10,0,0,0,0,2,0,0,1,12,0,0,0,0,0,0,0,0,0,0,0,0,0,0,0],[1,1,27,7,0,0,3,0,1,0,0,0,32,0,0,0,0,0,0,0,0,0,0,0,0,0,0,0],[2,0,28,2,0,0,3,0,5,0,0,0,12,0,0,0,0,0,0,0,0,0,0,0,0,0,0,5]]}