{"Accuracy":0.11641586867305062,"Precision":0.0546062500136735,"Recall":0.11641586867305062,"F1 Score":0.0568198871942779,"Adjusted Rand Index":0.017363933899468983,"Precision by cluster":[0.08536585365853659,0.0,0.09986033519553073,0.102803738317757,0.0,0.0,0.3308714918759232,0.0625,0.05194805194805195,0.0,0.0,0.10526315789473684,0.08446455505279035,0.0,0.0,0.0,0.02531645569620253,0.0,0.0,0.0,0.0,0.0,0.0,0.0,0.0,0.0,0.0,0.35294117647058826],"Recall by cluster":[0.05591054313099041,0.0,0.7161936560934892,0.04174573055028463,0.0,0.0,0.6054054054054054,0.00303951367781155,0.026845637583892617,0.0,0.0,0.04878048780487805,0.41947565543071164,0.0,0.0,0.0,0.010752688172043012,0.0,0.0,0.0,0.0,0.0,0.0,0.0,0.0,0.0,0.0,0.10526315789473684],"F1 score by cluster":[0.06756756756756757,0.0,0.1752808988764045,0.059379217273954114,0.0,0.0,0.4278892072588348,0.005797101449275362,0.035398230088495575,0.0,0.0,0.06666666666666667,0.1406151914626491,0.0,0.0,0.0,0.01509433962264151,0.0,0.0,0.0,0.0,0.0,0.0,0.0,0.0,0.0,0.0,0.16216216216216217],"confusion_matrix":[[35,1,403,20,0,0,33,2,14,0,0,5,106,0,0,0,7,0,0,0,0,0,0,0,0,0,0,0],[31,0,381,19,0,0,37,1,5,0,0,6,100,0,0,0,6,0,0,0,0,0,0,0,0,0,0,1],[29,0,429,18,0,0,5,2,24,0,0,9,75,0,0,0,8,0,0,0,0,0,0,0,0,0,0,0],[30,0,356,22,0,0,6,1,7,0,0,13,86,0,0,0,6,0,0,0,0,0,0,0,0,0,0,0],[27,0,318,14,0,0,7,1,12,0,0,4,52,0,0,0,5,0,0,0,0,0,0,0,0,0,0,0],[23,0,326,15,0,0,1,0,9,0,0,1,60,0,0,0,4,0,0,0,0,0,0,0,0,0,0,0],[6,0,87,1,0,0,224,0,1,0,0,1,47,0,0,0,3,0,0,0,0,0,0,0,0,0,0,0],[27,0,189,9,0,0,7,1,9,0,0,6,72,0,0,0,9,0,0,0,0,0,0,0,0,0,0,0],[14,1,160,5,0,0,40,0,8,0,0,1,59,0,0,0,4,0,0,0,0,0,0,0,0,0,0,6],[14,0,201,10,0,0,8,1,6,0,0,8,63,0,0,0,5,0,0,0,0,0,0,0,0,0,0,0],[16,1,165,14,0,0,23,0,4,0,0,6,47,0,0,0,1,0,0,0,0,0,0,0,0,0,0,0],[23,0,96,5,0,0,48,1,3,0,0,12,57,0,0,0,1,0,0,0,0,0,0,0,0,0,0,0],[12,0,30,6,0,0,92,0,0,0,0,11,112,0,0,0,4,0,0,0,0,0,0,0,0,0,0,0],[13,0,169,5,0,0,28,0,6,0,0,7,36,0,0,0,1,0,0,0,0,0,0,0,0,0,0,3],[17,0,122,9,0,0,17,1,5,0,0,3,26,0,0,0,0,0,0,0,0,0,0,0,0,0,0,1],[14,0,157,4,0,0,0,1,7,0,0,4,41,0,0,0,3,0,0,0,0,0,0,0,0,0,0,0],[11,0,55,6,0,0,32,0,3,0,0,2,75,0,0,0,2,0,0,0,0,0,0,0,0,0,0,0],[5,0,85,2,0,0,10,0,6,0,0,2,16,0,0,0,1,0,0,0,0,0,0,0,0,0,0,0],[10,1,69,1,0,0,14,0,4,0,0,0,28,0,0,0,2,0,0,0,0,0,0,0,0,0,0,0],[6,0,59,4,0,1,9,1,1,0,0,1,31,0,0,0,0,0,0,0,0,0,0,0,0,0,0,0],[3,0,68,4,0,0,12,0,1,0,0,0,24,0,0,0,1,0,0,0,0,0,0,0,0,0,0,0],[13,1,54,5,0,0,7,0,4,0,0,2,27,0,0,0,1,0,0,0,0,0,0,0,0,0,0,0],[7,0,74,4,0,0,1,1,3,0,0,0,14,0,0,0,3,0,0,0,0,0,0,0,0,0,0,0],[7,0,41,3,0,0,7,0,2,0,0,5,20,0,0,0,1,0,0,0,0,0,0,0,0,0,0,0],[5,0,72,5,0,0,1,1,2,0,0,2,12,0,0,0,1,0,0,0,0,0,0,0,0,0,0,0],[6,0,65,3,0,0,1,1,3,0,0,0,5,0,0,0,0,0,0,0,0,0,0,0,0,0,0,0],[3,1,34,1,0,0,3,0,1,0,0,2,27,0,0,0,0,0,0,0,0,0,0,0,0,0,0,0],[3,0,31,0,0,0,4,0,4,0,0,1,8,0,0,0,0,0,0,0,0,0,0,0,0,0,0,6]]}