{"Accuracy":0.12393980848153215,"Precision":0.06675108688520857,"Recall":0.12393980848153215,"F1 Score":0.07939367645124425,"Adjusted Rand Index":0.02227545109981334,"Precision by cluster":[0.08300132802124834,0.15,0.12215132178669097,0.09348441926345609,0.0,0.069164265129683,0.3047158403869408,0.0,0.059113300492610835,0.0,0.0,0.06951871657754011,0.08069164265129683,0.0,0.0,0.0,0.0,0.0,0.0,0.0,0.0,0.0,0.0,0.0,0.0,0.0,0.0,0.16666666666666666],"Recall by cluster":[0.19440124416796267,0.1473851030110935,0.4386252045826514,0.0673469387755102,0.0,0.05504587155963303,0.6237623762376238,0.0,0.03858520900321544,0.0,0.0,0.04980842911877394,0.35,0.0,0.0,0.0,0.0,0.0,0.0,0.0,0.0,0.0,0.0,0.0,0.0,0.0,0.0,0.03225806451612903],"F1 score by cluster":[0.11633317822242904,0.1486810551558753,0.1910873440285205,0.07829181494661921,0.0,0.06130268199233716,0.40942323314378554,0.0,0.04669260700389105,0.0,0.0,0.05803571428571429,0.13114754098360656,0.0,0.0,0.0,0.0,0.0,0.0,0.0,0.0,0.0,0.0,0.0,0.0,0.0,0.0,0.05405405405405406],"confusion_matrix":[[125,64,230,31,0,37,37,0,28,0,0,18,73,0,0,0,0,0,0,0,0,0,0,0,0,0,0,0],[151,93,158,45,0,33,37,1,15,0,0,8,89,0,0,0,1,0,0,0,0,0,0,0,0,0,0,0],[157,22,268,17,0,26,17,1,32,0,0,15,54,0,0,0,1,0,0,0,0,0,0,0,0,0,0,1],[127,39,165,33,0,22,17,1,7,1,0,10,67,0,0,0,1,0,0,0,0,0,0,0,0,0,0,0],[110,35,172,19,0,21,11,0,14,0,0,5,55,0,0,0,1,0,0,0,0,0,0,0,0,0,0,1],[113,37,175,29,0,24,3,1,6,0,0,8,40,0,0,0,0,0,0,0,0,0,0,0,0,0,0,0],[40,10,44,5,0,11,252,1,5,0,0,8,27,0,0,0,1,0,0,0,0,0,0,0,0,0,0,0],[79,5,130,10,0,9,9,0,6,0,0,11,51,0,0,0,2,0,0,0,0,0,0,0,0,0,0,0],[45,39,75,18,0,13,35,0,12,0,0,12,59,0,0,0,0,0,0,0,0,0,0,0,0,0,0,3],[67,12,98,20,0,10,11,0,5,0,0,11,47,0,0,0,1,0,0,0,0,0,0,0,0,0,0,0],[51,42,68,20,0,16,33,0,4,0,0,1,41,0,0,0,0,0,0,0,0,0,0,0,0,0,0,0],[43,17,58,7,0,16,64,0,5,0,0,13,37,0,0,0,0,0,0,0,0,0,0,0,0,0,0,1],[20,20,19,4,0,0,81,0,1,0,0,11,84,0,0,0,0,0,0,0,0,0,0,0,0,0,0,0],[49,18,72,8,0,20,37,0,12,0,0,10,15,0,0,0,1,0,0,0,0,0,0,0,0,0,0,3],[36,23,81,17,0,13,11,0,8,0,0,6,19,0,0,0,1,0,0,0,0,0,0,0,0,0,0,0],[49,14,72,18,0,23,8,0,3,0,0,9,28,0,0,0,0,0,0,0,0,0,0,0,0,0,0,0],[15,7,20,0,0,4,55,0,1,0,0,10,61,0,0,0,0,0,0,0,0,0,0,0,0,0,0,0],[19,12,43,3,0,9,12,0,3,0,0,2,16,0,0,0,0,0,0,0,0,0,0,0,0,0,0,0],[19,22,22,8,0,3,19,0,8,0,0,1,24,0,0,0,1,0,0,0,0,0,0,0,0,0,0,1],[26,20,26,5,0,2,19,0,0,0,0,2,19,0,0,0,0,0,0,0,0,0,0,0,0,0,0,0],[20,21,26,11,0,6,12,0,0,0,0,3,26,0,0,0,0,0,0,0,0,0,0,0,0,0,0,0],[34,15,26,0,0,4,16,0,2,0,0,3,28,0,0,0,0,0,0,0,0,0,0,0,0,0,0,0],[27,9,43,4,0,9,0,1,5,0,0,2,16,0,0,0,0,0,0,0,0,0,0,0,0,0,0,0],[22,7,20,3,0,3,13,0,3,0,0,3,17,0,0,0,2,0,0,0,0,0,0,0,0,0,0,0],[20,8,29,6,0,7,2,0,2,0,0,0,11,0,0,0,0,0,0,0,0,0,0,0,0,0,0,0],[17,1,33,2,0,2,0,0,1,0,0,2,8,0,0,0,0,0,0,0,0,0,0,0,0,0,0,0],[15,6,11,5,0,3,6,0,2,0,0,3,20,0,0,0,0,0,0,0,0,0,0,0,0,0,0,0],[10,2,10,5,0,1,10,0,13,0,0,0,9,0,0,0,0,0,0,0,0,0,0,0,0,0,0,2]]}