{"Accuracy":0.08823529411764706,"Precision":0.08841035598881523,"Recall":0.08823529411764706,"F1 Score":0.07048161806254653,"Adjusted Rand Index":0.007212540616840711,"Precision by cluster":[0.10217391304347827,0.06997084548104957,0.11238532110091744,0.0929144385026738,0.046511627906976744,0.07621951219512195,0.524,0.0,0.10309278350515463,0.07575757575757576,0.040369088811995385,0.07692307692307693,0.0,0.08755760368663594,0.0,0.0,0.05333333333333334,0.0,0.0,0.0,0.0,0.0,0.0,0.0,0.0,0.0,0.0,0.6666666666666666],"Recall by cluster":[0.07309486780715396,0.03803486529318542,0.08019639934533551,0.2836734693877551,0.0045045045045045045,0.11467889908256881,0.32425742574257427,0.0,0.06430868167202572,0.03546099290780142,0.12681159420289856,0.0038314176245210726,0.0,0.07755102040816327,0.0,0.0,0.6705202312138728,0.0,0.0,0.0,0.0,0.0,0.0,0.0,0.0,0.0,0.0,0.03225806451612903],"F1 score by cluster":[0.08522212148685404,0.049281314168377825,0.0936007640878701,0.13997985901309165,0.008213552361396304,0.09157509157509157,0.40061162079510704,0.0,0.07920792079207921,0.04830917874396135,0.06124234470691164,0.0072992700729927005,0.0,0.08225108225108226,0.0,0.0,0.09880749574105621,0.0,0.0,0.0,0.0,0.0,0.0,0.0,0.0,0.0,0.0,0.06153846153846154],"confusion_matrix":[[47,29,43,147,5,67,10,1,14,14,100,4,1,21,0,0,137,0,3,0,0,0,0,0,0,0,0,0],[34,24,38,137,6,82,10,0,7,15,83,1,1,22,0,0,169,0,2,0,0,0,0,0,0,0,0,0],[54,47,49,146,3,55,1,1,8,6,101,0,1,16,0,0,123,0,0,0,0,0,0,0,0,0,0,0],[37,17,30,139,6,36,1,0,3,14,78,0,0,12,0,0,117,0,0,0,0,0,0,0,0,0,0,0],[28,31,38,96,2,53,1,3,4,11,53,0,0,21,0,0,100,0,2,0,0,0,0,0,0,0,0,1],[29,26,30,128,2,50,1,0,1,11,63,1,0,12,0,0,82,0,0,0,0,0,0,0,0,0,0,0],[13,12,7,20,1,16,131,0,40,3,23,1,0,6,0,0,129,0,2,0,0,0,0,0,0,0,0,0],[31,15,28,70,1,15,1,0,3,6,37,0,0,2,0,0,102,0,1,0,0,0,0,0,0,0,0,0],[12,15,26,51,3,19,6,0,20,4,23,1,0,11,0,0,120,0,0,0,0,0,0,0,0,0,0,0],[20,15,20,63,2,20,0,0,1,10,39,0,0,9,0,0,83,0,0,0,0,0,0,0,0,0,0,0],[12,11,9,66,4,27,9,0,10,2,35,2,0,6,0,0,82,0,1,0,0,0,0,0,0,0,0,0],[8,13,6,35,0,26,7,0,7,5,18,1,2,10,0,0,123,0,0,0,0,0,0,0,0,0,0,0],[10,2,6,13,0,5,19,0,6,2,6,1,0,0,0,0,170,0,0,0,0,0,0,0,0,0,0,0],[13,10,7,37,0,31,17,0,12,5,37,1,1,19,0,0,55,0,0,0,0,0,0,0,0,0,0,0],[20,10,15,52,3,18,3,0,10,2,33,0,0,4,0,0,45,0,0,0,0,0,0,0,0,0,0,0],[15,9,18,66,0,30,2,0,0,5,24,0,0,4,0,0,50,0,1,0,0,0,0,0,0,0,0,0],[5,3,4,10,0,6,7,0,13,1,6,0,0,1,0,0,116,0,1,0,0,0,0,0,0,0,0,0],[7,4,7,23,1,11,5,0,2,2,13,0,0,11,0,0,33,0,0,0,0,0,0,0,0,0,0,0],[8,4,6,26,0,8,2,0,8,5,9,0,0,3,0,0,49,0,0,0,0,0,0,0,0,0,0,0],[14,6,3,23,0,7,5,0,5,1,8,0,0,1,0,0,46,0,0,0,0,0,0,0,0,0,0,0],[3,8,9,21,1,13,2,0,3,1,10,0,0,9,0,0,45,0,0,0,0,0,0,0,0,0,0,0],[7,7,3,19,1,6,3,0,2,3,12,0,0,0,0,0,65,0,0,0,0,0,0,0,0,0,0,0],[15,4,8,34,0,14,0,0,1,1,12,0,0,4,0,0,23,0,0,0,0,0,0,0,0,0,0,0],[3,6,5,14,1,12,3,0,3,1,6,0,0,5,0,0,34,0,0,0,0,0,0,0,0,0,0,0],[3,5,10,22,0,9,0,0,1,2,13,0,0,2,0,0,18,0,0,0,0,0,0,0,0,0,0,0],[4,3,8,16,0,9,0,0,0,0,10,0,0,2,0,0,14,0,0,0,0,0,0,0,0,0,0,0],[5,4,1,10,1,8,1,0,0,0,10,0,0,0,0,0,30,0,1,0,0,0,0,0,0,0,0,0],[3,3,2,12,0,3,3,0,10,0,5,0,0,4,0,0,15,0,0,0,0,0,0,0,0,0,0,2]]}