{"Accuracy":0.09671682626538988,"Precision":0.05967041790076993,"Recall":0.09671682626538988,"F1 Score":0.050665209703137384,"Adjusted Rand Index":0.006617630141069925,"Precision by cluster":[0.09373712402142563,0.11224489795918367,0.07628865979381444,0.058823529411764705,0.0,0.014285714285714285,0.398406374501992,0.0,0.048465266558966075,0.0,0.0,0.11650485436893204,0.07468879668049792,0.0,0.0,0.0,0.0,0.0,0.0,0.0,0.0,0.0,0.0,0.0,0.0,0.0,0.0,0.0],"Recall by cluster":[0.7120500782472613,0.017741935483870968,0.13214285714285715,0.011787819253438114,0.0,0.0024449877750611247,0.24449877750611246,0.0,0.09740259740259741,0.0,0.0,0.04428044280442804,0.07171314741035857,0.0,0.0,0.0,0.0,0.0,0.0,0.0,0.0,0.0,0.0,0.0,0.0,0.0,0.0,0.0],"F1 score by cluster":[0.165665392317495,0.03064066852367688,0.09673202614379085,0.019639934533551555,0.0,0.0041753653444676405,0.30303030303030304,0.0,0.06472491909385113,0.0,0.0,0.06417112299465241,0.07317073170731707,0.0,0.0,0.0,0.0,0.0,0.0,0.0,0.0,0.0,0.0,0.0,0.0,0.0,0.0,0.0],"confusion_matrix":[[455,7,83,0,0,6,14,0,59,0,0,2,13,0,0,0,0,0,0,0,0,0,0,0,0,0,0,0],[425,11,86,6,0,9,8,0,58,0,0,11,6,0,0,0,0,0,0,0,0,0,0,0,0,0,0,0],[412,2,74,1,0,6,1,0,61,0,0,2,1,0,0,0,0,0,0,0,0,0,0,0,0,0,0,0],[375,3,76,6,0,4,2,0,40,0,0,2,1,0,0,0,0,0,0,0,0,0,0,0,0,0,0,0],[283,4,55,6,0,4,5,0,59,0,0,0,1,0,0,0,0,0,0,0,0,0,0,0,0,0,0,0],[317,2,47,0,0,1,0,0,39,0,0,2,1,0,0,0,0,0,0,0,0,0,0,0,0,0,0,0],[130,2,25,11,0,2,100,0,12,0,0,17,110,0,0,0,0,0,0,0,0,0,0,0,0,0,0,0],[234,5,60,3,0,5,5,0,20,0,0,2,1,0,0,0,0,0,0,0,0,0,0,0,0,0,0,0],[188,10,40,7,1,3,13,0,30,0,0,6,10,0,0,0,0,0,0,0,0,0,0,0,0,0,0,0],[215,5,46,3,0,5,2,0,16,0,0,0,0,0,0,0,0,0,0,0,0,0,0,0,0,0,0,0],[179,6,49,2,0,0,9,0,21,0,0,3,6,0,0,0,0,0,0,0,0,0,0,0,0,0,0,0],[164,3,37,8,0,4,8,0,21,0,0,12,14,0,0,0,0,0,0,0,0,0,0,0,0,0,0,0],[110,9,42,20,0,4,29,0,5,0,0,14,18,0,0,0,0,0,0,0,0,0,0,0,0,0,0,0],[158,1,23,3,0,1,9,0,28,0,0,3,14,0,0,0,0,0,0,0,0,0,0,0,0,0,0,0],[170,5,23,2,1,1,4,0,17,0,0,3,6,0,0,0,0,0,0,0,0,0,0,0,0,0,0,0],[143,3,28,1,0,2,0,0,23,0,0,0,1,0,0,0,0,0,0,0,0,0,0,0,0,0,0,0],[100,5,30,7,0,2,12,0,7,0,0,8,9,0,0,0,0,0,0,0,0,0,0,0,0,0,0,0],[93,2,14,0,0,1,5,0,11,0,0,1,8,0,0,0,0,0,0,0,0,0,0,0,0,0,0,0],[97,2,12,3,0,2,3,0,9,0,0,3,4,0,0,0,0,0,0,0,0,0,0,0,0,0,0,0],[81,0,14,2,0,3,4,0,7,0,0,6,3,0,0,0,0,0,0,0,0,0,0,0,0,0,0,0],[77,5,19,2,0,2,5,0,9,0,0,2,2,0,0,0,0,0,0,0,0,0,0,0,0,0,0,0],[97,2,14,3,0,1,4,0,10,0,0,0,0,0,0,0,0,0,0,0,0,0,0,0,0,0,0,0],[79,0,13,0,0,2,1,0,5,0,0,0,0,0,0,0,0,0,0,0,0,0,0,0,0,0,0,0],[67,0,14,3,0,0,4,0,9,0,0,2,6,0,0,0,0,0,0,0,0,0,0,0,0,0,0,0],[72,0,11,1,0,0,0,0,12,0,0,1,0,0,0,0,0,0,0,0,0,0,0,0,0,0,0,0],[54,1,11,1,0,0,1,0,15,0,0,1,1,0,0,0,0,0,0,0,0,0,0,0,0,0,0,0],[46,3,15,1,0,0,1,0,4,0,0,0,2,0,0,0,0,0,0,0,0,0,0,0,0,0,0,0],[33,0,9,0,0,0,2,0,12,0,0,0,3,0,0,0,0,0,0,0,0,0,0,0,0,0,0,0]]}