{"Accuracy":0.16580027359781122,"Precision":0.06901862250105997,"Recall":0.16580027359781122,"F1 Score":0.09127064277363307,"Adjusted Rand Index":0.03182882149366392,"Precision by cluster":[0.08290155440414508,0.13842746400885936,0.18059558117195004,0.1423785594639866,0.0,0.0,0.3996447602131439,0.0,0.0,0.0,0.0,0.0,0.13256113256113256,0.0,0.0,0.0,0.0,0.0,0.0,0.0,0.0,0.0,0.0,0.0,0.0,0.0,0.0,0.0],"Recall by cluster":[0.075,0.6048387096774194,0.6438356164383562,0.16536964980544747,0.0,0.0,0.5921052631578947,0.0,0.0,0.0,0.0,0.0,0.3886792452830189,0.0,0.0,0.0,0.0,0.0,0.0,0.0,0.0,0.0,0.0,0.0,0.0,0.0,0.0,0.0],"F1 score by cluster":[0.07875307629204266,0.22529288074496845,0.2820705176294073,0.15301530153015303,0.0,0.0,0.47720042417815484,0.0,0.0,0.0,0.0,0.0,0.19769673704414586,0.0,0.0,0.0,0.0,0.0,0.0,0.0,0.0,0.0,0.0,0.0,0.0,0.0,0.0,0.0],"confusion_matrix":[[48,256,215,52,0,1,32,0,0,0,0,0,36,0,0,0,0,0,0,0,0,0,0,0,0,0,0,0],[42,375,74,41,0,1,23,0,0,0,0,0,64,0,0,0,0,0,0,0,0,0,0,0,0,0,0,0],[51,91,376,41,0,1,1,0,0,0,0,0,23,0,0,0,0,0,0,0,0,0,0,0,0,0,0,0],[54,197,138,85,0,0,7,0,0,0,0,0,33,0,0,0,0,0,0,0,0,0,0,0,0,0,0,0],[51,134,196,43,0,0,5,0,0,0,0,0,23,0,0,0,0,0,0,0,0,0,0,0,0,0,0,0],[43,162,171,42,0,0,0,0,0,0,0,0,10,0,0,0,0,0,0,0,0,0,0,0,0,0,0,0],[11,66,17,8,0,0,225,0,0,0,0,0,53,0,0,0,0,0,0,0,0,0,0,0,0,0,0,0],[27,53,192,33,0,0,1,0,0,0,0,0,24,0,0,0,0,0,0,0,0,0,0,0,0,0,0,0],[17,121,85,19,0,0,26,0,0,0,0,0,45,0,0,0,0,0,0,0,0,0,0,0,0,0,0,0],[20,112,81,30,0,0,3,0,0,0,0,0,25,0,0,0,0,0,0,0,0,0,0,0,0,0,0,0],[16,155,34,20,0,0,26,0,0,0,0,0,26,0,0,0,0,0,0,0,0,0,0,0,0,0,0,0],[20,99,30,14,0,0,26,0,0,0,0,0,51,0,0,0,0,0,0,0,0,0,0,0,0,0,0,0],[7,74,12,5,0,0,64,0,0,0,0,0,103,0,0,0,0,0,0,0,0,0,0,0,0,0,0,0],[28,118,42,18,0,0,20,0,0,0,0,0,25,0,0,0,0,0,0,0,0,0,0,0,0,0,0,0],[18,73,67,11,0,0,15,0,0,0,0,0,22,0,0,0,0,0,0,0,0,0,0,0,0,0,0,0],[27,77,94,27,0,0,4,0,0,0,0,0,12,0,0,0,0,0,0,0,0,0,0,0,0,0,0,0],[5,43,7,12,0,0,25,0,0,0,0,0,62,0,0,0,0,0,0,0,0,0,0,0,0,0,0,0],[14,64,27,11,0,0,8,0,0,0,0,0,20,0,0,0,0,0,0,0,0,0,0,0,0,0,0,0],[11,43,30,10,0,0,7,0,0,0,0,0,31,0,0,0,0,0,0,0,0,0,0,0,0,0,0,0],[8,49,6,4,0,0,8,0,0,0,0,0,15,0,0,0,0,0,0,0,0,0,0,0,0,0,0,0],[8,77,9,9,0,0,4,0,0,0,0,0,13,0,0,0,0,0,0,0,0,0,0,0,0,0,0,0],[10,43,19,17,0,0,9,0,0,0,0,0,23,0,0,0,0,0,0,0,0,0,0,0,0,0,0,0],[8,47,48,6,0,0,0,0,0,0,0,0,3,0,0,0,0,0,0,0,0,0,0,0,0,0,0,0],[9,31,16,13,0,0,14,0,0,0,0,0,14,0,0,0,0,0,0,0,0,0,0,0,0,0,0,0],[6,47,21,6,0,0,1,0,0,0,0,0,4,0,0,0,0,0,0,0,0,0,0,0,0,0,0,0],[11,20,47,11,0,0,0,0,0,0,0,0,2,0,0,0,0,0,0,0,0,0,0,0,0,0,0,0],[4,58,8,6,0,0,5,0,0,0,0,0,11,0,0,0,0,0,0,0,0,0,0,0,0,0,0,0],[5,24,20,3,0,0,4,0,0,0,0,0,4,0,0,0,0,0,0,0,0,0,0,0,0,0,0,0]],"epoch_accuracies":[[0.08896083169942091,0.1038712325019379,0.10943413433039989,0.11408508503944188,0.11586338972231089,0.12302220600975787,0.12598604714787287,0.12812913227850986,0.13259769276366787,0.13419360722265286,0.13428480233459486,0.13998449683096986,0.14221877707354885,0.14171720395786785,0.14399708175641784,0.14486343531986687,0.14591217910719986,0.14842004468560485,0.14837444712963385,0.14755369112215586,0.15174866627148784,0.15060872737221284,0.15024394692444484,0.15156627604760384,0.15375495873421186,0.15238703205508186,0.15193105649537184,0.15389175140212485,0.15243262961105286,0.15484930007751585],[0.11641586867305062,0.11696306429548564,0.1250341997264022,0.13789329685362517,0.13406292749658003,0.1307797537619699,0.14870041039671683,0.14979480164158687,0.14801641586867306,0.153077975376197,0.15170998632010943,0.1538987688098495,0.15554035567715457,0.15526675786593708,0.15690834473324214,0.15923392612859097,0.1585499316005472,0.16046511627906976,0.16374829001367988,0.15964432284541724,0.15937072503419972,0.16320109439124486,0.16320109439124486,0.16566347469220247,0.16265389876880984,0.1642954856361149,0.16607387140902874,0.16374829001367988,0.15937072503419972,0.16730506155950753]]}