{"Accuracy":0.19327041444398851,"Precision":0.18435579979457611,"Recall":0.19327041444398851,"F1 Score":0.15406047610296128,"Adjusted Rand Index":0.04046094587171215,"Precision by cluster":[0.091324200913242,0.16531895777178796,0.31925675675675674,0.1298917568692756,0.14285714285714285,0.13755458515283842,0.5433962264150943,0.215311004784689,0.27450980392156865,0.1619047619047619,0.2635135135135135,0.2773109243697479,0.19515477792732167,0.1111111111111111,0.0,0.0,0.2215909090909091,0.0,0.375,0.25,0.0,0.17391304347826086,0.0,0.3076923076923077,0.0,0.0,0.14285714285714285,0.0],"Recall by cluster":[0.06201550387596899,0.5954692556634305,0.3181818181818182,0.3305084745762712,0.011210762331838564,0.14285714285714285,0.3711340206185567,0.375,0.05166051660516605,0.056105610561056105,0.12580645161290321,0.12790697674418605,0.5642023346303502,0.00796812749003984,0.0,0.0,0.23780487804878048,0.0,0.024390243902439025,0.034482758620689655,0.0,0.07207207207207207,0.0,0.09411764705882353,0.0,0.0,0.0125,0.0],"F1 score by cluster":[0.07386888273314866,0.2587904360056259,0.31871838111298484,0.18649133293484757,0.02079002079002079,0.14015572858731926,0.44104134762633995,0.2735562310030395,0.08695652173913043,0.08333333333333333,0.1703056768558952,0.17506631299734748,0.29,0.01486988847583643,0.0,0.0,0.22941176470588234,0.0,0.04580152671755725,0.06060606060606061,0.0,0.10191082802547771,0.0,0.14414414414414414,0.0,0.0,0.022988505747126436,0.0],"confusion_matrix":[[40,230,56,102,5,53,12,63,1,5,20,8,38,0,0,1,5,0,1,2,0,1,0,2,0,0,0,0],[26,368,8,89,0,7,9,8,3,9,11,9,38,1,1,0,23,0,0,0,0,6,0,1,0,0,1,0],[39,75,189,90,2,59,1,110,2,5,6,1,10,2,0,1,1,0,0,1,0,0,0,0,0,0,0,0],[21,173,8,156,0,34,1,28,0,10,5,3,22,1,0,1,5,0,0,0,0,4,0,0,0,0,0,0],[51,110,70,90,5,35,1,54,3,3,5,1,11,2,0,0,1,0,1,0,0,2,0,1,0,0,0,0],[31,109,19,127,0,63,2,63,0,3,4,1,12,0,0,0,3,0,0,0,0,3,0,0,0,0,1,0],[8,61,4,18,0,1,144,0,1,2,5,7,123,0,0,0,11,0,0,0,0,2,0,1,0,0,0,0],[23,35,74,48,1,20,0,135,1,3,2,1,11,0,0,0,4,0,1,1,0,0,0,0,0,0,0,0],[12,78,34,14,9,16,2,15,14,3,2,3,41,1,0,0,24,0,1,0,0,2,0,0,0,0,0,0],[34,87,14,54,0,39,2,33,0,17,2,4,12,0,0,0,5,0,0,0,0,0,0,0,0,0,0,0],[22,132,3,38,0,10,15,2,1,3,39,1,29,2,0,0,4,0,0,4,0,3,0,0,0,0,2,0],[11,94,3,21,0,5,5,5,0,4,2,33,62,0,0,0,5,0,0,0,0,0,0,8,0,0,0,0],[8,36,1,18,0,4,11,1,0,10,1,4,145,1,0,0,14,0,0,1,0,1,0,0,0,0,1,0],[7,130,8,23,2,11,16,1,3,0,8,7,22,2,0,0,6,0,1,0,0,2,0,2,0,0,0,0],[16,56,24,51,0,17,6,26,1,4,4,8,13,1,0,1,5,0,0,1,0,2,0,2,0,0,0,0],[18,46,14,47,0,19,1,29,1,2,2,1,7,0,0,0,0,0,0,0,0,3,0,1,0,0,0,0],[7,23,0,13,0,1,13,3,1,3,1,2,54,1,0,0,39,0,0,0,0,3,0,0,0,0,0,0],[7,61,11,24,2,6,7,10,2,2,1,4,6,1,0,1,2,0,0,0,0,0,0,0,0,0,0,0],[11,25,12,10,4,8,4,5,7,3,3,2,16,0,0,0,8,0,3,0,0,2,0,0,0,0,0,0],[3,42,2,17,0,0,5,2,0,3,11,1,21,2,0,0,2,0,0,4,0,1,0,0,0,0,0,0],[3,66,2,13,0,3,1,0,1,2,2,3,15,0,0,0,0,0,0,0,0,0,0,0,0,0,0,0],[10,40,0,25,0,6,1,2,0,3,2,1,7,0,0,0,5,0,0,0,0,8,0,0,0,0,1,0],[5,26,11,23,0,17,0,14,0,1,2,0,1,0,0,0,0,0,0,1,0,1,0,0,0,0,0,0],[5,32,0,6,0,8,4,1,0,0,1,12,7,1,0,0,0,0,0,0,0,0,0,8,0,0,0,0],[4,26,1,38,0,7,0,5,0,0,1,0,3,0,0,0,0,0,0,0,0,0,0,0,0,0,0,0],[8,17,16,23,0,7,0,10,0,0,1,1,2,0,0,0,1,0,0,0,0,0,0,0,0,0,0,0],[8,32,0,12,1,0,0,2,1,4,5,0,11,0,0,0,2,0,0,1,0,0,0,0,0,0,1,0],[0,16,8,11,4,2,2,0,8,1,0,1,4,0,0,0,1,0,0,0,0,0,0,0,0,0,0,0]],"epoch_accuracies":{"train":[0.11107564634535588,0.14158041128995486,0.15571565364096485,0.15927226300670283,0.17322511513382882,0.17710090739136383,0.1904153937348958,0.1975742100223428,0.2072864894441658,0.21316857416442478,0.22251607313847976,0.23136199899685378,0.23961515662760477,0.24896265560165975,0.25981487392275776],"val":[0.15444596443228453,0.17688098495212037,0.1662106703146375,0.17154582763337894,0.17961696306429548,0.18454172366621066,0.19466484268125855,0.19644322845417236,0.19124487004103968,0.18782489740082078,0.2024623803009576,0.1945280437756498,0.18399452804377564,0.1902872777017784,0.18919288645690835]}}