{"Accuracy":0.14500683994528044,"Precision":0.12391691502173267,"Recall":0.14500683994528044,"F1 Score":0.11432544478052985,"Adjusted Rand Index":0.02768346758517324,"Precision by cluster":[0.11538461538461539,0.1290969899665552,0.22127659574468084,0.10752688172043011,0.07142857142857142,0.125,0.428842504743833,0.17647058823529413,0.11742424242424243,0.12631578947368421,0.0851063829787234,0.18,0.13313609467455623,0.07729468599033816,0.0,0.0,0.07090909090909091,0.0,0.0,0.0,0.0,0.16666666666666666,0.0,0.0,0.0,0.0,0.0,0.3333333333333333],"Recall by cluster":[0.05598755832037325,0.3058637083993661,0.3404255319148936,0.16326530612244897,0.0045045045045045045,0.027522935779816515,0.5594059405940595,0.04807692307692308,0.09967845659163987,0.0425531914893617,0.2898550724637681,0.06896551724137931,0.1875,0.0653061224489796,0.0,0.0,0.4508670520231214,0.0,0.0,0.0,0.0,0.0078125,0.0,0.0,0.0,0.0,0.0,0.11290322580645161],"F1 score by cluster":[0.07539267015706806,0.18156161806208843,0.268214055448098,0.12965964343598055,0.00847457627118644,0.045112781954887216,0.48549946294307195,0.07556675062972293,0.10782608695652174,0.0636604774535809,0.13157894736842105,0.0997229916897507,0.15570934256055363,0.07079646017699115,0.0,0.0,0.12254516889238021,0.0,0.0,0.0,0.0,0.014925373134328358,0.0,0.0,0.0,0.0,0.0,0.1686746987951807],"confusion_matrix":[[36,148,99,77,0,18,21,12,29,10,75,3,16,23,1,0,75,0,0,0,0,0,0,0,0,0,0,0],[20,193,25,56,1,3,20,2,32,11,112,9,21,21,0,0,105,0,0,0,0,0,0,0,0,0,0,0],[32,99,208,79,4,8,5,7,15,6,51,7,12,13,3,0,60,0,0,0,0,0,0,0,0,0,0,2],[21,116,36,80,2,8,6,5,9,10,99,8,14,11,0,0,65,0,0,0,0,0,0,0,0,0,0,0],[27,95,90,58,2,5,5,8,14,3,58,2,12,13,1,0,49,0,0,0,0,1,0,0,0,0,0,1],[35,108,55,66,5,12,0,4,9,8,63,2,12,13,0,0,43,0,0,0,0,1,0,0,0,0,0,0],[9,35,15,9,0,1,226,0,7,2,26,3,19,10,0,0,42,0,0,0,0,0,0,0,0,0,0,0],[5,31,109,50,5,4,3,15,1,5,25,5,10,1,0,0,43,0,0,0,0,0,0,0,0,0,0,0],[12,57,36,20,0,7,12,3,31,1,20,2,21,11,1,0,73,0,0,0,0,0,0,0,0,0,0,4],[12,47,35,41,1,5,3,4,6,12,48,0,9,10,0,0,49,0,0,0,0,0,0,0,0,0,0,0],[11,67,6,13,1,3,21,1,10,4,80,5,11,2,0,0,41,0,0,0,0,0,0,0,0,0,0,0],[7,56,12,9,0,1,33,3,13,1,22,18,25,13,0,0,46,0,0,0,0,1,0,0,0,0,0,1],[3,25,8,6,1,2,44,1,4,2,12,13,45,1,0,0,71,0,1,0,0,1,0,0,0,0,0,0],[7,67,14,14,1,1,30,0,13,2,33,2,10,16,3,0,28,0,0,0,0,0,0,0,0,0,0,4],[9,46,47,28,0,3,8,3,7,1,26,1,7,3,0,0,25,0,0,0,0,0,0,0,0,0,0,1],[14,54,38,36,2,2,2,4,2,2,26,3,9,4,0,0,26,0,0,0,0,0,0,0,0,0,0,0],[1,11,6,3,1,1,24,1,11,0,12,2,19,2,0,0,78,0,1,0,0,0,0,0,0,0,0,0],[11,30,12,12,0,1,12,0,5,0,15,0,3,6,0,0,12,0,0,0,0,0,0,0,0,0,0,0],[4,25,11,11,2,1,10,3,10,0,11,0,9,0,0,0,30,0,0,0,0,0,0,0,0,0,0,1],[5,33,4,6,0,1,13,0,5,3,22,2,10,1,0,0,14,0,0,0,0,0,0,0,0,0,0,0],[4,34,5,11,0,2,7,0,5,0,16,0,8,8,0,0,25,0,0,0,0,0,0,0,0,0,0,0],[6,20,5,10,0,0,6,0,3,4,20,5,12,3,0,0,33,0,0,0,0,1,0,0,0,0,0,0],[3,18,24,21,0,1,0,0,3,2,15,0,2,7,0,0,19,0,0,0,0,1,0,0,0,0,0,0],[6,16,5,5,0,2,8,3,6,0,9,7,6,6,0,0,13,0,1,0,0,0,0,0,0,0,0,0],[4,27,7,11,0,1,2,2,2,3,15,0,2,2,0,0,7,0,0,0,0,0,0,0,0,0,0,0],[6,11,20,6,0,2,0,3,1,2,6,0,1,4,0,0,4,0,0,0,0,0,0,0,0,0,0,0],[2,15,3,2,0,1,1,0,4,1,15,0,9,1,0,0,17,0,0,0,0,0,0,0,0,0,0,0],[0,11,5,4,0,0,5,1,7,0,8,1,4,2,0,0,7,0,0,0,0,0,0,0,0,0,0,7]]}