{"Accuracy":0.1902872777017784,"Precision":0.1668311716484946,"Recall":0.1902872777017784,"F1 Score":0.1491544567350862,"Adjusted Rand Index":0.032954969484065615,"Precision by cluster":[0.10316139767054909,0.14494301994301995,0.26791277258566976,0.16236162361623616,0.0,0.1320754716981132,0.5141388174807198,0.18134715025906736,0.2222222222222222,0.1171875,0.15424164524421594,0.32558139534883723,0.2672955974842767,0.375,0.0,0.0,0.23076923076923078,0.0,0.16666666666666666,0.0,0.0,0.11666666666666667,0.0,0.4444444444444444,0.0,0.0,0.0,0.0],"Recall by cluster":[0.09185185185185185,0.6957264957264957,0.4292845257903494,0.17706237424547283,0.0,0.09545454545454546,0.4975124378109453,0.21604938271604937,0.13333333333333333,0.048859934853420196,0.22304832713754646,0.060085836909871244,0.31954887218045114,0.012605042016806723,0.0,0.0,0.18435754189944134,0.0,0.007042253521126761,0.0,0.0,0.06086956521739131,0.0,0.08,0.0,0.0,0.0,0.0],"F1 score by cluster":[0.09717868338557993,0.23990568818155025,0.329923273657289,0.1693936477382098,0.0,0.11081794195250659,0.5056890012642224,0.19718309859154928,0.16666666666666666,0.06896551724137931,0.182370820668693,0.10144927536231885,0.2910958904109589,0.024390243902439025,0.0,0.0,0.20496894409937888,0.0,0.013513513513513514,0.0,0.0,0.08,0.0,0.13559322033898305,0.0,0.0,0.0,0.0],"confusion_matrix":[[62,274,97,49,1,35,22,45,11,12,35,4,11,0,0,0,9,0,1,0,0,6,0,0,0,0,0,1],[41,407,13,30,1,3,11,3,9,6,30,2,18,1,0,0,8,0,0,0,0,2,0,0,0,0,0,0],[46,140,258,34,1,32,0,51,3,10,15,0,6,0,0,0,0,0,0,0,0,5,0,0,0,0,0,0],[51,214,28,88,0,30,1,24,2,13,27,0,7,1,0,0,5,0,0,0,0,6,0,0,0,0,0,0],[34,137,121,44,0,27,1,38,11,5,9,0,11,0,0,0,0,0,0,0,0,4,0,0,0,0,0,0],[45,185,35,46,0,42,0,48,1,6,16,1,3,0,0,0,5,0,0,0,0,5,0,2,0,0,0,0],[9,102,7,11,1,3,200,0,8,4,11,4,26,1,0,0,11,0,0,0,0,3,0,1,0,0,0,0],[32,55,93,40,0,12,2,70,5,1,7,0,5,0,1,0,1,0,0,0,0,0,0,0,0,0,0,0],[22,84,45,7,3,7,12,5,38,8,9,1,20,1,0,0,18,0,2,0,0,2,0,1,0,0,0,0],[35,124,35,27,0,23,3,21,2,15,10,1,7,0,0,0,3,0,0,0,0,1,0,0,0,0,0,0],[16,129,3,8,1,6,22,3,5,2,60,0,8,0,0,0,5,0,0,0,0,1,0,0,0,0,0,0],[14,101,5,20,0,10,14,1,1,4,11,14,30,0,0,0,6,0,0,0,0,0,0,2,0,0,0,0],[26,62,8,6,0,5,18,2,6,16,15,4,85,0,0,0,8,0,1,0,0,4,0,0,0,0,0,0],[12,137,11,7,2,1,18,0,7,2,19,2,8,3,0,0,4,0,0,1,0,1,0,3,0,0,0,0],[18,90,56,13,0,9,9,14,4,2,4,2,5,0,0,0,2,0,1,0,0,0,0,0,0,0,0,0],[22,66,34,21,1,24,2,20,0,2,5,0,3,0,0,0,0,0,0,0,0,2,0,0,0,0,0,0],[13,53,5,7,0,2,16,0,14,4,12,0,18,0,0,0,33,0,0,0,0,2,0,0,0,0,0,0],[9,58,17,12,0,4,8,7,6,1,7,2,4,0,0,0,0,0,0,0,0,0,0,1,0,0,0,0],[17,40,22,5,0,3,5,6,15,2,9,0,4,0,0,0,12,0,1,0,0,1,0,0,0,0,0,0],[12,45,2,5,0,2,8,0,3,2,22,0,8,0,0,0,5,0,0,0,0,2,0,0,0,0,0,0],[3,69,2,5,2,1,3,0,5,5,6,0,4,0,0,0,2,0,0,0,0,0,0,0,0,0,0,0],[5,48,5,14,2,0,4,1,3,2,18,0,5,1,0,0,0,0,0,0,0,7,0,0,0,0,0,0],[21,24,15,7,0,10,0,12,0,1,6,1,1,0,0,0,0,0,0,0,0,1,0,0,0,0,0,0],[8,35,6,7,0,4,8,1,1,1,4,3,10,0,0,0,4,0,0,0,0,0,0,8,0,0,0,0],[14,42,4,10,0,6,0,0,0,0,3,2,3,0,0,0,0,0,0,0,0,2,0,0,0,0,0,0],[5,26,22,8,0,11,0,12,0,0,5,0,3,0,0,0,0,0,0,0,0,0,0,0,0,0,0,0],[5,43,2,7,0,3,1,1,0,1,11,0,4,0,0,0,1,0,0,0,0,2,0,0,0,0,0,0],[4,18,12,4,0,3,1,1,11,1,3,0,1,0,0,0,1,0,0,0,0,1,0,0,0,0,1,0]]}