{"Accuracy":0.1295485636114911,"Precision":0.06284944619081127,"Recall":0.1295485636114911,"F1 Score":0.07079868496733788,"Adjusted Rand Index":0.018632232748220203,"Precision by cluster":[0.09107806691449814,0.12727272727272726,0.10513739545997611,0.13805970149253732,0.0,0.0,0.3447782546494993,0.0,0.0,0.0,0.0,0.08641975308641975,0.12424242424242424,0.0,0.0,0.0,0.0,0.0,0.0,0.0,0.0,0.0,0.0,0.0,0.0,0.0,0.0,0.0],"Recall by cluster":[0.14605067064083457,0.07106598984771574,0.7296849087893864,0.0744466800804829,0.0,0.0,0.6025,0.0,0.0,0.0,0.0,0.025362318840579712,0.3474576271186441,0.0,0.0,0.0,0.0,0.0,0.0,0.0,0.0,0.0,0.0,0.0,0.0,0.0,0.0,0.0],"F1 score by cluster":[0.11219232970807098,0.09120521172638436,0.18379281537176273,0.09673202614379085,0.0,0.0,0.4385805277525023,0.0,0.0,0.0,0.0,0.0392156862745098,0.18303571428571427,0.0,0.0,0.0,0.0,0.0,0.0,0.0,0.0,0.0,0.0,0.0,0.0,0.0,0.0,0.0],"confusion_matrix":[[98,32,447,27,0,0,28,0,0,0,0,8,31,0,0,0,0,0,0,0,0,0,0,0,0,0,0,0],[131,42,300,21,0,3,35,0,0,0,0,5,54,0,0,0,0,0,0,0,0,0,0,0,0,0,0,0],[74,17,440,17,0,3,6,0,0,0,0,7,39,0,0,0,0,0,0,0,0,0,0,0,0,0,0,0],[63,19,330,37,0,1,5,0,0,0,0,5,37,0,0,0,0,0,0,0,0,0,0,0,0,0,0,0],[62,15,314,15,0,1,8,0,0,0,0,2,20,0,0,0,0,0,0,0,0,0,0,0,0,0,0,0],[64,18,321,12,0,0,3,0,0,0,0,4,22,0,0,0,0,0,0,0,0,0,0,0,0,0,0,0],[27,8,90,3,0,0,241,0,0,0,0,1,30,0,0,0,0,0,0,0,0,0,0,0,0,0,0,0],[31,9,229,16,0,0,10,0,0,0,0,3,27,0,0,0,0,0,0,0,0,0,0,0,0,0,0,0],[44,23,123,8,0,0,35,0,0,0,0,3,25,0,0,0,0,0,0,0,0,0,0,0,0,0,0,0],[43,9,184,9,0,1,6,0,0,0,0,5,26,0,0,0,0,0,0,0,0,0,0,0,0,0,0,0],[49,17,143,11,0,0,32,0,0,0,0,4,26,0,0,0,0,0,0,0,0,0,0,0,0,0,0,0],[44,13,127,8,0,0,39,0,0,0,0,7,38,0,0,0,0,0,0,0,0,0,0,0,0,0,0,0],[16,8,53,5,0,0,66,0,0,0,0,6,82,0,0,0,0,0,0,0,0,0,0,0,0,0,0,0],[43,10,129,11,0,0,37,0,0,0,0,3,16,0,0,0,0,0,0,0,0,0,0,0,0,0,0,0],[35,7,137,9,0,0,15,0,0,0,0,3,20,0,0,0,0,0,0,0,0,0,0,0,0,0,0,0],[30,7,146,10,0,0,8,0,0,0,0,1,16,0,0,0,0,0,0,0,0,0,0,0,0,0,0,0],[18,9,38,11,0,0,31,0,0,0,0,3,48,0,0,0,0,0,0,0,0,0,0,0,0,0,0,0],[26,9,83,3,0,0,15,0,0,0,0,1,13,0,0,0,0,0,0,0,0,0,0,0,0,0,0,0],[24,11,60,3,0,0,16,0,0,0,0,0,12,0,0,0,0,0,0,0,0,0,0,0,0,0,0,0],[28,8,59,7,0,1,18,0,0,0,0,1,14,0,0,0,0,0,0,0,0,0,0,0,0,0,0,0],[32,9,57,7,0,0,11,0,0,0,0,2,11,0,0,0,0,0,0,0,0,0,0,0,0,0,0,0],[19,5,63,4,0,0,11,0,0,0,0,3,17,0,0,0,0,0,0,0,0,0,0,0,0,0,0,0],[15,3,61,2,0,0,1,0,0,0,0,0,4,0,0,0,0,0,0,0,0,0,0,0,0,0,0,0],[12,1,64,1,0,0,7,0,0,0,0,3,10,0,0,0,0,0,0,0,0,0,0,0,0,0,0,0],[12,4,52,6,0,1,2,0,0,0,0,0,5,0,0,0,0,0,0,0,0,0,0,0,0,0,0,0],[10,6,59,1,0,0,2,0,0,0,0,0,2,0,0,0,0,0,0,0,0,0,0,0,0,0,0,0],[17,9,43,4,0,0,5,0,0,0,0,1,9,0,0,0,0,0,0,0,0,0,0,0,0,0,0,0],[9,2,33,0,0,0,6,0,0,0,0,0,6,0,0,0,0,0,0,0,0,0,0,0,0,0,0,0]]}