{"Accuracy":0.13857729138166894,"Precision":0.11828525858386942,"Recall":0.13857729138166894,"F1 Score":0.11314490172616226,"Adjusted Rand Index":0.024771074036570608,"Precision by cluster":[0.09278350515463918,0.13705583756345177,0.2188006482982172,0.08908507223113965,0.05161290322580645,0.07377049180327869,0.5241935483870968,0.15819209039548024,0.12060301507537688,0.07228915662650602,0.10185185185185185,0.17391304347826086,0.13549618320610687,0.09060402684563758,0.0,0.0,0.0812807881773399,0.0,0.0,0.0,0.0,0.0,0.0,0.0,0.0,0.0,0.0,0.4],"Recall by cluster":[0.041990668740279936,0.34231378763866877,0.220949263502455,0.22653061224489796,0.018018018018018018,0.020642201834862386,0.48267326732673266,0.08974358974358974,0.15434083601286175,0.06382978723404255,0.15942028985507245,0.01532567049808429,0.29583333333333334,0.11020408163265306,0.0,0.0,0.3815028901734104,0.0,0.0,0.0,0.0,0.0,0.0,0.0,0.0,0.0,0.0,0.0967741935483871],"F1 score by cluster":[0.057815845824411134,0.1957408246488446,0.21986970684039087,0.12788018433179724,0.02671118530884808,0.03225806451612903,0.5025773195876289,0.11451942740286299,0.13540197461212977,0.06779661016949153,0.12429378531073447,0.028169014084507043,0.18586387434554974,0.09944751381215469,0.0,0.0,0.13401015228426397,0.0,0.0,0.0,0.0,0.0,0.0,0.0,0.0,0.0,0.0,0.15584415584415584],"confusion_matrix":[[27,136,70,130,18,18,11,18,37,22,38,0,29,41,0,0,48,0,0,0,0,0,0,0,0,0,0,0],[21,216,12,99,8,3,7,5,44,23,46,2,36,31,0,0,78,0,0,0,0,0,0,0,0,0,0,0],[18,90,135,148,14,22,2,35,20,9,30,1,18,17,0,0,52,0,0,0,0,0,0,0,0,0,0,0],[33,116,22,111,13,6,1,9,17,26,40,2,21,17,0,0,54,0,1,1,0,0,0,0,0,0,0,0],[25,107,58,90,8,16,1,15,20,21,21,0,15,18,0,0,28,0,0,0,0,0,0,0,0,0,0,1],[17,116,35,126,11,9,0,10,9,17,23,0,11,26,0,0,26,0,0,0,0,0,0,0,0,0,0,0],[6,38,16,15,1,1,195,1,17,3,16,0,48,13,0,0,34,0,0,0,0,0,0,0,0,0,0,0],[18,27,65,75,10,6,1,28,8,19,12,2,14,2,0,0,25,0,0,0,0,0,0,0,0,0,0,0],[10,69,20,32,8,5,6,5,48,3,9,1,35,13,0,0,45,0,0,0,0,0,0,0,0,0,0,2],[13,54,22,70,9,6,2,8,10,18,18,0,12,8,0,0,32,0,0,0,0,0,0,0,0,0,0,0],[5,81,1,35,3,1,16,1,20,11,44,0,26,5,0,0,27,0,0,0,0,0,0,0,0,0,0,0],[10,54,12,18,2,1,20,1,15,8,14,4,43,14,0,0,45,0,0,0,0,0,0,0,0,0,0,0],[7,27,4,6,1,1,23,3,11,11,7,4,71,0,0,0,64,0,0,0,0,0,0,0,0,0,0,0],[8,62,16,22,4,2,23,1,25,3,24,0,14,27,0,0,12,0,0,0,0,0,0,0,0,0,0,2],[11,50,30,48,6,7,6,2,10,3,10,1,5,4,0,0,21,0,0,0,0,0,0,0,0,0,0,1],[10,56,24,57,7,6,1,9,2,5,11,0,11,9,0,0,16,0,0,0,0,0,0,0,0,0,0,0],[2,15,4,7,3,0,16,1,16,4,5,1,31,2,0,0,66,0,0,0,0,0,0,0,0,0,0,0],[8,32,14,11,3,0,8,2,5,3,7,0,5,10,0,0,11,0,0,0,0,0,0,0,0,0,0,0],[5,29,12,15,2,3,6,3,12,6,1,0,10,2,0,0,19,0,0,0,0,0,0,0,0,0,0,3],[7,26,3,16,3,3,10,1,6,5,10,0,14,1,0,0,14,0,0,0,0,0,0,0,0,0,0,0],[2,40,3,13,0,0,3,0,9,4,9,0,11,10,0,0,21,0,0,0,0,0,0,0,0,0,0,0],[9,23,4,19,6,0,4,3,11,3,7,1,17,1,0,0,20,0,0,0,0,0,0,0,0,0,0,0],[6,26,9,26,5,3,0,6,5,6,6,0,0,8,0,0,10,0,0,0,0,0,0,0,0,0,0,0],[2,20,4,9,3,0,5,3,4,3,4,2,11,8,0,0,15,0,0,0,0,0,0,0,0,0,0,0],[4,28,4,20,2,2,1,3,2,7,6,0,1,1,0,0,3,0,0,1,0,0,0,0,0,0,0,0],[2,13,12,15,3,1,0,4,1,4,1,0,2,6,0,0,2,0,0,0,0,0,0,0,0,0,0,0],[3,13,3,6,1,0,1,0,6,2,9,0,7,2,0,0,18,0,0,0,0,0,0,0,0,0,0,0],[2,12,3,7,1,0,3,0,8,0,4,2,6,2,0,0,6,0,0,0,0,0,0,0,0,0,0,6]]}