{"Accuracy":0.11751025991792066,"Precision":0.09419369424478179,"Recall":0.11751025991792066,"F1 Score":0.06515616778733888,"Adjusted Rand Index":0.014783843798666187,"Precision by cluster":[0.12222222222222222,0.125,0.09098294069861901,0.06557377049180328,0.10810810810810811,0.10047846889952153,0.4074074074074074,0.0,0.13414634146341464,0.0,0.3333333333333333,0.03571428571428571,0.13424657534246576,0.0,0.0,0.0,0.0676818950930626,0.0,0.0,0.0,0.0,0.0,0.0,0.0,0.0,0.0,0.0,0.0],"Recall by cluster":[0.06842923794712286,0.001584786053882726,0.7332242225859247,0.0163265306122449,0.009009009009009009,0.0481651376146789,0.5717821782178217,0.0,0.03536977491961415,0.0,0.0036231884057971015,0.0038314176245210726,0.20416666666666666,0.0,0.0,0.0,0.23121387283236994,0.0,0.0,0.0,0.0,0.0,0.0,0.0,0.0,0.0,0.0,0.0],"F1 score by cluster":[0.08773678963110668,0.003129890453834116,0.16187895212285455,0.026143790849673203,0.016632016632016633,0.06511627906976744,0.47579814624098865,0.0,0.05597964376590331,0.0,0.007168458781362007,0.006920415224913495,0.16198347107438016,0.0,0.0,0.0,0.10471204188481675,0.0,0.0,0.0,0.0,0.0,0.0,0.0,0.0,0.0,0.0,0.0],"confusion_matrix":[[44,0,476,10,3,18,24,0,4,0,0,2,21,1,0,0,40,0,0,0,0,0,0,0,0,0,0,0],[29,1,478,8,2,16,16,0,2,0,0,1,23,0,0,0,55,0,0,0,0,0,0,0,0,0,0,0],[48,1,448,12,2,26,9,0,10,0,0,1,13,0,1,0,40,0,0,0,0,0,0,0,0,0,0,0],[35,1,378,8,4,13,3,0,1,1,0,2,20,0,0,0,24,0,0,0,0,0,0,0,0,0,0,0],[17,0,354,10,4,15,5,0,7,0,0,1,7,1,0,0,23,0,0,0,0,0,0,0,0,0,0,0],[22,0,355,8,1,21,3,0,1,0,0,3,4,0,0,0,18,0,0,0,0,0,0,0,0,0,0,0],[10,0,99,5,3,7,231,0,2,0,0,1,23,0,0,0,23,0,0,0,0,0,0,0,0,0,0,0],[17,4,230,8,0,11,3,0,3,0,0,0,12,0,0,0,24,0,0,0,0,0,0,0,0,0,0,0],[11,0,188,2,3,6,21,0,11,0,0,4,30,1,0,0,34,0,0,0,0,0,0,0,0,0,0,0],[13,0,206,6,0,16,3,0,1,0,1,1,12,0,0,0,23,0,0,0,0,0,0,0,0,0,0,0],[14,0,187,6,1,9,20,0,0,0,1,1,14,0,0,0,23,0,0,0,0,0,0,0,0,0,0,0],[11,0,140,5,0,2,35,0,2,0,1,1,28,0,0,0,36,0,0,0,0,0,0,0,0,0,0,0],[9,1,81,4,0,0,50,0,0,0,0,2,49,0,0,0,44,0,0,0,0,0,0,0,0,0,0,0],[10,0,160,3,2,7,33,0,8,1,0,1,10,0,1,0,9,0,0,0,0,0,0,0,0,0,0,0],[13,0,160,4,0,8,6,0,4,0,0,2,7,0,0,0,11,0,0,0,0,0,0,0,0,0,0,0],[6,0,180,6,2,4,5,0,0,1,0,1,7,0,1,0,11,0,0,0,0,0,0,0,0,0,0,0],[4,0,65,2,0,1,36,0,0,0,0,0,25,0,0,0,40,0,0,0,0,0,0,0,0,0,0,0],[3,0,89,0,1,3,9,0,2,0,0,0,5,0,0,0,7,0,0,0,0,0,0,0,0,0,0,0],[4,0,80,1,1,2,11,1,4,0,0,0,9,0,0,0,15,0,0,0,0,0,0,0,0,0,0,0],[5,0,77,1,1,4,11,0,0,0,0,1,9,0,0,0,10,0,0,0,0,0,0,0,0,0,0,0],[5,0,81,1,3,3,6,0,0,0,0,0,7,1,0,0,18,0,0,0,0,0,0,0,0,0,0,0],[6,0,78,2,1,4,8,0,2,0,0,1,9,0,0,0,17,0,0,0,0,0,0,0,0,0,0,0],[8,0,90,1,1,5,1,0,2,0,0,0,1,0,0,0,7,0,0,0,0,0,0,0,0,0,0,0],[2,0,60,1,1,0,8,0,2,0,0,1,7,0,0,0,11,0,0,0,0,0,0,0,0,0,0,0],[4,0,65,3,0,3,1,0,0,1,0,1,1,0,0,0,6,0,0,0,0,0,0,0,0,0,0,0],[6,0,48,3,0,2,0,1,1,0,0,0,0,0,0,0,5,0,0,0,0,0,0,0,0,0,0,0],[3,0,43,1,0,2,2,0,0,0,0,0,6,1,0,0,13,0,0,0,0,0,0,0,0,0,0,0],[1,0,28,1,1,1,7,0,13,0,0,0,6,0,0,0,4,0,0,0,0,0,0,0,0,0,0,0]]}