{"Accuracy":0.18399452804377564,"Precision":0.18103033183137368,"Recall":0.18399452804377564,"F1 Score":0.1460318291852056,"Adjusted Rand Index":0.04060307727708128,"Precision by cluster":[0.09202453987730061,0.16703136396790663,0.24716157205240175,0.14160485502360082,0.08791208791208792,0.17120622568093385,0.5714285714285714,0.16807909604519775,0.27184466019417475,0.07850467289719626,0.2088607594936709,0.20689655172413793,0.2123015873015873,0.13636363636363635,0.0,0.0,0.22330097087378642,0.0,1.0,0.0,0.0,0.12,0.0,0.5555555555555556,0.0,0.0,0.0,0.0],"Recall by cluster":[0.06666666666666667,0.39145299145299145,0.47088186356073214,0.4225352112676056,0.01809954751131222,0.1,0.3880597014925373,0.36728395061728397,0.09824561403508772,0.13680781758957655,0.12267657992565056,0.02575107296137339,0.40225563909774437,0.012605042016806723,0.0,0.0,0.12849162011173185,0.0,0.007042253521126761,0.0,0.0,0.02608695652173913,0.0,0.05,0.0,0.0,0.0,0.0],"F1 score by cluster":[0.07731958762886598,0.23415132924335377,0.3241695303550974,0.21212121212121213,0.0300187617260788,0.12625538020086083,0.4622222222222222,0.23062015503875968,0.14432989690721648,0.0997624703087886,0.15456674473067916,0.04580152671755725,0.2779220779220779,0.023076923076923078,0.0,0.0,0.16312056737588654,0.0,0.013986013986013986,0.0,0.0,0.04285714285714286,0.0,0.09174311926605505,0.0,0.0,0.0,0.0],"confusion_matrix":[[45,126,126,136,10,27,12,75,8,52,15,5,28,3,0,1,4,0,0,0,0,2,0,0,0,0,0,0],[50,229,23,142,3,4,5,13,3,56,16,0,29,5,0,0,6,0,0,0,0,1,0,0,0,0,0,0],[34,56,283,85,5,16,2,87,1,23,5,0,4,0,0,0,0,0,0,0,0,0,0,0,0,0,0,0],[39,79,33,210,6,20,1,47,2,45,5,0,5,1,0,0,2,0,0,0,0,2,0,0,0,0,0,0],[20,51,130,91,8,21,0,77,5,24,1,0,11,0,1,0,1,0,0,0,0,1,0,0,0,0,0,0],[24,62,53,132,5,44,0,75,0,30,5,1,4,0,0,0,2,0,0,0,0,3,0,0,0,0,0,0],[19,65,10,37,0,4,156,0,7,14,4,3,72,2,0,0,9,0,0,0,0,0,0,0,0,0,0,0],[13,19,83,63,3,5,2,119,2,5,3,0,5,0,0,0,2,0,0,0,0,0,0,0,0,0,0,0],[20,50,59,24,10,8,7,10,28,13,6,0,32,2,0,0,16,0,0,0,0,0,0,0,0,0,0,0],[29,38,42,67,5,21,0,44,0,42,4,0,12,1,0,0,1,0,0,0,0,1,0,0,0,0,0,0],[25,88,5,46,2,2,17,7,3,14,33,0,17,1,0,0,5,0,0,2,0,2,0,0,0,0,0,0],[18,63,15,41,2,8,7,7,1,11,5,6,44,1,0,0,2,0,0,0,0,1,0,1,0,0,0,0],[12,39,9,28,0,0,7,7,3,42,1,2,107,1,0,0,7,0,0,0,0,1,0,0,0,0,0,0],[20,83,14,38,4,3,12,2,3,22,6,2,18,3,0,0,5,0,0,0,0,1,0,2,0,0,0,0],[18,37,64,35,6,11,8,23,2,11,1,1,10,0,0,0,1,0,0,0,0,1,0,0,0,0,0,0],[8,24,45,46,1,24,1,29,1,14,4,0,5,0,0,0,0,0,0,0,0,0,0,0,0,0,0,0],[11,35,7,22,2,1,9,3,8,16,2,1,37,0,0,0,23,0,0,0,0,2,0,0,0,0,0,0],[4,28,22,33,4,5,5,10,4,9,3,1,7,0,0,0,0,0,0,0,0,0,0,1,0,0,0,0],[14,20,31,11,7,3,4,10,8,8,5,0,8,0,0,0,12,0,1,0,0,0,0,0,0,0,0,0],[17,28,7,18,0,0,7,1,2,11,11,0,9,1,0,0,2,0,0,0,0,2,0,0,0,0,0,0],[4,53,4,18,1,1,2,0,0,11,4,0,8,0,0,0,1,0,0,0,0,0,0,0,0,0,0,0],[7,26,6,37,1,1,3,4,2,11,7,0,7,0,0,0,0,0,0,0,0,3,0,0,0,0,0,0],[8,7,19,20,0,10,0,23,0,6,4,0,1,0,0,0,1,0,0,0,0,0,0,0,0,0,0,0],[7,16,9,22,0,9,3,2,0,9,0,6,12,0,0,0,0,0,0,0,0,0,0,5,0,0,0,0],[5,19,7,30,2,3,0,7,0,9,0,1,2,0,0,0,0,0,0,0,0,1,0,0,0,0,0,0],[7,5,26,20,0,4,1,19,0,4,2,0,3,1,0,0,0,0,0,0,0,0,0,0,0,0,0,0],[6,18,2,20,1,1,1,4,0,18,4,0,5,0,0,0,0,0,0,0,0,1,0,0,0,0,0,0],[5,7,11,11,3,1,1,3,10,5,2,0,2,0,0,0,1,0,0,0,0,0,0,0,0,0,0,0]]}