{"Accuracy":0.13228454172366622,"Precision":0.07824341250813657,"Recall":0.13228454172366622,"F1 Score":0.08667680669326158,"Adjusted Rand Index":0.023150800719108574,"Precision by cluster":[0.10323709536307961,0.1367816091954023,0.1444321940463065,0.08647140864714087,0.0,0.05185185185185185,0.328125,0.14285714285714285,0.06153846153846154,0.0,0.0,0.08102345415778252,0.07114624505928854,0.0,0.0,0.0,0.07142857142857142,0.0,0.0,0.0,0.0,0.0,0.0,0.0,0.0,0.0,0.0,0.30952380952380953],"Recall by cluster":[0.18351477449455678,0.18858954041204437,0.4288052373158756,0.12653061224489795,0.0,0.016055045871559634,0.6237623762376238,0.003205128205128205,0.012861736334405145,0.0,0.0,0.14559386973180077,0.375,0.0,0.0,0.0,0.005780346820809248,0.0,0.0,0.0,0.0,0.0,0.0,0.0,0.0,0.0,0.0,0.20967741935483872],"F1 score by cluster":[0.13213885778275475,0.15856095936042638,0.21608247422680413,0.10273405136702568,0.0,0.024518388791593695,0.4300341296928328,0.006269592476489028,0.02127659574468085,0.0,0.0,0.10410958904109589,0.11960132890365449,0.0,0.0,0.0,0.0106951871657754,0.0,0.0,0.0,0.0,0.0,0.0,0.0,0.0,0.0,0.0,0.25],"confusion_matrix":[[118,88,178,72,0,12,38,1,8,0,0,40,86,0,0,0,1,0,0,0,0,0,0,0,0,0,0,1],[109,119,125,78,0,15,32,1,7,0,0,27,117,0,0,0,1,0,0,0,0,0,0,0,0,0,0,0],[128,33,262,38,0,9,13,1,10,0,0,32,80,0,0,0,1,0,0,0,0,0,0,0,0,0,0,4],[94,59,125,62,0,14,12,0,3,0,0,31,89,0,0,0,1,0,0,0,0,0,0,0,0,0,0,0],[77,59,140,55,0,6,9,0,5,0,0,18,71,0,0,0,1,0,0,0,0,0,0,0,0,0,0,3],[95,47,135,74,0,7,3,1,0,0,0,21,53,0,0,0,0,0,0,0,0,0,0,0,0,0,0,0],[31,19,32,14,0,6,252,1,2,0,0,18,29,0,0,0,0,0,0,0,0,0,0,0,0,0,0,0],[53,18,98,30,0,7,7,1,3,0,0,31,62,0,0,0,1,0,0,0,0,0,0,0,0,0,0,1],[33,52,64,25,0,6,29,0,4,0,0,18,73,0,0,0,0,0,0,0,0,0,0,0,0,0,0,7],[46,20,81,33,0,7,11,0,2,0,0,23,57,0,0,0,2,0,0,0,0,0,0,0,0,0,0,0],[40,61,55,25,0,4,32,0,0,1,0,13,44,0,0,0,1,0,0,0,0,0,0,0,0,0,0,0],[33,34,45,18,0,4,49,0,1,0,0,38,38,0,0,0,0,0,0,0,0,0,0,0,0,0,0,1],[13,14,12,6,0,0,78,0,0,0,0,27,90,0,0,0,0,0,0,0,0,0,0,0,0,0,0,0],[40,34,61,22,0,6,34,0,3,0,0,19,19,0,0,0,1,0,0,0,0,0,0,0,0,0,0,6],[36,27,66,20,0,7,10,0,2,0,0,19,26,0,0,0,0,0,0,0,0,0,0,0,0,0,0,2],[36,24,69,30,0,8,7,0,0,0,0,12,37,0,0,0,1,0,0,0,0,0,0,0,0,0,0,0],[10,9,16,3,0,1,52,0,0,0,0,18,63,0,0,0,1,0,0,0,0,0,0,0,0,0,0,0],[17,16,30,15,0,4,12,0,3,0,0,6,16,0,0,0,0,0,0,0,0,0,0,0,0,0,0,0],[19,18,20,7,0,1,16,0,3,0,0,3,38,0,0,0,0,0,0,0,0,0,0,0,0,0,0,3],[8,23,24,14,0,0,18,0,1,0,0,6,25,0,0,0,0,0,0,0,0,0,0,0,0,0,0,0],[14,32,11,20,0,2,12,0,0,0,0,6,28,0,0,0,0,0,0,0,0,0,0,0,0,0,0,0],[17,14,28,10,0,0,11,0,1,0,0,7,39,0,0,0,0,0,0,0,0,0,0,0,0,0,0,1],[20,13,43,12,0,2,1,1,1,0,0,5,17,0,0,0,1,0,0,0,0,0,0,0,0,0,0,0],[8,11,20,6,0,3,14,0,3,0,0,12,16,0,0,0,0,0,0,0,0,0,0,0,0,0,0,0],[14,10,25,15,0,0,2,0,0,0,0,5,14,0,0,0,0,0,0,0,0,0,0,0,0,0,0,0],[12,2,30,6,0,2,0,0,1,0,0,6,6,0,0,0,1,0,0,0,0,0,0,0,0,0,0,0],[14,7,10,4,0,2,5,0,1,0,0,4,24,0,0,0,0,0,0,0,0,0,0,0,0,0,0,0],[8,7,9,3,0,0,9,0,1,0,0,4,8,0,0,0,0,0,0,0,0,0,0,0,0,0,0,13]]}