{"Accuracy":0.13584131326949384,"Precision":0.07889248977025547,"Recall":0.13584131326949384,"F1 Score":0.08779555188959087,"Adjusted Rand Index":0.02244432579815161,"Precision by cluster":[0.10519480519480519,0.149519890260631,0.14463007159904534,0.10008481764206956,0.0,0.037037037037037035,0.3597560975609756,0.0,0.14102564102564102,0.0,0.0,0.06097560975609756,0.07567567567567568,0.0,0.0,0.0,0.050314465408805034,0.0,0.0,0.0,0.0,0.0,0.0,0.0,0.0,0.0,0.0,0.47058823529411764],"Recall by cluster":[0.12597200622083982,0.17274167987321712,0.4959083469721768,0.24081632653061225,0.0,0.0045871559633027525,0.5841584158415841,0.0,0.03536977491961415,0.0,0.0,0.019157088122605363,0.4666666666666667,0.0,0.0,0.0,0.046242774566473986,0.0,0.0,0.0,0.0,0.0,0.0,0.0,0.0,0.0,0.0,0.12903225806451613],"F1 score by cluster":[0.11464968152866242,0.16029411764705884,0.22394678492239467,0.14140203714799282,0.0,0.00816326530612245,0.44528301886792454,0.0,0.056555269922879174,0.0,0.0,0.029154518950437316,0.13023255813953488,0.0,0.0,0.0,0.04819277108433735,0.0,0.0,0.0,0.0,0.0,0.0,0.0,0.0,0.0,0.0,0.20253164556962025],"confusion_matrix":[[81,67,215,114,0,4,27,1,6,0,0,5,105,0,0,0,18,0,0,0,0,0,0,0,0,0,0,0],[70,109,163,116,0,3,23,1,4,1,0,6,120,1,0,0,14,0,0,0,0,0,0,0,0,0,0,0],[69,30,303,80,0,4,9,0,10,0,0,4,90,1,0,0,10,0,0,0,0,0,0,0,0,0,0,1],[56,45,143,118,0,3,8,0,1,0,0,5,105,0,0,0,6,0,0,0,0,0,0,0,0,0,0,0],[47,45,163,88,0,4,8,0,5,0,0,3,67,1,0,0,11,0,0,0,0,0,0,0,0,0,0,2],[54,35,164,106,0,2,2,0,1,0,0,5,57,0,0,0,10,0,0,0,0,0,0,0,0,0,0,0],[28,11,48,17,0,4,236,0,3,1,0,4,48,0,0,0,4,0,0,0,0,0,0,0,0,0,0,0],[37,15,107,59,0,3,3,0,2,0,0,3,74,0,0,0,9,0,0,0,0,0,0,0,0,0,0,0],[37,40,68,38,0,3,27,0,11,0,0,1,77,0,0,0,8,0,0,0,0,0,0,0,0,0,0,1],[34,17,94,48,0,6,9,0,1,0,0,5,60,0,0,0,8,0,0,0,0,0,0,0,0,0,0,0],[17,53,59,56,0,2,26,0,0,0,0,1,55,0,0,0,7,0,0,0,0,0,0,0,0,0,0,0],[33,23,54,25,0,4,43,0,1,0,0,5,69,0,0,0,3,0,0,0,0,0,0,0,0,0,0,1],[12,15,12,9,0,0,65,0,0,0,0,7,112,0,0,0,8,0,0,0,0,0,0,0,0,0,0,0],[31,26,70,38,0,4,31,0,7,0,0,6,28,0,0,0,2,0,0,0,0,0,0,0,0,0,0,2],[24,22,74,34,0,3,9,1,4,0,0,1,37,0,0,0,5,0,0,0,0,0,0,0,0,0,0,1],[17,21,77,56,0,1,3,0,0,0,0,2,39,0,0,0,8,0,0,0,0,0,0,0,0,0,0,0],[11,13,16,8,0,0,45,0,0,0,0,2,70,0,0,0,8,0,0,0,0,0,0,0,0,0,0,0],[10,12,42,18,0,1,11,0,2,0,0,1,21,0,0,0,1,0,0,0,0,0,0,0,0,0,0,0],[8,22,17,19,0,0,17,0,6,0,0,0,34,0,0,0,4,0,0,0,0,0,0,0,0,0,0,1],[8,24,20,16,0,1,16,0,0,0,0,2,24,0,0,0,8,0,0,0,0,0,0,0,0,0,0,0],[15,30,19,19,0,0,9,0,0,0,0,2,30,0,0,0,1,0,0,0,0,0,0,0,0,0,0,0],[13,11,32,11,0,1,7,0,2,0,0,5,43,0,0,0,3,0,0,0,0,0,0,0,0,0,0,0],[12,7,45,27,0,0,0,1,2,0,0,0,22,0,0,0,0,0,0,0,0,0,0,0,0,0,0,0],[5,10,22,15,0,0,8,0,2,0,0,4,27,0,0,0,0,0,0,0,0,0,0,0,0,0,0,0],[13,7,18,23,0,0,2,0,1,0,0,0,20,0,0,0,1,0,0,0,0,0,0,0,0,0,0,0],[10,2,27,10,0,1,0,0,1,1,0,0,13,0,0,0,1,0,0,0,0,0,0,0,0,0,0,0],[11,9,15,6,0,0,4,0,0,0,0,1,23,1,0,0,1,0,0,0,0,0,0,0,0,0,0,0],[7,8,8,5,0,0,8,0,6,0,0,2,10,0,0,0,0,0,0,0,0,0,0,0,0,0,0,8]]}