{"Accuracy":0.11792065663474692,"Precision":0.040048268505375406,"Recall":0.11792065663474692,"F1 Score":0.05027573459655223,"Adjusted Rand Index":0.016002931160215443,"Precision by cluster":[0.07520891364902507,0.0,0.09737755495564983,0.0,0.0,0.0,0.2894461859979101,0.0,0.04199475065616798,0.0,0.0,0.06273062730627306,0.14184397163120568,0.0,0.0,0.0,0.0,0.0,0.0,0.0,0.0,0.0,0.0,0.0,0.0,0.0,0.0,0.0],"Recall by cluster":[0.04141104294478527,0.0,0.7965299684542587,0.0,0.0,0.0,0.6674698795180722,0.0,0.056338028169014086,0.0,0.0,0.07024793388429752,0.08163265306122448,0.0,0.0,0.0,0.0,0.0,0.0,0.0,0.0,0.0,0.0,0.0,0.0,0.0,0.0,0.0],"F1 score by cluster":[0.05341246290801187,0.0,0.17353951890034364,0.0,0.0,0.0,0.4037900874635568,0.0,0.0481203007518797,0.0,0.0,0.06627680311890838,0.10362694300518134,0.0,0.0,0.0,0.0,0.0,0.0,0.0,0.0,0.0,0.0,0.0,0.0,0.0,0.0,0.0],"confusion_matrix":[[27,0,522,0,0,0,41,0,28,0,0,23,8,1,0,0,0,0,0,0,0,0,0,0,0,0,0,2],[36,0,491,0,0,0,55,0,19,0,0,13,6,0,0,0,0,0,0,0,0,0,0,0,0,0,0,0],[46,0,505,0,0,0,9,0,54,0,0,13,6,0,0,0,0,0,0,0,0,0,0,0,0,0,0,1],[16,0,406,0,0,0,15,0,23,0,0,22,7,0,0,0,0,0,0,0,0,0,0,0,0,0,0,1],[23,0,353,0,0,0,14,0,42,0,0,11,7,0,0,0,0,0,0,0,0,0,0,0,0,0,0,1],[26,0,377,0,0,0,13,0,27,0,0,7,3,0,0,0,0,0,0,0,0,0,0,0,0,0,0,0],[10,0,108,0,0,0,277,0,5,0,0,7,7,1,0,0,0,0,0,0,0,0,0,0,0,0,0,0],[25,0,248,0,0,0,13,0,18,0,0,16,4,0,0,0,0,0,0,0,0,0,0,0,0,0,0,1],[14,0,175,0,0,0,61,0,16,0,0,13,5,0,0,0,0,0,0,0,0,0,0,0,0,0,0,0],[11,0,221,0,0,0,17,0,12,0,0,13,11,0,0,0,0,0,0,0,0,0,0,0,0,0,0,0],[11,0,195,0,0,0,30,0,14,0,0,8,6,0,0,0,0,0,0,0,0,0,0,0,0,0,0,0],[8,0,136,0,0,0,63,0,12,0,0,17,6,0,0,0,0,0,0,0,0,0,0,0,0,0,0,0],[10,0,74,0,0,0,112,0,1,0,0,26,20,2,0,0,0,0,0,0,0,0,0,0,0,0,0,0],[17,0,186,0,0,0,34,0,17,0,0,3,5,0,0,0,0,0,0,0,0,0,0,0,0,0,0,0],[11,0,154,0,0,0,21,0,16,0,0,3,6,0,0,0,0,0,0,0,0,0,0,0,0,0,0,0],[13,0,162,0,0,0,7,0,11,0,0,9,5,0,0,0,0,0,0,0,0,0,0,0,0,0,0,1],[6,0,86,0,0,0,58,0,4,0,0,24,11,0,0,0,0,0,0,0,0,0,0,0,0,0,0,0],[4,0,92,0,0,0,11,0,8,0,0,1,1,0,0,0,0,0,0,0,0,0,0,0,0,0,0,0],[4,1,89,0,0,0,17,0,9,0,0,7,3,1,0,0,0,0,0,0,0,0,0,0,0,0,0,0],[5,0,86,0,0,0,22,0,2,0,0,3,3,0,0,0,0,0,0,0,0,0,0,0,0,0,0,0],[5,0,83,0,0,0,16,0,4,0,0,7,1,0,0,0,0,0,0,0,0,0,0,0,0,0,0,0],[7,0,76,0,0,0,14,0,4,0,0,8,4,0,0,0,0,0,0,0,0,0,0,0,0,0,0,0],[6,0,88,0,0,0,1,0,6,0,0,3,2,0,0,0,0,0,0,0,0,0,0,0,0,0,0,1],[4,0,46,0,0,0,19,0,3,0,0,5,2,0,0,0,0,0,0,0,0,0,0,0,0,0,0,0],[3,0,61,0,0,0,2,0,5,0,0,1,1,0,0,0,1,0,0,0,0,0,0,0,0,0,0,0],[4,0,76,0,0,0,0,0,4,0,0,3,0,0,0,0,0,0,0,0,0,0,0,0,0,0,0,0],[3,0,56,0,0,0,7,0,4,0,0,5,1,0,0,0,0,0,0,0,0,0,0,0,0,0,0,0],[4,0,34,0,0,0,8,0,13,0,0,0,0,0,0,0,0,0,0,0,0,0,0,0,0,0,0,0]]}