{"Accuracy":0.12093023255813953,"Precision":0.10633297593328417,"Recall":0.12093023255813953,"F1 Score":0.08620184792277298,"Adjusted Rand Index":0.031162066199405734,"Precision by cluster":[0.05113636363636364,0.16265060240963855,0.22835394862036157,0.09981515711645102,0.06513409961685823,0.09488233096750093,0.4,0.16470588235294117,0.05939226519337017,0.0911854103343465,0.08928571428571429,0.09411764705882353,0.21495327102803738,0.0,0.0,0.0,0.12921348314606743,0.0,0.0,0.0,0.0,0.0,0.0,0.05,0.0,0.0,0.0,0.20689655172413793],"Recall by cluster":[0.013313609467455622,0.23893805309734514,0.4181184668989547,0.10344827586206896,0.0397196261682243,0.5557986870897156,0.015384615384615385,0.09180327868852459,0.14625850340136054,0.10033444816053512,0.018656716417910446,0.03418803418803419,0.08518518518518518,0.0,0.0,0.0,0.12994350282485875,0.0,0.0,0.0,0.0,0.0,0.0,0.038461538461538464,0.0,0.0,0.0,0.08450704225352113],"F1 score by cluster":[0.02112676056338028,0.1935483870967742,0.2953846153846154,0.10159924741298212,0.04934687953555878,0.16209317166560305,0.02962962962962963,0.11789473684210526,0.08447937131630648,0.09554140127388536,0.030864197530864196,0.050156739811912224,0.1220159151193634,0.0,0.0,0.0,0.1295774647887324,0.0,0.0,0.0,0.0,0.0,0.0,0.043478260869565216,0.0,0.0,0.0,0.12],"confusion_matrix":[[9,74,109,55,22,279,1,17,36,32,5,6,7,5,0,0,10,0,0,0,0,0,0,6,0,0,0,3],[21,135,19,49,28,225,0,6,31,21,5,7,7,3,0,0,7,0,0,0,0,0,0,1,0,0,0,0],[13,21,240,17,12,208,0,19,7,15,2,6,3,0,0,0,4,0,0,0,0,0,0,5,0,0,0,2],[10,54,35,54,19,279,0,9,7,23,9,6,5,0,0,0,10,0,0,0,0,0,0,2,0,0,0,0],[8,34,107,19,17,191,0,20,6,13,1,1,2,1,0,0,3,0,0,0,0,0,0,4,0,0,0,1],[13,32,60,36,11,254,0,13,4,13,1,4,0,0,0,0,7,0,0,0,0,0,0,9,0,0,0,0],[4,28,13,22,8,50,6,1,224,5,5,5,9,0,0,0,9,0,0,0,0,0,0,1,0,0,0,0],[6,1,117,12,9,98,0,28,8,14,0,0,2,0,0,0,4,0,0,0,0,0,0,6,0,0,0,0],[8,46,46,13,13,80,2,6,43,16,2,0,2,2,0,0,6,0,0,0,0,0,0,2,0,0,0,7],[9,17,40,15,12,137,0,8,7,30,1,5,2,1,0,0,10,0,0,0,0,0,0,5,0,0,0,0],[9,49,5,50,13,87,0,1,32,7,5,2,2,0,1,0,5,0,0,0,0,0,0,0,0,0,0,0],[10,29,15,10,12,69,1,3,36,10,0,8,15,2,0,0,11,0,0,0,0,0,0,3,0,0,0,0],[9,22,10,12,15,26,2,3,86,30,3,4,23,0,0,0,25,0,0,0,0,0,0,0,0,0,0,0],[10,53,10,32,6,82,1,2,26,3,4,4,8,0,0,0,8,0,0,0,0,0,0,0,0,0,0,4],[5,29,56,17,7,67,1,4,13,9,0,3,5,2,0,0,5,0,0,0,0,1,0,2,0,0,0,3],[4,14,49,15,4,97,0,9,5,7,2,5,2,0,0,0,4,0,0,0,0,0,0,3,0,0,0,0],[5,24,4,5,14,21,1,1,51,21,2,2,2,1,0,0,23,0,0,0,0,0,0,0,0,0,0,0],[3,24,16,11,3,47,0,2,12,5,1,4,2,0,0,0,5,0,0,0,0,0,0,1,0,0,0,2],[2,25,16,7,5,31,0,4,25,9,2,1,0,0,0,0,5,0,0,0,0,0,0,2,0,0,0,1],[2,28,4,20,5,39,0,2,12,6,2,3,1,0,0,0,6,0,0,0,0,0,0,2,0,0,0,0],[1,27,5,12,2,35,0,1,12,10,0,1,0,1,0,0,1,0,0,0,0,0,0,0,0,0,0,0],[4,12,8,17,9,40,0,0,6,7,0,4,2,1,0,0,3,0,0,0,0,0,0,1,0,0,0,0],[1,7,19,7,1,57,0,5,1,1,0,0,0,0,0,0,1,0,0,0,0,0,0,1,0,0,0,0],[2,7,6,2,2,31,0,1,16,4,0,1,1,0,0,0,2,0,0,0,0,0,0,3,0,0,0,0],[0,5,8,9,2,60,0,1,2,5,1,0,0,0,0,0,1,0,0,0,0,0,0,0,0,0,0,0],[1,1,23,7,4,41,0,4,0,2,1,0,3,0,0,0,0,0,0,0,0,0,0,1,0,0,0,0],[3,22,3,13,5,25,0,0,2,10,2,1,2,0,0,0,2,0,0,0,0,0,0,0,0,0,0,0],[4,10,8,3,1,21,0,0,14,1,0,2,0,0,0,0,1,0,0,0,0,0,0,0,0,0,0,6]],"epoch_accuracies":[[0.1003602206921709,0.10938853677442889,0.12320459623364188,0.12799233961059686,0.13268888787560987,0.13743103369659387,0.13934613104737587,0.13925493593543387,0.14203638684966485,0.14303953308102685,0.14408827686835984,0.14417947198030184,0.14965117869682185,0.15179426382745884,0.15320778806255986,0.15507728785737085,0.15644521453650084,0.15899867767087683,0.16223610414481784,0.16264648214855684,0.16237289681273084,0.16565592084264283,0.16597510373443983,0.16542793306278783,0.16953171310017784,0.17295152979800282,0.17272354201814782,0.17422826136519082,0.17459304181295882,0.18006474852947882],[0.09835841313269494,0.1103967168262654,0.10177838577291382,0.10355677154582764,0.11080711354309165,0.11094391244870042,0.10588235294117647,0.10465116279069768,0.11778385772913817,0.09890560875512996,0.11600547195622435,0.09192886456908345,0.09001367989056087,0.09165526675786594,0.09753761969904241,0.10177838577291382,0.10177838577291382,0.10725034199726402,0.12079343365253079,0.11162790697674418,0.11381668946648427,0.10574555403556772,0.11477428180574556,0.13365253077975375,0.12393980848153215,0.12216142270861834,0.1295485636114911,0.13009575923392613,0.13857729138166894,0.12175102599179206]]}