{"Accuracy":0.15579264122555053,"Precision":0.1361442481228396,"Recall":0.15579264122555053,"F1 Score":0.1249740136917869,"Adjusted Rand Index":0.030566633161349454,"Precision by cluster":[0.10416666666666667,0.17752596789423986,0.1755041075429425,0.1154513888888889,0.075,0.12996941896024464,0.49201277955271566,0.11764705882352941,0.18867924528301888,0.05319148936170213,0.13302752293577982,0.18796992481203006,0.21806853582554517,0.10298102981029811,0.0,0.0,0.09034907597535935,0.0,0.3,0.0,0.0,0.09090909090909091,0.0,0.1951219512195122,0.0,0.0,0.0,0.36363636363636365],"Recall by cluster":[0.01564945226917058,0.2984126984126984,0.38778877887788776,0.2736625514403292,0.006896551724137931,0.19495412844036697,0.4265927977839335,0.0967741935483871,0.05952380952380952,0.019762845849802372,0.10583941605839416,0.10121457489878542,0.25925925925925924,0.1484375,0.0,0.0,0.546583850931677,0.0,0.021897810218978103,0.0,0.0,0.024193548387096774,0.0,0.08791208791208792,0.0,0.0,0.0,0.2033898305084746],"F1 score by cluster":[0.027210884353741496,0.22261693309650682,0.2416452442159383,0.1623931623931624,0.01263157894736842,0.1559633027522936,0.456973293768546,0.10619469026548672,0.09049773755656108,0.02881844380403458,0.11788617886178862,0.13157894736842105,0.23688663282571912,0.1216,0.0,0.0,0.15506607929515417,0.0,0.04081632653061224,0.0,0.0,0.03821656050955414,0.0,0.12121212121212122,0.0,0.0,0.0,0.2608695652173913],"confusion_matrix":[[10,102,122,123,1,71,9,23,4,7,28,10,16,24,5,1,71,0,0,0,0,4,1,2,0,1,2,2],[7,188,56,77,2,25,12,10,3,10,24,10,37,59,1,0,102,0,0,0,0,1,0,3,0,0,3,0],[8,47,235,93,9,78,3,60,1,2,7,4,2,17,1,0,31,0,4,0,0,1,1,0,0,1,1,0],[3,62,80,133,2,54,4,7,1,10,23,5,9,24,4,0,57,0,0,1,0,3,1,0,0,0,3,0],[10,72,128,74,3,51,3,24,2,4,7,5,4,18,1,0,20,0,0,0,0,4,0,3,0,0,0,2],[2,67,84,120,1,85,2,18,0,3,9,3,4,16,3,0,15,0,0,0,0,0,0,1,0,0,3,0],[7,27,19,14,1,5,154,2,21,1,7,9,31,15,1,0,46,0,0,0,0,0,0,0,0,0,1,0],[0,14,111,57,3,45,1,30,1,0,6,2,4,5,1,0,26,0,1,0,0,0,0,2,0,1,0,0],[8,50,51,21,0,25,6,8,20,7,5,1,11,16,1,0,94,0,2,0,0,1,0,0,0,0,0,9],[1,30,56,59,0,22,0,11,1,5,4,3,6,16,0,1,35,0,0,0,0,0,0,1,0,0,2,0],[6,49,28,33,0,11,14,1,4,3,29,1,13,28,2,0,45,0,0,1,0,6,0,0,0,0,0,0],[2,37,23,23,1,10,21,2,6,3,1,25,28,10,3,0,37,0,0,0,0,0,1,13,0,0,1,0],[0,6,22,9,0,4,23,5,8,11,5,11,70,2,0,0,92,0,0,1,0,1,0,0,0,0,0,0],[3,53,26,29,2,11,15,0,4,2,9,11,8,38,3,0,32,0,0,0,0,0,0,3,0,0,1,6],[3,35,36,33,4,18,7,9,2,2,3,7,2,12,0,0,20,0,0,0,0,0,1,2,0,0,0,0],[4,23,50,39,2,38,3,17,0,2,8,4,2,6,1,0,16,0,0,0,0,2,0,3,0,0,1,0],[2,8,8,7,0,2,5,0,5,2,3,3,14,9,0,0,88,0,0,0,0,3,0,0,0,0,1,1],[1,30,25,18,0,12,4,2,3,3,7,2,5,10,0,0,17,0,0,1,0,0,0,0,0,0,0,0],[1,15,34,20,0,10,1,5,6,0,1,3,4,9,1,0,23,0,3,0,0,0,0,0,0,0,0,1],[1,16,6,22,1,3,10,0,2,0,9,1,11,7,0,0,22,0,0,0,0,1,0,0,0,0,0,0],[1,32,21,13,1,2,4,4,2,5,4,1,8,8,0,0,20,0,0,0,0,0,0,0,0,0,1,0],[3,20,13,21,2,10,4,1,2,3,5,2,9,4,0,0,19,0,0,2,0,3,0,0,0,0,1,0],[2,12,32,27,2,14,0,6,1,0,2,1,0,3,0,0,4,0,0,0,0,0,0,0,0,2,0,0],[4,9,8,10,0,10,5,0,4,2,1,4,6,5,3,0,11,0,0,0,0,1,0,8,0,0,0,0],[3,17,18,35,1,16,2,0,0,1,3,4,5,3,0,0,3,0,0,0,0,0,0,0,0,0,0,0],[1,13,27,17,0,16,0,8,0,2,0,1,1,2,0,0,3,0,0,0,0,1,0,0,0,0,0,0],[1,14,10,23,1,3,1,1,1,2,5,0,8,3,0,0,19,0,0,0,0,1,0,0,0,0,0,0],[2,11,10,2,1,3,0,1,2,2,3,0,3,0,1,0,6,0,0,0,0,0,0,0,0,0,0,12]],"epoch_accuracies":[[0.10082079343365254,0.10921112631098952,0.11851345189238487,0.12521659826721387,0.13287733698130416,0.13041495668034656,0.1337437300501596,0.1388964888280894,0.1384404924760602,0.14108527131782947,0.1434108527131783,0.14322845417236663,0.14587323301413588,0.15239398084815323,0.151390788873689,0.15699954400364796,0.15668034655722754,0.1600091199270406,0.1617875056999544,0.16383948928408573,0.16826265389876882,0.164249886000912,0.16529867761057912,0.16812585499316005,0.17067943456452347,0.17341541267669858,0.17437300501595987,0.17400820793433652,0.17482900136798907,0.17478340173278614,0.1773825809393525,0.17637938896488828,0.1794345645234838,0.17852257181942544,0.17925216598267213,0.1836297309621523,0.18271773825809393,0.18518011855905153,0.1836297309621523,0.18741450068399454,0.18686730506155952,0.18641130870953032,0.1841769265845873,0.18522571819425446,0.19160966712266303,0.18750569995440036,0.19151846785225718,0.19042407660738714,0.18974008207934337,0.1906064751481988,0.19388964888280893,0.19507523939808483,0.19448244414044688,0.1950296397628819,0.1972640218878249,0.19699042407660738,0.2021887824897401,0.20013679890560876,0.19908800729594164,0.2002735978112175,0.2019607843137255,0.19908800729594164,0.2015047879616963,0.20465116279069767,0.20706794345645235,0.20820793433652532,0.2091199270405837,0.2092111263109895,0.21527587779297766,0.20875512995896034],[0.11270688004376966,0.11298044043222541,0.12446997674736698,0.11845164820134045,0.12296539461086035,0.11065517713035153,0.11749418684174531,0.11667350567637806,0.12173437286280947,0.11571604431678292,0.12105047189167009,0.11817808781288469,0.11598960470523868,0.1304883052933935,0.1345917111202298,0.12351251538777185,0.1248803173300506,0.1520995759813979,0.13609629325673642,0.14156750102585144,0.12953084393379838,0.14430310491040899,0.13103542607030502,0.15168923539871426,0.14717548898919436,0.14950075229106824,0.15114211462180277,0.1333606893721789,0.14826973054301737,0.1430720831623581,0.15360415811790454,0.15018465326220765,0.14033647927780057,0.15456161947749966,0.1515524552044864,0.1553823006428669,0.15428805908904392,0.14881685131992886,0.1407468198604842,0.16126384899466556,0.16823963890028723,0.15428805908904392,0.16605115579264124,0.1764464505539598,0.1594857064697032,0.13636985364519216,0.17316372589249077,0.16386267268499521,0.15620298180823416,0.1537409383121324,0.17124880317330052,0.17165914375598412,0.1689235398714266,0.16263165093694434,0.16126384899466556,0.16016960744084258,0.16988100123102176,0.16057994802352618,0.1564765421966899,0.1741211872520859,0.16085350841198195,0.16810285870605937,0.16796607851183148,0.1678292983176036,0.1583914649158802,0.16345233210231158,0.16317877171385584,0.1644097934619067,0.1724798249213514,0.1627684311311722]]}