{"Accuracy":0.16085350841198195,"Precision":0.15929451009000317,"Recall":0.16085350841198195,"F1 Score":0.13276614495491923,"Adjusted Rand Index":0.03356540695258014,"Precision by cluster":[0.07047387606318348,0.16795366795366795,0.2533889468196038,0.11737089201877934,0.3333333333333333,0.13824057450628366,0.5457627118644067,0.1978798586572438,0.1450381679389313,0.05511811023622047,0.16463414634146342,0.2727272727272727,0.16379310344827586,0.11864406779661017,0.0,0.0,0.14457831325301204,0.0,0.0,0.0,0.009900990099009901,0.0,0.0,0.16666666666666666,0.0,0.0,0.0,0.3235294117647059],"Recall by cluster":[0.09618573797678276,0.4264705882352941,0.3875598086124402,0.32608695652173914,0.002145922746781116,0.171875,0.4138817480719794,0.15053763440860216,0.06354515050167224,0.12110726643598616,0.11440677966101695,0.012048192771084338,0.15261044176706828,0.030303030303030304,0.0,0.0,0.11764705882352941,0.0,0.0,0.0,0.008064516129032258,0.0,0.0,0.043478260869565216,0.0,0.0,0.0,0.15492957746478872],"F1 score by cluster":[0.08134642356241234,0.2409972299168975,0.3064312736443884,0.17261219792865362,0.0042643923240938165,0.15323383084577114,0.47076023391812866,0.17099236641221374,0.08837209302325581,0.07575757575757576,0.135,0.023076923076923078,0.158004158004158,0.04827586206896552,0.0,0.0,0.12972972972972974,0.0,0.0,0.0,0.008888888888888889,0.0,0.0,0.06896551724137931,0.0,0.0,0.0,0.20952380952380953],"confusion_matrix":[[58,132,101,121,2,52,11,25,5,47,14,0,17,5,0,0,9,0,0,0,3,0,0,0,0,0,0,1],[67,261,27,112,0,21,9,4,10,42,20,1,14,9,0,0,10,0,1,0,2,0,0,2,0,0,0,0],[59,47,243,98,0,60,1,58,3,36,5,0,8,0,0,0,7,0,0,0,0,0,0,2,0,0,0,0],[54,97,17,150,0,62,0,11,2,42,9,0,6,1,0,0,7,0,0,0,0,0,0,2,0,0,0,0],[71,79,118,81,1,37,0,27,4,26,7,0,3,0,0,0,1,0,0,0,5,0,0,3,0,0,0,3],[57,69,58,127,0,77,0,10,0,31,6,0,4,4,0,0,2,0,0,0,1,0,0,2,0,0,0,0],[29,45,6,33,0,3,161,0,24,21,5,1,16,6,0,0,15,0,0,0,24,0,0,0,0,0,0,0],[36,23,114,67,0,30,1,56,0,40,0,0,0,0,0,0,4,0,0,0,1,0,0,0,0,0,0,0],[32,81,44,26,0,18,3,4,19,24,3,0,10,0,0,0,15,0,0,0,11,0,0,1,0,0,0,8],[33,54,29,76,0,31,0,14,0,35,2,0,8,2,0,0,4,0,0,0,0,1,0,0,0,0,0,0],[30,92,4,24,0,3,13,2,5,15,27,0,8,2,0,0,6,0,0,0,5,0,0,0,0,0,0,0],[29,45,12,31,0,20,16,3,6,27,3,3,39,5,0,0,3,0,0,0,3,0,0,3,0,0,0,1],[24,42,2,13,0,2,21,1,15,52,1,0,38,0,0,0,22,0,0,0,16,0,0,0,0,0,0,0],[26,77,14,24,0,16,15,3,4,15,4,1,12,7,0,0,6,0,0,0,0,0,0,1,0,0,0,6],[25,48,43,32,0,19,8,14,2,13,3,0,4,3,0,0,1,0,0,0,2,0,0,1,0,0,0,0],[32,27,30,62,0,30,4,16,0,13,2,0,0,0,0,0,3,0,0,0,1,0,0,0,0,0,0,0],[27,39,3,8,0,2,11,1,18,42,9,0,11,1,0,0,24,0,0,0,8,0,0,0,0,0,0,0],[17,44,10,17,0,9,2,5,0,10,4,0,1,3,0,0,2,0,0,0,5,0,0,0,0,0,0,2],[15,35,13,17,0,5,2,1,3,15,4,1,2,0,0,0,8,0,0,0,2,0,0,1,0,0,0,1],[7,38,5,20,0,1,3,0,4,11,12,0,8,2,0,0,5,0,0,0,2,0,0,0,0,0,0,0],[14,52,2,18,0,5,1,3,2,11,4,1,6,2,0,0,2,0,0,0,1,0,0,0,0,0,0,0],[27,32,5,25,0,3,1,1,2,8,8,0,4,1,0,0,3,0,0,0,4,0,0,0,0,0,0,1],[15,16,19,25,0,13,0,7,0,14,4,0,0,1,0,0,0,0,0,0,0,0,0,0,0,0,0,0],[7,15,6,10,0,10,8,5,0,13,1,3,4,2,0,0,3,0,0,0,1,0,0,4,0,0,0,0],[9,22,0,23,0,7,0,0,0,10,0,0,1,0,0,0,0,0,0,0,0,0,0,1,0,0,0,0],[13,7,20,20,0,12,0,10,0,6,2,0,1,1,0,0,2,0,0,0,0,0,0,1,0,0,0,0],[5,22,0,10,0,2,3,1,1,13,4,0,5,0,0,0,2,0,0,0,3,0,0,0,0,0,0,0],[5,13,14,8,0,7,1,1,2,3,1,0,2,2,0,0,0,0,0,0,1,0,0,0,0,0,0,11]],"epoch_accuracies":[[0.10232558139534884,0.11181030551755586,0.12293661650706794,0.1278157774737802,0.13524851801185592,0.13579571363429094,0.13880528955768354,0.14040127678978567,0.14076607387140902,0.14227086183310533,0.14199726402188784,0.14249886000911993,0.14810761513907889,0.15280437756497947,0.1525763793889649,0.15658914728682172,0.15672594619243047,0.16037391700866394,0.1635658914728682,0.1617875056999544,0.16320109439124486,0.16785225718194255,0.17040583675330598,0.17209302325581396,0.17583219334245326,0.17460100319197447,0.17578659370725033,0.1753761969904241,0.17610579115367078,0.17574099407204744],[0.09013814799617015,0.11147585829571878,0.12241827383394885,0.10942415538230064,0.11038161674189577,0.11571604431678292,0.11120229790726303,0.12337573519354397,0.11161263848994665,0.11981945014361921,0.12064013130898646,0.10545752974969225,0.09123238954999316,0.10108056353440022,0.11858842839556832,0.1261113390781015,0.14170428122007933,0.12693202024346875,0.12843660237997537,0.12173437286280947,0.1531938175352209,0.14936397209684038,0.15565586103132267,0.14512378607577622,0.13554917247982493,0.14443988510463684,0.1644097934619067,0.13883189714129393,0.14772260976610588,0.15620298180823416]]}