{"Accuracy":0.12161422708618332,"Precision":0.09853770486056265,"Recall":0.12161422708618332,"F1 Score":0.07489670208221988,"Adjusted Rand Index":0.014915765608062487,"Precision by cluster":[0.2033898305084746,0.10379746835443038,0.21875,0.09881422924901186,0.0,0.0,0.4396039603960396,0.0,0.15503875968992248,0.0,0.05,0.125,0.13711583924349882,0.05555555555555555,0.0,0.0,0.054455445544554455,0.0,0.0,0.0,0.0,0.0,0.0,0.0,0.0,0.0,0.0,0.2222222222222222],"Recall by cluster":[0.01866251944012442,0.6497622820919176,0.06873977086743044,0.05102040816326531,0.0,0.0,0.5495049504950495,0.0,0.06430868167202572,0.0,0.09420289855072464,0.011494252873563218,0.24166666666666667,0.004081632653061225,0.0,0.0,0.3815028901734104,0.0,0.0,0.0,0.0,0.0,0.0,0.0,0.0,0.0,0.0,0.06451612903225806],"F1 score by cluster":[0.03418803418803419,0.17900021829294913,0.10460772104607721,0.06729475100942127,0.0,0.0,0.4884488448844885,0.0,0.09090909090909091,0.0,0.06532663316582915,0.021052631578947368,0.17496229260935142,0.0076045627376425855,0.0,0.0,0.09530685920577617,0.0,0.0,0.0,0.0,0.0,0.0,0.0,0.0,0.0,0.0,0.1],"confusion_matrix":[[12,391,20,23,0,0,21,0,17,0,44,2,20,2,0,0,91,0,0,0,0,0,0,0,0,0,0,0],[5,410,10,20,0,0,14,0,11,0,39,1,28,1,0,0,92,0,0,0,0,0,0,0,0,0,0,0],[8,336,42,52,0,2,6,1,6,0,49,1,20,3,0,0,84,0,0,0,0,0,0,0,0,0,0,1],[5,297,8,25,0,0,3,0,4,0,45,2,25,0,0,0,76,0,0,0,0,0,0,0,0,0,0,0],[2,283,16,17,0,0,5,0,4,0,38,1,7,1,0,0,69,0,0,0,0,0,0,0,0,0,0,1],[5,290,7,19,0,0,0,0,5,0,47,0,10,0,0,0,53,0,0,0,0,0,0,0,0,0,0,0],[2,94,6,3,0,0,222,0,2,0,8,0,31,2,0,0,34,0,0,0,0,0,0,0,0,0,0,0],[3,153,13,14,0,0,1,0,2,0,30,1,16,1,0,0,78,0,0,0,0,0,0,0,0,0,0,0],[2,151,4,9,0,0,16,0,20,0,16,1,26,0,0,0,63,0,0,0,0,0,0,0,0,0,0,3],[2,166,8,12,0,0,2,0,1,0,26,2,10,0,0,0,53,0,0,0,0,0,0,0,0,0,0,0],[2,164,2,5,0,1,20,0,6,0,26,0,14,0,0,0,36,0,0,0,0,0,0,0,0,0,0,0],[0,116,4,5,0,0,26,0,4,0,13,3,39,2,0,0,48,0,0,0,0,0,0,0,0,0,0,1],[0,53,0,1,0,0,43,0,3,0,6,2,58,0,0,0,74,0,0,0,0,0,0,0,0,0,0,0],[1,142,9,2,0,0,27,0,8,0,18,1,9,1,0,0,26,0,0,0,0,0,0,0,0,0,0,1],[3,111,11,7,0,0,6,0,5,0,23,0,8,1,0,0,38,0,0,0,0,0,0,0,0,0,0,2],[0,142,6,9,0,0,2,0,0,0,20,0,8,0,0,0,37,0,0,0,0,0,0,0,0,0,0,0],[1,42,1,0,0,0,33,0,2,0,4,3,21,0,0,0,66,0,0,0,0,0,0,0,0,0,0,0],[1,75,7,4,0,0,9,0,1,0,4,0,4,0,0,0,14,0,0,0,0,0,0,0,0,0,0,0],[1,61,5,3,0,0,11,0,2,1,5,0,9,0,0,0,26,0,0,0,0,0,0,0,0,0,0,4],[0,63,0,1,0,0,12,0,4,1,7,0,10,0,0,0,21,0,0,0,0,0,0,0,0,0,0,0],[0,77,1,1,0,0,5,0,6,0,6,0,11,1,0,0,17,0,0,0,0,0,0,0,0,0,0,0],[1,64,0,3,0,0,5,0,3,0,10,0,11,0,0,0,31,0,0,0,0,0,0,0,0,0,0,0],[0,67,5,6,0,0,0,0,2,0,10,0,0,0,0,0,25,0,0,0,0,0,0,0,0,0,0,1],[0,47,3,2,0,0,7,0,0,0,3,3,11,1,0,0,16,0,0,0,0,0,0,0,0,0,0,0],[0,53,1,3,0,0,1,0,2,0,11,0,3,0,0,0,11,0,0,0,0,0,0,0,0,0,0,0],[1,44,1,6,0,0,0,0,0,0,4,0,3,1,0,0,6,0,0,0,0,0,0,0,0,0,0,0],[1,33,0,0,0,0,1,0,0,1,6,0,6,1,0,0,22,0,0,0,0,0,0,0,0,0,0,0],[1,25,2,1,0,0,7,0,9,0,2,1,5,0,0,0,5,0,0,0,0,0,0,0,0,0,0,4]]}