{"Accuracy":0.10369357045143639,"Precision":0.1021347493529029,"Recall":0.10369357045143639,"F1 Score":0.07006043023408401,"Adjusted Rand Index":0.014215101196044107,"Precision by cluster":[0.13333333333333333,0.10176125244618395,0.26262626262626265,0.04182509505703422,0.0,0.08,0.5125348189415042,0.0,0.08352668213457076,0.08333333333333333,0.03749406739439962,0.18181818181818182,0.13172043010752688,0.05,0.0,0.0,0.06589147286821706,0.0,0.0,0.0,0.0,0.0,0.0,0.0,0.0,0.0,0.0,0.5454545454545454],"Recall by cluster":[0.02254428341384863,0.4276315789473684,0.04326123128119801,0.021825396825396824,0.0,0.004366812227074236,0.48936170212765956,0.0,0.1299638989169675,0.0176678445229682,0.30038022813688214,0.008032128514056224,0.4,0.003745318352059925,0.0,0.0,0.17346938775510204,0.0,0.0,0.0,0.0,0.0,0.0,0.0,0.0,0.0,0.0,0.09836065573770492],"F1 score by cluster":[0.03856749311294766,0.1644008852355359,0.07428571428571429,0.028683181225554105,0.0,0.008281573498964804,0.5006802721088436,0.0,0.1016949152542373,0.029154518950437316,0.06666666666666667,0.015384615384615385,0.19817997977755308,0.006968641114982578,0.0,0.0,0.09550561797752809,0.0,0.0,0.0,0.0,0.0,0.0,0.0,0.0,0.0,0.0,0.16666666666666666],"confusion_matrix":[[14,233,12,21,0,3,15,0,40,7,196,1,40,2,0,0,37,0,0,0,0,0,0,0,0,0,0,0],[3,260,1,12,0,2,9,0,56,0,169,1,58,0,0,0,35,0,0,1,0,0,0,0,0,0,0,1],[30,190,26,63,0,9,0,0,16,5,185,2,33,5,0,0,37,0,0,0,0,0,0,0,0,0,0,0],[1,190,1,11,0,0,2,0,20,5,203,0,34,1,0,0,36,0,0,0,0,0,0,0,0,0,0,0],[7,198,12,27,0,0,2,0,23,5,131,1,25,2,0,0,18,0,0,0,0,0,0,0,0,0,0,0],[5,193,5,21,0,2,0,0,19,7,170,0,12,0,0,0,24,0,0,0,0,0,0,0,0,0,0,0],[0,47,2,3,0,0,184,0,11,0,55,0,62,0,0,0,12,0,0,0,0,0,0,0,0,0,0,0],[7,90,11,20,0,0,1,0,7,4,102,1,24,3,0,0,38,0,0,1,0,0,0,0,0,0,0,0],[3,102,7,4,0,0,6,0,36,1,54,0,44,1,0,0,18,0,0,0,0,0,0,0,0,0,0,1],[4,103,3,12,0,0,0,0,14,5,91,0,22,0,0,0,29,0,0,0,0,0,0,0,0,0,0,0],[2,111,1,1,0,0,13,0,11,1,79,0,20,0,0,0,24,0,0,0,0,0,0,0,0,0,0,0],[1,77,1,4,0,0,17,0,18,0,57,2,54,0,0,0,17,0,0,1,0,0,0,0,0,0,0,0],[2,32,0,0,0,0,28,0,22,1,29,1,98,0,0,0,32,0,0,0,0,0,0,0,0,0,0,0],[5,110,0,7,0,0,11,0,21,0,74,0,29,1,0,0,7,0,0,0,0,0,0,0,0,0,0,2],[4,80,9,18,0,3,12,0,11,3,67,0,8,2,0,0,15,0,0,0,0,0,0,0,0,0,0,0],[4,72,0,11,0,1,4,0,8,1,72,1,14,0,0,0,14,0,0,0,0,0,0,0,0,0,0,0],[1,30,0,3,0,0,17,0,16,2,39,0,54,0,0,0,34,0,0,0,0,0,0,0,0,0,0,0],[1,61,2,6,0,0,7,0,8,2,36,0,8,0,0,0,5,0,0,0,0,0,0,0,0,0,0,0],[1,44,2,2,0,1,5,0,19,1,24,0,22,1,0,0,14,0,0,0,0,0,0,0,0,0,0,1],[0,47,0,0,0,0,6,0,9,1,32,0,16,0,0,0,7,0,0,0,0,0,0,0,0,0,0,0],[0,53,0,5,0,0,6,0,9,1,30,0,10,0,0,0,15,0,0,0,0,0,0,0,0,0,0,0],[0,41,0,0,0,0,2,0,8,1,36,0,13,0,0,0,13,0,0,1,0,0,0,0,0,0,0,0],[2,34,2,4,0,1,0,0,7,2,45,0,3,0,0,0,7,0,0,0,0,0,0,0,0,0,0,0],[2,27,0,3,0,0,5,0,3,1,22,1,14,0,0,0,4,0,0,0,0,0,0,0,0,0,0,0],[3,39,0,1,0,0,0,0,3,0,40,0,8,1,0,0,5,0,0,0,0,0,0,0,0,0,0,0],[1,40,1,2,0,2,1,0,3,2,40,0,3,0,0,0,5,0,0,0,0,0,0,0,0,0,0,0],[0,29,0,0,0,0,5,0,6,1,21,0,10,0,0,0,11,0,0,0,0,0,0,0,0,0,0,0],[2,22,1,2,0,1,1,0,7,1,8,0,6,1,0,0,3,0,0,0,0,0,0,0,0,0,0,6]]}