{"Accuracy":0.06580027359781122,"Precision":0.13667957681252194,"Recall":0.06580027359781122,"F1 Score":0.038427724793229506,"Adjusted Rand Index":0.01589854065253698,"Precision by cluster":[0.09651474530831099,0.09574468085106383,0.3333333333333333,0.06329113924050633,0.5,0.25,0.25,0.0,0.05222929936305733,0.08670520231213873,0.04463750748951468,0.1111111111111111,0.125,0.045112781954887216,0.06451612903225806,0.0,0.0782472613458529,0.0,0.0,0.5,0.0,0.0,0.0,0.0,0.0,0.0,0.0,0.0],"Recall by cluster":[0.05598755832037325,0.24247226624405704,0.014729950900163666,0.02040816326530612,0.0022522522522522522,0.0022935779816513763,0.007425742574257425,0.0,0.13183279742765272,0.05319148936170213,0.5398550724637681,0.0038314176245210726,0.0125,0.024489795918367346,0.009302325581395349,0.0,0.28901734104046245,0.0,0.0,0.008403361344537815,0.0,0.0,0.0,0.0,0.0,0.0,0.0,0.0],"F1 score by cluster":[0.07086614173228346,0.13728129205921938,0.02821316614420063,0.030864197530864196,0.004484304932735426,0.004545454545454545,0.014423076923076924,0.0,0.07481751824817519,0.06593406593406594,0.08245711123408965,0.007407407407407408,0.022727272727272728,0.031746031746031744,0.016260162601626018,0.0,0.12315270935960591,0.0,0.0,0.01652892561983471,0.0,0.0,0.0,0.0,0.0,0.0,0.0,0.0],"confusion_matrix":[[36,143,5,20,0,1,0,0,39,17,330,0,0,15,0,0,37,0,0,0,0,0,0,0,0,0,0,0],[30,153,0,18,0,0,0,0,29,12,310,0,2,15,1,0,61,0,0,0,0,0,0,0,0,0,0,0],[54,131,9,18,0,0,2,0,16,5,307,1,2,20,9,0,36,0,0,0,0,0,0,0,0,0,0,1],[28,109,1,10,0,0,0,0,9,16,267,1,1,4,2,0,41,0,0,1,0,0,0,0,0,0,0,0],[27,107,3,10,1,1,0,0,9,10,243,0,1,12,3,0,17,0,0,0,0,0,0,0,0,0,0,0],[26,89,0,12,0,1,0,0,4,12,269,0,0,6,0,0,17,0,0,0,0,0,0,0,0,0,0,0],[6,46,2,2,0,0,3,0,237,2,78,1,2,4,1,0,20,0,0,0,0,0,0,0,0,0,0,0],[28,67,3,7,0,0,0,0,7,12,154,0,0,3,3,0,28,0,0,0,0,0,0,0,0,0,0,0],[12,82,1,5,1,1,1,0,41,2,109,0,2,10,3,0,41,0,0,0,0,0,0,0,0,0,0,0],[16,55,0,6,0,0,0,0,11,15,148,0,0,6,0,0,25,0,0,0,0,0,0,0,0,0,0,0],[3,61,0,4,0,0,0,0,38,5,149,0,0,2,0,0,14,0,0,0,0,0,0,0,0,0,0,0],[8,51,1,1,0,0,0,0,43,4,91,1,8,9,0,0,44,0,0,0,0,0,0,0,0,0,0,0],[3,59,0,3,0,0,1,0,70,10,38,1,3,0,0,0,52,0,0,0,0,0,0,0,0,0,0,0],[8,55,0,3,0,0,0,0,40,2,109,0,1,6,2,0,19,0,0,0,0,0,0,0,0,0,0,0],[16,48,0,12,0,0,1,0,12,4,104,0,0,3,2,0,13,0,0,0,0,0,0,0,0,0,0,0],[15,49,0,10,0,0,0,0,5,5,116,0,0,2,1,0,21,0,0,0,0,0,0,0,0,0,0,0],[2,30,0,1,0,0,0,0,52,8,29,0,0,1,0,0,50,0,0,0,0,0,0,0,0,0,0,0],[4,31,0,2,0,0,2,0,13,2,53,0,0,1,2,0,9,0,0,0,0,0,0,0,0,0,0,0],[7,35,0,2,0,0,0,0,25,6,39,1,0,1,1,0,10,0,0,0,0,0,0,0,0,0,0,1],[10,25,0,2,0,0,0,0,19,1,46,1,0,1,0,0,13,0,0,1,0,0,0,0,0,0,0,0],[3,37,0,3,0,0,0,0,10,6,51,0,0,3,0,0,12,0,0,0,0,0,0,0,0,0,0,0],[6,25,0,0,0,0,1,0,15,3,60,0,0,2,0,0,16,0,0,0,0,0,0,0,0,0,0,0],[8,25,0,2,0,0,0,0,4,5,66,0,0,0,0,0,6,0,0,0,0,0,0,0,0,0,0,0],[4,24,0,3,0,0,1,0,11,3,32,1,1,1,1,0,11,0,0,0,0,0,0,0,0,0,0,0],[5,16,0,1,0,0,0,0,2,3,50,0,0,3,0,0,5,0,0,0,0,0,0,0,0,0,0,0],[5,16,1,0,0,0,0,0,0,0,39,0,0,1,0,0,4,0,0,0,0,0,0,0,0,0,0,0],[2,16,0,0,0,0,0,0,5,3,32,0,1,1,0,0,11,0,0,0,0,0,0,0,0,0,0,0],[1,13,1,1,0,0,0,0,19,0,19,1,0,1,0,0,6,0,0,0,0,0,0,0,0,0,0,0]]}