{"Accuracy":0.11778385772913817,"Precision":0.10671548616804978,"Recall":0.11778385772913817,"F1 Score":0.08162773736775009,"Adjusted Rand Index":0.016648620375681003,"Precision by cluster":[0.16304347826086957,0.10538827258320127,0.2554112554112554,0.0777479892761394,0.0,0.125,0.3752012882447665,0.0,0.06799083269671505,0.08695652173913043,0.062434963579604576,0.1935483870967742,0.19658119658119658,0.053003533568904596,0.0,0.0,0.07396449704142012,0.0,0.0,0.0,0.0,0.0,0.0,0.0,0.0,0.0,0.0,0.35714285714285715],"Recall by cluster":[0.02332814930015552,0.4215530903328051,0.09656301145662848,0.05918367346938776,0.0,0.009174311926605505,0.5767326732673267,0.0,0.2861736334405145,0.0070921985815602835,0.21739130434782608,0.022988505747126436,0.09583333333333334,0.061224489795918366,0.0,0.0,0.28901734104046245,0.0,0.0,0.0,0.0,0.0,0.0,0.0,0.0,0.0,0.0,0.16129032258064516],"F1 score by cluster":[0.04081632653061224,0.16862123613312202,0.14014251781472684,0.06720741599073002,0.0,0.017094017094017096,0.45463414634146343,0.0,0.10987654320987654,0.013114754098360656,0.09700889248181083,0.0410958904109589,0.12885154061624648,0.056818181818181816,0.0,0.0,0.11778563015312132,0.0,0.0,0.0,0.0,0.0,0.0,0.0,0.0,0.0,0.0,0.2222222222222222],"confusion_matrix":[[15,243,20,42,0,2,26,0,108,4,89,1,6,40,0,0,47,0,0,0,0,0,0,0,0,0,0,0],[2,266,9,19,0,0,20,0,164,1,73,3,4,21,0,0,49,0,0,0,0,0,0,0,0,0,0,0],[12,200,59,64,1,8,10,0,73,2,77,2,7,38,0,0,56,0,0,0,0,0,0,0,0,0,0,2],[12,204,3,29,0,2,9,0,79,0,90,1,10,17,0,0,34,0,0,0,0,0,0,0,0,0,0,0],[6,174,20,29,0,3,5,1,69,3,71,0,2,20,0,0,39,0,0,0,0,0,0,0,0,0,0,2],[5,195,7,32,0,4,2,0,62,2,74,0,3,26,0,0,24,0,0,0,0,0,0,0,0,0,0,0],[1,47,5,12,0,0,233,0,46,0,18,1,8,10,0,0,23,0,0,0,0,0,0,0,0,0,0,0],[6,96,19,38,1,2,6,0,36,2,59,2,3,5,0,0,36,0,0,0,0,0,0,0,0,0,0,1],[1,101,12,7,0,1,21,0,89,0,24,1,4,7,0,0,39,0,0,0,0,0,0,0,0,0,0,4],[3,94,6,23,0,1,8,0,44,2,47,1,1,19,0,0,33,0,0,0,0,0,0,0,0,0,0,0],[0,108,1,4,0,0,23,0,61,0,60,0,7,2,0,0,10,0,0,0,0,0,0,0,0,0,0,0],[3,72,4,6,0,1,40,0,48,1,23,6,10,10,0,0,36,0,0,0,0,0,0,0,0,0,0,1],[0,51,1,0,0,0,57,0,43,0,14,3,23,1,0,0,47,0,0,0,0,0,0,0,0,0,0,0],[5,77,9,5,0,1,32,0,55,0,34,1,2,15,0,0,6,0,0,0,0,0,0,0,0,0,0,3],[4,80,12,17,2,2,8,1,36,0,22,1,1,12,0,0,15,0,0,0,0,0,0,0,0,0,0,2],[2,97,9,11,0,3,4,0,26,1,36,1,2,9,0,0,23,0,0,0,0,0,0,0,0,0,0,0],[2,18,0,2,0,0,43,0,42,0,10,1,3,2,0,0,50,0,0,0,0,0,0,0,0,0,0,0],[1,45,7,3,0,0,10,0,29,0,12,0,1,4,0,0,7,0,0,0,0,0,0,0,0,0,0,0],[2,36,6,2,1,0,14,0,34,1,10,0,3,2,0,0,14,0,0,0,0,0,0,0,0,0,0,3],[4,36,0,2,0,0,16,1,29,0,14,0,5,2,0,0,10,0,0,0,0,0,0,0,0,0,0,0],[1,52,2,4,0,0,6,0,25,0,15,1,3,5,0,0,11,0,0,0,0,0,0,0,0,0,0,0],[1,39,2,2,0,0,7,0,31,1,19,1,1,3,0,0,21,0,0,0,0,0,0,0,0,0,0,0],[1,43,4,7,0,2,0,1,22,0,26,0,0,1,0,0,9,0,0,0,0,0,0,0,0,0,0,0],[1,32,3,1,0,0,10,0,16,1,7,3,4,4,0,0,11,0,0,0,0,0,0,0,0,0,0,0],[0,44,1,4,0,0,2,0,9,0,15,0,1,2,0,0,7,0,0,0,0,0,0,0,0,0,0,0],[1,23,6,7,0,0,0,0,7,1,11,0,0,4,0,0,6,0,0,0,0,0,0,0,0,0,0,0],[0,30,1,0,0,0,2,0,18,1,7,1,1,1,0,0,9,0,0,0,0,0,0,0,0,0,0,0],[1,21,3,1,0,0,7,0,8,0,4,0,2,1,0,0,4,0,0,0,0,0,0,0,0,0,0,10]]}