{"Accuracy":0.11969904240766074,"Precision":0.07224103231228368,"Recall":0.11969904240766074,"F1 Score":0.06612533414397198,"Adjusted Rand Index":0.015079772693286463,"Precision by cluster":[0.10384894698620188,0.047058823529411764,0.0939729397293973,0.14285714285714285,0.0,0.07446808510638298,0.4143126177024482,0.0,0.10204081632653061,0.0,0.0,0.0,0.13417190775681342,0.1111111111111111,0.0,0.0,0.07622504537205081,0.0,0.0,0.0,0.0,0.0,0.0,0.0,0.0,0.0,0.0,0.0],"Recall by cluster":[0.2223950233281493,0.006339144215530904,0.6252045826513911,0.0020408163265306124,0.0,0.016055045871559634,0.5445544554455446,0.0,0.03215434083601286,0.0,0.0,0.0,0.26666666666666666,0.00816326530612245,0.0,0.0,0.24277456647398843,0.0,0.0,0.0,0.0,0.0,0.0,0.0,0.0,0.0,0.0,0.0],"F1 score by cluster":[0.14158415841584157,0.0111731843575419,0.16338751069289992,0.004024144869215292,0.0,0.026415094339622643,0.47058823529411764,0.0,0.0488997555012225,0.0,0.0,0.0,0.17852161785216178,0.015209125475285171,0.0,0.0,0.11602209944751381,0.0,0.0,0.0,0.0,0.0,0.0,0.0,0.0,0.0,0.0,0.0],"confusion_matrix":[[143,5,390,1,0,9,22,0,6,0,0,0,29,1,0,0,37,0,0,0,0,0,0,0,0,0,0,0],[154,4,361,0,0,6,18,0,3,0,0,1,38,1,0,0,45,0,0,0,0,0,0,0,0,0,0,0],[139,2,382,0,0,11,7,0,11,0,0,0,20,1,0,0,38,0,0,0,0,0,0,0,0,0,0,0],[101,3,323,1,0,5,7,0,2,0,0,0,20,2,0,0,26,0,0,0,0,0,0,0,0,0,0,0],[103,4,277,1,0,9,7,1,5,0,0,0,10,4,0,0,23,0,0,0,0,0,0,0,0,0,0,0],[91,3,302,1,0,7,0,0,0,0,0,0,9,0,0,0,23,0,0,0,0,0,0,0,0,0,0,0],[46,5,75,0,0,4,220,0,3,0,0,0,34,0,0,0,17,0,0,0,0,0,0,0,0,0,0,0],[49,3,216,0,0,4,4,0,3,0,0,0,12,0,0,0,21,0,0,0,0,0,0,0,0,0,0,0],[50,5,149,1,0,5,14,0,10,0,0,0,34,2,0,0,41,0,0,0,0,0,0,0,0,0,0,0],[46,4,182,1,0,7,4,0,2,0,0,1,9,0,0,0,26,0,0,0,0,0,0,0,0,0,0,0],[56,8,154,0,0,1,22,0,2,0,0,0,15,0,0,0,18,0,0,0,0,0,0,0,0,0,0,0],[41,6,108,0,0,3,34,1,3,0,0,0,36,0,0,0,29,0,0,0,0,0,0,0,0,0,0,0],[18,6,68,0,0,1,47,0,0,0,0,0,64,0,0,0,36,0,0,0,0,0,0,0,0,0,0,0],[59,5,120,1,0,4,26,0,8,0,0,0,12,2,0,0,8,0,0,0,0,0,0,0,0,0,0,0],[36,2,143,0,0,2,7,1,7,0,0,0,6,0,0,0,11,0,0,0,0,0,0,0,0,0,0,0],[44,1,146,0,0,4,3,0,0,0,0,1,8,0,0,0,17,0,0,0,0,0,0,0,0,0,0,0],[16,7,45,0,0,0,29,0,2,0,0,0,32,0,0,0,42,0,0,0,0,0,0,0,0,0,0,0],[18,2,73,0,0,3,10,0,2,0,0,0,5,0,0,0,6,0,0,0,0,0,0,0,0,0,0,0],[18,0,67,0,0,1,11,0,6,0,0,0,11,0,0,0,14,0,0,0,0,0,0,0,0,0,0,0],[16,3,68,0,0,0,11,0,0,0,0,0,14,0,0,0,7,0,0,0,0,0,0,0,0,0,0,0],[26,0,65,0,0,4,6,0,0,0,0,0,12,1,0,0,11,0,0,0,0,0,0,0,0,0,0,0],[21,2,68,0,0,1,4,0,3,0,0,1,16,0,0,0,12,0,0,0,0,0,0,0,0,0,0,0],[22,0,83,0,0,0,0,0,1,0,0,0,1,1,0,0,8,0,0,0,0,0,0,0,0,0,0,0],[15,1,44,0,0,1,9,0,2,0,0,0,12,1,0,0,8,0,0,0,0,0,0,0,0,0,0,0],[12,2,62,0,0,0,1,0,0,0,0,0,4,1,0,0,3,0,0,0,0,0,0,0,0,0,0,0],[16,1,40,0,0,2,0,0,1,0,0,0,1,0,0,0,5,0,0,0,0,0,0,0,0,0,0,0],[11,1,34,0,0,0,3,0,1,0,0,0,6,1,0,0,14,0,0,0,0,0,0,0,0,0,0,0],[10,0,20,0,0,0,5,0,15,0,0,0,7,0,0,0,5,0,0,0,0,0,0,0,0,0,0,0]]}