{"Accuracy":0.11436388508891929,"Precision":0.12256118796878049,"Recall":0.11436388508891929,"F1 Score":0.08888592327227503,"Adjusted Rand Index":0.018970221341095862,"Precision by cluster":[0.17218543046357615,0.10651716888577435,0.2521246458923513,0.08241758241758242,0.3333333333333333,0.08,0.45121951219512196,0.0,0.07529162248144221,0.08108108108108109,0.057667934093789605,0.13934426229508196,0.14487632508833923,0.0625,0.0,0.0,0.056304520222045996,0.0,0.0,0.0,0.0,0.0,0.0,0.0,0.0,0.0,0.0,0.0],"Recall by cluster":[0.04043545878693624,0.24088748019017434,0.14566284779050737,0.09183673469387756,0.0022522522522522522,0.0045871559633027525,0.5495049504950495,0.0,0.2282958199356913,0.010638297872340425,0.32971014492753625,0.06513409961685823,0.17083333333333334,0.02040816326530612,0.0,0.0,0.41040462427745666,0.0,0.0,0.0,0.0,0.0,0.0,0.0,0.0,0.0,0.0,0.0],"F1 score by cluster":[0.0654911838790932,0.1477162293488824,0.18464730290456433,0.08687258687258688,0.0044742729306487695,0.008676789587852495,0.4955357142857143,0.0,0.11323763955342903,0.018808777429467086,0.09816612729234088,0.08877284595300261,0.15678776290630975,0.03076923076923077,0.0,0.0,0.09902370990237098,0.0,0.0,0.0,0.0,0.0,0.0,0.0,0.0,0.0,0.0,0.0],"confusion_matrix":[[26,155,31,65,0,2,19,1,84,5,136,3,20,5,0,0,91,0,0,0,0,0,0,0,0,0,0,0],[8,152,13,24,0,2,13,0,125,0,159,7,14,6,0,0,108,0,0,0,0,0,0,0,0,0,0,0],[24,119,89,98,0,7,4,1,46,0,109,11,8,8,0,0,87,0,0,0,0,0,0,0,0,0,0,0],[8,104,12,45,0,1,3,0,46,5,148,6,17,4,0,0,91,0,0,0,0,0,0,0,0,0,0,0],[12,96,34,44,1,1,4,2,52,2,125,2,6,5,0,0,58,0,0,0,0,0,0,0,0,0,0,0],[14,100,9,51,0,2,0,0,43,6,133,3,7,10,0,0,58,0,0,0,0,0,0,0,0,0,0,0],[3,29,13,6,0,0,222,0,33,0,34,8,17,2,0,0,37,0,0,0,0,0,0,0,0,0,0,0],[9,54,27,54,0,3,2,0,15,3,67,9,9,0,0,0,60,0,0,0,0,0,0,0,0,0,0,0],[2,60,11,13,0,1,16,2,71,1,38,1,20,8,0,0,66,0,0,0,0,0,0,0,0,0,0,1],[7,48,11,24,0,1,3,0,25,3,87,3,6,3,0,0,61,0,0,0,0,0,0,0,0,0,0,0],[2,53,3,5,0,1,19,0,50,1,91,3,9,0,0,0,39,0,0,0,0,0,0,0,0,0,0,0],[3,38,5,6,0,0,22,0,41,2,45,17,27,5,0,0,50,0,0,0,0,0,0,0,0,0,0,0],[3,21,2,1,0,0,38,0,18,0,15,19,41,0,0,0,82,0,0,0,0,0,0,0,0,0,0,0],[5,58,12,10,0,1,28,0,46,0,42,3,8,5,0,0,27,0,0,0,0,0,0,0,0,0,0,0],[9,44,16,25,1,0,7,0,28,0,40,2,6,1,0,0,36,0,0,0,0,0,0,0,0,0,0,0],[5,54,9,24,0,0,2,0,18,1,63,2,8,3,0,0,35,0,0,0,0,0,0,0,0,0,0,0],[2,9,0,2,0,0,30,0,20,1,13,5,20,0,0,0,71,0,0,0,0,0,0,0,0,0,0,0],[0,33,11,2,0,0,9,0,23,0,22,0,2,3,0,0,14,0,0,0,0,0,0,0,0,0,0,0],[3,21,9,5,0,1,13,1,25,0,19,1,6,0,0,0,24,0,0,0,0,0,0,0,0,0,0,0],[1,20,1,4,1,0,11,1,21,1,27,2,7,0,0,0,22,0,0,0,0,0,0,0,0,0,0,0],[0,33,3,4,0,0,5,0,23,1,21,2,6,4,0,0,23,0,0,0,0,0,0,0,0,0,0,0],[1,18,3,5,0,0,6,0,18,1,29,1,3,1,0,0,42,0,0,0,0,0,0,0,0,0,0,0],[1,24,10,8,0,0,0,0,16,1,36,0,1,1,0,0,18,0,0,0,0,0,0,0,0,0,0,0],[0,19,5,2,0,0,9,0,12,2,13,9,4,3,0,0,15,0,0,0,0,0,0,0,0,0,0,0],[2,22,2,5,0,1,1,0,9,0,30,0,2,0,0,0,11,0,0,0,0,0,0,0,0,0,0,0],[1,18,7,12,0,1,0,0,8,1,11,0,1,0,0,0,6,0,0,0,0,0,0,0,0,0,0,0],[0,12,1,1,0,0,1,0,11,0,17,2,3,1,0,0,22,0,0,0,0,0,0,0,0,0,0,0],[0,13,4,1,0,0,5,0,16,0,8,1,5,2,0,0,7,0,0,0,0,0,0,0,0,0,0,0]]}