{"Accuracy":0.06812585499316005,"Precision":0.12967781930573327,"Recall":0.06812585499316005,"F1 Score":0.03734959017281955,"Adjusted Rand Index":0.011757886561050155,"Precision by cluster":[0.26666666666666666,0.11668426610348469,0.23809523809523808,0.1,0.0,0.07272727272727272,0.5,0.0,0.051923076923076926,0.16279069767441862,0.038294168842471714,0.08333333333333333,0.25,0.18604651162790697,0.0,0.0,0.045950864422202004,0.0,0.0,0.04,0.0,0.0,0.0,0.0,0.0,0.0,0.0,1.0],"Recall by cluster":[0.006220839813374806,0.3502377179080824,0.008183306055646482,0.022448979591836733,0.0,0.009174311926605505,0.034653465346534656,0.0,0.08681672025723473,0.024822695035460994,0.3188405797101449,0.01532567049808429,0.008333333333333333,0.0326530612244898,0.0,0.0,0.5838150289017341,0.0,0.0,0.008403361344537815,0.0,0.0,0.0,0.0,0.0,0.0,0.0,0.016129032258064516],"F1 score by cluster":[0.0121580547112462,0.17504950495049504,0.015822784810126583,0.03666666666666667,0.0,0.016293279022403257,0.06481481481481481,0.0,0.06498194945848375,0.043076923076923075,0.06837606837606838,0.025889967637540454,0.016129032258064516,0.05555555555555555,0.0,0.0,0.08519611978068325,0.0,0.0,0.013888888888888888,0.0,0.0,0.0,0.0,0.0,0.0,0.0,0.031746031746031744],"confusion_matrix":[[4,183,3,18,0,4,2,0,24,7,237,9,3,2,0,0,146,0,0,1,0,0,0,0,0,0,0,0],[0,221,0,13,0,4,2,0,18,2,190,6,1,4,0,0,169,0,0,1,0,0,0,0,0,0,0,0],[3,150,5,13,0,2,1,0,6,2,261,3,1,9,1,0,153,0,0,1,0,0,0,0,0,0,0,0],[2,136,0,11,0,5,0,0,3,4,179,2,0,0,0,0,144,1,0,3,0,0,0,0,0,0,0,0],[1,147,4,5,0,5,0,0,6,3,162,3,0,1,0,0,105,0,0,2,0,0,0,0,0,0,0,0],[0,113,0,14,0,4,0,0,1,2,187,1,0,0,0,0,110,0,0,4,0,0,0,0,0,0,0,0],[0,40,0,1,0,1,14,0,202,0,51,1,0,1,0,0,93,0,0,0,0,0,0,0,0,0,0,0],[2,78,2,5,0,3,0,0,4,1,111,0,0,1,0,0,105,0,0,0,0,0,0,0,0,0,0,0],[0,88,1,6,0,2,1,0,27,0,67,5,1,7,0,0,105,1,0,0,0,0,0,0,0,0,0,0],[0,70,0,3,0,3,0,0,3,7,98,0,0,1,0,0,95,0,0,2,0,0,0,0,0,0,0,0],[0,96,0,1,0,2,1,0,21,0,88,1,0,0,0,0,64,0,0,2,0,0,0,0,0,0,0,0],[0,49,0,1,0,2,2,0,23,2,60,4,0,2,0,0,114,0,0,2,0,0,0,0,0,0,0,0],[0,35,0,3,0,0,1,0,36,2,14,1,2,0,0,0,146,0,0,0,0,0,0,0,0,0,0,0],[1,67,0,3,0,1,2,0,25,0,73,5,0,8,0,0,60,0,0,0,0,0,0,0,0,0,0,0],[1,53,1,4,0,1,0,0,10,1,83,0,0,0,0,0,61,0,0,0,0,0,0,0,0,0,0,0],[1,61,0,0,0,3,0,0,2,1,95,1,0,0,0,0,60,0,0,0,0,0,0,0,0,0,0,0],[0,23,0,0,0,0,0,0,33,2,14,0,0,0,0,0,101,0,0,0,0,0,0,0,0,0,0,0],[0,35,1,0,0,2,1,0,9,1,35,2,0,1,0,0,32,0,0,0,0,0,0,0,0,0,0,0],[0,30,0,2,0,0,0,0,18,1,36,0,0,0,0,0,41,0,0,0,0,0,0,0,0,0,0,0],[0,35,0,0,0,2,0,0,14,1,29,0,0,0,0,0,37,0,0,1,0,0,0,0,0,0,0,0],[0,36,0,1,0,0,0,0,4,1,38,1,0,0,0,0,42,0,0,2,0,0,0,0,0,0,0,0],[0,29,0,1,0,1,0,0,6,1,27,0,0,1,0,0,61,0,0,1,0,0,0,0,0,0,0,0],[0,30,3,1,0,3,0,0,0,0,47,0,0,0,0,0,29,0,0,3,0,0,0,0,0,0,0,0],[0,23,0,1,0,0,1,0,6,0,25,1,0,1,0,0,35,0,0,0,0,0,0,0,0,0,0,0],[0,25,0,0,0,0,0,0,2,1,31,0,0,0,0,0,26,0,0,0,0,0,0,0,0,0,0,0],[0,17,0,1,0,3,0,0,0,0,26,0,0,1,0,0,18,0,0,0,0,0,0,0,0,0,0,0],[0,16,0,1,0,1,0,0,2,1,17,1,0,0,0,0,32,0,0,0,0,0,0,0,0,0,0,0],[0,8,1,1,0,1,0,0,15,0,17,1,0,3,0,0,14,0,0,0,0,0,0,0,0,0,0,1]]}