{"Accuracy":0.10738714090287278,"Precision":0.088849909629416,"Recall":0.10738714090287278,"F1 Score":0.0740321083511324,"Adjusted Rand Index":0.011161260456600234,"Precision by cluster":[0.1245136186770428,0.09312210200927357,0.1437908496732026,0.08098591549295775,0.0,0.06329113924050633,0.46021505376344085,0.1111111111111111,0.0,0.0547945205479452,0.033942558746736295,0.0,0.12219451371571072,0.25,0.0,0.0,0.05583250249252243,0.0,0.0,0.0,0.0,0.0,0.0,0.0,0.0,0.0,0.0,0.19047619047619047],"Recall by cluster":[0.04769001490312966,0.4077834179357022,0.03648424543946932,0.23138832997987926,0.0,0.05630630630630631,0.535,0.003076923076923077,0.0,0.028268551236749116,0.04609929078014184,0.0,0.2076271186440678,0.004016064257028112,0.0,0.0,0.35443037974683544,0.0,0.0,0.0,0.0,0.0,0.0,0.0,0.0,0.0,0.0,0.14285714285714285],"F1 score by cluster":[0.06896551724137931,0.15162000629128658,0.0582010582010582,0.11997913406364111,0.0,0.05959475566150179,0.49479768786127165,0.005988023952095809,0.0,0.037296037296037296,0.039097744360902256,0.0,0.15384615384615385,0.007905138339920948,0.0,0.0,0.09646856158484066,0.0,0.0,0.0,0.0,0.0,0.0,0.0,0.0,0.0,0.0,0.16326530612244897],"confusion_matrix":[[32,237,17,154,0,35,19,1,0,17,42,3,22,1,0,0,87,0,0,0,0,0,0,0,0,0,0,4],[14,241,7,135,0,37,19,1,0,11,18,2,33,0,0,0,72,0,0,0,0,0,0,0,0,0,0,1],[38,193,22,152,0,47,1,1,0,12,41,5,22,0,0,0,64,0,0,0,0,0,0,0,0,0,0,5],[17,170,5,115,0,30,1,1,0,21,37,3,20,0,0,0,77,0,0,0,0,0,0,0,0,0,0,0],[26,158,17,115,0,25,4,0,0,10,27,6,11,0,0,0,35,0,0,0,0,0,0,0,0,0,0,3],[18,166,9,127,0,25,1,1,0,13,20,2,11,0,0,0,51,0,0,0,0,0,0,0,0,0,0,0],[7,90,2,22,0,8,214,0,0,1,3,0,21,0,0,0,32,0,0,0,0,0,0,0,0,0,0,0],[9,102,16,60,0,18,3,1,0,14,28,1,19,0,0,0,52,0,0,0,0,0,0,0,0,0,0,2],[11,104,3,38,0,11,14,0,0,3,4,0,22,0,0,0,44,0,0,0,0,0,0,0,0,0,0,7],[1,107,10,60,0,18,0,0,0,8,18,1,13,0,0,0,47,0,0,0,0,0,0,0,0,0,0,0],[9,121,3,43,0,13,23,0,0,4,13,1,14,0,0,0,38,0,0,0,0,0,0,0,0,0,0,0],[7,101,3,35,0,19,24,0,0,1,20,0,27,0,0,0,38,0,0,0,0,0,0,0,0,0,0,1],[1,78,0,9,0,1,35,0,1,0,2,6,49,0,0,0,54,0,0,0,0,0,0,0,0,0,0,0],[6,87,5,44,0,26,20,0,2,1,14,3,17,1,0,0,19,0,0,0,0,0,0,0,0,0,0,4],[8,73,5,55,0,14,12,1,0,4,9,0,14,1,0,0,29,0,0,0,0,0,0,0,0,0,0,1],[10,79,7,55,0,9,4,0,0,3,11,0,15,0,0,0,24,0,0,0,0,0,0,0,0,0,0,1],[4,43,0,6,0,1,20,0,0,3,6,0,18,1,0,0,56,0,0,0,0,0,0,0,0,0,0,0],[7,62,3,30,0,6,10,0,0,2,7,1,5,0,0,0,16,0,0,0,0,0,0,0,0,0,0,1],[2,44,6,17,0,3,6,0,1,2,10,0,9,0,0,0,23,0,0,0,0,0,0,0,0,0,0,3],[5,54,0,17,0,6,11,0,0,1,5,1,8,0,0,0,28,0,0,0,0,0,0,0,0,0,0,0],[4,59,0,24,0,6,5,1,0,3,6,0,6,0,0,0,15,0,0,0,0,0,0,0,0,0,0,0],[4,41,1,22,0,2,5,0,0,1,6,1,5,0,0,0,33,0,0,0,0,0,0,0,0,0,0,1],[5,30,2,18,0,9,0,1,0,2,8,1,1,0,0,0,9,0,0,0,0,0,0,0,0,0,0,0],[3,40,4,16,0,7,4,0,0,1,7,1,7,0,0,0,8,0,0,0,0,0,0,0,0,0,0,0],[1,29,2,20,0,3,1,0,0,2,8,1,5,0,0,0,10,0,0,0,0,0,0,0,0,0,0,0],[4,25,2,17,0,9,1,0,0,4,5,0,2,0,0,0,11,0,0,0,0,0,0,0,0,0,0,0],[0,38,0,9,0,3,3,0,0,2,6,0,4,0,0,0,23,0,0,0,0,0,0,0,0,0,0,0],[4,16,2,5,0,4,5,0,0,0,2,1,1,0,0,0,8,0,0,0,0,0,0,0,0,0,0,8]]}