{"Accuracy":0.1436388508891929,"Precision":0.13610078198263859,"Recall":0.1436388508891929,"F1 Score":0.09538481609887374,"Adjusted Rand Index":0.02914218119256925,"Precision by cluster":[0.08503401360544217,0.14610069101678183,0.15620886353663888,0.12897822445561138,0.0,0.18421052631578946,0.6458333333333334,0.20161290322580644,0.08260869565217391,0.1346153846153846,0.18,0.14953271028037382,0.16488222698072805,0.13636363636363635,0.0,0.0,0.09742895805142084,0.0,0.0,0.037037037037037035,0.0,0.0,0.0,0.1875,0.0,0.0,0.0,0.4],"Recall by cluster":[0.042444821731748725,0.47974068071312803,0.606473594548552,0.15587044534412955,0.0,0.047619047619047616,0.0792838874680307,0.07102272727272728,0.06440677966101695,0.026022304832713755,0.032846715328467155,0.05925925925925926,0.2779783393501805,0.02459016393442623,0.0,0.0,0.4260355029585799,0.0,0.0,0.034782608695652174,0.0,0.0,0.0,0.030927835051546393,0.0,0.0,0.0,0.09090909090909091],"F1 score by cluster":[0.056625141562853906,0.22398789254634885,0.24842986741102582,0.14115490375802017,0.0,0.07567567567567568,0.14123006833712984,0.10504201680672269,0.07238095238095238,0.04361370716510903,0.05555555555555555,0.08488063660477453,0.20698924731182797,0.041666666666666664,0.0,0.0,0.15859030837004406,0.0,0.0,0.03587443946188341,0.0,0.0,0.0,0.05309734513274336,0.0,0.0,0.0,0.14814814814814814],"confusion_matrix":[[25,173,205,57,0,9,1,20,11,5,4,5,23,5,0,0,43,0,0,1,0,0,0,2,0,0,0,0],[21,296,97,51,0,7,2,5,14,6,6,8,34,6,0,0,62,0,0,1,0,0,0,0,0,0,0,1],[16,111,356,40,0,10,0,10,4,1,2,6,7,1,0,0,22,0,0,0,0,0,0,0,0,0,0,1],[24,132,173,77,0,12,1,7,2,3,4,9,16,1,0,0,33,0,0,0,0,0,0,0,0,0,0,0],[18,118,192,50,0,4,0,8,6,4,2,1,10,2,0,0,24,0,0,0,0,0,0,1,0,0,0,0],[22,111,180,63,0,21,0,10,0,2,1,3,5,1,0,0,19,0,0,0,0,0,0,3,0,0,0,0],[8,65,29,9,0,2,31,1,66,1,0,3,79,3,0,0,37,0,0,57,0,0,0,0,0,0,0,0],[6,32,233,12,0,5,0,25,2,1,4,4,6,1,0,0,19,0,0,0,0,0,0,2,0,0,0,0],[12,83,73,16,0,11,1,1,19,2,1,2,13,3,0,0,52,0,0,4,0,0,0,0,0,0,0,2],[20,65,89,29,0,4,0,6,5,7,3,6,8,0,0,0,27,0,0,0,0,0,0,0,0,0,0,0],[17,129,25,27,0,0,2,4,3,1,9,2,18,1,0,0,29,0,0,7,0,0,0,0,0,0,0,0],[10,76,34,14,0,3,3,0,10,2,2,16,49,3,0,0,42,0,0,3,0,0,0,3,0,0,0,0],[5,34,28,8,0,0,5,2,27,3,0,3,77,0,0,0,76,0,0,9,0,0,0,0,0,0,0,0],[10,109,28,14,0,0,0,1,6,2,2,5,25,6,0,0,27,0,0,7,0,0,0,0,0,0,0,2],[10,56,78,19,0,6,1,5,8,2,1,2,12,2,0,0,11,0,0,3,0,0,0,0,0,0,0,0],[10,39,107,27,0,7,0,3,2,2,0,2,5,0,0,0,15,0,0,0,0,0,0,0,0,0,0,0],[2,28,19,2,0,0,0,2,20,0,2,0,18,1,0,0,72,0,0,3,0,0,0,0,0,0,0,0],[7,54,41,10,0,2,0,2,7,1,1,3,6,1,0,0,18,0,0,4,0,0,0,1,0,0,0,1],[4,33,44,5,0,0,0,2,2,1,1,1,8,1,0,0,17,0,0,0,0,0,0,0,0,0,0,2],[6,42,17,5,0,0,0,0,5,2,0,4,16,2,0,0,12,0,0,4,0,0,0,0,0,0,0,0],[4,48,22,9,0,0,1,2,4,2,0,2,6,0,0,0,15,0,0,1,0,0,0,0,0,0,0,0],[7,29,21,8,0,0,0,0,1,0,1,5,8,1,0,0,23,0,0,2,0,0,0,0,0,0,0,0],[9,29,51,9,0,2,0,4,0,0,0,1,1,0,0,0,6,0,0,0,0,0,0,0,0,0,0,0],[3,24,24,5,0,3,0,2,0,1,1,11,7,0,0,0,12,0,0,1,0,0,0,3,0,0,0,0],[5,32,36,14,0,3,0,1,0,1,1,1,2,0,0,0,4,0,0,0,0,0,0,0,0,0,0,0],[5,25,46,5,0,2,0,1,0,0,0,1,0,0,0,0,4,0,0,0,0,0,0,1,0,0,0,0],[5,34,14,8,0,0,0,0,1,0,2,1,5,1,0,0,13,0,0,0,0,0,0,0,0,0,0,0],[3,19,17,4,0,1,0,0,5,0,0,0,3,2,0,0,5,0,0,1,0,0,0,0,0,0,0,6]],"epoch_accuracies":[[0.1000866353563449,0.11030048789384889,0.12708038849117687,0.13036341252108888,0.13446719255847886,0.13811499703615887,0.13893575304363687,0.14048606994665086,0.14167160640189685,0.14381469153253384,0.14604897177511286,0.14796406912589485,0.15083671515206784,0.15316219050658886,0.15557886097305185,0.15858829966713783,0.16246409192467284,0.16159773836122385,0.16551912817472983,0.16319365282020884,0.16615749395832383,0.16661346951803382,0.17053485933153983,0.17313392002188682,0.16925812776435184,0.17422826136519082,0.17614335871597284,0.1750490173726688,0.1757785782682048,0.17892480963020382],[0.09425444596443229,0.11258549931600548,0.11326949384404925,0.11354309165526676,0.11450068399452805,0.11436388508891929,0.11518467852257182,0.10971272229822161,0.09165526675786594,0.11203830369357046,0.11518467852257182,0.10424076607387141,0.10465116279069768,0.10998632010943912,0.13693570451436388,0.1359781121751026,0.11723666210670315,0.1426812585499316,0.1439124487004104,0.13023255813953488,0.12571819425444597,0.11504787961696307,0.14651162790697675,0.14186046511627906,0.15198358413132695,0.146374829001368,0.14131326949384404,0.15362517099863202,0.1374829001367989,0.1399452804377565]]}