{"Accuracy":0.16101231190150478,"Precision":0.13398811929727716,"Recall":0.16101231190150478,"F1 Score":0.12484967197852108,"Adjusted Rand Index":0.035135794204525075,"Precision by cluster":[0.1008174386920981,0.15692079940784603,0.16229656419529837,0.08900523560209424,0.057971014492753624,0.12690355329949238,0.5435684647302904,0.1984126984126984,0.2108843537414966,0.10526315789473684,0.15254237288135594,0.11904761904761904,0.18609022556390978,0.1,0.0,0.0,0.15542521994134897,0.0,0.0,0.017543859649122806,0.08333333333333333,0.0,0.0,0.24324324324324326,0.0,0.0,0.0,0.26666666666666666],"Recall by cluster":[0.05901116427432217,0.34925864909390447,0.6105442176870748,0.1452991452991453,0.0091324200913242,0.1091703056768559,0.32997481108312343,0.1510574018126888,0.10726643598615918,0.046357615894039736,0.127208480565371,0.0411522633744856,0.3694029850746269,0.017167381974248927,0.0,0.0,0.29120879120879123,0.0,0.0,0.008264462809917356,0.007518796992481203,0.0,0.0,0.0967741935483871,0.0,0.0,0.0,0.12698412698412698],"F1 score by cluster":[0.0744466800804829,0.21654749744637386,0.25642857142857145,0.11038961038961038,0.015779092702169626,0.11737089201877934,0.4106583072100313,0.17152658662092624,0.14220183486238533,0.06436781609195402,0.13872832369942195,0.06116207951070336,0.2475,0.029304029304029304,0.0,0.0,0.20267686424474188,0.0,0.0,0.011235955056179775,0.013793103448275862,0.0,0.0,0.13846153846153847,0.0,0.0,0.0,0.17204301075268819],"confusion_matrix":[[37,119,224,79,11,33,17,22,5,7,17,8,23,0,0,0,13,0,0,5,1,0,0,2,0,0,1,3],[36,212,95,83,4,35,7,2,5,19,32,4,36,6,0,0,21,1,0,6,1,0,0,1,0,0,0,1],[15,57,359,28,8,28,2,41,6,8,4,2,9,4,0,0,9,0,0,0,0,1,0,4,0,0,0,3],[38,77,164,68,4,38,2,16,2,8,21,5,11,2,0,0,7,0,0,4,0,0,0,1,0,0,0,0],[25,64,182,53,4,39,3,17,4,7,4,4,15,1,1,0,8,0,0,4,0,0,0,1,0,0,0,2],[27,53,192,65,3,50,0,22,4,10,10,3,8,3,0,1,3,0,0,4,0,0,0,0,0,0,0,0],[10,41,27,13,1,11,131,3,10,0,9,7,84,4,0,0,39,0,0,0,7,0,0,0,0,0,0,0],[8,14,194,22,7,8,0,50,4,5,4,2,5,0,0,0,4,0,0,2,0,0,0,2,0,0,0,0],[11,57,70,18,4,10,8,11,31,3,6,2,21,0,0,1,28,0,0,1,0,1,0,0,0,0,0,6],[18,47,108,32,0,25,1,13,1,14,11,3,13,1,0,0,11,0,0,1,0,0,0,3,0,0,0,0],[13,78,31,43,0,14,11,1,7,5,36,2,20,2,0,0,15,0,0,5,0,0,0,0,0,0,0,0],[15,44,41,23,1,11,9,1,5,6,6,10,47,3,0,0,11,0,0,2,0,0,0,8,0,0,0,0],[6,28,25,13,1,2,11,6,15,7,7,3,99,0,0,0,39,0,0,5,0,0,0,1,0,0,0,0],[10,78,39,20,2,6,6,2,4,2,10,5,28,4,0,0,13,0,0,3,0,0,0,0,0,0,0,1],[15,42,82,23,5,6,7,8,2,5,5,4,8,0,0,0,6,0,0,0,1,0,0,2,0,0,0,2],[15,23,90,31,1,19,1,9,4,5,4,2,6,2,0,0,7,0,1,0,0,1,0,0,0,0,0,1],[4,40,17,16,0,2,4,2,12,0,3,2,23,0,0,0,53,0,0,4,0,0,0,0,0,0,0,0],[10,41,29,12,1,7,6,2,5,2,4,1,11,1,0,0,1,0,0,2,0,0,0,1,0,0,0,0],[11,22,40,6,5,6,3,5,13,3,2,0,7,0,0,0,19,0,0,0,0,0,0,0,0,0,0,2],[6,36,11,23,1,3,3,0,0,4,10,2,14,1,1,0,4,0,0,1,1,0,0,0,0,0,0,0],[7,64,19,9,0,1,3,1,2,2,8,0,8,0,0,0,5,0,0,1,1,0,0,1,0,0,0,1],[5,29,21,20,1,5,2,1,3,4,8,0,10,2,0,0,7,0,0,1,0,0,0,0,0,0,0,0],[3,14,46,13,1,11,0,9,0,1,0,2,1,2,0,0,0,0,0,2,0,0,0,0,0,0,0,0],[10,15,21,8,0,5,1,2,1,1,1,8,6,0,1,0,4,0,0,0,0,0,0,9,0,0,0,0],[6,15,24,16,0,5,0,1,0,2,4,1,2,1,0,0,3,0,0,1,0,0,0,0,0,0,0,0],[3,9,39,7,1,8,1,2,0,2,4,1,2,0,0,0,1,0,0,0,0,0,0,1,0,0,0,0],[2,20,8,13,1,3,0,2,0,1,2,1,15,0,0,0,6,0,0,1,0,0,0,0,0,0,0,0],[1,12,14,7,2,3,2,1,2,0,4,0,0,1,0,0,4,0,0,2,0,0,0,0,0,0,0,8]],"epoch_accuracies":[[0.1022753180429529,0.11476904837900688,0.12270302311796087,0.12986183940540788,0.13528794856595686,0.13683826546897088,0.13802380192421687,0.14413387442433084,0.14427066709224384,0.14367789886462085,0.14586658155122886,0.15270621494687886,0.15343577584241486,0.15530527563722585,0.15890748255893483,0.15886188500296383,0.16282887237244084,0.16515434772696183,0.16647667685012082,0.16488076239113583,0.16656787196206282,0.17021567643974284,0.17044366421959783,0.17076284711139483,0.17272354201814782,0.17327071268979982,0.17340750535771282,0.17500341981669781,0.17322511513382882,0.17650813916374083,0.1755049929323788,0.17919839496602982,0.17924399252200082,0.18047512653321782,0.18093110209292781,0.18038393142127582,0.18503488213031782,0.1820254434362318,0.1834845652273038,0.18508047968628882,0.18508047968628882,0.18649400392138982,0.1899594181751858,0.19141853996625782,0.1906433815147508,0.1881355159363458,0.1909169668505768,0.1933336373170398,0.19201130819388082,0.1936528202088368,0.1945647713282568,0.1950207468879668,0.1962974784551548,0.1974374173544298,0.1990789293693858,0.2002188682686608,0.2011308193880808,0.2002188682686608,0.2025443436231818,0.1997628927089508,0.2049610140896448,0.2074232821120788,0.2025443436231818,0.20696730655236878,0.20642013588071678,0.2113902694815558,0.2092015867949478,0.20550818476129679,0.2092015867949478,0.21357895216816378],[0.09630642954856361,0.12216142270861834,0.11764705882352941,0.10998632010943912,0.1146374829001368,0.11477428180574556,0.1265389876880985,0.11627906976744186,0.1307797537619699,0.0997264021887825,0.07551299589603283,0.11231190150478797,0.11149110807113544,0.1253077975376197,0.12038303693570451,0.1307797537619699,0.14062927496580027,0.13365253077975375,0.13789329685362517,0.12407660738714091,0.12393980848153215,0.12859097127222982,0.13693570451436388,0.133515731874145,0.13693570451436388,0.14186046511627906,0.1280437756497948,0.1307797537619699,0.13105335157318743,0.12558139534883722,0.13406292749658003,0.1253077975376197,0.13980848153214775,0.14131326949384404,0.13775649794801642,0.14336525307797537,0.13283173734610124,0.14856361149110808,0.14281805745554035,0.14870041039671683,0.14555403556771546,0.1456908344733242,0.15526675786593708,0.15006839945280437,0.15444596443228453,0.14582763337893298,0.15294117647058825,0.15800273597811218,0.13953488372093023,0.14445964432284542,0.15006839945280437,0.1426812585499316,0.14596443228454173,0.16880984952120384,0.15636114911080712,0.14582763337893298,0.1454172366621067,0.1575923392612859,0.1548563611491108,0.13515731874145007,0.16210670314637482,0.17482900136798907,0.17236662106703146,0.16963064295485636,0.15567715458276335,0.160328317373461,0.15526675786593708,0.15991792065663474,0.1545827633378933,0.16073871409028728]]}