{"Accuracy":0.09110807113543092,"Precision":0.14971443497487294,"Recall":0.09110807113543092,"F1 Score":0.06689706543091012,"Adjusted Rand Index":0.019138358750069334,"Precision by cluster":[0.09821428571428571,0.08467917939764295,0.31470588235294117,0.10795454545454546,0.12727272727272726,0.1282051282051282,1.0,0.16363636363636364,0.056731583403895,0.06578947368421052,0.06544077879935101,0.0,0.12857142857142856,0.11290322580645161,0.0,0.0,0.04878048780487805,0.0,0.0,0.0,0.0,0.0,0.0,0.0,0.0,0.0,0.0,0.45],"Recall by cluster":[0.03588907014681892,0.3227953410981697,0.17038216560509553,0.1532258064516129,0.015590200445434299,0.02237136465324385,0.0024271844660194173,0.05389221556886228,0.22039473684210525,0.03636363636363636,0.5041666666666667,0.0,0.034482758620689655,0.028112449799196786,0.0,0.0,0.041025641025641026,0.0,0.0,0.0,0.0,0.0,0.0,0.0,0.0,0.0,0.0,0.140625],"F1 score by cluster":[0.052568697729988054,0.13416320885200553,0.22107438016528927,0.12666666666666668,0.027777777777777776,0.0380952380952381,0.004842615012106538,0.08108108108108109,0.09023569023569024,0.0468384074941452,0.11584490186692198,0.0,0.054380664652567974,0.04501607717041801,0.0,0.0,0.04456824512534819,0.0,0.0,0.0,0.0,0.0,0.0,0.0,0.0,0.0,0.0,0.21428571428571427],"confusion_matrix":[[22,202,42,69,8,6,0,13,61,11,156,0,4,6,1,0,12,0,0,0,0,0,0,0,0,0,0,0],[7,194,3,34,0,0,0,0,75,5,270,0,1,3,0,0,9,0,0,0,0,0,0,0,0,0,0,0],[52,163,107,92,11,16,0,26,27,25,92,0,2,4,2,0,9,0,0,0,0,0,0,0,0,0,0,0],[4,191,6,76,1,1,0,3,29,10,162,0,2,1,0,0,10,0,0,0,0,0,0,0,0,0,0,0],[23,145,46,56,7,14,0,10,30,12,96,0,1,5,0,0,3,0,0,0,0,0,0,0,0,0,0,1],[16,177,16,79,1,10,0,4,13,10,105,0,1,5,1,0,9,0,0,0,0,0,0,0,0,0,0,0],[1,57,1,8,1,1,1,0,265,1,61,0,3,1,0,0,11,0,0,0,0,0,0,0,0,0,0,0],[25,86,36,52,6,6,0,18,22,30,41,0,2,1,0,0,9,0,0,0,0,0,0,0,0,0,0,0],[9,92,19,17,4,3,0,2,67,4,66,0,1,6,2,0,6,0,0,0,0,0,0,0,0,0,0,6],[5,115,3,32,0,6,0,7,20,10,64,0,2,3,0,0,8,0,0,0,0,0,0,0,0,0,0,0],[2,71,1,5,0,0,0,1,35,0,121,0,2,0,0,0,2,0,0,0,0,0,0,0,0,0,0,0],[3,81,3,15,0,0,0,0,63,4,60,0,13,2,0,0,19,0,0,0,0,0,0,0,0,0,0,0],[1,67,0,3,0,0,0,0,135,2,34,0,9,0,0,0,10,0,0,0,0,0,0,0,0,0,0,0],[5,80,1,12,0,0,0,0,46,1,83,0,10,7,0,0,1,0,0,0,0,0,0,0,0,0,0,3],[8,71,15,12,4,2,0,4,22,3,46,1,1,0,0,0,4,0,0,0,0,0,0,0,0,0,0,0],[8,77,8,32,3,2,0,5,15,6,47,0,1,2,0,0,5,0,0,0,0,0,0,0,0,0,0,1],[2,45,1,4,0,0,0,1,93,2,36,0,3,0,0,0,8,0,0,0,0,0,0,0,0,0,0,0],[5,60,4,16,1,3,0,4,12,4,40,0,1,2,0,0,1,0,0,0,0,0,0,0,0,0,0,0],[4,33,9,7,2,1,0,3,30,0,24,0,2,0,0,0,4,0,0,0,0,0,0,0,0,0,0,0],[2,29,1,4,0,0,0,2,19,1,52,0,0,1,0,0,3,0,0,0,0,0,0,0,0,0,0,0],[1,40,0,5,0,1,0,0,23,1,44,0,0,3,0,0,2,0,0,0,0,0,0,0,0,0,0,0],[3,41,1,10,0,1,0,1,20,0,31,0,1,3,0,0,6,0,0,0,0,0,0,0,0,0,0,0],[3,40,7,17,1,0,0,1,5,2,22,0,1,1,0,0,1,0,0,0,0,0,0,0,0,0,0,0],[2,20,1,10,0,2,0,0,16,2,17,0,4,4,0,0,7,0,0,0,0,0,0,0,0,0,0,0],[3,32,1,10,1,0,0,1,4,3,24,0,0,1,0,0,1,0,0,0,0,0,0,0,0,0,0,0],[6,34,6,19,1,3,0,3,3,2,18,1,0,1,0,0,1,0,0,0,0,0,0,0,0,0,0,0],[1,31,2,5,0,0,0,0,15,0,27,0,2,0,0,0,2,0,0,0,0,0,0,0,0,0,0,0],[1,17,0,3,3,0,0,1,16,1,10,0,1,0,1,0,1,0,0,0,0,0,0,0,0,0,0,9]],"epoch_accuracies":[[0.1023665131548949,0.11089325612147188,0.11221558524463089,0.11481464593497788,0.12338698645752588,0.13314486343531987,0.13651908257717385,0.14162600884592585,0.14737130089827186,0.14746249601021386,0.14778167890201085,0.15038073959235784,0.15325338561853086,0.15703798276412384,0.15621722675664584,0.15822351921936983,0.15822351921936983,0.16168893347316585,0.16223610414481784,0.16551912817472983,0.16602070129041083,0.16442478683142583,0.16392321371574484,0.17026127399571384,0.17217637134649583,0.16670466462997582,0.17044366421959783,0.17213077379052483,0.1754593953764078,0.17459304181295882],[0.09753761969904241,0.11436388508891929,0.11846785225718194,0.11655266757865937,0.11792065663474692,0.09958960328317373,0.11901504787961696,0.11559507523939809,0.11600547195622435,0.11354309165526676,0.12517099863201095,0.1213406292749658,0.09425444596443229,0.09890560875512996,0.12763337893296853,0.10013679890560875,0.10779753761969904,0.11627906976744186,0.10068399452804377,0.11627906976744186,0.13119015047879617,0.1210670314637483,0.10957592339261286,0.10861833105335157,0.11491108071135431,0.10984952120383037,0.10807113543091655,0.11491108071135431,0.1119015047879617,0.09206566347469221]]}