{"Accuracy":0.12298221614227087,"Precision":0.07379521877989309,"Recall":0.12298221614227087,"F1 Score":0.07404287253518876,"Adjusted Rand Index":0.019412342623342287,"Precision by cluster":[0.08226221079691516,0.18,0.10759919300605246,0.09657794676806084,0.0,0.06666666666666667,0.44650205761316875,0.0,0.0,0.0,0.0,0.058823529411764705,0.11084142394822007,0.0,0.0,0.0,0.03468208092485549,0.0,0.0,0.0,0.0,0.0,0.0,0.0,0.0,0.0,0.0,0.1590909090909091],"Recall by cluster":[0.04769001490312966,0.030456852791878174,0.5306799336650083,0.25553319919517103,0.0,0.060810810810810814,0.5425,0.0,0.0,0.0,0.0,0.028985507246376812,0.5805084745762712,0.0,0.0,0.0,0.0379746835443038,0.0,0.0,0.0,0.0,0.0,0.0,0.0,0.0,0.0,0.0,0.125],"F1 score by cluster":[0.06037735849056604,0.05209840810419682,0.1789208834218619,0.1401766004415011,0.0,0.0636042402826855,0.4898419864559819,0.0,0.0,0.0,0.0,0.038834951456310676,0.18614130434782608,0.0,0.0,0.0,0.03625377643504532,0.0,0.0,0.0,0.0,0.0,0.0,0.0,0.0,0.0,0.0,0.14],"confusion_matrix":[[32,10,320,132,5,45,21,0,2,3,0,15,65,0,0,0,17,0,0,0,0,0,0,0,0,0,0,4],[29,18,238,95,0,58,18,0,0,3,0,8,108,0,0,0,15,0,0,0,0,0,0,0,0,0,0,1],[31,1,320,120,0,24,1,2,2,1,0,11,76,0,0,0,9,0,0,0,0,0,0,0,0,0,0,5],[34,4,212,127,1,30,2,0,0,0,0,9,64,0,0,0,14,0,0,0,0,0,0,0,0,0,0,0],[30,3,232,96,0,21,4,0,1,1,0,6,31,0,0,0,10,0,0,0,0,0,0,0,0,0,0,2],[16,3,241,93,1,27,1,0,0,1,0,11,40,0,0,0,10,0,0,0,0,0,0,0,0,0,0,0],[15,2,66,21,0,6,217,0,0,0,0,4,63,0,0,0,6,0,0,0,0,0,0,0,0,0,0,0],[20,2,141,76,0,9,4,0,2,4,0,7,52,0,0,0,7,0,0,0,0,0,0,0,0,0,0,1],[11,7,100,37,0,11,15,1,0,1,0,1,62,0,0,0,8,0,0,0,0,0,0,0,0,0,0,7],[15,1,125,59,1,15,0,0,0,0,0,5,52,1,0,0,9,0,0,0,0,0,0,0,0,0,0,0],[19,9,92,51,0,25,23,0,0,2,0,9,41,0,0,0,11,0,0,0,0,0,0,0,0,0,0,0],[13,7,105,34,0,9,24,0,1,0,0,8,70,0,0,0,4,0,0,0,0,0,0,0,0,0,0,1],[11,2,15,22,0,2,35,0,0,1,0,8,137,0,0,0,3,0,0,0,0,0,0,0,0,0,0,0],[12,1,108,29,0,15,23,0,0,1,0,4,44,0,0,0,5,0,0,0,0,0,0,0,0,0,0,7],[16,6,100,34,1,14,13,1,1,0,0,1,31,0,0,0,6,0,0,0,0,0,0,0,0,0,0,2],[16,0,109,44,0,6,5,0,0,0,0,4,32,0,0,0,1,0,0,0,0,0,0,0,0,0,0,1],[10,5,28,11,0,1,21,0,2,0,0,2,72,0,0,0,6,0,0,0,0,0,0,0,0,0,0,0],[8,1,61,29,0,14,11,0,0,0,0,1,22,0,0,0,2,0,0,0,0,0,0,0,0,0,0,1],[7,3,45,23,0,5,7,0,0,0,0,1,26,0,0,0,5,0,0,0,0,0,0,0,0,0,0,4],[8,4,39,27,1,10,15,0,0,0,0,2,25,0,0,0,5,0,0,0,0,0,0,0,0,0,0,0],[6,3,39,29,0,13,6,1,0,1,0,0,26,0,0,0,5,0,0,0,0,0,0,0,0,0,0,0],[12,0,39,22,0,3,4,0,0,1,0,5,32,0,0,0,3,0,0,0,0,0,0,0,0,0,0,1],[4,0,47,17,0,9,0,0,0,0,0,1,7,0,0,0,1,0,0,0,0,0,0,0,0,0,0,0],[4,2,38,15,0,9,4,0,0,1,0,6,18,0,0,0,1,0,0,0,0,0,0,0,0,0,0,0],[4,2,27,28,0,5,1,0,0,0,0,4,9,0,0,0,2,0,0,0,0,0,0,0,0,0,0,0],[2,0,42,19,0,7,2,1,0,0,0,1,4,0,0,0,2,0,0,0,0,0,0,0,0,0,0,0],[2,4,22,20,2,8,3,0,0,0,0,1,20,0,0,0,6,0,0,0,0,0,0,0,0,0,0,0],[2,0,23,5,0,4,6,0,1,0,0,1,7,0,0,0,0,0,0,0,0,0,0,0,0,0,0,7]]}