{"Accuracy":0.1103967168262654,"Precision":0.09518755906064746,"Recall":0.1103967168262654,"F1 Score":0.07192472354085566,"Adjusted Rand Index":0.01457850060297431,"Precision by cluster":[0.14285714285714285,0.09944532488114105,0.15966386554621848,0.0755939524838013,0.0,0.0660377358490566,0.4579831932773109,0.1,0.05263157894736842,0.056074766355140186,0.04180064308681672,0.0,0.13385826771653545,0.2777777777777778,0.0,0.0,0.054385964912280704,0.0,0.0,0.0,0.0,0.0,0.0,0.0,0.0,0.0,0.0,0.20689655172413793],"Recall by cluster":[0.022354694485842028,0.42470389170896783,0.03150912106135987,0.2112676056338028,0.0,0.015765765765765764,0.545,0.003076923076923077,0.0038314176245210726,0.02120141342756184,0.09219858156028368,0.0,0.3601694915254237,0.020080321285140562,0.0,0.0,0.3924050632911392,0.0,0.0,0.0,0.0,0.0,0.0,0.0,0.0,0.0,0.0,0.10714285714285714],"F1 score by cluster":[0.03865979381443299,0.16115569823434991,0.05263157894736842,0.11134676564156946,0.0,0.025454545454545455,0.4977168949771689,0.005970149253731343,0.007142857142857143,0.03076923076923077,0.05752212389380531,0.0,0.19517795637198623,0.03745318352059925,0.0,0.0,0.09553158705701079,0.0,0.0,0.0,0.0,0.0,0.0,0.0,0.0,0.0,0.0,0.1411764705882353],"confusion_matrix":[[15,266,15,133,0,10,20,1,3,14,64,0,32,3,0,0,94,0,0,0,0,0,0,0,0,0,0,1],[3,251,5,128,0,14,18,1,1,7,27,1,50,0,0,0,84,0,0,0,0,0,0,0,0,0,0,1],[19,202,19,147,0,13,3,0,3,7,71,1,33,0,0,0,83,0,0,0,0,0,0,0,0,0,0,2],[8,161,6,105,0,13,2,3,0,12,63,0,34,0,0,0,90,0,0,0,0,0,0,0,0,0,0,0],[10,166,13,103,0,11,3,1,1,7,46,3,15,0,0,0,55,0,0,0,0,0,0,0,0,0,0,3],[5,174,3,126,0,7,1,0,1,8,39,1,20,0,0,0,59,0,0,0,0,0,0,0,0,0,0,0],[4,69,1,19,0,3,218,0,0,0,16,0,36,1,0,0,33,0,0,0,0,0,0,0,0,0,0,0],[7,95,15,64,0,5,2,1,2,14,34,0,23,0,0,0,62,0,0,0,0,0,0,0,0,0,0,1],[2,92,4,45,0,1,13,0,1,2,9,0,37,2,0,0,47,0,0,0,0,0,0,0,0,0,0,6],[4,102,6,66,0,2,1,1,0,6,24,1,20,0,0,0,50,0,0,0,0,0,0,0,0,0,0,0],[5,128,1,36,0,2,25,0,0,2,26,0,23,0,0,0,34,0,0,0,0,0,0,0,0,0,0,0],[3,101,4,32,0,2,23,0,0,2,21,0,52,1,0,0,35,0,0,0,0,0,0,0,0,0,0,0],[3,40,0,9,0,0,36,0,0,1,5,1,85,0,0,0,56,0,0,0,0,0,0,0,0,0,0,0],[1,86,4,39,0,5,22,0,1,3,25,0,26,5,0,0,29,0,0,0,0,0,0,0,0,0,0,3],[3,82,4,52,0,3,12,1,1,1,19,0,16,1,0,0,30,0,0,0,0,0,0,0,0,0,0,1],[2,72,5,55,0,3,5,1,0,2,27,1,12,0,0,0,32,0,0,0,0,0,0,0,0,0,0,1],[0,31,1,7,0,1,20,0,0,1,7,0,26,2,0,0,62,0,0,0,0,0,0,0,0,0,0,0],[2,58,1,35,0,0,9,0,0,0,12,0,11,0,0,0,21,0,0,0,0,0,0,0,0,0,0,1],[1,36,4,15,0,0,6,0,1,2,15,0,14,0,0,0,29,0,0,0,0,0,0,0,0,0,0,3],[0,48,1,21,0,1,15,0,0,2,5,0,14,0,0,0,29,0,0,0,0,0,0,0,0,0,0,0],[1,50,0,27,0,0,4,0,0,6,8,0,15,0,0,0,18,0,0,0,0,0,0,0,0,0,0,0],[0,36,1,19,0,0,4,0,1,0,11,1,14,1,0,0,34,0,0,0,0,0,0,0,0,0,0,0],[2,33,1,20,0,4,0,0,1,1,15,0,2,0,0,0,7,0,0,0,0,0,0,0,0,0,0,0],[1,40,2,22,0,1,4,0,0,0,4,0,12,2,0,0,10,0,0,0,0,0,0,0,0,0,0,0],[0,31,1,20,0,0,1,0,0,1,12,0,4,0,0,0,12,0,0,0,0,0,0,0,0,0,0,0],[1,29,2,23,0,3,1,0,0,2,7,0,0,0,0,0,12,0,0,0,0,0,0,0,0,0,0,0],[0,29,0,15,0,0,3,0,0,4,7,0,7,0,0,0,23,0,0,0,0,0,0,0,0,0,0,0],[3,16,0,6,0,2,5,0,2,0,3,1,2,0,0,0,10,0,0,0,0,0,0,0,0,0,0,6]]}