{"Accuracy":0.06894664842681258,"Precision":0.09398779344205652,"Recall":0.06894664842681258,"F1 Score":0.03642134269885081,"Adjusted Rand Index":0.015192099202076955,"Precision by cluster":[0.1079136690647482,0.10140474100087796,0.3225806451612903,0.17777777777777778,0.0,0.025,0.125,0.0,0.05953693495038589,0.08620689655172414,0.04638671875,0.07692307692307693,0.0,0.06611570247933884,0.0,0.0,0.04083044982698962,0.0,0.0,0.5,0.0,0.0,0.0,0.0,0.0,0.0,0.0,0.8],"Recall by cluster":[0.02332814930015552,0.36608557844690964,0.016366612111292964,0.0163265306122449,0.0,0.0022935779816513763,0.009900990099009901,0.0,0.17363344051446947,0.01773049645390071,0.3442028985507246,0.0038314176245210726,0.0,0.0653061224489796,0.0,0.0,0.34104046242774566,0.0,0.0,0.008403361344537815,0.0,0.0,0.0,0.0,0.0,0.0,0.0,0.06451612903225806],"F1 score by cluster":[0.03836317135549872,0.15881746304572017,0.03115264797507788,0.029906542056074768,0.0,0.004201680672268907,0.01834862385321101,0.0,0.08866995073891626,0.029411764705882353,0.08175559380378658,0.0072992700729927005,0.0,0.06570841889117043,0.0,0.0,0.07292954264524104,0.0,0.0,0.01652892561983471,0.0,0.0,0.0,0.0,0.0,0.0,0.0,0.11940298507462686],"confusion_matrix":[[15,211,5,3,0,6,2,0,47,5,216,1,0,30,1,0,101,0,0,0,0,0,0,0,0,0,0,0],[12,231,1,2,0,3,4,0,50,5,173,0,0,25,0,0,125,0,0,0,0,0,0,0,0,0,0,0],[16,178,10,4,0,4,4,0,17,0,233,1,1,23,5,0,115,0,0,0,0,0,0,0,0,0,0,0],[11,169,0,8,0,3,0,0,15,4,162,0,0,13,0,0,105,0,0,0,0,0,0,0,0,0,0,0],[12,165,2,2,0,3,3,0,15,4,147,0,0,18,3,0,69,0,0,0,0,0,0,0,0,0,1,0],[6,153,3,4,0,1,2,0,4,3,162,1,0,18,0,0,78,0,0,1,0,0,0,0,0,0,0,0],[2,41,1,1,0,2,4,0,250,1,50,1,0,5,1,0,45,0,0,0,0,0,0,0,0,0,0,0],[13,106,3,2,0,2,1,0,9,3,98,0,0,2,1,0,72,0,0,0,0,0,0,0,0,0,0,0],[2,104,1,2,0,4,2,0,54,2,61,4,0,12,2,0,61,0,0,0,0,0,0,0,0,0,0,0],[4,79,1,1,0,1,0,0,13,5,99,0,0,11,1,0,67,0,0,0,0,0,0,0,0,0,0,0],[3,89,0,1,0,2,1,0,38,1,95,0,0,5,0,0,41,0,0,0,0,0,0,0,0,0,0,0],[4,66,0,1,0,0,2,0,58,4,46,1,0,12,1,0,66,0,0,0,0,0,0,0,0,0,0,0],[2,55,0,2,0,0,1,0,78,2,14,1,0,0,0,0,85,0,0,0,0,0,0,0,0,0,0,0],[4,69,0,0,0,3,0,0,40,0,66,2,0,16,2,0,41,1,0,0,0,0,0,0,0,0,0,1],[6,59,2,1,0,2,0,0,15,3,69,0,0,6,0,0,52,0,0,0,0,0,0,0,0,0,0,0],[4,83,0,3,0,0,0,0,10,3,74,0,0,6,0,0,41,0,0,0,0,0,0,0,0,0,0,0],[0,32,0,0,0,0,0,0,61,2,18,0,0,1,0,0,59,0,0,0,0,0,0,0,0,0,0,0],[4,41,1,0,0,0,0,0,14,2,27,0,0,9,1,0,20,0,0,0,0,0,0,0,0,0,0,0],[5,51,0,0,0,0,1,0,24,4,24,0,0,2,0,0,17,0,0,0,0,0,0,0,0,0,0,0],[2,47,0,0,0,0,0,0,23,0,22,0,0,2,0,0,22,0,0,1,0,0,0,0,0,0,0,0],[0,46,0,3,0,0,1,0,16,0,25,1,0,8,0,0,24,0,0,0,0,0,0,0,0,0,1,0],[0,42,0,0,0,0,0,0,18,0,31,0,0,2,1,0,34,0,0,0,0,0,0,0,0,0,0,0],[2,45,1,1,0,1,0,0,2,2,37,0,0,2,1,0,22,0,0,0,0,0,0,0,0,0,0,0],[5,28,0,1,0,0,3,0,11,0,16,0,0,4,1,0,24,0,0,0,0,0,0,0,0,0,0,0],[1,25,0,1,0,0,0,0,3,1,29,0,0,1,0,0,24,0,0,0,0,0,0,0,0,0,0,0],[1,20,0,0,0,3,1,0,0,1,25,0,0,5,0,0,10,0,0,0,0,0,0,0,0,0,0,0],[2,29,0,0,0,0,0,0,7,1,18,0,0,0,0,0,14,0,0,0,0,0,0,0,0,0,0,0],[1,14,0,2,0,0,0,0,15,0,11,0,0,4,0,0,11,0,0,0,0,0,0,0,0,0,0,4]]}