{"Accuracy":0.11627906976744186,"Precision":0.06982387215816652,"Recall":0.11627906976744186,"F1 Score":0.0613865308144105,"Adjusted Rand Index":0.013093597744553155,"Precision by cluster":[0.10367892976588629,0.06553398058252427,0.0933284724753919,0.0,0.0,0.1,0.4409937888198758,0.1111111111111111,0.09696969696969697,0.0,0.0,0.0,0.1188118811881188,0.043478260869565216,0.0,0.0,0.1134020618556701,0.0,0.0,0.0,0.0,0.0,0.0,0.0,0.0,0.0,0.0,0.0],"Recall by cluster":[0.04821150855365474,0.042789223454833596,0.8379705400981997,0.0,0.0,0.006880733944954129,0.5272277227722773,0.003205128205128205,0.05144694533762058,0.0,0.0,0.0,0.1,0.004081632653061225,0.0,0.0,0.12716763005780346,0.0,0.0,0.0,0.0,0.0,0.0,0.0,0.0,0.0,0.0,0.0],"F1 score by cluster":[0.06581740976645435,0.05177372962607862,0.16795145153354107,0.0,0.0,0.012875536480686695,0.48027057497181513,0.006230529595015576,0.06722689075630252,0.0,0.0,0.0,0.1085972850678733,0.007462686567164179,0.0,0.0,0.11989100817438691,0.0,0.0,0.0,0.0,0.0,0.0,0.0,0.0,0.0,0.0,0.0],"confusion_matrix":[[31,24,518,0,0,5,18,3,17,0,0,0,11,4,0,0,10,0,0,0,0,0,0,0,0,0,0,2],[37,27,504,0,0,4,14,0,7,0,0,0,19,2,0,0,17,0,0,0,0,0,0,0,0,0,0,0],[28,15,512,0,0,5,6,0,20,0,0,0,12,1,0,0,11,0,0,0,0,0,0,0,0,0,0,1],[14,12,429,0,0,2,6,1,6,0,0,0,10,1,0,0,9,0,0,0,0,0,0,0,0,0,0,0],[14,6,391,0,0,1,4,0,12,0,0,0,5,3,0,0,7,0,0,0,0,0,0,0,0,0,0,1],[16,6,394,0,0,3,0,0,3,0,0,0,7,0,0,0,7,0,0,0,0,0,0,0,0,0,0,0],[6,36,127,0,0,1,213,0,3,0,0,0,10,0,0,0,8,0,0,0,0,0,0,0,0,0,0,0],[6,8,273,1,0,1,3,1,7,0,0,0,7,0,0,0,5,0,0,0,0,0,0,0,0,0,0,0],[20,25,200,0,0,0,15,0,16,0,0,0,15,2,0,0,18,0,0,0,0,0,0,0,0,0,0,0],[9,11,240,0,0,1,2,2,3,0,0,0,4,0,0,0,9,0,0,0,0,0,0,0,0,0,0,1],[19,16,205,0,0,0,20,0,2,0,0,0,7,1,0,0,6,0,0,0,0,0,0,0,0,0,0,0],[20,40,151,0,0,0,23,0,5,0,0,0,14,2,0,0,6,0,0,0,0,0,0,0,0,0,0,0],[11,43,100,0,0,0,46,0,1,0,0,0,24,0,0,0,15,0,0,0,0,0,0,0,0,0,0,0],[12,13,176,0,0,1,24,0,10,0,0,0,6,1,0,0,2,0,0,0,0,0,0,0,0,0,0,0],[9,4,177,0,0,0,5,0,8,0,0,0,7,0,0,0,4,0,0,0,0,0,0,0,0,0,0,1],[7,7,196,0,0,0,1,1,2,0,0,0,6,0,0,0,4,0,0,0,0,0,0,0,0,0,0,0],[9,29,69,0,0,0,30,0,5,0,0,0,9,0,0,0,22,0,0,0,0,0,0,0,0,0,0,0],[4,5,93,0,0,1,9,0,3,0,0,0,2,0,0,0,2,0,0,0,0,0,0,0,0,0,0,0],[4,11,87,0,0,0,11,1,7,0,0,0,6,0,0,0,1,0,0,0,0,0,0,0,0,0,0,0],[2,14,83,0,0,0,11,0,2,0,0,0,2,2,0,0,3,0,0,0,0,0,0,0,0,0,0,0],[4,9,89,0,0,1,5,0,0,0,0,0,6,2,0,0,9,0,0,0,0,0,0,0,0,0,0,0],[2,13,93,0,0,1,5,0,3,0,0,0,5,0,0,0,6,0,0,0,0,0,0,0,0,0,0,0],[6,4,101,0,0,0,0,0,2,0,0,0,0,0,0,0,3,0,0,0,0,0,0,0,0,0,0,0],[3,13,62,0,0,0,5,0,3,0,0,0,3,1,0,0,3,0,0,0,0,0,0,0,0,0,0,0],[0,2,77,0,0,3,1,0,1,0,0,0,0,0,0,0,1,0,0,0,0,0,0,0,0,0,0,0],[2,3,59,0,0,0,0,0,1,0,0,0,0,0,0,0,1,0,0,0,0,0,0,0,0,0,0,0],[1,9,52,0,0,0,2,0,1,0,0,0,2,1,0,0,3,0,0,0,0,0,0,0,0,0,0,0],[3,7,28,0,0,0,4,0,15,0,0,0,3,0,0,0,2,0,0,0,0,0,0,0,0,0,0,0]]}