{"Accuracy":0.19466484268125855,"Precision":0.15505454171532065,"Recall":0.19466484268125855,"F1 Score":0.15033216715760409,"Adjusted Rand Index":0.04296944622486362,"Precision by cluster":[0.1259259259259259,0.19669117647058823,0.24526813880126183,0.11976047904191617,0.0,0.1655773420479303,0.5420289855072464,0.15102974828375287,0.20454545454545456,0.13636363636363635,0.205761316872428,0.18032786885245902,0.20512820512820512,0.08333333333333333,0.0,0.0,0.25688073394495414,0.0,0.0,0.0,0.0,0.0,0.0,0.5,0.0,0.0,0.0,0.30434782608695654],"Recall by cluster":[0.05037037037037037,0.3658119658119658,0.5174708818635607,0.482897384305835,0.0,0.17272727272727273,0.4651741293532338,0.2037037037037037,0.09473684210526316,0.029315960912052116,0.18587360594795538,0.14163090128755365,0.5112781954887218,0.004201680672268907,0.0,0.0,0.1564245810055866,0.0,0.0,0.0,0.0,0.0,0.0,0.04,0.0,0.0,0.0,0.11290322580645161],"F1 score by cluster":[0.07195767195767196,0.255827854154214,0.33279828785446763,0.1919232307077169,0.0,0.16907675194660735,0.500669344042838,0.17345597897503284,0.12949640287769784,0.04825737265415549,0.1953125,0.15865384615384615,0.29278794402583425,0.008,0.0,0.0,0.19444444444444445,0.0,0.0,0.0,0.0,0.0,0.0,0.07407407407407407,0.0,0.0,0.0,0.16470588235294117],"confusion_matrix":[[34,96,126,191,0,56,17,44,18,6,23,13,43,0,0,0,6,0,0,0,0,0,0,0,0,0,0,2],[15,214,20,201,0,20,8,15,5,9,19,11,42,2,0,0,4,0,0,0,0,0,0,0,0,0,0,0],[19,50,311,108,0,40,1,35,7,4,9,2,12,1,0,0,1,0,0,0,0,0,0,0,0,0,0,1],[24,54,45,240,0,48,1,42,1,5,6,5,21,1,0,0,4,0,0,0,0,0,0,0,0,0,0,0],[20,39,143,114,0,33,4,44,15,4,5,6,14,1,0,0,0,0,0,0,0,0,0,0,0,0,0,0],[12,39,76,165,0,76,0,50,1,1,7,3,9,0,0,0,1,0,0,0,0,0,0,0,0,0,0,0],[8,44,9,57,0,1,187,2,3,0,7,12,62,3,0,0,6,0,0,0,0,0,0,0,0,0,0,1],[13,12,141,56,0,13,2,66,0,1,5,1,13,1,0,0,0,0,0,0,0,0,0,0,0,0,0,0],[9,47,45,39,0,12,8,8,27,1,11,2,49,0,0,0,20,0,0,0,0,0,0,1,0,0,0,6],[13,25,55,116,0,37,2,21,1,9,2,7,16,0,0,0,3,0,0,0,0,0,0,0,0,0,0,0],[11,70,5,71,0,4,22,5,5,0,50,4,19,0,0,0,3,0,0,0,0,0,0,0,0,0,0,0],[13,48,18,52,0,9,9,3,3,0,2,33,40,0,0,0,2,0,0,0,0,0,0,1,0,0,0,0],[8,27,2,40,0,1,16,7,0,5,5,14,136,0,0,0,5,0,0,0,0,0,0,0,0,0,0,0],[13,80,10,49,0,6,15,3,3,3,15,15,15,1,0,0,7,0,0,0,0,0,0,0,0,0,0,3],[11,27,61,54,0,19,9,15,7,3,3,8,10,1,0,0,0,0,0,0,0,0,0,0,0,0,0,1],[8,19,51,60,0,25,1,22,2,1,3,1,7,1,0,0,1,0,0,0,0,0,0,0,0,0,0,0],[4,19,6,32,0,0,11,2,8,4,5,3,57,0,0,0,28,0,0,0,0,0,0,0,0,0,0,0],[6,25,20,36,0,7,6,9,3,1,6,6,8,0,0,0,0,0,0,0,0,0,0,2,0,0,0,1],[6,18,28,22,0,8,4,5,13,0,7,1,17,0,0,0,13,0,0,0,0,0,0,0,0,0,0,0],[3,23,3,34,0,2,8,1,2,1,17,4,17,0,0,0,1,0,0,0,0,0,0,0,0,0,0,0],[2,40,1,33,0,3,3,0,2,2,8,2,10,0,0,0,0,0,0,0,0,0,0,0,0,0,0,1],[3,13,4,57,0,4,3,2,0,1,12,1,13,0,0,0,2,0,0,0,0,0,0,0,0,0,0,0],[1,5,28,34,0,10,0,13,0,1,5,1,1,0,0,0,0,0,0,0,0,0,0,0,0,0,0,0],[2,10,10,23,0,9,6,1,0,0,0,23,10,0,0,0,2,0,0,0,0,0,0,4,0,0,0,0],[6,13,5,44,0,6,0,6,0,0,0,3,3,0,0,0,0,0,0,0,0,0,0,0,0,0,0,0],[1,6,34,22,0,7,0,11,2,1,4,0,4,0,0,0,0,0,0,0,0,0,0,0,0,0,0,0],[2,16,2,39,0,2,1,2,0,2,6,1,8,0,0,0,0,0,0,0,0,0,0,0,0,0,0,0],[3,9,9,15,0,1,1,3,4,1,1,1,7,0,0,0,0,0,0,0,0,0,0,0,0,0,0,7]]}