{"Accuracy":0.11381668946648427,"Precision":0.07583924769530133,"Recall":0.11381668946648427,"F1 Score":0.06264140238163644,"Adjusted Rand Index":0.013643914598250411,"Precision by cluster":[0.10380228136882129,0.15,0.0924317617866005,0.0,0.0,0.0,0.4980544747081712,0.0,0.14285714285714285,0.0,0.04519774011299435,0.08080808080808081,0.13043478260869565,0.06896551724137931,0.0,0.0,0.05263157894736842,0.0,0.0,0.0,0.0,0.0,0.0,0.0,0.0,0.0,0.0,0.0],"Recall by cluster":[0.42457231726283046,0.004754358161648178,0.4877250409165303,0.0,0.0,0.0,0.31683168316831684,0.0,0.03536977491961415,0.0,0.028985507246376812,0.03065134099616858,0.4125,0.00816326530612245,0.0,0.0,0.011560693641618497,0.0,0.0,0.0,0.0,0.0,0.0,0.0,0.0,0.0,0.0,0.0],"F1 score by cluster":[0.16681943171402383,0.009216589861751152,0.15541069100391133,0.0,0.0,0.0,0.38729198184568836,0.0,0.05670103092783505,0.0,0.03532008830022075,0.044444444444444446,0.1981981981981982,0.014598540145985401,0.0,0.0,0.018957345971563982,0.0,0.0,0.0,0.0,0.0,0.0,0.0,0.0,0.0,0.0,0.0],"confusion_matrix":[[273,2,301,0,0,0,12,0,2,0,4,2,43,2,0,0,2,0,0,0,0,0,0,0,0,0,0,0],[270,3,280,0,0,0,8,0,1,0,5,6,52,2,0,0,4,0,0,0,0,0,0,0,0,0,0,0],[259,0,298,0,0,0,1,0,10,0,1,8,32,0,0,0,2,0,0,0,0,0,0,0,0,0,0,0],[175,2,272,0,0,0,1,0,2,0,1,6,26,1,0,0,4,0,0,0,0,0,0,0,0,0,0,0],[200,1,211,0,0,0,2,0,4,0,2,2,19,3,0,0,0,0,0,0,0,0,0,0,0,0,0,0],[195,1,217,0,0,0,0,0,1,0,0,6,14,1,0,0,1,0,0,0,0,0,0,0,0,0,0,0],[62,0,73,0,0,0,128,0,2,0,79,5,55,0,0,0,0,0,0,0,0,0,0,0,0,0,0,0],[91,0,190,0,0,0,0,0,4,0,1,5,18,1,0,0,2,0,0,0,0,0,0,0,0,0,0,0],[96,1,119,0,0,0,2,0,11,0,7,7,64,3,0,0,1,0,0,0,0,0,0,0,0,0,0,0],[105,0,146,0,0,0,1,0,0,0,1,5,18,1,0,0,5,0,0,0,0,0,0,0,0,0,0,0],[107,0,116,0,0,0,9,0,0,0,8,4,30,2,0,0,0,0,0,0,0,0,0,0,0,0,0,0],[89,2,80,0,0,0,13,0,1,0,9,8,54,2,0,0,3,0,0,0,0,0,0,0,0,0,0,0],[18,2,82,0,0,0,22,0,0,0,8,6,99,0,0,0,3,0,0,0,0,0,0,0,0,0,0,0],[112,1,80,0,0,0,17,0,8,0,6,3,16,2,0,0,0,0,0,0,0,0,0,0,0,0,0,0],[83,1,105,0,0,0,3,0,5,0,3,1,13,1,0,0,0,0,0,0,0,0,0,0,0,0,0,0],[87,0,117,0,0,0,1,0,1,0,1,0,16,0,0,0,1,0,0,0,0,0,0,0,0,0,0,0],[23,1,57,0,0,0,10,0,0,0,17,5,58,0,0,0,2,0,0,0,0,0,0,0,0,0,0,0],[49,0,50,0,0,0,6,0,3,0,3,1,7,0,0,0,0,0,0,0,0,0,0,0,0,0,0,0],[34,1,54,0,0,0,5,0,4,0,5,2,19,2,0,0,2,0,0,0,0,0,0,0,0,0,0,0],[40,0,47,0,0,0,6,0,0,0,5,3,18,0,0,0,0,0,0,0,0,0,0,0,0,0,0,0],[44,0,52,0,0,0,2,0,0,0,2,0,21,1,0,0,3,0,0,0,0,0,0,0,0,0,0,0],[35,0,62,0,0,0,3,0,1,0,1,3,22,1,0,0,0,0,0,0,0,0,0,0,0,0,0,0],[41,0,66,0,0,0,0,0,1,0,0,1,5,1,0,0,1,0,0,0,0,0,0,0,0,0,0,0],[31,1,36,0,0,0,3,0,1,0,3,2,15,1,0,0,0,0,0,0,0,0,0,0,0,0,0,0],[39,0,41,0,0,0,0,0,0,0,1,0,3,1,0,0,0,0,0,0,0,0,0,0,0,0,0,0],[32,0,30,0,0,0,0,0,1,0,0,2,1,0,0,0,0,0,0,0,0,0,0,0,0,0,0,0],[22,1,29,0,0,0,0,0,1,0,1,2,12,1,0,0,2,0,0,0,0,0,0,0,0,0,0,0],[18,0,13,0,0,0,2,0,13,0,3,4,9,0,0,0,0,0,0,0,0,0,0,0,0,0,0,0]]}