{"Accuracy":0.12065663474692202,"Precision":0.06036160022272427,"Recall":0.12065663474692202,"F1 Score":0.06368369324392024,"Adjusted Rand Index":0.01316126390316956,"Precision by cluster":[0.1171875,0.0,0.0947533281127643,0.0,0.0,0.0,0.517426273458445,0.0,0.12087912087912088,0.0,0.0,0.06666666666666667,0.11843711843711843,0.0,0.0,0.0,0.08982035928143713,0.0,0.0,0.0,0.0,0.0,0.0,0.0,0.0,0.0,0.0,0.0],"Recall by cluster":[0.1166407465007776,0.0,0.7921440261865794,0.0,0.0,0.0,0.4777227722772277,0.0,0.03536977491961415,0.0,0.0,0.02681992337164751,0.4041666666666667,0.0,0.0,0.0,0.08670520231213873,0.0,0.0,0.0,0.0,0.0,0.0,0.0,0.0,0.0,0.0,0.0],"F1 score by cluster":[0.11691348402182385,0.0,0.16926036020283267,0.0,0.0,0.0,0.4967824967824968,0.0,0.05472636815920398,0.0,0.0,0.03825136612021858,0.18319169027384324,0.0,0.0,0.0,0.08823529411764706,0.0,0.0,0.0,0.0,0.0,0.0,0.0,0.0,0.0,0.0,0.0],"confusion_matrix":[[75,0,481,0,0,0,13,1,8,0,0,7,51,0,0,0,7,0,0,0,0,0,0,0,0,0,0,0],[68,0,467,0,0,0,9,0,5,0,0,7,54,0,0,0,21,0,0,0,0,0,0,0,0,0,0,0],[64,0,484,0,0,0,2,1,10,0,0,3,37,0,0,0,10,0,0,0,0,0,0,0,0,0,0,0],[39,0,402,0,0,0,0,0,3,0,0,5,33,0,0,0,8,0,0,0,0,0,0,0,0,0,0,0],[50,0,353,0,0,0,2,1,8,0,0,3,18,0,0,0,9,0,0,0,0,0,0,0,0,0,0,0],[50,0,361,0,0,0,0,1,1,0,0,3,16,0,0,0,4,0,0,0,0,0,0,0,0,0,0,0],[19,0,108,0,0,0,193,0,1,0,0,2,77,0,0,0,4,0,0,0,0,0,0,0,0,0,0,0],[12,0,262,0,0,0,2,0,2,0,0,5,19,0,0,0,10,0,0,0,0,0,0,0,0,0,0,0],[28,0,192,0,0,0,7,0,11,0,0,6,57,0,0,0,10,0,0,0,0,0,0,0,0,0,0,0],[19,0,227,0,0,0,0,0,1,0,0,5,23,0,0,0,7,0,0,0,0,0,0,0,0,0,0,0],[26,0,195,0,0,0,16,0,0,0,0,1,31,0,0,0,7,0,0,0,0,0,0,0,0,0,0,0],[25,0,143,0,0,0,17,0,2,0,0,7,62,0,0,0,5,0,0,0,0,0,0,0,0,0,0,0],[2,0,89,0,0,0,27,0,1,0,0,16,97,0,0,0,8,0,0,0,0,0,0,0,0,0,0,0],[29,0,158,0,0,0,20,1,9,0,0,3,24,0,0,0,1,0,0,0,0,0,0,0,0,0,0,0],[13,0,176,0,0,0,5,0,3,0,0,1,14,0,0,0,2,0,0,0,0,0,0,0,0,0,0,1],[24,0,176,0,0,0,1,1,0,0,0,4,14,0,0,0,4,0,0,0,0,0,0,0,0,0,0,0],[3,0,69,0,0,0,17,0,0,0,0,5,64,0,0,0,15,0,0,0,0,0,0,0,0,0,0,0],[12,0,86,0,0,0,8,0,2,0,0,2,7,0,0,0,2,0,0,0,0,0,0,0,0,0,0,0],[10,0,79,0,0,0,9,0,5,0,0,0,20,0,0,0,5,0,0,0,0,0,0,0,0,0,0,0],[8,0,81,0,0,0,8,0,0,0,0,0,20,0,0,0,2,0,0,0,0,0,0,0,0,0,0,0],[18,0,78,0,0,0,3,0,0,0,0,0,17,0,0,0,9,0,0,0,0,0,0,0,0,0,0,0],[4,0,90,0,0,0,4,0,2,0,0,4,21,0,0,0,3,0,0,0,0,0,0,0,0,0,0,0],[9,0,99,0,0,0,0,0,1,0,0,0,2,0,0,0,5,0,0,0,0,0,0,0,0,0,0,0],[5,0,57,0,0,0,5,0,2,0,0,7,16,0,0,0,1,0,0,0,0,0,0,0,0,0,0,0],[4,0,74,0,0,0,1,0,0,0,0,1,4,0,0,0,1,0,0,0,0,0,0,0,0,0,0,0],[9,0,52,0,0,0,0,0,1,0,0,2,1,0,0,0,1,0,0,0,0,0,0,0,0,0,0,0],[9,0,43,0,0,0,1,0,0,0,0,3,10,0,0,0,5,0,0,0,0,0,0,0,0,0,0,0],[6,0,26,0,0,0,3,0,13,0,0,3,10,0,0,0,1,0,0,0,0,0,0,0,0,0,0,0]]}