{"Accuracy":0.15567715458276335,"Precision":0.07793107743790793,"Recall":0.15567715458276335,"F1 Score":0.08409227381392072,"Adjusted Rand Index":0.024329440217564897,"Precision by cluster":[0.07505518763796909,0.12087912087912088,0.1724137931034483,0.13910761154855644,0.0,0.0,0.37649063032367974,0.0,0.35,0.0,0.0,0.0,0.12619808306709265,0.0,0.0,0.0,0.0,0.0,0.0,0.0,0.0,0.0,0.0,0.0,0.0,0.0,0.0,0.0],"Recall by cluster":[0.052795031055900624,0.6382252559726962,0.6115702479338843,0.1108786610878661,0.0,0.0,0.5695876288659794,0.0,0.023972602739726026,0.0,0.0,0.0,0.3172690763052209,0.0,0.0,0.0,0.0,0.0,0.0,0.0,0.0,0.0,0.0,0.0,0.0,0.0,0.0,0.0],"F1 score by cluster":[0.06198723792160438,0.20326086956521738,0.2689930934205743,0.12339930151338765,0.0,0.0,0.4533333333333333,0.0,0.04487179487179487,0.0,0.0,0.0,0.18057142857142858,0.0,0.0,0.0,0.0,0.0,0.0,0.0,0.0,0.0,0.0,0.0,0.0,0.0,0.0,0.0],"confusion_matrix":[[34,284,217,46,0,1,29,0,1,0,0,0,32,0,0,0,0,0,0,0,0,0,0,0,0,0,0,0],[39,374,94,20,0,0,17,0,0,0,0,0,42,0,0,0,0,0,0,0,0,0,0,0,0,0,0,0],[39,133,370,27,0,0,7,0,0,0,0,0,29,0,0,0,0,0,0,0,0,0,0,0,0,0,0,0],[32,236,125,53,0,1,5,0,0,0,0,0,26,0,0,0,0,0,0,0,0,0,0,0,0,0,0,0],[30,163,215,17,0,0,6,0,1,0,0,0,29,0,0,0,0,0,0,0,0,0,0,0,0,0,0,0],[35,206,157,22,0,0,4,0,0,0,0,0,14,0,0,0,0,0,0,0,0,0,0,0,0,0,0,0],[17,83,27,4,0,0,221,0,0,0,0,0,36,0,0,0,0,0,0,0,0,0,0,0,0,0,0,0],[19,104,194,22,0,1,1,0,0,0,0,0,20,0,0,0,0,0,0,0,0,0,0,0,0,0,0,0],[14,136,64,12,0,0,21,0,7,0,0,0,38,0,0,0,0,0,0,0,0,0,0,0,0,0,0,0],[17,129,92,17,0,0,3,0,2,0,0,0,28,0,0,0,0,0,0,0,0,0,0,0,0,0,0,0],[18,147,31,13,0,0,26,0,0,0,0,0,27,0,0,0,0,0,0,0,0,0,0,0,0,0,0,0],[21,88,51,8,0,0,41,0,2,0,0,0,58,0,0,0,0,0,0,0,0,0,0,0,0,0,0,0],[8,72,11,12,0,0,67,0,0,0,0,0,79,0,0,0,0,0,0,0,0,0,0,0,0,0,0,0],[20,117,50,11,0,0,26,0,1,0,0,0,9,0,0,0,0,0,0,0,0,0,0,0,0,0,0,0],[14,90,95,9,0,0,15,0,0,0,0,0,10,0,0,0,0,0,0,0,0,0,0,0,0,0,0,0],[20,90,82,9,0,0,3,0,0,0,0,0,9,0,0,0,0,0,0,0,0,0,0,0,0,0,0,0],[7,66,11,5,0,0,30,0,0,0,0,0,46,0,0,0,0,0,0,0,0,0,0,0,0,0,0,0],[5,82,39,4,0,0,10,0,1,0,0,0,9,0,0,0,0,0,0,0,0,0,0,0,0,0,0,0],[5,54,28,9,0,0,8,0,0,0,0,0,15,0,0,0,0,0,0,0,0,0,0,0,0,0,0,0],[4,68,14,8,0,0,12,0,0,0,0,0,11,0,0,0,0,0,0,0,0,0,0,0,0,0,0,0],[3,78,17,6,0,0,7,0,0,0,0,0,6,0,0,0,0,0,0,0,0,0,0,0,0,0,0,0],[8,63,27,11,0,0,8,0,0,0,0,0,11,0,0,0,0,0,0,0,0,0,0,0,0,0,0,0],[15,51,35,8,0,0,0,0,0,0,0,0,7,0,0,0,0,0,0,0,0,0,0,0,0,0,0,0],[4,44,16,4,0,0,8,0,0,0,0,0,12,0,0,0,0,0,0,0,0,0,0,0,0,0,0,0],[10,42,23,7,0,0,3,0,0,0,0,0,3,0,0,0,0,0,0,0,0,0,0,0,0,0,0,0],[10,26,37,8,0,0,1,0,0,0,0,0,4,0,0,0,0,0,0,0,0,0,0,0,0,0,0,0],[4,50,8,9,0,0,3,0,0,0,0,0,9,0,0,0,0,0,0,0,0,0,0,0,0,0,0,0],[1,18,16,0,0,0,5,0,5,0,0,0,7,0,0,0,0,0,0,0,0,0,0,0,0,0,0,0]],"epoch_accuracies":[[0.07076740686699193,0.0981259404495919,0.10710865897587889,0.1079750125393279,0.10966212211025489,0.11203319502074689,0.11499703615886188,0.11736810906935388,0.11978477953581688,0.11855364552459988,0.12347818156946788,0.12995303451734988,0.12954265651361088,0.13259769276366787,0.13537914367789886,0.13720304591673887,0.13519675345401486,0.13893575304363687,0.13729424102868087,0.14144361862204186,0.14171720395786785,0.14399708175641784,0.14422506953627284,0.14577538643928686,0.14518261821166387,0.14641375222288086,0.14623136199899686,0.14595777666317086,0.14896721535725685,0.15001595914458984],[0.11162790697674418,0.11285909712722299,0.11709986320109439,0.12038303693570451,0.12270861833105336,0.12489740082079344,0.13187414500683994,0.12995896032831739,0.1326949384404925,0.14227086183310533,0.1387140902872777,0.13912448700410396,0.140218878248974,0.14076607387140902,0.14336525307797537,0.14336525307797537,0.1429548563611491,0.1476060191518468,0.1429548563611491,0.1476060191518468,0.1481532147742818,0.14733242134062927,0.14746922024623804,0.15129958960328319,0.1508891928864569,0.15239398084815323,0.15471956224350206,0.15294117647058825,0.15526675786593708,0.1540355677154583]]}