{"Accuracy":0.10478796169630643,"Precision":0.10001836948606856,"Recall":0.10478796169630643,"F1 Score":0.061809673147674875,"Adjusted Rand Index":0.013558890128243392,"Precision by cluster":[0.125,0.10538411030860144,0.3611111111111111,0.01744186046511628,0.0,0.0,0.4793814432989691,0.0,0.14444444444444443,0.06666666666666667,0.03547373147732375,0.08602150537634409,0.10845588235294118,0.06666666666666667,0.0,0.0,0.13333333333333333,0.0,0.0,0.0,0.0,0.0,0.0,0.0,0.0,0.0,0.0,0.38095238095238093],"Recall by cluster":[0.014492753623188406,0.5279605263157895,0.021630615640599003,0.005952380952380952,0.0,0.0,0.4946808510638298,0.0,0.04693140794223827,0.0035335689045936395,0.30038022813688214,0.0321285140562249,0.4816326530612245,0.003745318352059925,0.0,0.0,0.030612244897959183,0.0,0.0,0.0,0.0,0.0,0.0,0.0,0.0,0.0,0.0,0.13114754098360656],"F1 score by cluster":[0.025974025974025976,0.17569786535303777,0.04081632653061224,0.008875739644970414,0.0,0.0,0.4869109947643979,0.0,0.07084468664850137,0.006711409395973154,0.06345381526104418,0.04678362573099415,0.17704426106526633,0.0070921985815602835,0.0,0.0,0.04979253112033195,0.0,0.0,0.0,0.0,0.0,0.0,0.0,0.0,0.0,0.0,0.1951219512195122],"confusion_matrix":[[9,273,2,19,0,0,18,0,8,1,212,9,67,0,0,0,2,0,0,0,0,0,0,0,0,0,0,1],[1,321,0,10,0,0,13,0,13,0,155,6,84,0,0,0,4,0,0,0,0,0,0,0,0,0,0,1],[16,211,13,31,0,0,0,1,1,3,255,6,55,6,0,0,2,0,0,0,0,0,0,0,0,0,0,1],[1,228,0,3,0,0,2,0,5,0,198,6,60,1,0,0,0,0,0,0,0,0,0,0,0,0,0,0],[8,205,3,17,0,0,2,0,3,1,164,3,37,1,0,0,6,0,0,0,0,0,0,0,0,0,0,1],[9,215,0,13,0,0,1,0,4,1,189,8,18,0,0,0,0,0,0,0,0,0,0,0,0,0,0,0],[1,70,1,0,0,0,186,0,0,0,49,2,66,0,0,0,1,0,0,0,0,0,0,0,0,0,0,0],[2,106,2,18,0,0,1,0,0,3,122,6,46,1,0,0,2,0,0,0,0,0,0,0,0,0,0,0],[3,125,5,5,0,0,8,0,13,0,53,2,57,2,0,0,1,0,0,0,0,0,0,0,0,0,0,3],[5,115,0,7,0,0,1,0,3,1,99,2,43,0,0,0,7,0,0,0,0,0,0,0,0,0,0,0],[1,125,1,0,0,0,13,0,2,0,79,0,40,0,0,0,2,0,0,0,0,0,0,0,0,0,0,0],[0,96,0,6,0,0,19,0,3,0,57,8,59,0,0,0,1,0,0,0,0,0,0,0,0,0,0,0],[0,61,0,0,0,0,37,0,5,0,13,8,118,0,0,0,3,0,0,0,0,0,0,0,0,0,0,0],[2,120,0,2,0,0,12,0,2,0,85,3,36,1,0,0,0,0,0,0,0,0,0,0,0,0,0,4],[4,99,5,15,0,0,12,0,2,1,70,2,19,2,0,0,1,0,0,0,0,0,0,0,0,0,0,0],[4,78,0,3,0,0,4,0,3,0,81,2,23,0,0,0,4,0,0,0,0,0,0,0,0,0,0,0],[0,51,0,0,0,0,18,0,4,0,34,1,82,0,0,0,6,0,0,0,0,0,0,0,0,0,0,0],[1,70,2,4,0,0,6,0,0,1,37,0,14,1,0,0,0,0,0,0,0,0,0,0,0,0,0,0],[0,59,2,5,0,0,8,0,5,1,27,0,29,0,0,0,0,0,0,0,0,0,0,0,0,0,0,1],[0,70,0,1,0,0,6,0,2,0,17,1,21,0,0,0,0,0,0,0,0,0,0,0,0,0,0,0],[0,61,0,2,0,1,6,0,5,0,27,1,26,0,0,0,0,0,0,0,0,0,0,0,0,0,0,0],[0,49,0,1,0,0,1,0,4,0,33,3,24,0,0,0,0,0,0,0,0,0,0,0,0,0,0,0],[2,51,0,3,0,0,0,0,0,0,40,1,9,0,0,0,0,0,0,0,0,0,0,0,0,0,0,1],[1,25,0,2,0,0,5,0,0,0,29,5,14,0,0,0,1,0,0,0,0,0,0,0,0,0,0,0],[1,51,0,0,0,0,1,0,2,1,33,1,10,0,0,0,0,0,0,0,0,0,0,0,0,0,0,0],[1,47,0,3,0,0,1,0,0,0,36,1,9,0,0,0,2,0,0,0,0,0,0,0,0,0,0,0],[0,38,0,0,0,0,5,0,0,1,21,2,16,0,0,0,0,0,0,0,0,0,0,0,0,0,0,0],[0,26,0,2,0,0,2,0,1,0,12,4,6,0,0,0,0,0,0,0,0,0,0,0,0,0,0,8]]}