{"Accuracy":0.12147742818057455,"Precision":0.10204888233827429,"Recall":0.12147742818057455,"F1 Score":0.06417638962907406,"Adjusted Rand Index":0.008059800008625665,"Precision by cluster":[0.14814814814814814,0.09314495028780743,0.2636363636363636,0.09876543209876543,0.0,0.0,0.4134790528233151,0.0,0.15942028985507245,0.0,0.03271028037383177,0.14285714285714285,0.16374269005847952,0.18181818181818182,0.0,0.0,0.08680555555555555,0.0,0.0,0.0,0.0,0.0,0.0,0.0,0.0,0.0,0.0,0.3333333333333333],"Recall by cluster":[0.006220839813374806,0.8462757527733756,0.04746317512274959,0.0163265306122449,0.0,0.0,0.5618811881188119,0.0,0.03536977491961415,0.0,0.025362318840579712,0.011494252873563218,0.11666666666666667,0.00816326530612245,0.0,0.0,0.14450867052023122,0.0,0.0,0.0,0.0,0.0,0.0,0.0,0.0,0.0,0.0,0.16129032258064516],"F1 score by cluster":[0.011940298507462687,0.16781898177247015,0.08044382801664356,0.028021015761821366,0.0,0.0,0.47639034627492133,0.0,0.05789473684210526,0.0,0.02857142857142857,0.02127659574468085,0.1362530413625304,0.015625,0.0,0.0,0.10845986984815618,0.0,0.0,0.0,0.0,0.0,0.0,0.0,0.0,0.0,0.0,0.21739130434782608],"confusion_matrix":[[4,532,10,10,0,0,23,0,10,0,20,2,9,1,0,0,22,0,0,0,0,0,0,0,0,0,0,0],[1,534,6,8,0,0,16,0,9,0,22,1,10,1,0,0,23,0,0,0,0,0,0,0,0,0,0,0],[6,488,29,19,0,3,7,0,2,0,31,0,7,0,0,0,16,0,0,0,0,0,0,0,0,0,0,3],[1,423,4,8,0,1,5,0,3,0,17,3,9,0,0,0,16,0,0,0,0,0,0,0,0,0,0,0],[2,384,10,4,0,2,5,0,1,0,14,0,2,0,0,0,17,0,0,0,0,0,0,0,0,0,0,3],[1,383,2,7,0,0,1,0,2,0,23,1,5,0,0,0,11,0,0,0,0,0,0,0,0,0,0,0],[0,146,2,2,0,0,227,0,1,0,3,0,12,0,0,0,11,0,0,0,0,0,0,0,0,0,0,0],[1,266,8,3,0,0,2,0,0,0,18,0,4,0,0,0,9,0,0,0,0,0,0,0,0,0,0,1],[2,239,3,1,0,0,18,0,11,0,3,0,11,4,0,0,16,0,0,0,0,0,0,0,0,0,0,3],[1,245,2,3,0,0,4,0,1,0,8,1,2,0,0,0,15,0,0,0,0,0,0,0,0,0,0,0],[1,227,0,2,0,0,19,0,4,0,7,0,9,0,0,0,7,0,0,0,0,0,0,0,0,0,0,0],[1,185,2,2,0,0,33,0,1,0,5,3,17,0,0,0,11,0,0,0,0,0,0,0,0,0,0,1],[0,142,0,0,0,0,46,0,2,0,1,2,28,0,0,0,19,0,0,0,0,0,0,0,0,0,0,0],[0,181,6,1,0,0,30,0,5,0,7,1,5,2,0,0,4,0,0,0,0,0,0,0,0,0,0,3],[1,170,4,3,0,0,7,0,2,0,14,0,4,0,0,0,7,0,0,0,0,0,0,0,0,0,0,3],[0,200,4,1,0,0,3,0,0,0,2,0,3,0,0,0,11,0,0,0,0,0,0,0,0,0,0,0],[0,95,0,0,0,0,38,0,1,0,1,0,13,0,0,0,25,0,0,0,0,0,0,0,0,0,0,0],[0,98,3,3,0,0,10,0,1,0,1,0,1,0,0,0,2,0,0,0,0,0,0,0,0,0,0,0],[1,91,3,0,0,0,12,0,3,0,3,0,4,0,0,0,8,0,0,0,0,0,0,0,0,0,0,3],[0,96,0,0,0,0,12,0,3,0,2,0,3,0,0,0,3,0,0,0,0,0,0,0,0,0,0,0],[0,99,1,2,0,0,6,0,5,0,0,1,3,0,0,0,8,0,0,0,0,0,0,0,0,0,0,0],[0,103,1,1,0,0,6,0,0,0,3,0,4,1,0,0,9,0,0,0,0,0,0,0,0,0,0,0],[1,102,4,0,0,0,0,0,0,0,4,0,0,0,0,0,5,0,0,0,0,0,0,0,0,0,0,0],[0,72,3,0,0,0,9,0,0,0,0,5,1,0,0,0,3,0,0,0,0,0,0,0,0,0,0,0],[0,78,1,0,0,0,2,0,0,0,2,0,1,0,0,0,1,0,0,0,0,0,0,0,0,0,0,0],[2,58,0,1,0,0,0,0,1,0,1,0,0,0,0,0,3,0,0,0,0,0,0,0,0,0,0,0],[0,62,0,0,0,0,2,0,0,0,2,0,2,0,0,0,3,0,0,0,0,0,0,0,0,0,0,0],[1,34,2,0,0,0,6,0,1,0,0,1,2,2,0,0,3,0,0,0,0,0,0,0,0,0,0,10]]}