{"Accuracy":0.11339078101490904,"Precision":0.13054276541597135,"Recall":0.11339078101490904,"F1 Score":0.07303708860418728,"Adjusted Rand Index":0.01459592732127861,"Precision by cluster":[0.07801418439716312,0.1111111111111111,0.2636363636363636,0.07612903225806451,0.0,0.5,0.5238095238095238,0.0,0.15789473684210525,0.12,0.03982300884955752,0.1,0.11486486486486487,0.14285714285714285,0.0,0.0,0.04445919044459191,0.0,0.0,0.0,0.0,0.0,0.0,0.0,0.0,0.0,0.0,0.2857142857142857],"Recall by cluster":[0.018867924528301886,0.5425867507886435,0.04503105590062112,0.11706349206349206,0.0,0.002304147465437788,0.495,0.0,0.010638297872340425,0.020833333333333332,0.06818181818181818,0.004132231404958678,0.3497942386831276,0.0040650406504065045,0.0,0.0,0.39644970414201186,0.0,0.0,0.0,0.0,0.0,0.0,0.0,0.0,0.0,0.0,0.08823529411764706],"F1 score by cluster":[0.03038674033149171,0.18445040214477212,0.07692307692307693,0.09225957779515247,0.0,0.0045871559633027525,0.5089974293059126,0.0,0.019933554817275746,0.03550295857988166,0.05027932960893855,0.007936507936507936,0.17293997965412003,0.007905138339920948,0.0,0.0,0.07995226730310262,0.0,0.0,0.0,0.0,0.0,0.0,0.0,0.0,0.0,0.0,0.1348314606741573],"confusion_matrix":[[11,259,10,81,0,0,10,0,1,6,39,2,52,0,0,0,111,0,0,0,0,0,0,0,0,0,0,1],[1,344,5,50,0,0,9,1,1,2,34,1,55,1,0,0,129,0,0,0,0,0,0,0,0,0,0,1],[27,288,29,127,0,0,2,2,1,2,42,2,34,0,0,0,87,0,0,0,0,0,0,0,0,0,0,1],[9,239,2,59,0,0,2,0,0,7,40,2,31,1,0,0,112,0,0,0,0,0,0,0,0,0,0,0],[18,209,11,63,0,0,5,0,1,5,37,0,18,0,0,0,92,0,0,0,0,0,0,0,0,0,0,1],[7,230,5,63,0,1,1,0,0,6,41,0,12,0,0,0,68,0,0,0,0,0,0,0,0,0,0,0],[4,69,1,14,0,0,198,0,1,0,13,1,48,0,0,0,51,0,0,0,0,0,0,0,0,0,0,0],[10,95,7,54,0,0,1,0,0,0,28,0,29,0,0,0,84,0,0,0,0,0,0,0,0,0,0,0],[6,115,3,19,0,0,6,0,3,0,6,0,40,2,0,0,76,0,0,0,0,0,0,0,0,0,0,6],[7,127,3,31,0,0,0,0,1,6,19,0,33,0,0,0,61,0,0,0,0,0,0,0,0,0,0,0],[4,127,4,21,0,0,15,0,0,0,18,0,28,0,0,0,47,0,0,0,0,0,0,0,0,0,0,0],[3,85,1,11,0,0,17,0,0,1,10,1,69,0,0,0,44,0,0,0,0,0,0,0,0,0,0,0],[0,30,0,5,0,0,32,0,0,1,6,0,85,0,0,0,84,0,0,0,0,0,0,0,0,0,0,0],[4,130,3,18,0,0,20,0,5,2,10,0,24,1,0,0,28,0,0,0,0,0,0,0,0,0,0,1],[3,94,9,20,0,1,6,0,1,3,15,0,23,0,0,0,45,0,0,0,0,0,0,0,0,0,0,2],[6,115,1,34,0,0,2,0,0,0,14,0,10,0,0,0,43,0,0,0,0,0,0,0,0,0,0,0],[1,36,0,3,0,0,18,0,0,1,3,0,40,0,0,0,67,0,0,0,0,0,0,0,0,0,0,0],[2,69,1,7,0,0,6,0,0,0,14,1,12,1,0,0,28,0,0,0,0,0,0,0,0,0,0,0],[1,57,4,9,0,0,3,0,1,1,4,0,18,0,0,0,38,0,0,0,0,0,0,0,0,0,0,2],[1,41,0,7,0,0,8,0,0,1,5,0,15,0,0,0,31,0,0,0,0,0,0,0,0,0,0,0],[1,44,0,13,0,0,6,0,0,0,10,0,10,0,0,0,18,0,0,0,0,0,0,0,0,0,0,0],[1,59,0,7,0,0,3,0,0,2,10,0,5,0,0,0,36,0,0,0,0,0,0,0,0,0,0,0],[2,51,3,13,0,0,0,0,0,1,6,0,5,0,0,0,33,0,0,0,0,0,0,0,0,0,0,0],[0,38,4,6,0,0,5,0,0,0,2,0,12,0,0,0,19,0,0,0,0,0,0,0,0,0,0,0],[3,41,0,10,0,0,2,0,0,1,10,0,7,0,0,0,24,0,0,0,0,0,0,0,0,0,0,0],[3,50,3,16,0,0,0,0,0,2,8,0,4,1,0,0,13,0,0,0,0,0,0,0,0,0,0,0],[0,32,0,7,0,0,0,0,0,0,7,0,12,0,0,0,26,0,0,0,0,0,0,0,0,0,0,0],[6,22,1,7,0,0,1,0,3,0,1,0,9,0,0,0,12,0,0,0,0,0,0,0,0,0,0,6]],"epoch_accuracies":{"train":[0.0976243673339109,0.10888696365874789,0.11700332862158588,0.11850804796862888,0.12507409602845287,0.12726277871506086,0.12439013268888788,0.13022661985317588,0.13401121699876886,0.13423920477862386,0.13442159500250786,0.13665587524508685,0.13866216770781087,0.14272035018922985,0.13857097259586887,0.14221877707354885,0.14372349642059185,0.14267475263325885,0.14404267931238884,0.14417947198030184,0.14614016688705486,0.14737130089827186,0.14417947198030184,0.14531941087957687,0.14664174000273586,0.14869363002143085,0.14878482513337285,0.14992476403264784,0.15124709315580684,0.15512288541334185],"val":[0.11696306429548564,0.1213406292749658,0.12038303693570451,0.12147742818057455,0.12585499316005472,0.13461012311901505,0.13638850889192886,0.1307797537619699,0.12749658002735978,0.126265389876881,0.1298221614227086,0.1225718194254446,0.1250341997264022,0.11928864569083447,0.12421340629274966,0.12913816689466484,0.12270861833105336,0.11983584131326949,0.12352941176470589,0.12161422708618332,0.1225718194254446,0.12270861833105336,0.11682626538987688,0.11846785225718194,0.11244870041039672,0.11244870041039672,0.10998632010943912,0.10971272229822161,0.10807113543091655,0.11354309165526676]}}