{"Accuracy":0.09930242100943783,"Precision":0.09775265421158683,"Recall":0.09930242100943783,"F1 Score":0.05596665279325023,"Adjusted Rand Index":0.01662681355776816,"Precision by cluster":[0.11627906976744186,0.10669402410874583,0.3582089552238806,0.07834101382488479,0.3157894736842105,0.06474820143884892,0.0,0.041666666666666664,0.07412398921832884,0.06091370558375635,0.09278350515463918,0.07142857142857142,0.15384615384615385,0.051470588235294115,0.0,0.0,0.032,0.0,0.0,0.0,0.0,0.0,0.0,0.0,0.0,0.0,0.0,0.0],"Recall by cluster":[0.022865853658536585,0.6887417218543046,0.12080536912751678,0.1069182389937107,0.013761467889908258,0.020594965675057208,0.0,0.0031847133757961785,0.3654485049833887,0.04152249134948097,0.03296703296703297,0.011583011583011582,0.014388489208633094,0.0603448275862069,0.0,0.0,0.022988505747126436,0.0,0.0,0.0,0.0,0.0,0.0,0.0,0.0,0.0,0.0,0.0],"F1 score by cluster":[0.03821656050955414,0.18476571174772374,0.1806775407779172,0.09042553191489362,0.026373626373626374,0.03125,0.0,0.005917159763313609,0.12324929971988796,0.04938271604938271,0.04864864864864865,0.019933554817275746,0.02631578947368421,0.05555555555555555,0.0,0.0,0.026755852842809364,0.0,0.0,0.0,0.0,0.0,0.0,0.0,0.0,0.0,0.0,0.0],"confusion_matrix":[[15,387,15,72,2,19,1,1,78,13,14,5,1,23,0,0,10,0,0,0,0,0,0,0,0,0,0,0],[3,416,2,24,0,2,2,0,86,15,11,1,3,33,0,0,6,0,0,0,0,0,0,0,0,0,0,0],[21,235,72,120,6,39,1,10,26,21,6,8,2,22,0,0,7,0,0,0,0,0,0,0,0,0,0,0],[5,320,0,51,0,6,1,0,44,16,8,3,0,14,0,0,9,0,0,0,0,0,0,0,0,0,0,0],[14,264,26,50,6,11,0,1,27,12,4,0,0,17,0,0,4,0,0,0,0,0,0,0,0,0,0,0],[7,290,6,58,0,9,0,1,30,6,3,2,0,20,0,0,5,0,0,0,0,0,0,0,0,0,0,0],[2,91,2,4,0,1,0,1,274,4,4,1,2,8,0,0,6,0,0,0,0,0,0,0,0,0,0,0],[7,142,20,74,0,10,0,1,31,14,4,2,0,4,0,0,5,0,0,0,0,0,0,0,0,0,0,0],[7,127,13,10,0,4,0,1,110,8,3,3,0,12,0,0,3,0,0,0,0,0,0,0,0,0,0,0],[3,165,10,36,0,7,0,0,30,12,2,0,1,13,0,0,10,0,0,0,0,0,0,0,0,0,0,0],[2,178,0,9,0,1,0,0,63,5,9,0,0,4,0,0,2,0,0,0,0,0,0,0,0,0,0,0],[1,112,0,10,0,0,0,0,87,6,2,3,4,22,0,0,12,0,0,0,0,0,0,0,0,0,0,0],[0,65,0,0,0,0,0,1,181,13,0,2,4,0,0,0,12,0,0,0,0,0,0,0,0,0,0,0],[4,124,3,6,0,1,0,0,59,1,9,2,2,14,0,0,7,0,0,0,0,0,0,0,0,0,0,0],[8,126,14,18,1,5,1,1,33,6,3,3,0,11,0,0,1,0,0,0,0,0,0,0,0,0,0,0],[4,148,2,30,0,6,0,1,13,3,1,0,0,10,0,0,1,0,0,0,0,0,0,0,0,0,0,0],[1,56,0,3,0,1,0,0,96,9,1,0,2,1,0,0,4,0,0,0,0,0,0,0,0,0,0,0],[2,65,0,14,0,3,0,0,27,2,3,3,0,10,0,0,1,0,0,0,0,0,0,0,0,0,0,0],[4,69,6,6,2,1,0,1,39,4,1,0,0,10,0,0,0,0,0,0,0,0,0,0,0,0,0,0],[0,68,0,5,0,1,0,0,33,2,0,1,0,3,0,0,3,0,0,0,0,0,0,0,0,0,0,0],[1,84,0,4,0,0,0,0,21,0,2,1,1,2,0,0,1,0,0,0,0,0,0,0,0,0,0,0],[0,61,0,7,0,0,0,1,22,3,0,0,1,3,0,0,2,0,0,0,0,0,0,0,0,0,0,0],[3,63,1,5,1,6,0,0,5,4,2,1,0,5,0,0,1,0,0,0,0,0,0,0,0,0,0,0],[4,38,1,6,0,0,0,0,22,7,0,0,3,6,0,0,6,0,0,0,0,0,0,0,0,0,0,0],[4,69,0,5,0,0,0,2,5,1,1,0,0,1,0,0,4,0,0,0,0,0,0,0,0,0,0,0],[1,53,5,17,1,4,0,1,8,3,3,1,0,2,0,0,1,0,0,0,0,0,0,0,0,0,0,0],[1,52,0,5,0,0,0,0,19,3,1,0,0,1,0,0,1,0,0,0,0,0,0,0,0,0,0,0],[5,31,3,2,0,2,0,0,15,4,0,0,0,1,0,0,1,0,0,0,0,0,0,0,0,0,0,0]],"epoch_accuracies":[[0.1005015959872321,0.1121751025991792,0.11235750113999088,0.11568627450980393,0.120109439124487,0.12726858185134518,0.13274053807569539,0.135750113999088,0.14213406292749658,0.14445964432284542,0.1473780209758322,0.1503419972640219,0.15180118559051528,0.1526219790241678,0.1553579571363429,0.15617875056999544,0.15649794801641587,0.15896032831737347,0.15987232102143184,0.15914272685818515,0.16279069767441862,0.16479708162334702,0.16634746922024624,0.1667578659370725,0.16666666666666666,0.16826265389876882,0.17013223894208845,0.168718650250798,0.17213862289101686,0.17291381668946648],[0.10791957324579401,0.12419641635891122,0.12241827383394885,0.10805635344002189,0.1282998221857475,0.1232389549993161,0.11954588975516345,0.126658459855013,0.10600465052660375,0.08562440158665026,0.12200793325126522,0.09260019149227192,0.08507728080973875,0.08849678566543565,0.08576118178087813,0.08220489673095335,0.08001641362330734,0.07427164546573656,0.09109560935576529,0.10354260703050198,0.0893174668308029,0.09451511421146218,0.10053344275748871,0.08370947886746,0.10532074955546437,0.08890712624811928,0.104636848584325,0.09957598139789359,0.08781288469429627,0.09807139926138696]]}