{"Accuracy":0.12188782489740083,"Precision":0.17637499181247102,"Recall":0.12188782489740083,"F1 Score":0.0668476677444193,"Adjusted Rand Index":0.016184554407744477,"Precision by cluster":[0.11091234347048301,0.066006600660066,0.09728834609811633,1.0,0.0,0.0,0.4572025052192067,0.11764705882352941,0.07258064516129033,1.0,0.0,0.18181818181818182,0.12456140350877193,0.0,0.0,0.0,0.0810126582278481,0.0,0.0,0.0,0.0,0.0,0.0,0.0,0.0,0.0,0.0,0.15384615384615385],"Recall by cluster":[0.09642301710730948,0.03169572107765452,0.7692307692307693,0.0020408163265306124,0.0,0.0,0.5420792079207921,0.00641025641025641,0.028938906752411574,0.0035460992907801418,0.0,0.007662835249042145,0.29583333333333334,0.0,0.0,0.0,0.18497109826589594,0.0,0.0,0.0,0.0,0.0,0.0,0.0,0.0,0.0,0.0,0.03225806451612903],"F1 score by cluster":[0.10316139767054909,0.042826552462526764,0.17273061374494672,0.004073319755600814,0.0,0.0,0.4960362400906002,0.0121580547112462,0.041379310344827586,0.007067137809187279,0.0,0.014705882352941176,0.17530864197530865,0.0,0.0,0.0,0.11267605633802817,0.0,0.0,0.0,0.0,0.0,0.0,0.0,0.0,0.0,0.0,0.05333333333333334],"confusion_matrix":[[62,21,468,0,0,1,15,1,8,0,0,2,38,0,0,0,25,0,0,0,0,0,0,0,0,0,0,2],[58,20,452,0,0,0,12,2,7,0,0,0,39,0,0,0,41,0,0,0,0,0,0,0,0,0,0,0],[53,20,470,0,0,0,4,1,18,0,0,0,24,1,0,0,18,0,0,0,0,0,0,0,0,0,0,2],[45,18,373,1,1,0,4,0,5,0,0,0,23,0,0,0,20,0,0,0,0,0,0,0,0,0,0,0],[38,22,337,0,0,0,4,3,9,0,0,1,15,0,0,0,14,0,0,0,0,0,0,0,0,0,0,1],[37,9,360,0,1,0,0,3,2,0,0,0,11,0,0,0,13,0,0,0,0,0,0,0,0,0,0,0],[20,7,104,0,0,0,219,0,2,0,0,0,40,0,0,0,12,0,0,0,0,0,0,0,0,0,0,0],[10,18,244,0,0,0,1,2,4,0,0,0,16,0,0,0,16,0,0,0,0,0,0,0,0,0,0,1],[21,11,182,0,0,0,14,0,9,0,0,2,45,1,0,0,23,0,0,0,0,0,0,0,0,0,0,3],[14,15,212,0,0,0,2,1,4,1,0,0,17,0,0,0,16,0,0,0,0,0,0,0,0,0,0,0],[23,11,187,0,0,0,17,0,1,0,0,0,23,1,0,0,13,0,0,0,0,0,0,0,0,0,0,0],[25,17,124,0,0,0,27,1,6,0,0,2,44,0,0,0,15,0,0,0,0,0,0,0,0,0,0,0],[3,25,69,0,0,0,39,0,0,0,0,0,71,0,0,0,33,0,0,0,0,0,0,0,0,0,0,0],[32,7,146,0,0,0,26,1,10,0,0,1,16,0,0,0,5,0,0,0,0,0,0,0,0,0,0,1],[13,13,157,0,0,0,6,0,6,0,0,0,8,0,0,0,11,0,0,0,0,0,0,0,0,0,0,1],[15,12,175,0,0,0,1,0,1,0,0,0,10,0,0,0,10,0,0,0,0,0,0,0,0,0,0,0],[3,11,61,0,0,0,32,0,0,0,0,0,34,0,0,0,32,0,0,0,0,0,0,0,0,0,0,0],[15,6,72,0,0,0,10,0,4,0,0,0,6,0,0,0,6,0,0,0,0,0,0,0,0,0,0,0],[11,6,69,0,0,0,10,1,4,0,0,0,11,0,0,0,16,0,0,0,0,0,0,0,0,0,0,0],[4,5,78,0,0,0,11,0,2,0,0,0,10,0,0,0,9,0,0,0,0,0,0,0,0,0,0,0],[12,2,78,0,0,0,4,0,0,0,0,2,17,0,0,0,10,0,0,0,0,0,0,0,0,0,0,0],[4,4,85,0,0,0,5,1,2,0,0,0,17,0,0,0,10,0,0,0,0,0,0,0,0,0,0,0],[11,2,93,0,0,0,0,0,3,0,0,0,3,0,0,0,4,0,0,0,0,0,0,0,0,0,0,0],[7,5,53,0,0,0,8,0,2,0,0,1,10,0,0,0,7,0,0,0,0,0,0,0,0,0,0,0],[2,6,69,0,0,0,1,0,1,0,0,0,4,0,0,0,2,0,0,0,0,0,0,0,0,0,0,0],[7,3,51,0,0,0,0,0,1,0,0,0,2,0,0,0,2,0,0,0,0,0,0,0,0,0,0,0],[7,6,39,0,0,0,2,0,0,0,0,0,8,0,0,0,9,0,0,0,0,0,0,0,0,0,0,0],[7,1,23,0,0,0,5,0,13,0,0,0,8,0,0,0,3,0,0,0,0,0,0,0,0,0,0,2]]}