{"Accuracy":0.106703146374829,"Precision":0.10490449106100809,"Recall":0.106703146374829,"F1 Score":0.06635648631579533,"Adjusted Rand Index":0.013505068227973,"Precision by cluster":[0.12195121951219512,0.09249329758713137,0.20689655172413793,0.08601134215500945,0.0,0.0,0.4690265486725664,0.16666666666666666,0.2571428571428571,0.058333333333333334,0.03807615230460922,0.0,0.1258741258741259,0.36363636363636365,0.0,0.0,0.04090909090909091,0.0,0.0,0.0,0.0,0.0,0.0,0.0,0.0,0.0,0.0,0.0],"Recall by cluster":[0.007451564828614009,0.467005076142132,0.01990049751243781,0.18309859154929578,0.0,0.0,0.53,0.003076923076923077,0.034482758620689655,0.024734982332155476,0.0673758865248227,0.0,0.3813559322033898,0.01606425702811245,0.0,0.0,0.34177215189873417,0.0,0.0,0.0,0.0,0.0,0.0,0.0,0.0,0.0,0.0,0.0],"F1 score by cluster":[0.014044943820224719,0.1544055944055944,0.036308623298033284,0.11704180064308682,0.0,0.0,0.49765258215962443,0.006042296072507553,0.060810810810810814,0.034739454094292806,0.04865556978233035,0.0,0.1892744479495268,0.03076923076923077,0.0,0.0,0.07307171853856563,0.0,0.0,0.0,0.0,0.0,0.0,0.0,0.0,0.0,0.0,0.0],"confusion_matrix":[[5,309,9,114,0,0,20,0,2,19,58,0,33,1,0,0,101,0,0,0,0,0,0,0,0,0,0,0],[4,276,0,92,0,0,16,0,2,7,33,0,62,0,0,0,99,0,0,0,0,0,0,0,0,0,0,0],[11,240,12,121,0,2,3,0,2,11,62,2,34,0,0,0,103,0,0,0,0,0,0,0,0,0,0,0],[0,214,0,91,0,0,2,2,0,12,44,1,31,0,0,0,100,0,0,0,0,0,0,0,0,0,0,0],[5,204,5,97,0,2,3,1,3,7,33,0,19,0,0,0,58,0,0,0,0,0,0,0,0,0,0,0],[2,214,1,94,0,0,1,0,0,8,31,0,22,0,0,0,71,0,0,0,0,0,0,0,0,0,0,0],[0,74,0,16,0,0,212,0,0,0,8,0,51,0,0,0,39,0,0,0,0,0,0,0,0,0,0,0],[0,103,10,59,0,0,2,1,2,13,32,0,28,0,0,0,75,0,0,0,0,0,0,0,0,0,0,0],[1,104,0,26,0,0,12,0,9,4,6,0,31,3,0,0,65,0,0,0,0,0,0,0,0,0,0,0],[0,130,2,47,0,0,1,1,0,7,15,1,22,1,0,0,56,0,0,0,0,0,0,0,0,0,0,0],[1,148,1,26,0,0,24,0,0,1,19,0,22,0,0,0,40,0,0,0,0,0,0,0,0,0,0,0],[0,118,2,21,0,0,22,0,0,1,15,0,49,0,0,0,48,0,0,0,0,0,0,0,0,0,0,0],[0,43,0,3,0,0,32,0,0,0,2,0,90,0,0,0,66,0,0,0,0,0,0,0,0,0,0,0],[0,109,1,26,0,0,20,0,3,5,21,1,39,4,0,0,20,0,0,0,0,0,0,0,0,0,0,0],[0,105,3,37,0,0,11,1,1,3,11,0,15,0,0,0,39,0,0,0,0,0,0,0,0,0,0,0],[0,92,3,38,0,1,4,0,0,4,18,0,19,0,0,0,39,0,0,0,0,0,0,0,0,0,0,0],[1,33,0,5,0,0,20,0,0,2,8,0,35,0,0,0,54,0,0,0,0,0,0,0,0,0,0,0],[3,68,0,26,0,0,10,0,1,0,4,0,14,0,0,0,24,0,0,0,0,0,0,0,0,0,0,0],[1,47,6,9,0,0,3,0,2,1,15,0,18,1,0,0,23,0,0,0,0,0,0,0,0,0,0,0],[0,52,0,11,0,0,13,0,0,3,6,0,15,0,0,0,36,0,0,0,0,0,0,0,0,0,0,0],[1,57,0,15,0,0,4,0,1,3,8,0,19,0,0,0,21,0,0,0,0,0,0,0,0,0,0,0],[1,38,1,18,0,0,4,0,0,0,7,0,16,0,0,0,37,0,0,0,0,0,0,0,0,0,0,0],[0,44,0,13,0,0,0,0,0,2,10,0,2,0,0,0,15,0,0,0,0,0,0,0,0,0,0,0],[0,46,2,10,0,0,4,0,0,1,6,0,12,0,0,0,17,0,0,0,0,0,0,0,0,0,0,0],[0,31,0,15,0,0,1,0,0,1,9,0,5,0,0,0,20,0,0,0,0,0,0,0,0,0,0,0],[3,33,0,17,0,1,1,0,0,2,5,0,0,0,0,0,18,0,0,0,0,0,0,0,0,0,0,0],[0,34,0,7,0,0,2,0,0,2,8,0,8,0,0,0,27,0,0,0,0,0,0,0,0,0,0,0],[2,18,0,4,0,0,5,0,7,1,5,0,4,1,0,0,9,0,0,0,0,0,0,0,0,0,0,0]]}