{"Accuracy":0.11231190150478797,"Precision":0.04753892861418815,"Recall":0.11231190150478797,"F1 Score":0.05146526606717202,"Adjusted Rand Index":0.0172463040452935,"Precision by cluster":[0.06287425149700598,0.0,0.09793697574246203,0.11278195488721804,0.0,0.0,0.30133333333333334,0.0,0.06995884773662552,0.0,0.0,0.09420289855072464,0.07575757575757576,0.0,0.0,0.0,0.07692307692307693,0.0,0.0,0.0,0.0,0.0,0.0,0.0,0.0,0.0,0.0,0.0],"Recall by cluster":[0.03354632587859425,0.0,0.7212020033388982,0.028462998102466792,0.0,0.0,0.6108108108108108,0.0,0.05704697986577181,0.0,0.0,0.052845528455284556,0.35580524344569286,0.0,0.0,0.0,0.010752688172043012,0.0,0.0,0.0,0.0,0.0,0.0,0.0,0.0,0.0,0.0,0.0],"F1 score by cluster":[0.04375,0.0,0.1724550898203593,0.045454545454545456,0.0,0.0,0.4035714285714286,0.0,0.06284658040665435,0.0,0.0,0.06770833333333333,0.12491781722550953,0.0,0.0,0.0,0.018867924528301886,0.0,0.0,0.0,0.0,0.0,0.0,0.0,0.0,0.0,0.0,0.0],"confusion_matrix":[[21,2,423,9,0,0,30,3,21,0,0,9,103,0,0,0,5,0,0,0,0,0,0,0,0,0,0,0],[25,0,386,13,0,0,47,2,10,0,0,5,97,0,0,0,2,0,0,0,0,0,0,0,0,0,0,0],[29,0,432,10,0,0,9,1,36,0,0,5,77,0,0,0,0,0,0,0,0,0,0,0,0,0,0,0],[29,0,364,15,0,0,6,0,10,0,0,11,90,0,0,0,2,0,0,0,0,0,0,0,0,0,0,0],[16,0,325,10,0,0,9,3,15,0,0,9,50,0,0,0,3,0,0,0,0,0,0,0,0,0,0,0],[20,0,334,10,0,0,4,0,16,0,0,3,50,0,0,0,2,0,0,0,0,0,0,0,0,0,0,0],[7,0,86,3,0,0,226,0,3,0,0,6,39,0,0,0,0,0,0,0,0,0,0,0,0,0,0,0],[17,0,208,7,0,0,9,0,14,0,0,4,67,0,0,0,3,0,0,0,0,0,0,0,0,0,0,0],[15,1,160,5,0,0,40,0,17,0,0,6,54,0,0,0,0,0,0,0,0,0,0,0,0,0,0,0],[12,0,206,5,0,0,14,1,10,0,0,7,60,0,0,0,1,0,0,0,0,0,0,0,0,0,0,0],[11,1,173,7,0,0,28,0,7,0,0,6,44,0,0,0,0,0,0,0,0,0,0,0,0,0,0,0],[17,0,99,4,0,0,56,0,5,0,0,13,51,0,0,0,1,0,0,0,0,0,0,0,0,0,0,0],[15,0,33,2,0,0,107,0,0,0,0,15,95,0,0,0,0,0,0,0,0,0,0,0,0,0,0,0],[15,0,167,2,0,0,31,1,11,0,0,9,32,0,0,0,0,0,0,0,0,0,0,0,0,0,0,0],[15,1,126,2,0,0,18,0,11,0,0,1,27,0,0,0,0,0,0,0,0,0,0,0,0,0,0,0],[14,0,158,4,0,0,0,0,7,0,0,8,40,0,0,0,0,0,0,0,0,0,0,0,0,0,0,0],[11,1,57,3,0,0,36,0,3,0,0,3,70,0,0,0,2,0,0,0,0,0,0,0,0,0,0,0],[7,0,84,1,0,0,11,0,7,0,0,1,16,0,0,0,0,0,0,0,0,0,0,0,0,0,0,0],[7,1,67,3,0,0,15,0,5,0,0,0,30,0,0,0,1,0,0,0,0,0,0,0,0,0,0,0],[5,0,60,3,0,0,11,0,3,0,0,1,29,0,0,0,1,0,0,0,0,0,0,0,0,0,0,0],[1,0,72,2,0,0,14,0,1,0,0,3,20,0,0,0,0,0,0,0,0,0,0,0,0,0,0,0],[7,1,59,2,0,0,10,0,4,0,0,0,31,0,0,0,0,0,0,0,0,0,0,0,0,0,0,0],[6,0,78,4,0,0,1,1,5,0,0,2,9,0,0,0,1,0,0,0,0,0,0,0,0,0,0,0],[2,0,46,2,0,0,9,0,2,0,0,6,18,0,0,0,1,0,0,0,0,0,0,0,0,0,0,0],[1,0,77,4,0,0,1,0,3,0,0,1,13,0,0,0,1,0,0,0,0,0,0,0,0,0,0,0],[4,0,66,0,0,0,1,0,6,0,0,0,7,0,0,0,0,0,0,0,0,0,0,0,0,0,0,0],[3,1,34,1,0,0,3,0,1,0,0,3,26,0,0,0,0,0,0,0,0,0,0,0,0,0,0,0],[2,0,31,0,0,0,4,0,10,0,0,1,9,0,0,0,0,0,0,0,0,0,0,0,0,0,0,0]]}