{"Accuracy":0.15937072503419972,"Precision":0.1326313182442605,"Recall":0.15937072503419972,"F1 Score":0.11965408359470402,"Adjusted Rand Index":0.029686340853956234,"Precision by cluster":[0.1103448275862069,0.14035087719298245,0.2619974059662776,0.09937332139659803,0.11764705882352941,0.13095238095238096,0.4024144869215292,0.22702702702702704,0.13548387096774195,0.08333333333333333,0.09807073954983923,0.125,0.22699386503067484,0.13559322033898305,0.0,0.0,0.07692307692307693,0.0,0.0,0.0,0.0,0.0,0.0,0.0,0.0,0.0,0.0,0.5555555555555556],"Recall by cluster":[0.04930662557781202,0.5472312703583062,0.346483704974271,0.222,0.004608294930875576,0.024943310657596373,0.5141388174807198,0.12138728323699421,0.19504643962848298,0.011152416356877323,0.22846441947565543,0.02857142857142857,0.148,0.03137254901960784,0.0,0.0,0.24096385542168675,0.0,0.0,0.0,0.0,0.0,0.0,0.0,0.0,0.0,0.0,0.14492753623188406],"F1 score by cluster":[0.06815761448349308,0.22340425531914893,0.2983751846381093,0.137291280148423,0.008869179600886918,0.0419047619047619,0.45146726862302483,0.15819209039548024,0.1598984771573604,0.019672131147540985,0.1372328458942632,0.046511627906976744,0.1791767554479419,0.050955414012738856,0.0,0.0,0.11661807580174927,0.0,0.0,0.0,0.0,0.0,0.0,0.0,0.0,0.0,0.0,0.22988505747126436],"confusion_matrix":[[32,236,82,115,2,10,25,17,27,4,52,6,10,5,0,0,24,0,0,0,0,0,0,1,0,0,0,1],[15,336,14,65,1,2,19,5,38,0,64,3,8,2,0,0,41,0,0,0,0,1,0,0,0,0,0,0],[33,112,202,122,2,10,6,33,8,4,27,1,6,2,0,0,13,0,0,0,0,1,0,1,0,0,0,0],[25,206,18,111,1,6,4,13,11,5,63,4,10,1,0,0,20,0,0,0,0,2,0,0,0,0,0,0],[25,127,94,80,2,11,5,13,16,0,26,4,3,5,0,0,20,0,0,0,0,3,0,0,0,0,0,0],[18,175,39,115,3,11,3,11,12,1,28,2,2,7,0,0,14,0,0,0,0,0,0,0,0,0,0,0],[9,73,6,16,0,0,200,0,23,1,19,4,5,4,0,0,29,0,0,0,0,0,0,0,0,0,0,0],[19,48,92,75,0,10,4,42,10,5,16,4,4,2,0,0,15,0,0,0,0,0,0,0,0,0,0,0],[12,81,40,21,1,1,14,4,63,1,21,0,9,4,0,0,44,0,0,0,0,1,0,0,0,0,0,6],[9,100,28,47,1,2,5,8,14,3,26,2,4,2,0,0,18,0,0,0,0,0,0,0,0,0,0,0],[5,107,3,26,0,1,16,1,20,0,61,0,3,1,0,0,23,0,0,0,0,0,0,0,0,0,0,0],[5,76,3,29,0,2,43,0,11,0,16,7,12,0,0,0,37,0,0,0,0,2,0,2,0,0,0,0],[5,34,1,16,0,0,40,0,39,2,9,5,37,0,0,0,62,0,0,0,0,0,0,0,0,0,0,0],[15,104,7,15,1,0,30,1,18,1,32,2,6,8,0,0,14,0,0,0,0,0,0,0,0,0,0,1],[9,72,34,33,2,1,7,9,13,1,10,1,3,4,0,0,19,0,0,0,0,0,0,0,0,0,0,0],[9,65,32,50,0,2,4,9,10,0,20,1,4,3,0,0,6,0,0,0,0,0,0,0,0,0,0,0],[3,36,1,10,0,0,12,0,37,0,16,2,9,0,0,0,40,0,0,0,0,0,0,0,0,0,0,0],[3,57,9,20,0,0,10,2,16,3,16,2,3,1,0,0,9,0,0,0,0,0,0,0,0,0,0,0],[2,35,20,14,1,3,7,4,13,0,11,0,4,2,0,0,13,0,0,0,0,1,0,0,0,0,0,0],[3,46,0,10,0,0,12,1,11,0,9,0,4,0,0,0,15,0,0,0,0,0,0,0,0,0,0,0],[2,65,3,7,0,0,9,2,13,0,11,1,2,0,0,0,9,0,0,0,0,0,0,0,0,0,0,0],[6,28,2,19,0,2,2,1,13,0,17,1,4,1,0,0,11,0,0,0,0,0,0,0,0,0,0,0],[8,29,11,18,0,3,0,6,2,2,7,2,0,1,0,0,3,0,0,0,0,0,0,0,0,0,0,0],[9,33,2,13,0,0,15,0,9,0,5,2,5,0,0,0,4,0,0,0,0,0,0,0,0,0,0,0],[4,33,2,24,0,2,2,0,2,0,11,0,0,1,0,0,1,0,0,0,0,0,0,0,0,0,0,0],[3,22,18,31,0,4,0,3,1,0,4,0,0,1,0,0,0,0,0,0,0,0,0,0,0,0,0,0],[0,32,1,10,0,0,1,0,8,3,21,0,6,0,0,0,13,0,0,0,0,1,0,0,0,0,0,0],[2,26,7,5,0,1,2,0,7,0,4,0,0,2,0,0,3,0,0,0,0,0,0,0,0,0,0,10]],"epoch_accuracies":[[0.10916054899457389,0.13569832656969585,0.14399708175641784,0.15060872737221284,0.15270621494687886,0.15785873877160184,0.15922666545073183,0.16173453102913685,0.15890748255893483,0.16036660435000685,0.16611189640235283,0.16273767726049884,0.16565592084264283,0.16597510373443983,0.16843737175687384,0.16620309151429483,0.16702384752177282,0.17153800556290183,0.17099083489124983,0.17167479823081483,0.17327071268979982,0.17272354201814782,0.17431945647713282,0.17431945647713282,0.17769367561898683,0.17764807806301583,0.17933518763394282,0.17819524873466783,0.17938078518991382,0.17947198030185582],[0.13160054719562245,0.12476060191518468,0.1158686730506156,0.1186046511627907,0.1225718194254446,0.10615595075239398,0.13611491108071136,0.1250341997264022,0.10465116279069768,0.12188782489740083,0.12913816689466484,0.14145006839945282,0.11928864569083447,0.14008207934336525,0.13023255813953488,0.16265389876880984,0.13036935704514363,0.1270861833105335,0.10930232558139535,0.14623803009575922,0.13119015047879617,0.13584131326949384,0.15348837209302327,0.16114911080711355,0.13105335157318743,0.14145006839945282,0.15430916552667578,0.1548563611491108,0.1567715458276334,0.159781121751026]]}