{"Accuracy":0.1466484268125855,"Precision":0.12366592874548399,"Recall":0.1466484268125855,"F1 Score":0.12141847525414151,"Adjusted Rand Index":0.029008325092740258,"Precision by cluster":[0.1045673076923077,0.12619808306709265,0.21597633136094674,0.10889774236387782,0.12195121951219512,0.08163265306122448,0.5078125,0.10638297872340426,0.1411764705882353,0.09795918367346938,0.08674101610904585,0.2222222222222222,0.12815533980582525,0.08602150537634409,0.0,0.0,0.09849749582637729,0.0,0.0,0.0,0.0,0.0,0.0,0.0,0.0,0.0,0.0,0.3448275862068966],"Recall by cluster":[0.13530326594090203,0.25039619651347067,0.35842880523731585,0.1673469387755102,0.01126126126126126,0.027522935779816515,0.48267326732673266,0.04807692307692308,0.07717041800643087,0.0851063829787234,0.2536231884057971,0.0842911877394636,0.275,0.09795918367346938,0.0,0.0,0.34104046242774566,0.0,0.0,0.0,0.0,0.0,0.0,0.0,0.0,0.0,0.0,0.16129032258064516],"F1 score by cluster":[0.11796610169491525,0.16781731279872544,0.26953846153846156,0.13193885760257443,0.020618556701030927,0.0411663807890223,0.4949238578680203,0.06622516556291391,0.0997920997920998,0.09108159392789374,0.12927054478301014,0.12222222222222222,0.17483443708609273,0.0916030534351145,0.0,0.0,0.15284974093264247,0.0,0.0,0.0,0.0,0.0,0.0,0.0,0.0,0.0,0.0,0.21978021978021978],"confusion_matrix":[[87,128,100,77,1,20,10,17,17,21,65,3,36,29,1,0,30,0,0,0,0,0,0,0,0,0,0,1],[75,158,28,57,2,6,10,5,23,22,99,6,38,36,0,0,66,0,0,0,0,0,0,0,0,0,0,0],[81,60,219,81,3,18,1,27,7,10,34,4,15,21,1,0,27,0,0,0,0,0,0,0,0,0,0,2],[63,94,52,82,5,12,2,13,5,21,79,4,17,11,0,0,30,0,0,0,0,0,0,0,0,0,0,0],[69,75,84,58,5,14,1,10,9,15,47,2,9,19,0,0,26,0,0,0,0,0,0,0,0,0,0,1],[64,83,67,81,2,12,1,8,8,13,48,2,6,19,0,0,22,0,0,0,0,0,0,0,0,0,0,0],[24,28,20,9,1,0,195,0,4,2,25,4,58,10,0,0,24,0,0,0,0,0,0,0,0,0,0,0],[36,21,112,45,5,9,2,15,0,17,18,6,7,4,0,0,15,0,0,0,0,0,0,0,0,0,0,0],[28,52,33,15,1,7,9,5,24,7,23,2,35,15,0,0,51,0,0,0,0,0,0,0,0,0,0,4],[38,46,37,37,1,9,3,8,3,24,34,2,12,10,0,0,18,0,0,0,0,0,0,0,0,0,0,0],[19,71,6,17,0,4,19,1,7,14,70,1,19,4,0,0,24,0,0,0,0,0,0,0,0,0,0,0],[22,46,14,11,1,2,17,2,10,5,29,22,44,15,0,0,20,0,0,0,0,0,0,0,0,0,0,1],[13,30,6,6,2,2,24,1,4,12,9,16,66,1,0,0,48,0,0,0,0,0,0,0,0,0,0,0],[26,50,21,16,1,2,24,0,9,4,37,2,15,24,1,0,10,0,0,0,0,0,0,0,0,0,0,3],[35,35,47,25,2,6,5,4,4,3,18,5,4,4,0,0,15,0,0,0,0,0,0,0,0,0,0,3],[37,46,50,28,1,5,2,9,1,4,19,1,8,5,0,0,8,0,0,0,0,0,0,0,0,0,0,0],[9,11,6,7,1,0,17,1,4,5,11,3,37,2,0,0,59,0,0,0,0,0,0,0,0,0,0,0],[11,26,18,7,0,3,7,3,4,2,18,0,6,9,0,0,5,0,0,0,0,0,0,0,0,0,0,0],[8,26,15,10,1,0,6,2,7,4,12,0,14,5,0,0,15,0,0,0,0,0,0,0,0,0,0,3],[11,24,3,7,0,3,9,2,3,5,20,2,16,0,0,0,14,0,0,0,0,0,0,0,0,0,0,0],[5,39,6,7,2,1,3,1,3,6,16,0,14,10,0,0,12,0,0,0,0,0,0,0,0,0,0,0],[16,17,8,13,0,1,5,1,3,6,16,4,11,2,0,0,25,0,0,0,0,0,0,0,0,0,0,0],[19,15,15,23,1,5,0,1,1,8,13,0,1,7,0,0,6,0,0,0,0,0,0,0,0,0,0,1],[9,19,8,4,2,2,6,3,5,1,6,7,6,6,0,0,9,0,0,0,0,0,0,0,0,0,0,0],[8,23,11,15,1,1,1,1,1,6,13,0,2,1,0,0,1,0,0,0,0,0,0,0,0,0,0,0],[7,10,20,8,0,2,0,1,0,3,7,0,1,4,0,0,3,0,0,0,0,0,0,0,0,0,0,0],[9,11,1,4,0,0,1,0,0,5,16,0,10,3,0,0,11,0,0,0,0,0,0,0,0,0,0,0],[3,8,7,3,0,1,4,0,4,0,5,1,8,3,0,0,5,0,0,0,0,0,0,0,0,0,0,10]]}