{"Accuracy":0.1548563611491108,"Precision":0.07250582845614839,"Recall":0.1548563611491108,"F1 Score":0.08194183111424512,"Adjusted Rand Index":0.024074958160738718,"Precision by cluster":[0.0839080459770115,0.12057667103538663,0.157035175879397,0.0,0.0,0.0,0.4110535405872193,0.0,0.3,0.0,0.0,0.0,0.18798955613577023,0.0,0.0,0.0,0.0,0.0,0.0,0.0,0.0,0.0,0.0,0.0,0.0,0.0,0.0,0.0],"Recall by cluster":[0.12289562289562289,0.6258503401360545,0.6323777403035413,0.0,0.0,0.0,0.5547785547785548,0.0,0.019672131147540985,0.0,0.0,0.0,0.2801556420233463,0.0,0.0,0.0,0.0,0.0,0.0,0.0,0.0,0.0,0.0,0.0,0.0,0.0,0.0,0.0],"F1 score by cluster":[0.09972677595628415,0.2021978021978022,0.25159342502515936,0.0,0.0,0.0,0.4722222222222222,0.0,0.036923076923076927,0.0,0.0,0.0,0.225,0.0,0.0,0.0,0.0,0.0,0.0,0.0,0.0,0.0,0.0,0.0,0.0,0.0,0.0,0.0],"confusion_matrix":[[73,257,227,2,0,0,20,0,1,0,0,0,14,0,0,0,0,0,0,0,0,0,0,0,0,0,0,0],[75,368,98,0,0,0,20,0,0,0,0,0,27,0,0,0,0,0,0,0,0,0,0,0,0,0,0,0],[66,137,375,1,0,0,3,0,0,0,0,0,11,0,0,0,0,0,0,0,0,0,0,0,0,0,0,0],[57,256,181,0,0,0,5,0,0,0,0,0,15,0,0,0,0,0,0,0,0,0,0,0,0,0,0,0],[46,184,204,1,0,0,3,0,4,0,0,0,6,0,0,0,0,0,0,0,0,0,0,0,0,0,0,0],[55,177,177,2,0,0,3,0,0,0,0,0,1,0,0,0,0,0,0,0,0,0,0,0,0,0,0,0],[30,102,32,0,0,0,238,0,0,0,0,0,27,0,0,0,0,0,0,0,0,0,0,0,0,0,0,0],[44,74,223,0,0,0,5,0,0,0,0,0,8,0,0,0,0,0,0,0,0,0,0,0,0,0,0,0],[35,145,81,0,0,0,20,0,6,0,0,0,18,0,0,0,0,0,0,0,0,0,0,0,0,0,0,0],[41,135,98,1,0,0,4,0,0,0,0,0,13,0,0,0,0,0,0,0,0,0,0,0,0,0,0,0],[30,148,42,1,0,0,25,0,0,0,0,0,12,0,0,0,0,0,0,0,0,0,0,0,0,0,0,0],[32,101,45,1,0,0,29,0,0,0,0,0,29,0,0,0,0,0,0,0,0,0,0,0,0,0,0,0],[15,91,21,1,0,0,57,0,0,0,0,0,72,0,0,0,0,0,0,0,0,0,0,0,0,0,0,0],[34,105,46,1,0,0,25,0,3,0,0,0,18,0,0,0,0,0,0,0,0,0,0,0,0,0,0,0],[24,87,99,2,0,0,16,0,0,0,0,0,8,0,0,0,0,0,0,0,0,0,0,0,0,0,0,0],[32,71,82,1,0,0,4,0,0,0,0,0,7,0,0,0,0,0,0,0,0,0,0,0,0,0,0,0],[23,90,20,1,0,0,27,0,0,0,0,0,37,0,0,0,0,0,0,0,0,0,0,0,0,0,0,0],[20,64,41,0,0,0,10,0,1,0,0,0,4,0,0,0,0,0,0,0,0,0,0,0,0,0,0,0],[19,54,36,2,0,0,13,0,2,0,0,0,5,0,0,0,0,0,0,0,0,0,0,0,0,0,0,0],[15,68,20,0,0,0,15,0,0,0,0,0,6,0,0,0,0,0,0,0,0,0,0,0,0,0,0,0],[14,61,16,0,0,0,8,0,0,0,0,0,14,0,0,0,0,0,0,0,0,0,0,0,0,0,0,0],[18,61,26,0,0,0,6,0,0,0,0,0,10,0,0,0,0,0,0,0,0,0,0,0,0,0,0,0],[14,38,46,1,0,0,1,0,0,0,0,0,0,0,0,0,0,0,0,0,0,0,0,0,0,0,0,0],[17,48,33,0,0,0,13,0,0,0,0,0,7,0,0,0,0,0,0,0,0,0,0,0,0,0,0,0],[13,34,23,0,0,0,1,0,0,0,0,0,2,0,0,0,0,0,0,0,0,0,0,0,0,0,0,0],[9,33,55,0,0,0,2,0,0,0,0,0,2,0,0,0,0,0,0,0,0,0,0,0,0,0,0,0],[12,40,18,0,0,0,3,0,0,0,0,0,4,0,0,0,0,0,0,0,0,0,0,0,0,0,0,0],[7,23,23,0,0,0,3,0,3,0,0,0,6,0,0,0,0,0,0,0,0,0,0,0,0,0,0,0]],"epoch_accuracies":[[0.07829100360220692,0.0973051844421139,0.1048743787332999,0.10724545164379189,0.1044640007295609,0.11011809766996489,0.11440426793123888,0.11627376772604989,0.12242943778213487,0.12543887647622087,0.13022661985317588,0.13159454653230587,0.12981624184943688,0.13624549724134785,0.13697505813688388,0.13382882677488486,0.13793260681227487,0.13661027768911585,0.13930053349140487,0.13825178970407187,0.14153481373398386,0.14053166750262186,0.14135242351009986,0.14080525283844786,0.14381469153253384,0.14623136199899686,0.14586658155122886,0.14299393552505585,0.14755369112215586,0.14550180110346086],[0.1121751025991792,0.11655266757865937,0.11682626538987688,0.1253077975376197,0.1290013679890561,0.12859097127222982,0.13980848153214775,0.13214774281805747,0.14404924760601914,0.14240766073871408,0.14459644322845416,0.14555403556771546,0.14432284541723667,0.146374829001368,0.14678522571819425,0.14965800273597812,0.14883720930232558,0.1478796169630643,0.15143638850889193,0.14924760601915185,0.15047879616963064,0.1538987688098495,0.15047879616963064,0.15348837209302327,0.15417236662106704,0.1506155950752394,0.15649794801641587,0.1545827633378933,0.15376196990424076,0.15376196990424076]]}