{"Accuracy":0.12051983584131327,"Precision":0.07234337068633086,"Recall":0.12051983584131327,"F1 Score":0.06413825436568545,"Adjusted Rand Index":0.01717250253141496,"Precision by cluster":[0.087248322147651,0.14492753623188406,0.10458015267175573,0.07814761215629522,0.0,0.042105263157894736,0.4255725190839695,0.10810810810810811,0.03409090909090909,0.0,0.0,0.04,0.09079201545396008,0.0,0.0,0.0,0.03571428571428571,0.0,0.0,0.0,0.0,0.0,0.0,0.0,0.0,0.0,0.0,0.20833333333333334],"Recall by cluster":[0.019374068554396422,0.0338409475465313,0.681592039800995,0.10865191146881288,0.0,0.009009009009009009,0.5575,0.012307692307692308,0.011494252873563218,0.0,0.0,0.007246376811594203,0.597457627118644,0.0,0.0,0.0,0.006329113924050633,0.0,0.0,0.0,0.0,0.0,0.0,0.0,0.0,0.0,0.0,0.08928571428571429],"F1 score by cluster":[0.03170731707317073,0.05486968449931413,0.1813368630046327,0.09090909090909091,0.0,0.014842300556586271,0.48268398268398266,0.022099447513812154,0.017191977077363897,0.0,0.0,0.012269938650306749,0.15762996087199552,0.0,0.0,0.0,0.010752688172043012,0.0,0.0,0.0,0.0,0.0,0.0,0.0,0.0,0.0,0.0,0.125],"confusion_matrix":[[13,14,409,78,0,7,24,4,10,0,0,6,101,1,0,0,1,0,0,0,0,0,0,0,0,0,0,3],[12,20,304,73,2,21,21,1,1,0,0,3,127,0,0,0,5,0,0,0,0,0,0,0,0,0,0,1],[18,4,411,41,0,5,3,2,13,0,0,7,97,0,0,0,0,0,0,0,0,0,0,0,0,0,0,2],[10,10,304,54,0,4,1,8,3,0,0,4,96,0,0,0,3,0,0,0,0,0,0,0,0,0,0,0],[14,6,295,52,0,7,2,1,9,0,0,4,46,0,0,0,0,0,0,0,0,0,0,0,0,0,0,1],[3,5,316,49,0,4,2,1,2,0,0,3,58,0,0,0,1,0,0,0,0,0,0,0,0,0,0,0],[5,2,84,14,0,1,223,0,1,0,0,4,64,0,0,0,2,0,0,0,0,0,0,0,0,0,0,0],[4,3,198,30,0,0,3,4,8,0,0,0,74,0,0,0,1,0,0,0,0,0,0,0,0,0,0,0],[7,11,112,27,0,3,18,3,3,0,0,1,67,0,0,0,2,0,0,0,0,0,0,0,0,0,0,7],[4,0,171,27,0,4,1,3,2,0,0,3,68,0,0,0,0,0,0,0,0,0,0,0,0,0,0,0],[9,8,135,23,0,11,25,0,2,0,0,3,62,0,0,0,4,0,0,0,0,0,0,0,0,0,0,0],[5,10,125,16,0,4,27,0,2,0,0,2,84,0,0,0,1,0,0,0,0,0,0,0,0,0,0,0],[2,2,29,17,0,1,41,0,0,0,0,2,141,0,0,0,1,0,0,0,0,0,0,0,0,0,0,0],[5,3,136,17,0,3,27,0,6,0,0,2,47,0,0,0,1,0,0,0,0,0,0,0,0,0,0,2],[4,7,134,15,0,2,13,1,5,0,0,0,44,0,0,0,0,0,0,0,0,0,0,0,0,0,0,1],[4,1,136,26,0,2,5,2,2,0,0,2,37,0,0,0,1,0,0,0,0,0,0,0,0,0,0,0],[2,6,35,8,0,0,25,0,2,0,0,0,79,0,0,0,1,0,0,0,0,0,0,0,0,0,0,0],[5,3,78,24,0,2,12,0,1,0,0,0,24,0,0,0,0,0,0,0,0,0,0,0,0,0,0,1],[3,6,62,6,0,1,10,1,3,0,0,0,33,0,0,0,0,0,0,0,0,0,0,0,0,0,0,1],[3,5,50,27,0,0,15,1,0,0,0,0,34,0,0,0,1,0,0,0,0,0,0,0,0,0,0,0],[5,6,61,10,0,4,6,1,2,0,0,0,32,0,0,0,2,0,0,0,0,0,0,0,0,0,0,0],[2,1,59,11,0,1,5,0,3,0,0,1,39,0,0,0,0,0,0,0,0,0,0,0,0,0,0,0],[4,0,65,6,0,0,0,0,2,0,0,0,9,0,0,0,0,0,0,0,0,0,0,0,0,0,0,0],[1,1,54,5,0,2,4,0,3,0,0,0,28,0,0,0,0,0,0,0,0,0,0,0,0,0,0,0],[0,0,48,11,0,3,2,1,0,0,0,1,16,0,0,0,0,0,0,0,0,0,0,0,0,0,0,0],[4,1,51,12,0,0,1,1,0,0,0,0,10,0,0,0,0,0,0,0,0,0,0,0,0,0,0,0],[1,2,38,10,0,3,3,1,0,0,0,0,29,0,0,0,1,0,0,0,0,0,0,0,0,0,0,0],[0,1,30,2,0,0,5,1,3,0,0,2,7,0,0,0,0,0,0,0,0,0,0,0,0,0,0,5]]}