{"Accuracy":0.10889192886456908,"Precision":0.09008641272056327,"Recall":0.10889192886456908,"F1 Score":0.07404523980381915,"Adjusted Rand Index":0.015555638536292063,"Precision by cluster":[0.09523809523809523,0.09762900976290098,0.08757637474541752,0.08948863636363637,0.10869565217391304,0.08076009501187649,0.3778501628664495,0.2,0.12987012987012986,0.0,0.05194805194805195,0.021052631578947368,0.11538461538461539,0.05150214592274678,0.125,0.0,0.07167630057803469,0.0,0.0,0.0,0.0,0.0,0.0,0.0,0.0,0.0,0.0,0.0],"Recall by cluster":[0.00933125972006221,0.1109350237717908,0.42225859247135844,0.12857142857142856,0.01126126126126126,0.0779816513761468,0.5742574257425742,0.003205128205128205,0.03215434083601286,0.0,0.057971014492753624,0.007662835249042145,0.1,0.04897959183673469,0.004651162790697674,0.0,0.3583815028901734,0.0,0.0,0.0,0.0,0.0,0.0,0.0,0.0,0.0,0.0,0.0],"F1 score by cluster":[0.0169971671388102,0.10385756676557864,0.14506606691031768,0.10552763819095477,0.02040816326530612,0.07934655775962661,0.45579567779960706,0.006309148264984227,0.05154639175257732,0.0,0.0547945205479452,0.011235955056179775,0.10714285714285714,0.0502092050209205,0.008968609865470852,0.0,0.11946050096339114,0.0,0.0,0.0,0.0,0.0,0.0,0.0,0.0,0.0,0.0,0.0],"confusion_matrix":[[6,64,278,82,3,52,22,0,5,0,22,12,17,24,0,0,56,0,0,0,0,0,0,0,0,0,0,0],[9,70,295,40,4,43,23,0,1,0,24,14,19,21,0,0,68,0,0,0,0,0,0,0,0,0,0,0],[8,65,258,80,8,57,7,0,7,0,37,3,11,21,0,0,49,0,0,0,0,0,0,0,0,0,0,0],[5,60,231,63,3,22,8,1,1,0,32,5,10,11,0,0,38,0,0,0,0,0,0,0,0,0,0,0],[4,44,193,60,5,27,6,1,2,0,27,6,4,23,1,0,41,0,0,0,0,0,0,0,0,0,0,0],[4,42,212,61,2,34,1,0,1,0,22,8,4,18,0,0,27,0,0,0,0,0,0,0,0,0,0,0],[0,23,53,14,1,13,232,0,4,0,11,1,12,7,3,0,30,0,0,0,0,0,0,0,0,0,0,0],[2,38,133,39,3,17,4,1,3,0,21,1,10,3,0,0,37,0,0,0,0,0,0,0,0,0,0,0],[4,25,123,21,1,13,24,0,10,0,4,6,15,11,0,0,54,0,0,0,0,0,0,0,0,0,0,0],[2,34,128,32,1,18,7,1,1,0,13,2,4,7,0,0,32,0,0,0,0,0,0,0,0,0,0,0],[1,27,106,31,2,12,21,0,0,0,16,6,11,11,0,0,32,0,0,0,0,0,0,0,0,0,0,0],[4,19,84,10,1,11,40,0,3,0,12,2,16,12,0,0,47,0,0,0,0,0,0,0,0,0,0,0],[1,23,41,5,0,4,60,0,1,0,3,1,24,0,0,0,77,0,0,0,0,0,0,0,0,0,0,0],[1,29,88,15,3,17,32,0,9,0,9,7,4,12,1,0,18,0,0,0,0,0,0,0,0,0,0,0],[1,15,103,26,2,16,8,0,3,0,7,2,2,5,1,0,24,0,0,0,0,0,0,0,0,0,0,0],[2,20,117,25,3,19,4,0,0,0,6,1,5,6,1,0,15,0,0,0,0,0,0,0,0,0,0,0],[1,13,34,4,0,2,38,0,0,0,6,1,10,2,0,0,62,0,0,0,0,0,0,0,0,0,0,0],[0,18,51,6,1,6,10,0,0,0,2,3,3,9,1,0,9,0,0,0,0,0,0,0,0,0,0,0],[1,10,45,10,2,6,14,1,6,0,3,2,3,4,0,0,21,0,0,0,0,0,0,0,0,0,0,0],[0,10,47,12,0,3,15,0,2,0,5,4,3,1,0,0,17,0,0,0,0,0,0,0,0,0,0,0],[1,10,51,8,0,5,8,0,0,0,4,5,4,7,0,0,22,0,0,0,0,0,0,0,0,0,0,0],[0,14,54,11,0,4,10,0,1,0,3,2,6,0,0,0,23,0,0,0,0,0,0,0,0,0,0,0],[3,10,62,11,0,4,0,0,0,0,10,0,1,4,0,0,11,0,0,0,0,0,0,0,0,0,0,0],[1,11,41,4,0,2,9,0,0,0,1,0,2,5,0,0,17,0,0,0,0,0,0,0,0,0,0,0],[0,8,47,13,1,4,1,0,1,0,1,0,0,1,0,0,8,0,0,0,0,0,0,0,0,0,0,0],[2,6,29,11,0,4,0,0,1,0,4,0,0,2,0,0,7,0,0,0,0,0,0,0,0,0,0,0],[0,7,24,5,0,4,2,0,1,0,2,1,4,3,0,0,18,0,0,0,0,0,0,0,0,0,0,0],[0,2,18,5,0,2,8,0,14,0,1,0,4,3,0,0,5,0,0,0,0,0,0,0,0,0,0,0]]}