{"Accuracy":0.12188782489740083,"Precision":0.10444371237014426,"Recall":0.12188782489740083,"F1 Score":0.08770104747650172,"Adjusted Rand Index":0.01974974783807696,"Precision by cluster":[0.13020833333333334,0.10397144132083891,0.22128851540616246,0.08436724565756824,0.0,0.10526315789473684,0.39403973509933776,0.125,0.07093596059113301,0.05555555555555555,0.07363420427553444,0.19230769230769232,0.12406015037593984,0.07142857142857142,0.0,0.0,0.07209612817089453,0.0,0.0,0.0,0.0,0.0,0.0,0.0,0.0,0.0,0.0,0.4117647058823529],"Recall by cluster":[0.038880248833592534,0.3692551505546751,0.12929623567921442,0.13877551020408163,0.0,0.0045871559633027525,0.5891089108910891,0.00641025641025641,0.2315112540192926,0.0035460992907801418,0.2246376811594203,0.019157088122605363,0.1375,0.04081632653061224,0.0,0.0,0.31213872832369943,0.0,0.0,0.0,0.0,0.0,0.0,0.0,0.0,0.0,0.0,0.11290322580645161],"F1 score by cluster":[0.059880239520958084,0.16225626740947074,0.16322314049586778,0.10493827160493827,0.0,0.008791208791208791,0.4722222222222222,0.012195121951219513,0.1085972850678733,0.006666666666666667,0.11091234347048301,0.03484320557491289,0.13043478260869565,0.05194805194805195,0.0,0.0,0.11713665943600868,0.0,0.0,0.0,0.0,0.0,0.0,0.0,0.0,0.0,0.0,0.17721518987341772],"confusion_matrix":[[25,217,36,85,0,1,26,3,94,3,76,0,15,16,0,0,46,0,0,0,0,0,0,0,0,0,0,0],[12,233,14,48,0,0,19,0,133,0,82,3,15,11,0,0,61,0,0,0,0,0,0,0,0,0,0,0],[30,166,79,127,0,9,7,2,59,1,52,4,13,13,0,0,48,0,0,0,0,0,0,0,0,0,0,1],[13,182,15,68,0,0,8,0,50,2,76,5,12,5,0,0,54,0,0,0,0,0,0,0,0,0,0,0],[8,160,34,64,0,2,5,3,59,4,54,0,6,9,0,0,35,0,0,0,0,0,0,0,0,0,0,1],[7,176,15,70,0,2,1,1,44,1,68,0,8,13,0,0,30,0,0,0,0,0,0,0,0,0,0,0],[1,54,8,17,0,0,238,0,30,0,16,1,13,7,0,0,19,0,0,0,0,0,0,0,0,0,0,0],[16,73,35,73,0,0,5,2,24,1,34,1,8,1,0,0,39,0,0,0,0,0,0,0,0,0,0,0],[5,83,10,26,0,1,18,0,72,0,24,0,21,8,0,0,41,0,0,0,0,0,0,0,0,0,0,2],[10,86,10,48,0,0,7,0,27,1,46,0,3,7,0,0,37,0,0,0,0,0,0,0,0,0,0,0],[4,94,4,9,0,0,21,0,43,0,62,0,16,0,0,0,23,0,0,0,0,0,0,0,0,0,0,0],[5,75,5,11,1,0,36,0,37,1,22,5,27,8,0,0,27,0,0,0,0,0,0,0,0,0,0,1],[3,45,2,6,0,0,56,0,29,0,9,2,33,0,0,0,55,0,0,0,0,0,0,0,0,0,0,0],[3,80,12,6,0,1,32,0,52,0,27,1,2,10,0,0,16,0,0,0,0,0,0,0,0,0,0,3],[9,60,21,32,0,1,7,0,31,0,21,1,6,2,0,0,22,0,0,0,0,0,0,0,0,0,0,2],[12,85,12,27,0,1,3,1,22,1,26,0,10,7,0,0,17,0,0,0,0,0,0,0,0,0,0,0],[1,14,2,10,0,0,42,0,28,0,11,1,10,0,0,0,54,0,0,0,0,0,0,0,0,0,0,0],[2,39,8,8,0,0,10,1,20,0,16,0,2,4,0,0,9,0,0,0,0,0,0,0,0,0,0,0],[3,29,8,6,0,1,14,0,27,1,13,0,5,2,0,0,19,0,0,0,0,0,0,0,0,0,0,0],[3,36,1,4,0,0,15,0,25,0,18,0,10,1,0,0,6,0,0,0,0,0,0,0,0,0,0,0],[0,48,4,3,0,0,9,0,19,0,15,0,5,6,0,0,16,0,0,0,0,0,0,0,0,0,0,0],[3,37,2,10,0,0,6,0,26,0,10,1,9,2,0,0,22,0,0,0,0,0,0,0,0,0,0,0],[2,37,3,21,0,0,0,0,16,0,21,0,0,2,0,0,14,0,0,0,0,0,0,0,0,0,0,0],[5,31,3,5,0,0,9,3,11,0,5,1,6,3,0,0,11,0,0,0,0,0,0,0,0,0,0,0],[2,36,3,8,0,0,2,0,6,1,17,0,2,0,0,0,8,0,0,0,0,0,0,0,0,0,0,0],[5,23,7,11,1,0,0,0,7,1,6,0,1,1,0,0,3,0,0,0,0,0,0,0,0,0,0,0],[3,22,1,1,0,0,2,0,14,0,11,0,4,1,0,0,12,0,0,0,0,0,0,0,0,0,0,0],[0,20,3,2,0,0,6,0,10,0,4,0,4,1,0,0,5,0,0,0,0,0,0,0,0,0,0,7]]}