{"Accuracy":0.13214774281805747,"Precision":0.11761724230694379,"Recall":0.13214774281805747,"F1 Score":0.07767353841270913,"Adjusted Rand Index":0.020921191279474904,"Precision by cluster":[0.08928571428571429,0.19170984455958548,0.11538461538461539,0.0903010033444816,0.030303030303030304,0.09217391304347826,0.37169517884914466,1.0,0.058823529411764705,0.0,0.0,0.0,0.0967741935483871,0.0,0.0,0.0,0.038461538461538464,0.0,0.0,0.0,0.0,0.0,0.0,0.0,0.0,0.0,0.0,0.0],"Recall by cluster":[0.022354694485842028,0.12521150592216582,0.6616915422885572,0.10865191146881288,0.002288329519450801,0.11936936936936937,0.5975,0.003076923076923077,0.04597701149425287,0.0,0.0,0.0,0.4957627118644068,0.0,0.0,0.0,0.006329113924050633,0.0,0.0,0.0,0.0,0.0,0.0,0.0,0.0,0.0,0.0,0.0],"F1 score by cluster":[0.03575685339690107,0.15148413510747186,0.19650332430435855,0.09863013698630137,0.00425531914893617,0.10402355250245339,0.4582933844678811,0.006134969325153374,0.05161290322580645,0.0,0.0,0.0,0.1619377162629758,0.0,0.0,0.0,0.010869565217391304,0.0,0.0,0.0,0.0,0.0,0.0,0.0,0.0,0.0,0.0,0.0],"confusion_matrix":[[15,40,363,58,6,55,29,0,25,0,0,2,73,0,0,0,5,0,0,0,0,0,0,0,0,0,0,0],[26,74,214,60,4,74,30,0,8,0,0,0,99,0,0,0,2,0,0,0,0,0,0,0,0,0,0,0],[13,14,399,38,0,29,5,0,28,0,0,2,74,0,0,0,1,0,0,0,0,0,0,0,0,0,0,0],[11,17,283,54,4,33,4,0,7,0,0,0,83,0,0,0,1,0,0,0,0,0,0,0,0,0,0,0],[7,23,261,47,1,35,5,0,18,0,0,0,38,0,0,0,2,0,0,0,0,0,0,0,0,0,0,0],[12,10,274,35,2,53,2,0,9,0,0,0,45,0,0,0,2,0,0,0,0,0,0,0,0,0,0,0],[8,6,75,11,0,12,239,0,3,0,0,0,46,0,0,0,0,0,0,0,0,0,0,0,0,0,0,0],[3,6,202,25,1,11,10,1,14,0,0,0,51,0,0,0,1,0,0,0,0,0,0,0,0,0,0,0],[11,26,88,24,0,21,30,0,12,0,0,0,48,0,0,0,1,0,0,0,0,0,0,0,0,0,0,0],[3,8,152,28,1,26,4,0,7,0,0,1,52,0,0,0,1,0,0,0,0,0,0,0,0,0,0,0],[7,24,110,25,4,31,30,0,4,0,0,0,45,0,0,0,2,0,0,0,0,0,0,0,0,0,0,0],[10,14,99,14,0,28,32,0,6,0,0,0,73,0,0,0,0,0,0,0,0,0,0,0,0,0,0,0],[1,5,34,18,0,4,56,0,0,0,0,1,117,0,0,0,0,0,0,0,0,0,0,0,0,0,0,0],[3,16,109,12,1,27,35,0,9,0,0,0,37,0,0,0,0,0,0,0,0,0,0,0,0,0,0,0],[4,10,120,13,3,16,15,0,11,0,0,2,31,0,0,0,1,0,0,0,0,0,0,0,0,0,0,0],[4,10,119,22,1,18,7,0,6,0,0,0,30,0,0,0,1,0,0,0,0,0,0,0,0,0,0,0],[1,9,31,13,0,2,28,0,2,0,0,0,71,0,0,0,1,0,0,0,0,0,0,0,0,0,0,0],[4,12,68,14,2,15,16,0,3,0,0,0,16,0,0,0,0,0,0,0,0,0,0,0,0,0,0,0],[3,13,56,5,0,6,14,0,4,0,0,0,24,0,0,0,1,0,0,0,0,0,0,0,0,0,0,0],[5,10,45,24,0,12,18,0,0,0,0,0,22,0,0,0,0,0,0,0,0,0,0,0,0,0,0,0],[3,13,49,11,0,16,8,0,2,0,0,0,24,0,0,0,3,0,0,0,0,0,0,0,0,0,0,0],[2,4,57,6,0,4,6,0,5,0,0,1,36,0,0,0,1,0,0,0,0,0,0,0,0,0,0,0],[0,4,58,3,0,11,0,0,4,0,0,0,6,0,0,0,0,0,0,0,0,0,0,0,0,0,0,0],[2,3,48,7,0,6,5,0,3,0,0,0,24,0,0,0,0,0,0,0,0,0,0,0,0,0,0,0],[1,3,46,9,1,7,2,0,2,0,0,0,11,0,0,0,0,0,0,0,0,0,0,0,0,0,0,0],[2,4,45,10,1,8,2,0,2,0,0,0,6,0,0,0,0,0,0,0,0,0,0,0,0,0,0,0],[4,5,36,9,1,7,5,0,0,0,0,0,21,0,0,0,0,0,0,0,0,0,0,0,0,0,0,0],[3,3,17,3,0,8,6,0,10,0,0,0,6,0,0,0,0,0,0,0,0,0,0,0,0,0,0,0]]}