{"Accuracy":0.1545827633378933,"Precision":0.08181505967271538,"Recall":0.1545827633378933,"F1 Score":0.08315728719740258,"Adjusted Rand Index":0.025425095733380688,"Precision by cluster":[0.08159392789373814,0.1295446523120367,0.19566526189042746,0.3333333333333333,0.0,0.0,0.3741379310344828,0.0,0.0,0.0,0.0,0.0,0.13957055214723926,0.0,0.0,0.0,0.0,0.0,0.0,0.0,0.0,0.0,0.0,0.0,0.0,0.0,0.0,0.0],"Recall by cluster":[0.2064,0.592891760904685,0.5327868852459017,0.0020242914979757085,0.0,0.0,0.550761421319797,0.0,0.0,0.0,0.0,0.0,0.35826771653543305,0.0,0.0,0.0,0.0,0.0,0.0,0.0,0.0,0.0,0.0,0.0,0.0,0.0,0.0,0.0],"F1 score by cluster":[0.11695376246600181,0.21263035921205098,0.2862175253192426,0.004024144869215292,0.0,0.0,0.4455852156057495,0.0,0.0,0.0,0.0,0.0,0.20088300220750552,0.0,0.0,0.0,0.0,0.0,0.0,0.0,0.0,0.0,0.0,0.0,0.0,0.0,0.0,0.0],"confusion_matrix":[[129,257,181,0,0,0,30,0,0,0,0,0,28,0,0,0,0,0,0,0,0,0,0,0,0,0,0,0],[121,367,54,0,0,0,27,0,0,0,0,0,50,0,0,0,0,0,0,0,0,0,0,0,0,0,0,0],[147,118,325,1,0,0,3,0,0,0,0,0,16,0,0,0,0,0,0,0,0,0,0,0,0,0,0,0],[165,212,79,1,0,0,4,0,0,0,0,0,33,0,0,0,0,0,0,0,0,0,0,0,0,0,0,0],[108,147,157,0,0,0,6,0,0,0,0,0,21,0,0,0,0,0,0,0,0,0,0,0,0,0,0,0],[119,170,127,0,0,0,0,0,0,0,0,0,7,0,0,0,0,0,0,0,0,0,0,0,0,0,0,0],[37,85,8,0,0,0,217,0,0,0,0,0,47,0,0,0,0,0,0,0,0,0,0,0,0,0,0,0],[78,59,161,0,0,0,2,0,0,0,0,0,19,0,0,0,0,0,0,0,0,0,0,0,0,0,0,0],[38,113,80,0,0,0,24,0,0,0,0,0,35,0,0,0,0,0,0,0,0,0,0,0,0,0,0,0],[69,103,65,0,0,0,1,0,0,0,0,0,26,0,0,0,0,0,0,0,0,0,0,0,0,0,0,0],[43,149,12,0,0,0,26,0,0,0,0,0,19,0,0,0,0,0,0,0,0,0,0,0,0,0,0,0],[51,91,26,0,0,0,32,0,0,0,0,0,50,0,0,0,0,0,0,0,0,0,0,0,0,0,0,0],[27,57,4,0,0,0,75,0,0,0,0,0,91,0,0,0,0,0,0,0,0,0,0,0,0,0,0,0],[58,103,25,0,0,0,23,0,0,0,0,0,31,0,0,0,0,0,0,0,0,0,0,0,0,0,0,0],[42,72,76,0,0,0,15,0,0,0,0,0,13,0,0,0,0,0,0,0,0,0,0,0,0,0,0,0],[72,75,72,0,0,0,3,0,0,0,0,0,17,0,0,0,0,0,0,0,0,0,0,0,0,0,0,0],[25,81,4,0,0,0,30,0,0,0,0,0,55,0,0,0,0,0,0,0,0,0,0,0,0,0,0,0],[31,62,31,1,0,0,11,0,0,0,0,0,10,0,0,0,0,0,0,0,0,0,0,0,0,0,0,0],[23,65,30,0,0,0,10,0,0,0,0,0,10,0,0,0,0,0,0,0,0,0,0,0,0,0,0,0],[15,73,10,0,0,0,12,0,0,0,0,0,12,0,0,0,0,0,0,0,0,0,0,0,0,0,0,0],[21,74,6,0,0,0,5,0,0,0,0,0,17,0,0,0,0,0,0,0,0,0,0,0,0,0,0,0],[29,54,12,0,0,0,7,0,0,0,0,0,15,0,0,0,0,0,0,0,0,0,0,0,0,0,0,0],[29,40,29,0,0,0,1,0,0,0,0,0,3,0,0,0,0,0,0,0,0,0,0,0,0,0,0,0],[29,30,11,0,0,0,10,0,0,0,0,0,14,0,0,0,0,0,0,0,0,0,0,0,0,0,0,0],[17,46,15,0,0,0,1,0,0,0,0,0,4,0,0,0,0,0,0,0,0,0,0,0,0,0,0,0],[28,28,29,0,0,0,0,0,0,0,0,0,0,0,0,0,0,0,0,0,0,0,0,0,0,0,0,0],[22,68,7,0,0,0,2,0,0,0,0,0,7,0,0,0,0,0,0,0,0,0,0,0,0,0,0,0],[8,34,25,0,0,0,3,0,0,0,0,0,2,0,0,0,0,0,0,0,0,0,0,0,0,0,0,0]],"epoch_accuracies":[[0.08627057589713191,0.1046463909534449,0.10884136610277689,0.10947973188637089,0.11121243901326888,0.12128949888285988,0.12238384022616387,0.11841685285668688,0.12607724225981487,0.12680680315535087,0.12712598604714787,0.13054580274497288,0.13433039989056586,0.13496876567415986,0.13597191190552185,0.13811499703615887,0.13934613104737587,0.14030367972276686,0.14117003328621586,0.14185399662578085,0.14668733755870686,0.14632255711093886,0.14395148420044684,0.14554739865943186,0.14978797136473485,0.15033514203638684,0.15256942227896586,0.14810086179380785,0.15024394692444484,0.15297980028270486],[0.120109439124487,0.1280437756497948,0.1253077975376197,0.1307797537619699,0.13488372093023257,0.13515731874145007,0.1362517099863201,0.1387140902872777,0.13803009575923392,0.14227086183310533,0.14336525307797537,0.14145006839945282,0.1484268125854993,0.14445964432284542,0.14870041039671683,0.14897400820793433,0.15047879616963064,0.14801641586867306,0.15143638850889193,0.15376196990424076,0.15198358413132695,0.15280437756497947,0.15376196990424076,0.15129958960328319,0.1573187414500684,0.15499316005471955,0.15649794801641587,0.15663474692202461,0.1567715458276334,0.15554035567715457]]}