{"Accuracy":0.16071672821775407,"Precision":0.13234460650621246,"Recall":0.16071672821775407,"F1 Score":0.11741309809595318,"Adjusted Rand Index":0.030793159631025833,"Precision by cluster":[0.07981220657276995,0.1397898583828232,0.2164111812443643,0.11946532999164577,0.13333333333333333,0.1264705882352941,0.38333333333333336,0.3010752688172043,0.18,0.125,0.1607843137254902,0.11204013377926421,0.16176470588235295,0.07692307692307693,0.0,0.0,0.09365558912386707,0.0,0.0,0.0,0.0,0.14285714285714285,0.0,0.09090909090909091,0.0,0.0,0.0,0.5],"Recall by cluster":[0.026113671274961597,0.5151515151515151,0.40472175379426645,0.27984344422700586,0.004366812227074236,0.09168443496801706,0.519774011299435,0.08974358974358974,0.08881578947368421,0.0038022813688212928,0.15648854961832062,0.2607003891050584,0.12790697674418605,0.016194331983805668,0.0,0.0,0.16666666666666666,0.0,0.0,0.0,0.0,0.008264462809917356,0.0,0.07058823529411765,0.0,0.0,0.0,0.015873015873015872],"F1 score by cluster":[0.03935185185185185,0.21990657563780094,0.282021151586369,0.16744730679156908,0.008456659619450317,0.10630407911001236,0.4412470023980815,0.1382716049382716,0.11894273127753303,0.007380073800738007,0.15860735009671179,0.1567251461988304,0.14285714285714285,0.026755852842809364,0.0,0.0,0.11992263056092843,0.0,0.0,0.0,0.0,0.015625,0.0,0.07947019867549669,0.0,0.0,0.0,0.03076923076923077],"confusion_matrix":[[17,196,118,130,2,29,24,10,21,1,23,38,10,3,0,0,21,0,0,0,0,0,0,8,0,0,0,0],[18,306,21,62,0,9,21,3,13,1,29,42,21,3,0,0,39,0,0,0,0,1,0,5,0,0,0,0],[22,105,240,98,0,47,8,13,9,1,8,22,8,1,0,0,8,0,0,0,0,0,0,3,0,0,0,0],[16,176,46,143,0,41,7,6,1,0,16,25,15,1,0,0,13,0,0,0,0,1,0,4,0,0,0,0],[12,141,123,90,2,25,4,5,7,1,9,18,4,2,0,0,10,0,0,0,0,0,0,5,0,0,0,0],[20,159,65,116,0,43,5,3,3,0,12,14,4,3,0,0,17,0,0,0,0,2,0,3,0,0,0,0],[5,56,9,16,0,3,184,0,1,0,9,37,8,15,0,0,10,0,0,0,0,0,0,1,0,0,0,0],[6,24,132,62,0,19,3,28,2,1,5,15,5,0,1,0,5,0,0,0,0,0,0,4,0,0,0,0],[6,83,37,26,0,8,29,0,27,0,11,16,18,2,0,0,37,0,0,0,0,0,0,4,0,0,0,0],[11,79,39,61,2,25,3,3,3,1,3,15,2,1,0,0,13,0,0,0,0,0,0,2,0,0,0,0],[8,105,6,36,1,4,20,1,3,0,41,16,7,2,0,0,12,0,0,0,0,0,0,0,0,0,0,0],[6,78,10,26,1,9,23,1,4,0,7,67,6,4,0,0,10,0,0,0,0,1,0,4,0,0,0,0],[2,32,4,24,1,3,45,2,3,0,6,77,33,4,0,0,21,0,0,0,0,0,0,1,0,0,0,0],[10,116,9,28,0,3,15,0,6,0,10,24,6,4,1,0,13,0,0,0,0,0,0,2,0,0,0,0],[4,69,53,31,0,12,9,2,7,0,1,19,4,1,0,0,9,0,0,0,0,0,0,2,0,0,0,1],[10,60,53,40,0,12,4,6,0,0,8,17,4,0,0,0,2,0,0,0,0,0,0,3,0,0,0,0],[5,28,6,17,0,0,22,3,3,1,7,39,18,3,0,0,31,0,0,0,0,0,0,3,0,0,0,0],[6,62,21,19,2,9,9,0,2,0,7,9,4,2,0,0,3,0,0,0,0,0,0,1,0,0,0,0],[3,34,24,11,0,8,9,1,9,0,3,12,8,0,0,0,16,0,0,0,0,0,0,0,0,0,0,0],[5,49,7,12,1,1,6,0,2,0,11,11,5,0,0,0,10,0,0,0,0,0,0,0,0,0,0,0],[2,53,4,17,0,3,6,1,6,0,3,9,1,1,0,0,7,0,0,0,0,0,0,0,0,0,0,0],[2,38,9,26,1,1,6,1,2,0,4,16,6,0,0,0,6,0,0,0,0,1,0,2,0,0,0,0],[4,20,23,23,0,9,0,2,1,0,4,3,0,0,0,0,6,0,0,0,0,0,0,0,0,0,0,0],[1,23,7,10,0,5,9,0,2,0,2,19,0,0,0,0,1,0,0,0,0,0,0,6,0,0,0,0],[3,33,10,29,0,3,2,0,1,0,4,6,1,0,0,0,3,0,0,0,0,0,0,0,0,0,0,0],[5,21,22,23,1,6,2,1,1,0,1,2,0,0,0,0,2,0,0,0,0,1,0,0,0,0,0,0],[2,19,2,16,1,1,0,1,0,1,10,10,5,0,0,0,4,0,0,0,0,0,0,3,0,0,0,0],[2,24,9,5,0,2,5,0,11,0,1,0,1,0,0,0,2,0,0,0,0,0,0,0,0,0,0,1]],"epoch_accuracies":[[0.11919744642042863,0.13716370269037848,0.1426812585499316,0.14573643410852713,0.14829001367989056,0.14920200638394893,0.1560419516643867,0.15813953488372093,0.159781121751026,0.16146830825353398,0.164249886000912,0.16456908344733243,0.16826265389876882,0.16908344733242134,0.17008663930688556,0.17236662106703146,0.1719562243502052,0.17478340173278614,0.17587779297765618,0.17564979480164158,0.17674418604651163,0.17834017327861376,0.18235294117647058,0.1848609211126311,0.18317373461012312,0.18390332877336982,0.18627450980392157,0.18549931600547195,0.18627450980392157,0.18887368901048793],[0.11626316509369443,0.11393790179182055,0.11968266994939133,0.10969771577075639,0.11380112159759267,0.12652167966078512,0.14772260976610588,0.11380112159759267,0.13595951306250856,0.13732731500478731,0.1423881821912187,0.1553823006428669,0.1548351798659554,0.16016960744084258,0.15456161947749966,0.1469019286007386,0.16468335385036248,0.15456161947749966,0.16372589249076733,0.14785938996033374,0.15469839967172752,0.1689235398714266,0.16851319928874298,0.1656408152099576,0.16304199151962795,0.16796607851183148,0.16714539734646422,0.16235809054848857,0.15975926685815894,0.16482013404459034]]}