{"Accuracy":0.13433652530779755,"Precision":0.06328139124757165,"Recall":0.13433652530779755,"F1 Score":0.07460990550396471,"Adjusted Rand Index":0.02025759853222032,"Precision by cluster":[0.10059612518628912,0.13803680981595093,0.11403240599205136,0.10559006211180125,0.0,0.05555555555555555,0.2971698113207547,0.0,0.0,0.0,0.0,0.08928571428571429,0.10207612456747404,0.0,0.0,0.0,0.0,0.0,0.0,0.0,0.0,0.0,0.0,0.0,0.0,0.0,0.0,0.0],"Recall by cluster":[0.20119225037257824,0.22842639593908629,0.6185737976782753,0.03420523138832998,0.0,0.0022522522522522522,0.63,0.0,0.0,0.0,0.0,0.036231884057971016,0.25,0.0,0.0,0.0,0.0,0.0,0.0,0.0,0.0,0.0,0.0,0.0,0.0,0.0,0.0,0.0],"F1 score by cluster":[0.13412816691505217,0.17208413001912046,0.19256582343830667,0.05167173252279635,0.0,0.004329004329004329,0.40384615384615385,0.0,0.0,0.0,0.0,0.05154639175257732,0.14496314496314497,0.0,0.0,0.0,0.0,0.0,0.0,0.0,0.0,0.0,0.0,0.0,0.0,0.0,0.0,0.0],"confusion_matrix":[[135,100,347,16,0,2,32,0,0,0,0,9,30,0,0,0,0,0,0,0,0,0,0,0,0,0,0,0],[130,135,214,10,0,3,47,0,0,0,0,8,44,0,0,0,0,0,0,0,0,0,0,0,0,0,0,0],[106,47,373,12,0,2,10,0,0,0,0,10,42,0,0,0,1,0,0,0,0,0,0,0,0,0,0,0],[100,60,267,17,0,0,10,0,0,0,0,6,36,0,0,0,1,0,0,0,0,0,0,0,0,0,0,0],[90,63,241,8,0,2,11,0,0,0,0,6,16,0,0,0,0,0,0,0,0,0,0,0,0,0,0,0],[96,65,242,9,0,1,6,0,0,0,0,3,22,0,0,0,0,0,0,0,0,0,0,0,0,0,0,0],[29,20,77,1,0,0,252,0,0,0,0,4,17,0,0,0,0,0,0,0,0,0,0,0,0,0,0,0],[43,28,197,11,0,1,15,0,0,0,0,7,23,0,0,0,0,0,0,0,0,0,0,0,0,0,0,0],[50,49,87,6,0,0,40,0,0,0,0,2,27,0,0,0,0,0,0,0,0,0,0,0,0,0,0,0],[59,36,135,8,0,1,10,0,0,0,0,4,30,0,0,0,0,0,0,0,0,0,0,0,0,0,0,0],[54,54,105,4,0,1,39,0,0,0,0,3,22,0,0,0,0,0,0,0,0,0,0,0,0,0,0,0],[45,44,92,3,0,1,51,0,0,0,0,10,30,0,0,0,0,0,0,0,0,0,0,0,0,0,0,0],[30,9,35,4,0,0,93,0,0,0,0,6,59,0,0,0,0,0,0,0,0,0,0,0,0,0,0,0],[43,35,103,5,0,1,43,0,0,0,0,6,13,0,0,0,0,0,0,0,0,0,0,0,0,0,0,0],[42,30,105,6,0,0,23,0,0,0,0,5,15,0,0,0,0,0,0,0,0,0,0,0,0,0,0,0],[32,28,125,6,0,0,8,0,0,0,0,1,18,0,0,0,0,0,0,0,0,0,0,0,0,0,0,0],[22,16,31,4,0,0,50,0,0,0,0,2,33,0,0,0,0,0,0,0,0,0,0,0,0,0,0,0],[31,29,55,4,0,1,17,0,0,0,0,2,11,0,0,0,0,0,0,0,0,0,0,0,0,0,0,0],[22,20,51,2,0,0,21,0,0,0,0,1,9,0,0,0,0,0,0,0,0,0,0,0,0,0,0,0],[26,21,46,5,0,0,21,0,0,0,0,2,15,0,0,0,0,0,0,0,0,0,0,0,0,0,0,0],[32,26,39,8,0,0,14,0,0,0,0,2,8,0,0,0,0,0,0,0,0,0,0,0,0,0,0,0],[24,7,54,0,0,1,11,0,0,0,0,4,21,0,0,0,0,0,0,0,0,0,0,0,0,0,0,0],[22,6,50,2,0,0,0,0,0,0,0,1,5,0,0,0,0,0,0,0,0,0,0,0,0,0,0,0],[20,7,47,0,0,0,10,0,0,0,0,5,9,0,0,0,0,0,0,0,0,0,0,0,0,0,0,0],[18,9,44,3,0,1,3,0,0,0,0,0,4,0,0,0,0,0,0,0,0,0,0,0,0,0,0,0],[15,6,52,2,0,0,1,0,0,0,0,1,3,0,0,0,0,0,0,0,0,0,0,0,0,0,0,0],[19,16,33,4,0,0,4,0,0,0,0,1,11,0,0,0,0,0,0,0,0,0,0,0,0,0,0,0],[7,12,24,1,0,0,6,0,0,0,0,1,5,0,0,0,0,0,0,0,0,0,0,0,0,0,0,0]]}