{"Accuracy":0.09808481532147743,"Precision":0.06683382631530889,"Recall":0.09808481532147743,"F1 Score":0.04378942150282811,"Adjusted Rand Index":0.0065689051960728774,"Precision by cluster":[0.06784660766961652,0.14965986394557823,0.08595800524934383,0.04195804195804196,0.0,0.0,0.38108882521489973,0.0,0.3333333333333333,0.0,0.0,0.056910569105691054,0.03571428571428571,0.0,0.0,0.0,0.0,0.0,0.0,0.0,0.0,0.0,0.0,0.0,0.0,0.0,0.0,0.0],"Recall by cluster":[0.03599374021909233,0.035483870967741936,0.9357142857142857,0.011787819253438114,0.0,0.0,0.3251833740831296,0.0,0.003246753246753247,0.0,0.0,0.025830258302583026,0.00398406374501992,0.0,0.0,0.0,0.0,0.0,0.0,0.0,0.0,0.0,0.0,0.0,0.0,0.0,0.0,0.0],"F1 score by cluster":[0.04703476482617587,0.05736636245110821,0.15745192307692307,0.018404907975460124,0.0,0.0,0.35092348284960423,0.0,0.006430868167202572,0.0,0.0,0.03553299492385787,0.007168458781362007,0.0,0.0,0.0,0.0,0.0,0.0,0.0,0.0,0.0,0.0,0.0,0.0,0.0,0.0,0.0],"confusion_matrix":[[23,8,568,9,0,5,20,0,0,0,0,5,1,0,0,0,0,0,0,0,0,0,0,0,0,0,0,0],[24,22,534,15,0,6,13,0,0,0,0,5,1,0,0,0,0,0,0,0,0,0,0,0,0,0,0,0],[18,4,524,5,0,7,2,0,0,0,0,0,0,0,0,0,0,0,0,0,0,0,0,0,0,0,0,0],[21,7,464,6,0,6,3,0,0,0,0,2,0,0,0,0,0,0,0,0,0,0,0,0,0,0,0,0],[17,8,373,11,0,3,3,0,0,0,0,2,0,0,0,0,0,0,0,0,0,0,0,0,0,0,0,0],[11,6,387,2,0,0,2,0,0,0,0,0,1,0,0,0,0,0,0,0,0,0,0,0,0,0,0,0],[22,10,166,9,0,3,133,0,0,0,0,51,15,0,0,0,0,0,0,0,0,0,0,0,0,0,0,0],[15,1,302,9,0,2,6,0,0,0,0,0,0,0,0,0,0,0,0,0,0,0,0,0,0,0,0,0],[21,11,240,11,0,4,14,0,1,0,0,4,2,0,0,0,0,0,0,0,0,0,0,0,0,0,0,0],[11,4,269,2,0,3,2,0,0,0,0,1,0,0,0,0,0,0,0,0,0,0,0,0,0,0,0,0],[18,10,226,3,0,4,11,0,0,0,0,2,1,0,0,0,0,0,0,0,0,0,0,0,0,0,0,0],[18,2,215,9,0,3,14,0,0,0,0,7,3,0,0,0,0,0,0,0,0,0,0,0,0,0,0,0],[40,8,137,8,0,6,42,0,0,0,0,9,1,0,0,0,0,0,0,0,0,0,0,0,0,0,0,0],[10,4,203,4,0,0,15,0,0,0,0,4,0,0,0,0,0,0,0,0,0,0,0,0,0,0,0,0],[4,3,206,5,0,4,6,0,0,0,0,4,0,0,0,0,0,0,0,0,0,0,0,0,0,0,0,0],[6,2,189,3,0,0,1,0,0,0,0,0,0,0,0,0,0,0,0,0,0,0,0,0,0,0,0,0],[13,5,118,7,0,9,16,0,1,0,0,9,2,0,0,0,0,0,0,0,0,0,0,0,0,0,0,0],[4,3,111,2,0,2,10,0,0,0,0,3,0,0,0,0,0,0,0,0,0,0,0,0,0,0,0,0],[5,5,111,2,0,3,7,0,0,0,0,2,0,0,0,0,0,0,0,0,0,0,0,0,0,0,0,0],[12,1,92,3,0,2,7,0,0,0,0,3,0,0,0,0,0,0,0,0,0,0,0,0,0,0,0,0],[4,6,95,7,0,2,5,0,0,0,0,3,1,0,0,0,0,0,0,0,0,0,0,0,0,0,0,0],[9,3,111,3,0,2,3,0,0,0,0,0,0,0,0,0,0,0,0,0,0,0,0,0,0,0,0,0],[2,1,96,0,0,0,1,0,0,0,0,0,0,0,0,0,0,0,0,0,0,0,0,0,0,0,0,0],[6,3,80,5,0,1,7,0,1,0,0,2,0,0,0,0,0,0,0,0,0,0,0,0,0,0,0,0],[2,4,86,2,0,2,0,0,0,0,0,1,0,0,0,0,0,0,0,0,0,0,0,0,0,0,0,0],[1,0,80,0,0,1,1,0,0,0,0,2,0,0,0,0,0,0,0,0,0,0,0,0,0,0,0,0],[2,5,60,0,0,2,2,0,0,0,0,1,0,0,0,0,0,0,0,0,0,0,0,0,0,0,0,0],[0,1,53,1,0,0,3,0,0,0,0,1,0,0,0,0,0,0,0,0,0,0,0,0,0,0,0,0]]}