{"Accuracy":0.14870041039671683,"Precision":0.11912708041239652,"Recall":0.14870041039671683,"F1 Score":0.11803249850798343,"Adjusted Rand Index":0.030204105071220712,"Precision by cluster":[0.0856610800744879,0.13411458333333334,0.19560094265514533,0.10409745293466224,0.09523809523809523,0.10106382978723404,0.519893899204244,0.13138686131386862,0.1076388888888889,0.07655502392344497,0.1,0.1782178217821782,0.13003663003663005,0.07857142857142857,0.0,0.0,0.09606299212598425,0.0,0.0,0.0,0.0,0.0,0.0,0.0,0.0,0.0,0.0,0.43478260869565216],"Recall by cluster":[0.07153965785381027,0.3264659270998415,0.4075286415711948,0.19183673469387755,0.0045045045045045045,0.04357798165137615,0.48514851485148514,0.057692307692307696,0.09967845659163987,0.05673758865248227,0.14130434782608695,0.06896551724137931,0.29583333333333334,0.044897959183673466,0.0,0.0,0.35260115606936415,0.0,0.0,0.0,0.0,0.0,0.0,0.0,0.0,0.0,0.0,0.16129032258064516],"F1 score by cluster":[0.07796610169491526,0.19012459621596678,0.2643312101910828,0.1349605168700646,0.008602150537634409,0.060897435897435896,0.5019206145966709,0.0801781737193764,0.10350584307178631,0.06517311608961303,0.11711711711711711,0.09944751381215469,0.1806615776081425,0.05714285714285714,0.0,0.0,0.15099009900990099,0.0,0.0,0.0,0.0,0.0,0.0,0.0,0.0,0.0,0.0,0.23529411764705882],"confusion_matrix":[[46,145,137,92,1,16,10,15,28,21,38,6,33,17,0,0,38,0,0,0,0,0,0,0,0,0,0,0],[50,206,49,80,0,3,8,4,38,18,47,5,43,16,0,0,62,0,1,1,0,0,0,0,0,0,0,0],[39,91,249,79,2,34,2,17,14,11,11,7,20,8,0,0,26,0,0,0,0,0,0,0,0,0,0,1],[52,110,67,94,2,16,0,10,8,18,38,5,24,8,0,0,38,0,0,0,0,0,0,0,0,0,0,0],[34,90,102,72,2,18,0,14,19,17,30,0,14,7,0,0,23,0,1,0,0,0,0,0,0,0,0,1],[40,119,83,79,2,19,0,8,12,15,22,1,10,11,0,0,15,0,0,0,0,0,0,0,0,0,0,0],[17,45,21,9,0,0,196,1,9,5,12,4,51,5,0,0,28,0,1,0,0,0,0,0,0,0,0,0],[24,24,142,43,1,10,1,18,3,11,6,5,8,0,0,0,16,0,0,0,0,0,0,0,0,0,0,0],[22,59,45,24,0,7,8,2,31,4,12,2,36,9,0,0,47,0,0,0,0,0,0,0,0,0,0,3],[22,57,53,47,1,13,2,8,5,16,14,5,13,3,0,0,23,0,0,0,0,0,0,0,0,0,0,0],[22,87,9,27,1,2,17,1,16,11,39,2,16,1,0,0,25,0,0,0,0,0,0,0,0,0,0,0],[27,51,17,18,0,3,19,3,10,4,16,18,42,7,0,0,26,0,0,0,0,0,0,0,0,0,0,0],[12,26,10,9,1,0,23,3,8,7,3,11,71,0,0,0,56,0,0,0,0,0,0,0,0,0,0,0],[16,73,22,15,0,6,24,1,15,4,21,2,19,11,0,0,11,0,0,0,0,0,0,1,0,0,0,4],[14,40,53,34,1,5,5,5,8,4,9,4,10,3,0,0,18,0,0,0,0,0,0,0,0,0,0,2],[12,59,57,40,1,7,1,5,1,4,9,1,12,3,0,0,12,0,0,0,0,0,0,0,0,0,0,0],[10,13,10,6,0,0,17,2,9,2,3,4,34,1,0,0,61,0,1,0,0,0,0,0,0,0,0,0],[9,38,18,9,1,4,9,2,7,4,4,0,4,5,0,0,5,0,0,0,0,0,0,0,0,0,0,0],[7,21,20,15,2,2,8,2,10,3,3,0,12,1,0,0,20,0,0,0,0,0,0,0,0,0,0,2],[12,27,6,16,0,1,8,1,5,5,9,1,17,0,0,0,11,0,0,0,0,0,0,0,0,0,0,0],[5,37,7,11,0,3,3,3,7,4,11,1,12,7,0,0,14,0,0,0,0,0,0,0,0,0,0,0],[10,22,10,17,0,2,4,2,7,4,7,3,15,2,0,0,23,0,0,0,0,0,0,0,0,0,0,0],[15,17,26,24,1,7,1,2,1,8,3,0,2,3,0,0,6,0,0,0,0,0,0,0,0,0,0,0],[5,18,11,10,1,1,6,3,5,0,2,10,7,6,0,0,8,0,0,0,0,0,0,0,0,0,0,0],[5,21,12,19,0,4,1,2,2,4,8,1,2,1,0,0,3,0,0,0,0,0,0,0,0,0,0,0],[5,13,26,5,0,4,0,2,2,1,2,1,1,2,0,0,2,0,0,0,0,0,0,0,0,0,0,0],[5,13,4,5,1,0,1,1,4,4,9,1,10,1,0,0,12,0,0,0,0,0,0,0,0,0,0,0],[0,14,7,4,0,1,3,0,4,0,2,1,8,2,0,0,6,0,0,0,0,0,0,0,0,0,0,10]]}