{"Accuracy":0.11819425444596443,"Precision":0.0868493094447035,"Recall":0.11819425444596443,"F1 Score":0.08520101151540202,"Adjusted Rand Index":0.01937704623283157,"Precision by cluster":[0.11044776119402985,0.1155433287482806,0.11459353574926542,0.08880833710919801,0.0,0.08892617449664429,0.446985446985447,0.14705882352941177,0.04878048780487805,0.05263157894736842,0.041666666666666664,0.09375,0.11933174224343675,0.0,0.0,0.0,0.043202033036848796,0.0,0.0,0.0,0.0,0.0,0.0,0.0,0.0,0.0,0.0,0.23076923076923078],"Recall by cluster":[0.05514157973174367,0.14213197969543148,0.19402985074626866,0.39436619718309857,0.0,0.11936936936936937,0.5375,0.015384615384615385,0.007662835249042145,0.0176678445229682,0.0035460992907801418,0.03260869565217391,0.423728813559322,0.0,0.0,0.0,0.21518987341772153,0.0,0.0,0.0,0.0,0.0,0.0,0.0,0.0,0.0,0.0,0.10714285714285714],"F1 score by cluster":[0.073558648111332,0.1274658573596358,0.1440886699507389,0.14497041420118342,0.0,0.10192307692307692,0.4880817253121453,0.027855153203342618,0.013245033112582781,0.026455026455026454,0.006535947712418301,0.04838709677419355,0.186219739292365,0.0,0.0,0.0,0.07195767195767196,0.0,0.0,0.0,0.0,0.0,0.0,0.0,0.0,0.0,0.0,0.14634146341463414],"confusion_matrix":[[37,70,111,233,0,60,19,2,4,15,3,5,51,0,0,0,58,0,0,0,0,0,0,0,0,0,0,3],[10,84,87,183,1,56,20,3,0,7,3,7,74,0,0,0,55,0,0,0,0,0,0,0,0,0,0,1],[43,35,117,224,0,54,3,1,7,10,2,6,45,0,0,0,54,0,0,0,0,0,0,0,0,0,0,2],[22,49,63,196,0,43,3,4,0,8,2,2,44,0,0,0,61,0,0,0,0,0,0,0,0,0,0,0],[26,51,88,163,0,42,3,0,2,4,1,4,20,0,0,0,31,0,0,0,0,0,0,0,0,0,0,2],[20,42,82,169,0,53,1,2,1,4,1,8,20,0,0,0,41,0,0,0,0,0,0,0,0,0,0,0],[11,28,20,30,0,15,215,0,0,0,0,5,51,0,0,0,25,0,0,0,0,0,0,0,0,0,0,0],[17,28,56,107,0,18,3,5,3,12,0,4,27,0,0,0,44,0,0,0,0,0,0,0,0,0,0,1],[15,28,37,59,0,16,15,2,2,2,0,2,39,0,0,0,39,0,0,0,0,0,0,0,0,0,0,5],[11,19,40,103,0,29,2,3,0,5,0,4,35,0,0,0,32,0,0,0,0,0,0,0,0,0,0,0],[14,37,25,85,0,26,25,0,1,2,1,3,31,0,0,0,32,0,0,0,0,0,0,0,0,0,0,0],[13,30,32,56,0,26,22,0,2,1,2,9,54,0,0,0,29,0,0,0,0,0,0,0,0,0,0,0],[2,21,3,21,0,2,36,0,0,3,1,5,100,0,0,0,42,0,0,0,0,0,0,0,0,0,0,0],[17,23,33,67,0,27,22,0,4,2,2,8,30,0,0,0,11,0,0,0,0,0,0,0,0,0,0,3],[12,20,31,76,0,22,12,2,3,1,0,2,20,0,0,0,24,0,0,0,0,0,0,0,0,0,0,1],[12,20,39,76,0,14,4,2,1,3,1,2,18,0,0,0,26,0,0,0,0,0,0,0,0,0,0,0],[4,19,4,19,0,3,22,0,2,2,0,0,49,0,0,0,34,0,0,0,0,0,0,0,0,0,0,0],[6,14,23,43,0,21,11,0,1,1,0,3,13,0,0,0,13,0,0,0,0,0,0,0,0,0,0,1],[5,13,15,33,0,7,7,0,3,2,0,1,23,0,0,0,16,0,0,0,0,0,0,0,0,0,0,1],[4,16,14,34,0,11,13,1,0,1,0,1,18,0,0,0,23,0,0,0,0,0,0,0,0,0,0,0],[4,22,11,39,0,7,5,2,0,4,0,5,19,0,0,0,11,0,0,0,0,0,0,0,0,0,0,0],[4,18,11,33,0,4,4,1,1,0,0,1,19,0,0,0,26,0,0,0,0,0,0,0,0,0,0,0],[6,6,14,38,0,10,0,1,0,0,1,2,5,0,0,0,3,0,0,0,0,0,0,0,0,0,0,0],[7,10,21,22,0,6,4,2,2,0,0,4,10,0,0,0,10,0,0,0,0,0,0,0,0,0,0,0],[3,5,12,32,0,6,1,0,0,2,2,2,7,0,0,0,10,0,0,0,0,0,0,0,0,0,0,0],[2,5,16,32,1,8,1,1,0,2,0,0,2,0,0,0,10,0,0,0,0,0,0,0,0,0,0,0],[3,11,9,23,0,3,3,0,0,1,2,1,11,0,0,0,21,0,0,0,0,0,0,0,0,0,0,0],[5,3,7,11,0,7,5,0,2,1,0,0,3,0,0,0,6,0,0,0,0,0,0,0,0,0,0,6]]}