{"Accuracy":0.1265389876880985,"Precision":0.09781123756935298,"Recall":0.1265389876880985,"F1 Score":0.09056171859589565,"Adjusted Rand Index":0.01585039077670048,"Precision by cluster":[0.11805555555555555,0.1022344658708295,0.24820143884892087,0.08868501529051988,0.0,0.0,0.4592901878914405,0.0,0.08009708737864078,0.05555555555555555,0.0648854961832061,0.1981981981981982,0.1436950146627566,0.04950495049504951,0.0,0.0,0.08,0.0,0.0,0.0,0.0,0.0,0.0,0.0,0.0,0.0,0.0,0.375],"Recall by cluster":[0.05287713841368585,0.5293185419968305,0.11292962356792144,0.05918367346938776,0.0,0.0,0.5445544554455446,0.0,0.21221864951768488,0.0035460992907801418,0.18478260869565216,0.0842911877394636,0.20416666666666666,0.02040816326530612,0.0,0.0,0.20809248554913296,0.0,0.0,0.0,0.0,0.0,0.0,0.0,0.0,0.0,0.0,0.14516129032258066],"F1 score by cluster":[0.07303974221267455,0.17136993329912775,0.15523059617547807,0.07099143206854346,0.0,0.0,0.4983012457531144,0.0,0.11629955947136564,0.006666666666666667,0.096045197740113,0.11827956989247312,0.1686746987951807,0.028901734104046242,0.0,0.0,0.11556982343499198,0.0,0.0,0.0,0.0,0.0,0.0,0.0,0.0,0.0,0.0,0.20930232558139536],"confusion_matrix":[[34,317,26,33,0,0,17,1,74,2,63,4,24,16,0,0,31,0,0,0,0,0,0,0,0,0,0,1],[14,334,11,15,0,0,14,0,110,2,58,8,22,8,0,0,35,0,0,0,0,0,0,0,0,0,0,0],[37,263,69,62,0,2,4,1,42,1,63,6,14,14,0,0,32,0,0,0,0,0,0,0,0,0,0,1],[21,260,7,29,0,0,3,0,44,1,78,10,10,3,0,0,24,0,0,0,0,0,0,0,0,0,0,0],[21,220,22,24,0,0,4,2,48,2,58,2,4,10,0,0,26,0,0,0,0,0,0,0,0,0,0,1],[23,253,7,24,0,0,0,0,38,2,54,1,8,13,0,0,13,0,0,0,0,0,0,0,0,0,0,0],[5,68,7,8,0,0,220,0,31,1,16,7,26,4,0,0,11,0,0,0,0,0,0,0,0,0,0,0],[29,122,29,29,0,2,1,0,15,0,48,4,13,0,0,0,19,0,0,0,0,0,0,0,0,0,0,1],[9,116,9,12,0,0,13,0,66,0,21,2,25,7,0,0,27,0,0,0,0,0,0,0,0,0,0,4],[10,142,9,18,0,0,3,1,19,1,43,0,9,4,0,0,23,0,0,0,0,0,0,0,0,0,0,0],[4,132,1,4,0,0,19,0,35,0,51,3,15,1,0,0,11,0,0,0,0,0,0,0,0,0,0,0],[9,91,6,5,0,1,21,0,31,1,21,22,29,4,0,0,19,0,0,0,0,0,0,0,0,0,0,1],[3,69,0,1,0,0,36,0,22,0,13,13,49,0,0,0,34,0,0,0,0,0,0,0,0,0,0,0],[7,99,9,5,0,0,27,0,48,0,28,4,4,5,0,0,8,0,0,0,0,0,0,0,0,0,0,1],[8,110,17,8,0,2,6,0,20,0,23,3,3,1,0,0,12,0,0,0,0,0,0,0,0,0,0,2],[12,120,7,13,0,0,3,1,18,2,24,1,6,2,0,0,15,0,0,0,0,0,0,0,0,0,0,0],[3,37,1,4,0,1,30,0,22,0,11,6,22,0,0,0,36,0,0,0,0,0,0,0,0,0,0,0],[5,56,9,1,0,0,9,0,19,0,9,0,3,3,0,0,5,0,0,0,0,0,0,0,0,0,0,0],[2,49,4,6,0,0,11,0,19,1,12,1,9,1,0,0,10,0,0,0,0,0,0,0,0,0,0,3],[5,45,1,3,0,0,12,0,22,0,15,2,10,1,0,0,3,0,0,0,0,0,0,0,0,0,0,0],[0,67,2,3,0,0,7,0,16,0,8,2,7,2,0,0,11,0,0,0,0,0,0,0,0,0,0,0],[4,62,3,0,0,0,5,0,16,0,14,1,13,0,0,0,10,0,0,0,0,0,0,0,0,0,0,0],[8,59,5,8,0,1,0,0,9,0,16,0,0,0,0,0,10,0,0,0,0,0,0,0,0,0,0,0],[2,39,7,1,0,0,7,1,11,0,6,6,7,1,0,0,5,0,0,0,0,0,0,0,0,0,0,0],[4,49,1,3,0,0,1,0,7,0,16,0,3,0,0,0,1,0,0,0,0,0,0,0,0,0,0,0],[4,33,4,7,0,0,0,0,7,1,8,0,0,1,0,0,1,0,0,0,0,0,0,0,0,0,0,0],[3,33,1,0,0,0,1,0,9,1,7,1,3,0,0,0,12,0,0,0,0,0,0,0,0,0,0,0],[2,22,4,1,0,0,5,0,6,0,2,2,3,0,0,0,6,0,0,0,0,0,0,0,0,0,0,9]]}