{"Accuracy":0.10080700314594447,"Precision":0.08334572786670619,"Recall":0.10080700314594447,"F1 Score":0.07141655408730149,"Adjusted Rand Index":0.017346001412340974,"Precision by cluster":[0.11604095563139932,0.09118236472945891,0.21705426356589147,0.039473684210526314,0.0,0.0,0.5105263157894737,0.0,0.06563039723661486,0.11764705882352941,0.03934010152284264,0.02702702702702703,0.15114503816793892,0.0,0.0,0.0,0.05339105339105339,0.0,0.0,0.0,0.0,0.0,0.0,0.0,0.0,0.0,0.0,0.24242424242424243],"Recall by cluster":[0.0530421216848674,0.3116438356164384,0.04745762711864407,0.022813688212927757,0.0,0.0,0.4898989898989899,0.0,0.26573426573426573,0.012987012987012988,0.2572614107883817,0.0037593984962406013,0.41422594142259417,0.0,0.0,0.0,0.20108695652173914,0.0,0.0,0.0,0.0,0.0,0.0,0.0,0.0,0.0,0.0,0.14814814814814814],"F1 score by cluster":[0.0728051391862955,0.14108527131782947,0.07788595271210014,0.02891566265060241,0.0,0.0,0.5,0.0,0.10526315789473684,0.023391812865497075,0.0682443588332416,0.006600660066006601,0.2214765100671141,0.0,0.0,0.0,0.08437856328392246,0.0,0.0,0.0,0.0,0.0,0.0,0.0,0.0,0.0,0.0,0.1839080459770115],"confusion_matrix":[[34,212,11,34,0,0,16,0,102,4,125,2,38,0,0,0,61,0,0,0,0,0,0,0,0,0,0,2],[9,182,3,13,0,0,10,0,153,2,125,1,41,0,0,0,44,0,0,1,0,0,0,0,0,0,0,0],[56,170,28,54,0,3,2,0,50,5,143,5,23,1,0,0,47,0,0,1,0,0,0,0,0,0,0,2],[18,172,2,12,0,0,0,0,71,3,157,3,23,0,0,0,65,0,0,0,0,0,0,0,0,0,0,0],[27,120,23,37,0,1,1,0,61,2,109,3,15,1,0,0,35,0,0,1,0,0,0,0,0,0,0,3],[15,158,3,20,0,0,0,0,65,3,128,0,8,0,0,0,36,0,0,0,0,0,0,0,0,0,0,0],[4,35,0,4,0,0,194,0,41,0,43,1,51,0,0,0,23,0,0,0,0,0,0,0,0,0,0,0],[26,91,18,39,0,0,0,0,28,4,77,3,22,0,0,0,45,0,0,0,0,0,0,0,0,0,0,0],[17,67,7,4,0,0,10,0,76,0,26,1,38,1,0,0,31,0,0,0,0,0,0,0,0,0,0,8],[15,86,5,11,0,0,2,1,36,4,88,6,17,0,0,0,37,0,0,0,0,0,0,0,0,0,0,0],[1,84,0,4,0,0,18,0,42,1,62,1,15,1,0,0,11,0,0,1,0,0,0,0,0,0,0,0],[11,55,4,3,0,0,22,0,55,1,34,1,64,0,0,0,15,0,0,0,0,0,0,0,0,0,0,1],[0,17,0,1,0,0,26,0,40,2,15,2,99,0,0,0,34,0,0,3,0,0,0,0,0,0,0,0],[4,73,3,3,0,0,17,0,43,0,50,0,17,0,0,0,23,0,0,1,0,0,0,0,0,0,0,5],[10,70,11,9,0,0,6,0,29,1,53,1,14,2,0,0,20,0,0,0,0,0,0,0,0,0,0,1],[12,67,1,13,0,0,1,0,28,0,59,1,14,0,0,0,25,0,0,0,0,0,0,0,0,0,0,0],[1,19,0,2,0,0,22,0,31,0,24,0,48,0,0,0,37,0,0,0,0,0,0,0,0,0,0,0],[8,41,0,8,0,0,5,0,18,0,34,1,17,0,0,0,14,0,0,0,0,0,0,0,0,0,0,1],[3,36,4,5,0,0,5,0,26,0,13,1,10,1,0,0,8,0,0,0,0,0,0,0,0,0,0,2],[4,31,0,2,0,1,9,0,29,0,19,0,15,0,0,0,9,0,0,0,0,0,0,0,0,0,0,0],[1,32,0,1,0,0,3,0,34,0,26,0,17,0,0,0,8,0,0,0,0,0,0,0,0,0,0,0],[3,28,1,1,0,0,2,0,21,1,22,1,11,0,0,0,12,0,0,0,0,0,0,0,0,0,0,0],[1,31,3,8,0,0,0,0,15,0,37,1,3,0,0,0,9,0,0,0,0,0,0,0,0,0,0,0],[4,26,1,2,0,0,6,0,12,0,17,1,12,0,0,0,15,0,0,1,0,0,0,0,0,0,0,0],[1,35,0,3,0,0,1,0,13,0,26,0,2,0,0,0,7,0,0,0,0,0,0,0,0,0,0,0],[6,26,1,8,0,0,0,0,10,0,28,1,2,0,0,0,10,0,0,0,0,0,0,0,0,0,0,0],[0,17,0,2,0,0,1,0,20,1,26,0,15,0,0,0,8,0,0,1,0,0,0,0,0,0,0,0],[2,15,0,1,0,0,1,0,9,0,10,0,4,0,0,0,4,0,0,0,0,0,0,0,0,0,0,8]],"epoch_accuracies":{"train":[0.09247184350918791,0.11672974328575988,0.12128949888285988,0.12270302311796087,0.13104737586065388,0.13624549724134785,0.13966531393917286,0.14240116729743285,0.14258355752131685,0.14376909397656285,0.14691532533856186,0.14614016688705486,0.14814645934977885,0.14659614244676486,0.14718891067438786,0.14946878847293785,0.14773608134603985,0.14650494733482286,0.14914960558114085,0.15133828826774884,0.14983356892070585,0.15170306871551684,0.15311659295061786,0.15621722675664584,0.15302539783867586,0.15630842186858784,0.15977383612238383,0.16018421412612285,0.16041220190597785,0.16109616524554285],"val":[0.10369357045143639,0.11326949384404925,0.11997264021887825,0.12065663474692202,0.11285909712722299,0.1131326949384405,0.11709986320109439,0.11901504787961696,0.1158686730506156,0.11176470588235295,0.1103967168262654,0.11162790697674418,0.10711354309165527,0.11381668946648427,0.11422708618331054,0.11012311901504789,0.11641586867305062,0.12024623803009576,0.11244870041039672,0.11340629274965801,0.11285909712722299,0.10820793433652531,0.11422708618331054,0.10998632010943912,0.11545827633378933,0.1024623803009576,0.11149110807113544,0.10889192886456908,0.10506155950752394,0.10533515731874145]}}