{"Accuracy":0.1518467852257182,"Precision":0.11399688033219951,"Recall":0.1518467852257182,"F1 Score":0.118395000715506,"Adjusted Rand Index":0.03666723612182134,"Precision by cluster":[0.09448818897637795,0.14545454545454545,0.20014716703458427,0.10304219823356231,0.06584362139917696,0.09947643979057591,0.39572192513368987,0.11848341232227488,0.1125,0.08196721311475409,0.1075085324232082,0.18032786885245902,0.1360381861575179,0.08928571428571429,0.0,0.0,0.09661016949152543,0.0,0.0,0.0,0.0,0.0,0.0,0.0,0.0,0.0,0.0,0.5238095238095238],"Recall by cluster":[0.01866251944012442,0.24088748019017434,0.4451718494271686,0.21428571428571427,0.036036036036036036,0.0871559633027523,0.5495049504950495,0.08012820512820513,0.05787781350482315,0.03546099290780142,0.22826086956521738,0.0842911877394636,0.2375,0.12244897959183673,0.0,0.0,0.32947976878612717,0.0,0.0,0.0,0.0,0.0,0.0,0.0,0.0,0.0,0.0,0.1774193548387097],"F1 score by cluster":[0.03116883116883117,0.18138424821002386,0.27614213197969545,0.13916500994035785,0.046579330422125184,0.09290953545232274,0.46010362694300516,0.09560229445506692,0.07643312101910828,0.04950495049504951,0.14617169373549885,0.11488250652741515,0.17298937784522003,0.10327022375215146,0.0,0.0,0.14941022280471822,0.0,0.0,0.0,0.0,0.0,0.0,0.0,0.0,0.0,0.0,0.26506024096385544],"confusion_matrix":[[12,112,153,85,18,42,24,12,17,12,47,7,26,45,0,0,30,0,0,0,0,0,0,0,0,0,0,1],[14,152,43,96,17,11,25,8,16,16,82,8,31,38,0,0,74,0,0,0,0,0,0,0,0,0,0,0],[9,56,272,84,28,38,4,23,7,7,27,5,8,18,1,0,21,0,0,0,0,0,0,2,0,0,0,1],[13,71,71,105,19,46,6,16,5,9,59,7,15,15,0,0,33,0,0,0,0,0,0,0,0,0,0,0],[10,66,116,71,16,35,6,19,8,5,33,1,15,18,0,0,23,0,0,0,0,1,0,0,0,0,0,1],[16,67,92,95,23,38,1,13,5,8,31,4,8,21,0,0,14,0,0,0,0,0,0,0,0,0,0,0],[1,25,19,16,5,5,222,1,5,2,23,6,31,17,0,0,26,0,0,0,0,0,0,0,0,0,0,0],[2,9,142,56,15,17,4,25,2,4,11,3,5,3,0,0,14,0,0,0,0,0,0,0,0,0,0,0],[5,43,46,21,9,16,22,8,18,1,22,4,28,18,0,0,48,0,0,0,0,0,0,0,0,0,0,2],[2,23,61,66,13,17,3,15,4,10,14,4,11,15,0,0,24,0,0,0,0,0,0,0,0,0,0,0],[5,58,14,26,7,12,22,1,9,4,63,5,16,9,0,0,25,0,0,0,0,0,0,0,0,0,0,0],[1,34,17,27,14,12,35,8,4,2,12,22,35,17,0,0,20,0,0,0,0,0,0,1,0,0,0,0],[2,20,17,10,4,5,42,7,6,2,7,15,57,2,0,0,44,0,0,0,0,0,0,0,0,0,0,0],[3,47,16,27,2,6,36,3,9,3,33,4,8,30,0,0,14,0,0,0,0,0,0,1,0,0,0,3],[5,34,57,36,4,12,9,5,7,6,10,5,8,6,0,0,10,0,0,0,0,0,0,0,0,0,0,1],[3,38,61,39,10,15,4,12,0,2,14,1,10,7,0,0,8,0,0,0,0,0,0,0,0,0,0,0],[2,6,9,10,6,1,29,2,8,1,8,1,28,5,0,0,57,0,0,0,0,0,0,0,0,0,0,0],[3,24,18,17,2,8,10,3,1,1,9,1,3,11,0,0,8,0,0,0,0,0,0,0,0,0,0,0],[3,20,21,10,5,6,9,6,8,2,4,0,16,3,0,0,14,0,0,0,0,0,0,0,0,0,0,1],[1,21,5,16,3,4,12,2,4,4,14,2,14,4,0,0,13,0,0,0,0,0,0,0,0,0,0,0],[3,26,5,12,1,7,6,2,7,5,11,3,12,11,0,0,14,0,0,0,0,0,0,0,0,0,0,0],[3,14,14,17,5,6,11,5,2,3,12,3,10,3,0,0,20,0,0,0,0,0,0,0,0,0,0,0],[2,9,32,25,9,5,1,4,0,6,8,0,1,7,0,0,7,0,0,0,0,0,0,0,0,0,0,0],[2,17,9,8,2,6,9,4,3,0,4,8,8,6,0,0,7,0,0,0,0,0,0,0,0,0,0,0],[2,21,13,18,3,5,1,3,1,5,9,0,2,0,0,0,1,0,1,0,0,0,0,0,0,0,0,0],[2,10,23,13,2,6,1,2,0,1,2,0,1,2,0,0,1,0,0,0,0,0,0,0,0,0,0,0],[1,12,6,6,1,0,1,2,2,1,14,1,7,3,0,0,14,0,0,0,0,0,0,0,0,0,0,0],[0,10,7,7,0,1,6,0,2,0,3,2,5,2,0,0,6,0,0,0,0,0,0,0,0,0,0,11]]}