{"Accuracy":0.0677154582763338,"Precision":0.0651552973776572,"Recall":0.0677154582763338,"F1 Score":0.042900243405667435,"Adjusted Rand Index":0.0080939308050212,"Precision by cluster":[0.06837606837606838,0.06299212598425197,0.08720271800679502,0.08841463414634146,0.0,0.06986899563318777,0.32,0.08333333333333333,0.05502392344497608,0.017241379310344827,0.04963805584281282,0.05389221556886228,0.14942528735632185,0.0625,0.0,0.0,0.053811659192825115,0.0,0.0,0.0,0.0,0.0,0.0,0.0,0.0,0.0,0.0,0.0],"Recall by cluster":[0.012441679626749611,0.03803486529318542,0.2520458265139116,0.11836734693877551,0.0,0.03669724770642202,0.019801980198019802,0.003205128205128205,0.07395498392282958,0.0035460992907801418,0.17391304347826086,0.034482758620689655,0.05416666666666667,0.04897959183673469,0.0,0.0,0.6936416184971098,0.0,0.0,0.0,0.0,0.0,0.0,0.0,0.0,0.0,0.0,0.0],"F1 score by cluster":[0.021052631578947368,0.04743083003952569,0.12957509465713082,0.1012216404886562,0.0,0.0481203007518797,0.037296037296037296,0.006172839506172839,0.06310013717421124,0.0058823529411764705,0.07723250201126307,0.04205607476635514,0.07951070336391437,0.05491990846681922,0.0,0.0,0.09987515605493133,0.0,0.0,0.0,0.0,0.0,0.0,0.0,0.0,0.0,0.0,0.0],"confusion_matrix":[[8,44,178,67,0,27,1,0,21,5,103,14,6,23,0,0,146,0,0,0,0,0,0,0,0,0,0,0],[11,24,207,50,0,22,2,2,11,5,86,14,4,22,0,0,171,0,0,0,0,0,0,0,0,0,0,0],[9,53,154,71,0,15,1,0,14,5,118,15,0,19,1,0,136,0,0,0,0,0,0,0,0,0,0,0],[8,25,131,58,0,16,0,2,3,7,81,6,6,13,0,0,134,0,0,0,0,0,0,0,0,0,0,0],[8,31,125,54,0,18,2,1,6,4,63,14,0,16,0,0,102,0,0,0,0,0,0,0,0,0,0,0],[14,35,129,57,0,16,0,1,5,2,65,10,0,13,0,0,89,0,0,0,0,0,0,0,0,0,0,0],[3,7,36,11,0,6,8,0,160,0,28,6,14,8,0,0,117,0,0,0,0,0,0,0,0,0,0,0],[7,20,71,35,0,9,1,1,5,1,52,1,2,2,1,0,104,0,0,0,0,0,0,0,0,0,0,0],[4,11,77,17,0,9,1,1,23,1,23,13,5,6,1,0,119,0,0,0,0,0,0,0,0,0,0,0],[6,21,67,32,0,7,0,1,2,1,39,7,2,6,0,0,91,0,0,0,0,0,0,0,0,0,0,0],[2,12,64,27,0,11,2,0,15,1,48,6,4,5,0,0,79,0,0,0,0,0,0,0,0,0,0,0],[2,9,45,10,0,10,0,0,13,2,22,9,7,9,0,0,123,0,0,0,0,0,0,0,0,0,0,0],[1,4,15,4,0,3,2,0,23,2,11,0,13,0,0,0,162,0,0,0,0,0,0,0,0,0,0,0],[6,8,55,17,0,12,1,0,26,2,33,10,7,12,1,0,55,0,0,0,0,0,0,0,0,0,0,0],[5,7,59,25,0,3,0,1,11,2,37,8,0,1,0,0,56,0,0,0,0,0,0,0,0,0,0,0],[2,18,68,33,0,11,0,0,1,5,28,5,1,2,0,0,50,0,0,0,0,0,0,0,0,0,0,0],[0,3,15,3,0,2,0,1,18,1,4,0,4,2,0,0,120,0,0,0,0,0,0,0,0,0,0,0],[4,5,31,6,0,2,0,0,6,2,13,6,2,9,1,0,32,0,0,0,0,0,0,0,0,0,0,0],[4,3,27,16,0,4,0,1,14,1,6,2,1,2,0,0,47,0,0,0,0,0,0,0,0,0,0,0],[2,8,20,11,0,2,0,0,7,2,14,3,1,0,0,0,49,0,0,0,0,0,0,0,0,0,0,0],[0,7,32,7,0,1,1,0,2,1,14,5,0,7,0,0,48,0,0,0,0,0,0,0,0,0,0,0],[1,8,23,4,0,4,0,0,9,1,16,1,1,0,0,0,60,0,0,0,0,0,0,0,0,0,0,0],[1,2,42,11,0,5,1,0,1,1,19,3,0,4,0,0,26,0,0,0,0,0,0,0,0,0,0,0],[3,1,27,4,0,1,0,0,5,1,7,3,4,3,0,0,34,0,0,0,0,0,0,0,0,0,0,0],[2,6,21,10,0,6,0,0,2,1,15,0,0,2,0,0,20,0,0,0,0,0,0,0,0,0,0,0],[1,5,22,6,0,4,0,0,0,0,9,2,0,3,0,0,14,0,0,0,0,0,0,0,0,0,0,0],[3,1,12,5,0,2,1,0,0,2,10,3,0,0,0,0,32,0,0,0,0,0,0,0,0,0,0,0],[0,3,13,5,0,1,1,0,15,0,3,1,3,3,0,0,14,0,0,0,0,0,0,0,0,0,0,0]]}