{"Accuracy":0.13488372093023257,"Precision":0.05257147938454128,"Recall":0.13488372093023257,"F1 Score":0.0724945129081356,"Adjusted Rand Index":0.0168582971863081,"Precision by cluster":[0.09704060564349622,0.11825078090138331,0.12264545835077438,0.0,0.0,0.0,0.39245283018867927,0.0,0.0,0.0,0.0,0.0,0.1133428981348637,0.0,0.0,0.0,0.0,0.0,0.0,0.0,0.0,0.0,0.0,0.0,0.0,0.0,0.0,0.0],"Recall by cluster":[0.22523961661341854,0.4281098546042003,0.4966101694915254,0.0,0.0,0.0,0.5333333333333333,0.0,0.0,0.0,0.0,0.0,0.35909090909090907,0.0,0.0,0.0,0.0,0.0,0.0,0.0,0.0,0.0,0.0,0.0,0.0,0.0,0.0,0.0],"F1 score by cluster":[0.13564213564213565,0.1853146853146853,0.1967103054716348,0.0,0.0,0.0,0.45217391304347826,0.0,0.0,0.0,0.0,0.0,0.1723009814612868,0.0,0.0,0.0,0.0,0.0,0.0,0.0,0.0,0.0,0.0,0.0,0.0,0.0,0.0,0.0],"confusion_matrix":[[141,210,212,0,0,0,24,0,0,0,0,0,39,0,0,0,0,0,0,0,0,0,0,0,0,0,0,0],[115,265,168,0,0,0,22,0,0,0,0,0,49,0,0,0,0,0,0,0,0,0,0,0,0,0,0,0],[116,150,293,0,0,0,4,0,0,0,0,0,27,0,0,0,0,0,0,0,0,0,0,0,0,0,0,0],[119,169,217,0,0,0,1,0,0,0,0,0,31,0,0,0,0,0,0,0,0,0,0,0,0,0,0,0],[99,140,182,0,0,0,5,0,0,0,0,0,16,0,0,0,0,0,0,0,0,0,0,0,0,0,0,0],[117,121,155,0,0,0,2,0,0,0,0,0,13,0,0,0,0,0,0,0,0,0,0,0,0,0,0,0],[29,70,33,0,0,0,208,0,0,0,0,0,50,0,0,0,0,0,0,0,0,0,0,0,0,0,0,0],[81,67,135,0,0,0,3,0,0,0,0,0,18,0,0,0,0,0,0,0,0,0,0,0,0,0,0,0],[47,122,78,0,0,0,32,0,0,0,0,0,43,0,0,0,0,0,0,0,0,0,0,0,0,0,0,0],[65,103,96,0,0,0,0,0,0,0,0,0,20,0,0,0,0,0,0,0,0,0,0,0,0,0,0,0],[50,74,77,0,0,0,23,0,0,0,0,0,23,0,0,0,0,0,0,0,0,0,0,0,0,0,0,0],[37,77,53,0,0,0,35,0,0,0,0,0,70,0,0,0,0,0,0,0,0,0,0,0,0,0,0,0],[31,39,19,0,0,0,52,0,0,0,0,0,79,0,0,0,0,0,0,0,0,0,0,0,0,0,0,0],[33,86,85,0,0,0,25,0,0,0,0,0,18,0,0,0,0,0,0,0,0,0,0,0,0,0,0,0],[54,56,89,0,0,0,8,0,0,0,0,0,17,0,0,0,0,0,0,0,0,0,0,0,0,0,0,0],[60,60,103,0,0,0,1,0,0,0,0,0,9,0,0,0,0,0,0,0,0,0,0,0,0,0,0,0],[27,46,22,0,0,0,25,0,0,0,0,0,57,0,0,0,0,0,0,0,0,0,0,0,0,0,0,0],[24,53,59,0,0,0,7,0,0,0,0,0,10,0,0,0,0,0,0,0,0,0,0,0,0,0,0,0],[20,44,36,0,0,0,12,0,0,0,0,0,20,0,0,0,0,0,0,0,0,0,0,0,0,0,0,0],[25,43,25,0,0,0,10,0,0,0,0,0,17,0,0,0,0,0,0,0,0,0,0,0,0,0,0,0],[22,49,37,0,0,0,9,0,0,0,0,0,14,0,0,0,0,0,0,0,0,0,0,0,0,0,0,0],[14,33,34,0,0,0,3,0,0,0,0,0,14,0,0,0,0,0,0,0,0,0,0,0,0,0,0,0],[30,35,42,0,0,0,0,0,0,0,0,0,5,0,0,0,0,0,0,0,0,0,0,0,0,0,0,0],[19,23,26,0,0,0,11,0,0,0,0,0,19,0,0,0,0,0,0,0,0,0,0,0,0,0,0,0],[22,24,37,0,0,0,2,0,0,0,0,0,5,0,0,0,0,0,0,0,0,0,0,0,0,0,0,0],[16,25,36,0,0,0,1,0,0,0,0,0,1,0,0,0,0,0,0,0,0,0,0,0,0,0,0,0],[28,31,24,0,0,0,2,0,0,0,0,0,8,0,0,0,0,0,0,0,0,0,0,0,0,0,0,0],[12,26,16,0,0,0,3,0,0,0,0,0,5,0,0,0,0,0,0,0,0,0,0,0,0,0,0,0]],"epoch_accuracies":[[0.08704573434863891,0.1045095982855319,0.1082485978751539,0.10674387852811089,0.1076102320915599,0.10610551274451689,0.10957092699831289,0.11061967078564588,0.1115316219050659,0.11061967078564588,0.10966212211025489,0.11508823127080388,0.11244357302448589,0.11481464593497788,0.11481464593497788,0.11326432903196389,0.11832565774474488,0.11641056039396289,0.11818886507683188,0.11750490173726688,0.12078792576717888,0.12028635265149788,0.12005836487164288,0.11896402352833887,0.12384296201723588,0.12589485203593087,0.12429893757694588,0.12493730336053988,0.12612283981578587,0.12812913227850986],[0.11326949384404925,0.11135430916552667,0.11450068399452805,0.11532147742818058,0.1119015047879617,0.11340629274965801,0.11409028727770178,0.1228454172366621,0.11997264021887825,0.11477428180574556,0.12366621067031464,0.12147742818057455,0.11956224350205198,0.11901504787961696,0.11614227086183311,0.12216142270861834,0.12079343365253079,0.12270861833105336,0.12393980848153215,0.12216142270861834,0.12667578659370726,0.12188782489740083,0.12886456908344734,0.1298221614227086,0.12941176470588237,0.126812585499316,0.13502051983584132,0.12995896032831739,0.13214774281805747,0.13488372093023257]]}