{"Accuracy":0.10848153214774282,"Precision":0.09817255956417648,"Recall":0.10848153214774282,"F1 Score":0.06684947085720416,"Adjusted Rand Index":0.015695937076026182,"Precision by cluster":[0.10784313725490197,0.09484029484029484,0.23170731707317074,0.08303571428571428,0.0,0.10526315789473684,0.46859903381642515,0.05555555555555555,0.2857142857142857,0.0625,0.04208754208754209,0.03225806451612903,0.09813753581661891,0.0,0.0,0.0,0.05113636363636364,0.0,0.0,0.0,0.0,0.0,0.0,0.0,0.0,0.0,0.0,0.3333333333333333],"Recall by cluster":[0.017713365539452495,0.31743421052631576,0.03161397670549085,0.36904761904761907,0.0,0.004366812227074236,0.5159574468085106,0.003236245954692557,0.007220216606498195,0.0035335689045936395,0.09505703422053231,0.024096385542168676,0.5591836734693878,0.0,0.0,0.0,0.04591836734693878,0.0,0.0,0.0,0.0,0.0,0.0,0.0,0.0,0.0,0.0,0.11475409836065574],"F1 score by cluster":[0.030428769017980636,0.146046159667045,0.055636896046852125,0.13556851311953352,0.0,0.008385744234800839,0.4911392405063291,0.0061162079510703364,0.014084507042253521,0.006688963210702341,0.058343057176196034,0.027586206896551724,0.16697135892748324,0.0,0.0,0.0,0.04838709677419355,0.0,0.0,0.0,0.0,0.0,0.0,0.0,0.0,0.0,0.0,0.17073170731707318],"confusion_matrix":[[11,185,3,212,0,2,18,1,0,0,55,15,102,0,0,0,16,0,0,0,0,0,0,0,0,0,0,1],[5,193,3,199,0,1,12,3,0,1,47,11,122,0,0,0,10,0,0,0,0,0,0,0,0,0,0,1],[17,166,19,246,0,3,0,1,1,2,49,16,68,2,0,0,9,0,0,0,0,0,0,0,0,0,0,2],[8,149,7,186,0,0,3,1,0,1,47,20,71,0,0,0,11,0,0,0,0,0,0,0,0,0,0,0],[12,145,3,176,0,4,2,2,0,1,34,11,52,1,0,0,7,0,0,0,0,0,0,0,0,0,0,1],[12,144,7,187,0,2,0,0,0,3,39,12,39,0,0,0,13,0,0,0,0,0,0,0,0,0,0,0],[1,52,2,35,0,2,194,0,0,0,17,3,68,0,0,0,2,0,0,0,0,0,0,0,0,0,0,0],[11,62,2,112,0,1,3,1,0,1,31,8,64,0,0,0,13,0,0,0,0,0,0,0,0,0,0,0],[4,92,7,63,0,2,11,1,2,0,15,2,69,0,0,0,6,0,0,0,0,0,0,0,0,0,0,3],[3,76,3,102,0,0,1,2,0,1,20,5,57,0,0,0,13,0,0,0,0,0,0,0,0,0,0,0],[1,84,1,72,0,1,14,0,0,0,25,7,50,1,0,0,7,0,0,0,0,0,0,0,0,0,0,0],[2,70,3,53,0,0,22,0,0,1,21,6,66,0,0,0,5,0,0,0,0,0,0,0,0,0,0,0],[0,28,0,11,0,0,39,0,0,0,6,14,137,0,0,0,10,0,0,0,0,0,0,0,0,0,0,0],[1,72,3,85,0,0,12,1,1,0,31,7,45,0,0,0,5,0,0,0,0,0,0,0,0,0,0,4],[4,55,10,87,0,1,12,1,0,0,23,8,26,0,0,0,4,0,0,0,0,0,0,0,0,0,0,1],[2,64,1,75,0,0,4,0,0,0,15,8,28,0,0,0,5,0,0,0,0,0,0,0,0,0,0,0],[0,34,0,16,0,0,20,0,0,0,13,5,99,0,0,0,9,0,0,0,0,0,0,0,0,0,0,0],[1,45,2,36,0,0,7,1,0,1,14,4,20,0,0,0,4,0,0,0,0,0,0,0,0,0,0,1],[2,46,3,24,0,0,11,2,0,0,6,0,38,0,0,0,5,0,0,0,0,0,0,0,0,0,0,0],[1,45,0,24,0,0,6,0,0,2,7,3,27,0,0,0,3,0,0,0,0,0,0,0,0,0,0,0],[0,37,0,37,0,0,8,0,0,0,12,2,30,0,0,0,3,0,0,0,0,0,0,0,0,0,0,0],[0,35,0,30,0,0,2,1,0,1,9,4,28,0,0,0,5,0,0,0,0,0,0,0,0,0,0,0],[2,36,1,33,0,0,0,0,1,0,12,3,18,0,0,0,1,0,0,0,0,0,0,0,0,0,0,0],[1,17,0,21,0,0,5,0,0,0,14,5,17,0,0,0,2,0,0,0,0,0,0,0,0,0,0,0],[0,33,0,35,0,0,1,0,0,0,14,2,14,0,0,0,1,0,0,0,0,0,0,0,0,0,0,0],[0,33,1,42,0,0,1,0,0,1,8,1,12,0,0,0,1,0,0,0,0,0,0,0,0,0,0,0],[0,22,0,25,0,0,5,0,0,0,7,1,19,0,0,0,4,0,0,0,0,0,0,0,0,0,0,0],[1,15,1,16,0,0,1,0,2,0,3,3,10,0,0,0,2,0,0,0,0,0,0,0,0,0,0,7]]}