{"Accuracy":0.1253077975376197,"Precision":0.06143510826179551,"Recall":0.1253077975376197,"F1 Score":0.06656261089224905,"Adjusted Rand Index":0.01970982748666242,"Precision by cluster":[0.10571081409477522,0.1288888888888889,0.11094108645753634,0.07692307692307693,0.0,0.0,0.3351724137931035,0.0,0.056910569105691054,0.0,0.0,0.08571428571428572,0.07846715328467153,0.0,0.0,0.0,0.0,0.0,0.0,0.0,0.0,0.0,0.0,0.0,0.0,0.0,0.0,0.0],"Recall by cluster":[0.13530326594090203,0.04595879556259905,0.7119476268412439,0.014285714285714285,0.0,0.0,0.6014851485148515,0.0,0.04501607717041801,0.0,0.0,0.05747126436781609,0.35833333333333334,0.0,0.0,0.0,0.0,0.0,0.0,0.0,0.0,0.0,0.0,0.0,0.0,0.0,0.0,0.0],"F1 score by cluster":[0.11869031377899045,0.06775700934579439,0.19196822594880847,0.024096385542168676,0.0,0.0,0.4304694419840567,0.0,0.05026929982046679,0.0,0.0,0.06880733944954129,0.12874251497005987,0.0,0.0,0.0,0.0,0.0,0.0,0.0,0.0,0.0,0.0,0.0,0.0,0.0,0.0,0.0],"confusion_matrix":[[87,23,365,9,0,0,35,0,28,0,0,15,80,0,0,0,1,0,0,0,0,0,0,0,0,0,0,0],[110,29,328,15,0,0,28,0,14,0,0,9,98,0,0,0,0,0,0,0,0,0,0,0,0,0,0,0],[47,5,435,3,0,0,10,0,38,0,0,8,64,0,0,0,1,0,0,0,0,0,0,0,0,0,0,0],[58,18,313,7,1,0,10,0,10,0,0,8,65,0,0,0,0,0,0,0,0,0,0,0,0,0,0,0],[54,15,289,5,0,0,8,0,18,0,0,6,49,0,0,0,0,0,0,0,0,0,0,0,0,0,0,0],[54,8,313,8,0,0,4,0,10,0,0,4,35,0,0,0,0,0,0,0,0,0,0,0,0,0,0,0],[15,5,91,1,0,0,243,0,6,0,0,8,35,0,0,0,0,0,0,0,0,0,0,0,0,0,0,0],[16,1,211,3,0,0,5,0,10,0,0,9,57,0,0,0,0,0,0,0,0,0,0,0,0,0,0,0],[55,13,123,5,0,0,30,0,14,0,0,9,61,0,0,0,1,0,0,0,0,0,0,0,0,0,0,0],[18,4,183,6,0,0,9,0,7,0,0,6,49,0,0,0,0,0,0,0,0,0,0,0,0,0,0,0],[44,13,136,5,0,0,28,0,4,0,0,8,38,0,0,0,0,0,0,0,0,0,0,0,0,0,0,0],[26,6,111,2,0,0,52,0,7,0,0,15,42,0,0,0,0,0,0,0,0,0,0,0,0,0,0,0],[6,11,45,2,0,0,68,0,2,0,0,20,86,0,0,0,0,0,0,0,0,0,0,0,0,0,0,0],[39,9,119,2,0,0,33,0,15,0,0,6,22,0,0,0,0,0,0,0,0,0,0,0,0,0,0,0],[23,8,137,3,0,0,9,0,11,0,0,0,24,0,0,0,0,0,0,0,0,0,0,0,0,0,0,0],[24,7,144,1,0,1,4,0,3,0,0,7,31,0,0,0,2,0,0,0,0,0,0,0,0,0,0,0],[6,5,37,2,0,0,50,0,1,0,0,9,63,0,0,0,0,0,0,0,0,0,0,0,0,0,0,0],[21,3,63,0,0,0,12,0,3,0,0,4,13,0,0,0,0,0,0,0,0,0,0,0,0,0,0,0],[21,8,48,0,0,0,20,0,8,0,0,1,22,0,0,0,0,0,0,0,0,0,0,0,0,0,0,0],[15,12,50,2,0,0,17,0,1,0,0,3,19,0,0,0,0,0,0,0,0,0,0,0,0,0,0,0],[26,8,46,1,0,0,12,0,3,0,0,5,23,0,0,0,1,0,0,0,0,0,0,0,0,0,0,0],[9,2,61,3,0,0,12,0,3,0,0,3,35,0,0,0,0,0,0,0,0,0,0,0,0,0,0,0],[10,5,80,1,0,0,0,0,5,0,0,0,15,0,0,0,0,0,0,0,0,0,0,0,0,0,0,0],[10,2,41,1,0,0,11,0,4,0,0,4,20,0,0,0,0,0,0,0,0,0,0,0,0,0,0,0],[9,3,55,2,0,0,2,0,2,0,0,1,11,0,0,0,0,0,0,0,0,0,0,0,0,0,0,0],[3,0,51,1,0,0,0,0,2,0,0,0,9,0,0,0,0,0,0,0,0,0,0,0,0,0,0,0],[10,1,27,0,0,0,6,0,3,0,0,1,23,0,0,0,0,0,0,0,0,0,0,0,0,0,0,0],[7,1,19,1,0,0,7,0,14,0,0,6,7,0,0,0,0,0,0,0,0,0,0,0,0,0,0,0]]}