{"Accuracy":0.10766073871409029,"Precision":0.08952880369434059,"Recall":0.10766073871409029,"F1 Score":0.06664513104694722,"Adjusted Rand Index":0.013325631819404696,"Precision by cluster":[0.12598425196850394,0.09549549549549549,0.2962962962962963,0.027522935779816515,0.0,0.0,0.5057142857142857,0.0,0.0851063829787234,0.0,0.04314720812182741,0.07142857142857142,0.13125695216907676,0.058823529411764705,0.0,0.0,0.06642066420664207,0.0,0.0,0.0,0.0,0.0,0.0,0.0,0.0,0.0,0.0,0.3684210526315789],"Recall by cluster":[0.02576489533011272,0.5230263157894737,0.03993344425956739,0.011904761904761904,0.0,0.0,0.47074468085106386,0.0,0.11552346570397112,0.0,0.2585551330798479,0.008032128514056224,0.4816326530612245,0.003745318352059925,0.0,0.0,0.09183673469387756,0.0,0.0,0.0,0.0,0.0,0.0,0.0,0.0,0.0,0.0,0.11475409836065574],"F1 score by cluster":[0.0427807486631016,0.16150330116810563,0.07038123167155426,0.01662049861495845,0.0,0.0,0.48760330578512395,0.0,0.09800918836140889,0.0,0.07395323545405111,0.01444043321299639,0.2062937062937063,0.007042253521126761,0.0,0.0,0.07708779443254818,0.0,0.0,0.0,0.0,0.0,0.0,0.0,0.0,0.0,0.0,0.175],"confusion_matrix":[[16,320,8,23,0,1,16,0,32,2,129,6,49,1,0,0,17,0,0,0,0,0,0,0,0,0,0,1],[4,318,0,10,0,0,10,0,57,0,119,2,61,0,0,0,26,0,0,0,0,0,0,0,0,0,0,1],[31,264,24,51,0,3,0,0,6,0,154,4,34,7,0,0,23,0,0,0,0,0,0,0,0,0,0,0],[5,253,1,6,0,0,3,0,16,0,156,1,44,1,0,0,18,0,0,0,0,0,0,0,0,0,0,0],[12,237,9,25,0,1,2,1,19,0,97,1,31,2,0,0,14,0,0,0,0,0,0,0,0,0,0,0],[9,271,3,18,0,0,0,0,17,1,112,3,12,0,0,0,12,0,0,0,0,0,0,0,0,0,0,0],[0,69,2,2,0,0,177,0,10,0,41,0,74,0,0,0,1,0,0,0,0,0,0,0,0,0,0,0],[7,129,4,16,0,1,1,0,9,0,79,2,35,1,0,0,24,0,0,0,0,0,0,0,0,0,0,1],[2,125,9,4,0,1,6,0,32,0,36,0,49,1,0,0,9,0,0,0,0,0,0,0,0,0,0,3],[5,138,2,7,0,0,1,0,15,0,64,1,30,0,0,0,20,0,0,0,0,0,0,0,0,0,0,0],[2,130,2,2,0,0,14,0,11,0,68,0,22,0,0,0,12,0,0,0,0,0,0,0,0,0,0,0],[3,94,0,2,0,0,16,0,15,0,52,2,63,0,0,0,2,0,0,0,0,0,0,0,0,0,0,0],[0,51,0,0,0,0,27,0,16,0,20,1,118,0,0,0,12,0,0,0,0,0,0,0,0,0,0,0],[2,118,1,6,0,0,8,0,18,0,71,0,37,1,0,0,1,0,0,0,0,0,0,0,0,0,0,4],[6,100,9,17,0,1,11,0,10,0,56,1,12,3,0,0,6,0,0,0,0,0,0,0,0,0,0,0],[6,103,0,7,0,0,4,0,7,0,49,0,18,0,0,0,8,0,0,0,0,0,0,0,0,0,0,0],[2,52,0,0,0,0,15,0,12,1,28,0,68,0,0,0,18,0,0,0,0,0,0,0,0,0,0,0],[3,69,2,3,0,0,7,0,10,2,27,0,11,0,0,0,2,0,0,0,0,0,0,0,0,0,0,0],[0,59,3,2,0,0,8,0,15,0,18,0,20,0,0,0,11,0,0,0,0,0,0,0,0,0,0,1],[1,59,0,2,0,0,6,0,9,0,20,0,17,0,0,0,4,0,0,0,0,0,0,0,0,0,0,0],[0,61,0,3,0,0,6,0,8,0,27,0,19,0,0,0,5,0,0,0,0,0,0,0,0,0,0,0],[0,49,0,0,0,0,1,0,10,0,29,0,18,0,0,0,8,0,0,0,0,0,0,0,0,0,0,0],[4,51,0,3,0,0,0,0,4,0,33,1,6,0,0,0,4,0,0,0,0,0,0,0,0,0,0,1],[2,29,0,2,0,0,4,0,4,0,20,2,17,0,0,0,2,0,0,0,0,0,0,0,0,0,0,0],[2,65,0,2,0,0,0,0,1,0,19,0,8,0,0,0,3,0,0,0,0,0,0,0,0,0,0,0],[1,53,0,4,0,1,1,0,3,1,28,1,3,0,0,0,4,0,0,0,0,0,0,0,0,0,0,0],[0,36,0,0,0,0,5,0,5,0,18,0,15,0,0,0,4,0,0,0,0,0,0,0,0,0,0,0],[2,27,2,1,0,1,1,0,5,0,6,0,8,0,0,0,1,0,0,0,0,0,0,0,0,0,0,7]]}