{"Accuracy":0.07140902872777018,"Precision":0.0645993965370183,"Recall":0.07140902872777018,"F1 Score":0.030061994629391662,"Adjusted Rand Index":0.012277689958283232,"Precision by cluster":[0.07518796992481203,0.09106334841628959,0.2,0.1,0.0,0.1,0.0,0.0,0.054524361948955914,0.08108108108108109,0.04756380510440835,0.0,0.0,0.04245283018867924,0.08,0.0,0.05612244897959184,0.0,0.014492753623188406,0.5,0.0,0.0,0.0,0.0,0.0,0.0,0.0,0.0],"Recall by cluster":[0.015552099533437015,0.5103011093502378,0.006546644844517185,0.00816326530612245,0.0,0.0022935779816513763,0.0,0.0,0.15112540192926044,0.02127659574468085,0.2971014492753623,0.0,0.0,0.036734693877551024,0.009302325581395349,0.0,0.1907514450867052,0.0,0.0078125,0.008403361344537815,0.0,0.0,0.0,0.0,0.0,0.0,0.0,0.0],"F1 score by cluster":[0.02577319587628866,0.15454763618910486,0.012678288431061807,0.01509433962264151,0.0,0.004484304932735426,0.0,0.0,0.08013640238704177,0.033707865168539325,0.082,0.0,0.0,0.03938730853391685,0.016666666666666666,0.0,0.08672798948751642,0.0,0.01015228426395939,0.01652892561983471,0.0,0.0,0.0,0.0,0.0,0.0,0.0,0.0],"confusion_matrix":[[10,345,4,8,0,1,0,0,41,6,150,1,0,30,1,0,39,0,7,0,0,0,0,0,0,0,0,0],[10,322,0,5,0,0,1,0,41,9,152,0,1,22,1,0,62,0,4,1,0,0,0,0,0,0,0,0],[26,327,4,5,0,0,1,0,15,4,152,0,0,29,8,0,39,0,1,0,0,0,0,0,0,0,0,0],[9,248,0,4,0,0,0,0,14,6,152,0,1,9,1,0,44,0,2,0,0,0,0,0,0,0,0,0],[11,233,2,5,0,2,1,0,9,6,121,1,0,16,3,0,30,0,4,0,0,0,0,0,0,0,0,0],[9,232,0,1,0,1,0,0,3,3,146,0,0,9,0,0,30,0,2,0,0,0,0,0,0,0,0,0],[3,90,0,0,0,1,0,0,251,0,39,0,0,4,0,0,14,0,2,0,0,0,0,0,0,0,0,0],[11,170,4,1,0,1,0,0,8,6,84,0,0,4,1,0,19,2,1,0,0,0,0,0,0,0,0,0],[4,149,0,0,0,0,0,0,47,2,57,1,0,10,4,0,32,0,5,0,0,0,0,0,0,0,0,0],[4,140,1,3,0,1,0,0,13,6,76,0,0,7,0,0,28,0,3,0,0,0,0,0,0,0,0,0],[4,125,0,0,0,0,0,0,38,0,82,0,0,3,0,0,20,0,4,0,0,0,0,0,0,0,0,0],[4,111,0,0,0,0,0,0,58,3,43,0,1,14,0,0,24,0,3,0,0,0,0,0,0,0,0,0],[1,94,1,2,0,0,0,0,80,1,23,0,0,0,0,0,33,0,5,0,0,0,0,0,0,0,0,0],[1,121,0,0,0,1,0,0,38,2,58,0,1,9,1,0,12,0,1,0,0,0,0,0,0,0,0,0],[7,107,0,3,0,0,1,0,13,2,54,0,0,8,2,0,18,0,0,0,0,0,0,0,0,0,0,0],[3,126,0,0,0,1,0,0,5,3,58,0,0,5,1,0,20,0,2,0,0,0,0,0,0,0,0,0],[0,56,0,0,0,0,0,0,60,2,17,0,0,1,0,0,33,0,4,0,0,0,0,0,0,0,0,0],[2,61,2,0,0,0,0,0,13,0,27,1,0,3,0,0,8,0,2,0,0,0,0,0,0,0,0,0],[4,54,0,2,0,0,0,0,27,3,25,0,0,4,0,0,8,0,1,0,0,0,0,0,0,0,0,0],[1,60,0,0,0,0,0,0,21,0,27,0,0,1,0,0,5,0,3,1,0,0,0,0,0,0,0,0],[1,59,0,0,0,0,0,0,15,2,29,0,0,5,0,0,13,0,1,0,0,0,0,0,0,0,0,0],[1,63,0,0,0,0,0,0,14,1,20,0,0,4,0,0,20,0,5,0,0,0,0,0,0,0,0,0],[2,58,1,1,0,0,0,0,0,1,41,0,0,1,1,0,9,0,1,0,0,0,0,0,0,0,0,0],[2,45,0,0,0,1,0,0,12,1,15,0,1,4,1,0,11,0,0,0,0,0,0,0,0,0,0,0],[1,45,0,0,0,0,0,0,2,2,29,0,0,3,0,0,2,0,1,0,0,0,0,0,0,0,0,0],[1,45,0,0,0,0,0,0,0,0,15,0,0,3,0,0,2,0,0,0,0,0,0,0,0,0,0,0],[1,35,0,0,0,0,0,0,3,3,14,0,0,1,0,0,10,0,4,0,0,0,0,0,0,0,0,0],[0,15,1,0,0,0,0,0,21,0,18,0,0,3,0,0,3,0,1,0,0,0,0,0,0,0,0,0]]}