{"Accuracy":0.14254445964432286,"Precision":0.12591944215110962,"Recall":0.14254445964432286,"F1 Score":0.10814277265105704,"Adjusted Rand Index":0.027713066046619012,"Precision by cluster":[0.07936507936507936,0.12871287128712872,0.19721577726218098,0.10387596899224806,0.26666666666666666,0.09803921568627451,0.4475806451612903,0.09836065573770492,0.09219858156028368,0.07692307692307693,0.09927797833935018,0.16666666666666666,0.14285714285714285,0.07975460122699386,0.0,0.0,0.06846321922796796,0.0,0.0,0.0,0.0,0.0,0.0,0.3333333333333333,0.0,0.0,0.0,0.4230769230769231],"Recall by cluster":[0.05443234836702955,0.3090332805071315,0.41734860883797054,0.13673469387755102,0.009009009009009009,0.022935779816513763,0.5495049504950495,0.019230769230769232,0.08360128617363344,0.010638297872340425,0.19927536231884058,0.07662835249042145,0.10416666666666667,0.053061224489795916,0.0,0.0,0.5433526011560693,0.0,0.0,0.0,0.0,0.0,0.0,0.010752688172043012,0.0,0.0,0.0,0.1774193548387097],"F1 score by cluster":[0.06457564575645756,0.18173345759552656,0.26785714285714285,0.11806167400881057,0.017429193899782137,0.03717472118959108,0.49333333333333335,0.032171581769437,0.08768971332209106,0.018691588785046728,0.13253012048192772,0.10498687664041995,0.12048192771084337,0.06372549019607843,0.0,0.0,0.12160413971539456,0.0,0.0,0.0,0.0,0.0,0.0,0.020833333333333332,0.0,0.0,0.0,0.25],"confusion_matrix":[[35,145,147,64,0,14,17,8,35,4,46,7,9,23,1,0,87,0,0,0,0,0,0,0,0,0,0,1],[36,195,43,59,2,5,17,1,36,3,64,9,17,22,0,0,122,0,0,0,0,0,0,0,0,0,0,0],[31,93,255,75,5,11,3,1,10,0,29,8,6,9,1,0,71,0,0,0,0,0,0,2,0,0,0,1],[44,117,69,67,0,7,3,4,10,6,62,11,9,4,0,0,76,0,1,0,0,0,0,0,0,0,0,0],[38,95,111,41,4,10,6,7,14,2,36,3,8,7,0,0,61,0,0,0,0,0,0,0,0,0,0,1],[35,123,80,62,0,10,1,4,8,4,33,3,5,10,0,0,58,0,0,0,0,0,0,0,0,0,0,0],[11,43,16,5,1,2,222,0,10,1,13,6,8,8,0,0,58,0,0,0,0,0,0,0,0,0,0,0],[21,32,141,29,1,2,1,6,4,3,10,3,3,0,1,0,54,0,0,0,0,0,0,0,0,0,0,1],[15,52,54,14,0,5,13,0,26,1,16,0,9,13,0,0,90,0,0,0,0,0,0,0,0,0,0,3],[18,49,55,37,0,1,4,7,6,3,24,4,6,8,0,0,60,0,0,0,0,0,0,0,0,0,0,0],[15,78,12,16,0,3,23,1,12,3,55,2,9,2,0,0,45,0,0,0,0,0,0,0,0,0,0,0],[15,54,12,12,0,2,27,2,12,2,14,20,14,9,0,0,66,0,0,0,0,0,0,0,0,0,0,0],[6,29,8,6,1,1,38,2,9,1,4,13,25,1,0,0,96,0,0,0,0,0,0,0,0,0,0,0],[9,61,18,14,0,3,31,0,19,0,30,4,6,13,1,0,33,0,0,0,0,0,0,0,0,0,0,3],[13,44,57,21,0,4,7,3,7,0,14,4,3,2,0,0,35,0,0,0,0,0,0,0,0,0,0,1],[19,50,60,32,1,5,2,2,1,2,15,1,4,4,0,0,26,0,0,0,0,0,0,0,0,0,0,0],[3,9,7,1,0,0,21,3,11,0,13,3,8,0,0,0,94,0,0,0,0,0,0,0,0,0,0,0],[10,27,19,13,0,3,9,1,5,0,7,1,2,5,0,0,16,0,1,0,0,0,0,0,0,0,0,0],[6,20,24,10,0,2,9,2,9,0,6,0,4,1,0,0,31,0,0,0,0,0,0,0,0,0,0,4],[9,32,8,8,0,1,11,0,6,0,9,1,3,1,0,0,30,0,0,0,0,0,0,0,0,0,0,0],[4,37,7,6,0,0,6,0,7,0,10,1,1,9,0,0,37,0,0,0,0,0,0,0,0,0,0,0],[10,25,5,12,0,1,6,2,9,1,8,4,7,2,0,0,36,0,0,0,0,0,0,0,0,0,0,0],[10,21,28,16,0,3,1,2,3,1,11,0,0,3,0,0,17,0,0,0,0,0,0,0,0,0,0,0],[9,18,8,6,0,0,8,2,4,0,4,8,2,3,0,0,20,0,0,0,0,0,0,1,0,0,0,0],[7,26,12,9,0,2,1,1,2,2,9,1,1,1,0,0,11,0,0,0,0,0,0,0,0,0,0,0],[4,14,27,4,0,4,1,0,1,0,4,0,0,0,1,0,6,0,0,0,0,0,0,0,0,0,0,0],[4,14,3,3,0,0,2,0,4,0,7,2,2,1,0,0,29,0,0,0,0,0,0,0,0,0,0,0],[4,12,7,3,0,1,6,0,2,0,1,1,4,2,0,0,8,0,0,0,0,0,0,0,0,0,0,11]]}