{"Accuracy":0.11709986320109439,"Precision":0.07714743676643147,"Recall":0.11709986320109439,"F1 Score":0.05901987709280009,"Adjusted Rand Index":0.014452052997033742,"Precision by cluster":[0.11235955056179775,0.0,0.09678624813153962,0.058823529411764705,0.0958904109589041,0.1111111111111111,0.4940047961630695,0.0,0.1326530612244898,0.0,0.0,0.06299212598425197,0.11049723756906077,0.06349206349206349,0.0,0.0,0.07729468599033816,0.0,0.0,0.0,0.0,0.0,0.0,0.0,0.0,0.0,0.0,0.0],"Recall by cluster":[0.015552099533437015,0.0,0.8477905073649754,0.004081632653061225,0.015765765765765764,0.009174311926605505,0.5099009900990099,0.0,0.04180064308681672,0.0,0.0,0.03065134099616858,0.08333333333333333,0.0163265306122449,0.0,0.0,0.3699421965317919,0.0,0.0,0.0,0.0,0.0,0.0,0.0,0.0,0.0,0.0,0.0],"F1 score by cluster":[0.0273224043715847,0.0,0.17373805131645145,0.007633587786259542,0.027079303675048357,0.01694915254237288,0.5018270401948843,0.0,0.06356968215158924,0.0,0.0,0.041237113402061855,0.09501187648456057,0.025974025974025976,0.0,0.0,0.12787212787212787,0.0,0.0,0.0,0.0,0.0,0.0,0.0,0.0,0.0,0.0,0.0],"confusion_matrix":[[10,1,501,4,15,4,15,0,4,0,1,8,9,12,0,0,59,0,0,0,0,0,0,0,0,0,0,0],[8,0,502,4,7,3,10,0,5,0,0,6,14,6,0,0,66,0,0,0,0,0,0,0,0,0,0,0],[8,2,518,3,5,4,2,0,11,0,0,10,3,5,0,0,40,0,0,0,0,0,0,0,0,0,0,0],[4,0,415,2,7,4,1,1,3,0,0,9,12,4,0,0,28,0,0,0,0,0,0,0,0,0,0,0],[6,0,377,2,7,5,4,0,6,0,0,1,3,5,0,0,28,0,0,0,0,0,0,0,0,0,0,0],[3,0,395,3,2,4,0,0,1,0,0,4,3,0,0,0,21,0,0,0,0,0,0,0,0,0,0,0],[4,0,119,1,3,1,206,0,3,0,0,6,17,1,0,0,43,0,0,0,0,0,0,0,0,0,0,0],[2,0,262,3,2,0,1,0,1,0,0,2,11,0,0,0,28,0,0,0,0,0,0,0,0,0,0,0],[2,0,204,0,2,1,12,0,13,0,0,6,13,6,0,0,52,0,0,0,0,0,0,0,0,0,0,0],[5,2,232,1,5,0,4,1,1,0,0,3,5,0,0,0,23,0,0,0,0,0,0,0,0,0,0,0],[5,0,204,1,3,1,16,0,2,0,0,5,4,2,0,0,33,0,0,0,0,0,0,0,0,0,0,0],[3,0,151,0,1,0,17,0,3,0,1,8,17,4,0,0,56,0,0,0,0,0,0,0,0,0,0,0],[2,0,84,0,0,0,34,0,1,0,0,18,20,0,0,0,81,0,0,0,0,0,0,0,0,0,0,0],[5,0,172,2,1,1,22,0,8,0,0,6,9,4,0,0,15,0,0,0,0,0,0,0,0,0,0,0],[3,0,177,0,2,1,5,0,4,0,0,2,2,1,0,0,17,0,0,0,0,0,0,0,0,0,0,1],[2,1,192,1,2,1,1,0,0,0,0,2,3,1,0,0,18,0,0,0,0,0,0,0,0,0,0,0],[4,0,64,0,0,0,22,0,2,0,0,7,10,0,0,0,64,0,0,0,0,0,0,0,0,0,0,0],[1,0,89,0,0,2,9,0,1,0,0,3,3,5,0,0,6,0,0,0,0,0,0,0,0,0,0,0],[1,0,81,0,1,0,8,0,7,0,0,0,4,0,0,0,26,0,0,0,0,0,0,0,0,0,0,0],[3,1,75,1,3,1,9,0,1,0,0,6,1,1,0,0,17,0,0,0,0,0,0,0,0,0,0,0],[3,0,87,1,0,1,4,0,0,0,0,3,3,2,0,0,21,0,0,0,0,0,0,0,0,0,0,0],[2,0,85,1,0,1,4,0,2,0,0,2,4,0,0,0,27,0,0,0,0,0,0,0,0,0,0,0],[1,0,100,0,3,1,0,0,1,0,0,0,1,0,0,0,9,0,0,0,0,0,0,0,0,0,0,0],[0,0,61,0,0,0,7,0,1,0,0,2,4,2,0,0,16,0,0,0,0,0,0,0,0,0,0,0],[0,0,75,1,1,0,1,0,1,0,0,1,0,0,0,0,5,0,0,0,0,0,0,0,0,0,0,0],[2,0,57,1,0,0,0,0,1,0,0,1,0,0,0,0,4,0,0,0,0,0,0,0,0,0,0,0],[0,0,44,1,1,0,0,0,2,0,0,2,3,1,0,0,17,0,0,0,0,0,0,0,0,0,0,0],[0,0,29,1,0,0,3,0,13,0,0,4,3,1,0,0,8,0,0,0,0,0,0,0,0,0,0,0]]}