{"Accuracy":0.1456908344733242,"Precision":0.10889762840702251,"Recall":0.1456908344733242,"F1 Score":0.11325151301046314,"Adjusted Rand Index":0.032767802063925364,"Precision by cluster":[0.06444444444444444,0.13165266106442577,0.2086450540315877,0.09713701431492842,0.0,0.046875,0.4498977505112474,0.13714285714285715,0.15,0.08695652173913043,0.0854978354978355,0.2465753424657534,0.14925373134328357,0.0782122905027933,0.0,0.0,0.08877928483353884,0.0,0.0,0.0,0.0,0.0,0.0,0.0,0.0,0.0,0.0,0.3548387096774194],"Recall by cluster":[0.04510108864696734,0.22345483359746435,0.41080196399345337,0.19387755102040816,0.0,0.006880733944954129,0.5445544554455446,0.07692307692307693,0.1157556270096463,0.028368794326241134,0.286231884057971,0.06896551724137931,0.20833333333333334,0.11428571428571428,0.0,0.0,0.4161849710982659,0.0,0.0,0.0,0.0,0.0,0.0,0.0,0.0,0.0,0.0,0.1774193548387097],"F1 score by cluster":[0.053064958828911254,0.16568742655699178,0.27673649393605293,0.12942779291553133,0.0,0.012,0.49272116461366183,0.09856262833675565,0.1306715063520871,0.0427807486631016,0.13166666666666665,0.10778443113772455,0.17391304347826086,0.09286898839137644,0.0,0.0,0.14634146341463414,0.0,0.0,0.0,0.0,0.0,0.0,0.0,0.0,0.0,0.0,0.23655913978494625],"confusion_matrix":[[29,114,135,100,1,8,17,17,24,7,75,0,16,44,0,0,54,0,1,0,0,0,0,0,0,0,0,1],[42,141,44,76,0,2,21,6,33,10,109,4,20,43,0,0,78,0,2,0,0,0,0,0,0,0,0,0],[34,72,251,90,1,8,6,18,9,3,47,4,12,17,0,0,36,0,1,0,0,0,0,1,0,0,0,1],[41,64,59,95,0,8,3,9,7,12,98,6,16,20,0,0,52,0,0,0,0,0,0,0,0,0,0,0],[36,76,110,64,0,3,3,14,10,5,53,1,11,26,0,0,30,0,0,0,0,0,0,0,0,0,0,2],[47,69,71,103,0,3,0,12,6,5,64,1,7,27,0,0,21,0,0,0,0,0,0,0,0,0,0,0],[14,23,22,12,0,0,220,0,10,2,24,2,23,16,0,0,35,0,1,0,0,0,0,0,0,0,0,0],[17,24,124,59,1,2,1,24,2,4,20,3,5,2,0,0,23,0,0,0,0,0,0,0,0,0,0,1],[20,44,41,19,1,6,13,5,36,2,29,1,21,17,0,0,51,0,0,0,0,0,0,0,0,0,0,5],[24,32,47,54,0,1,4,9,3,8,46,3,11,11,0,0,29,0,0,0,0,0,0,0,0,0,0,0],[14,50,10,33,0,1,20,1,12,4,79,0,17,5,0,0,30,0,0,0,0,0,0,0,0,0,0,0],[10,39,17,26,0,0,24,3,9,3,33,18,30,12,0,0,36,0,0,0,0,0,0,0,0,0,0,1],[9,27,5,12,0,0,37,9,5,4,7,9,50,3,0,0,63,0,0,0,0,0,0,0,0,0,0,0],[11,45,19,21,0,1,30,1,16,1,41,2,9,28,0,0,17,0,0,0,0,0,0,0,0,0,0,3],[8,26,58,35,1,3,7,5,4,1,22,2,6,12,0,0,23,0,0,0,0,0,0,0,0,0,0,2],[20,36,55,35,0,5,1,7,1,3,23,1,8,11,0,0,18,0,0,0,0,0,0,0,0,0,0,0],[7,9,10,5,0,1,24,2,8,0,11,2,18,3,0,0,72,0,1,0,0,0,0,0,0,0,0,0],[4,23,15,13,0,2,11,3,5,1,17,1,3,13,0,0,7,0,1,0,0,0,0,0,0,0,0,0],[8,18,15,17,0,0,7,5,8,0,11,0,5,3,0,0,27,0,0,0,0,0,0,0,0,0,0,4],[11,16,3,10,0,3,12,3,5,3,19,1,10,6,0,0,16,0,1,0,0,0,0,0,0,0,0,0],[5,24,5,15,0,0,4,2,8,2,21,1,11,10,0,0,17,0,0,0,0,0,0,0,0,0,0,0],[8,13,11,18,0,1,4,3,8,3,18,3,11,4,0,0,23,0,0,0,0,0,0,0,0,0,0,0],[12,17,24,25,1,2,2,2,1,4,8,0,1,7,0,0,9,0,1,0,0,0,0,0,0,0,0,0],[7,17,9,7,0,0,9,5,4,0,8,5,4,7,0,0,11,0,0,0,0,0,0,0,0,0,0,0],[7,21,11,15,0,2,1,5,1,3,12,0,3,2,0,0,2,0,0,0,0,0,0,0,0,0,0,0],[3,8,24,11,0,1,1,5,0,1,6,0,0,4,0,0,2,0,0,0,0,0,0,0,0,0,0,0],[2,12,2,3,0,1,1,0,2,1,18,2,3,3,0,0,21,0,0,0,0,0,0,0,0,0,0,0],[0,11,6,5,0,0,6,0,3,0,5,1,4,2,0,0,8,0,0,0,0,0,0,0,0,0,0,11]]}