{"Accuracy":0.12298221614227087,"Precision":0.11565998659942293,"Recall":0.12298221614227087,"F1 Score":0.07868373838247816,"Adjusted Rand Index":0.015241704403204282,"Precision by cluster":[0.057692307692307696,0.12385466034755134,0.24044585987261147,0.1125,0.0,0.11544461778471139,0.6521739130434783,0.2204724409448819,0.1044776119402985,0.07692307692307693,0.07259528130671507,0.09090909090909091,0.10101010101010101,0.13008130081300814,0.0,0.0,0.08258064516129032,0.0,0.0,0.0,0.0,0.0,0.0,0.0,0.0,0.0,0.0,0.3333333333333333],"Recall by cluster":[0.004975124378109453,0.6251993620414673,0.25463743676222594,0.052123552123552123,0.0,0.178743961352657,0.042735042735042736,0.08860759493670886,0.025089605734767026,0.003105590062111801,0.3018867924528302,0.0037593984962406013,0.12448132780082988,0.06557377049180328,0.0,0.0,0.3764705882352941,0.0,0.0,0.0,0.0,0.0,0.0,0.0,0.0,0.0,0.0,0.18181818181818182],"F1 score by cluster":[0.00916030534351145,0.20675105485232068,0.24733824733824733,0.0712401055408971,0.0,0.14028436018957346,0.08021390374331551,0.12641083521444696,0.04046242774566474,0.005970149253731343,0.11704462326261887,0.007220216606498195,0.11152416356877323,0.08719346049046321,0.0,0.0,0.13544973544973546,0.0,0.0,0.0,0.0,0.0,0.0,0.0,0.0,0.0,0.0,0.23529411764705882],"confusion_matrix":[[3,267,61,19,1,79,2,21,1,0,85,2,12,14,0,0,31,0,1,0,0,0,0,0,0,0,1,3],[2,392,8,13,0,32,0,2,7,0,94,0,20,5,0,0,51,0,0,0,0,0,0,0,0,0,1,0],[6,186,151,33,0,107,0,15,0,1,67,1,2,6,0,0,16,0,0,0,0,0,0,0,0,0,0,2],[4,276,17,27,0,53,0,8,2,1,100,0,7,3,0,0,20,0,0,0,0,0,0,0,0,0,0,0],[3,193,71,12,0,51,0,10,1,2,57,0,3,15,0,0,16,0,0,0,0,0,0,0,0,0,0,1],[1,197,22,22,0,74,0,5,3,3,71,1,0,6,0,0,8,0,0,0,0,0,0,0,0,0,1,0],[2,76,7,2,0,3,15,2,9,0,39,0,75,8,0,0,113,0,0,0,0,0,0,0,0,0,0,0],[7,81,73,21,1,41,0,28,0,1,34,0,2,2,0,0,24,0,0,0,0,0,0,0,0,0,1,0],[6,103,24,6,1,21,0,0,7,2,32,0,12,6,0,0,52,0,1,0,0,0,0,0,0,0,0,6],[0,143,29,10,1,36,1,4,3,1,55,1,8,5,0,0,24,0,0,0,0,0,0,0,0,0,1,0],[0,128,4,2,0,6,2,1,4,0,80,0,16,2,0,0,20,0,0,0,0,0,0,0,0,0,0,0],[3,120,5,5,0,5,1,0,2,0,37,1,33,7,0,0,46,0,0,0,0,0,0,0,0,0,0,1],[0,78,0,2,0,3,0,5,6,0,26,2,30,0,0,0,88,0,0,0,0,0,0,0,0,0,1,0],[0,110,9,6,0,13,1,1,3,0,44,3,16,16,0,0,21,0,0,0,0,0,0,0,0,0,0,1],[2,104,41,10,0,18,0,2,2,1,23,0,12,8,0,0,20,0,0,0,0,0,0,0,0,0,0,4],[2,104,25,6,0,20,0,6,0,0,40,0,4,3,0,0,16,0,0,0,0,0,0,0,0,0,0,0],[1,56,1,2,0,1,0,0,4,0,28,0,11,1,0,0,64,0,0,0,0,0,0,0,0,0,1,0],[0,61,17,5,0,7,0,0,2,1,19,0,5,3,0,0,18,0,0,0,0,0,0,0,0,0,0,2],[0,57,17,1,0,11,0,4,3,0,4,0,4,1,0,0,27,0,0,0,0,0,0,0,0,0,0,0],[0,54,1,3,0,7,0,1,2,0,24,0,6,0,0,0,16,0,0,0,0,0,0,0,0,0,0,0],[1,84,2,3,0,4,0,1,2,0,19,0,7,3,0,0,15,0,1,0,0,0,0,0,0,0,0,0],[1,65,2,5,0,4,1,1,0,0,30,0,1,1,0,0,19,0,0,0,0,0,0,0,0,0,0,0],[3,54,15,5,1,15,0,4,1,0,19,0,1,4,0,0,3,0,0,0,0,0,0,0,0,0,0,0],[1,40,0,7,0,6,0,2,1,0,17,0,8,1,0,0,16,0,0,0,0,0,0,0,0,0,0,0],[0,48,1,4,0,7,0,3,1,0,19,0,1,1,0,0,3,0,0,0,0,0,0,0,0,0,0,0],[2,28,18,5,0,13,0,1,0,0,9,0,1,1,0,0,2,0,0,0,0,0,0,0,0,0,0,0],[1,37,1,4,0,2,0,0,0,0,23,0,0,1,0,0,22,0,0,0,0,0,0,0,0,0,0,0],[1,23,6,0,0,2,0,0,1,0,7,0,0,0,0,0,4,0,1,0,0,0,0,0,0,0,0,10]],"epoch_accuracies":[[0.10688067119602389,0.11786968218503488,0.11768729196115088,0.12252063289407687,0.12899548584195888,0.13401121699876886,0.13743103369659387,0.14066846017053486,0.14217317951757785,0.14992476403264784,0.15188545893940084,0.15484930007751585,0.15662760476038484,0.15712917787606584,0.15680999498426884,0.15877068989102183,0.16168893347316585,0.16073138479777485,0.16196251880899185,0.16301126259632484,0.16319365282020884,0.16419679905157084,0.16880215220464184,0.16638548173817883,0.16825498153298984,0.16784460352925082,0.17363549313756782,0.17058045688751083,0.17286033468606082,0.17381788336145182],[0.10547195622435021,0.10875512995896033,0.09849521203830369,0.11272229822161423,0.11272229822161423,0.11477428180574556,0.13187414500683994,0.12216142270861834,0.1146374829001368,0.12544459644322845,0.1146374829001368,0.10191518467852258,0.11436388508891929,0.12243502051983585,0.10478796169630643,0.11025991792065663,0.11367989056087552,0.10287277701778386,0.10779753761969904,0.10300957592339262,0.11231190150478797,0.10916552667578659,0.10807113543091655,0.10341997264021888,0.10971272229822161,0.08413132694938441,0.10574555403556772,0.11983584131326949,0.12065663474692202,0.12489740082079344]]}