{"Accuracy":0.1305061559507524,"Precision":0.11051398336785373,"Recall":0.1305061559507524,"F1 Score":0.10198229348970751,"Adjusted Rand Index":0.0218606983692528,"Precision by cluster":[0.1111111111111111,0.11647173489278752,0.24565217391304348,0.07920792079207921,0.07692307692307693,0.1,0.40657439446366783,0.08695652173913043,0.09732824427480916,0.08148148148148149,0.06685499058380415,0.1794871794871795,0.13815789473684212,0.05197505197505198,0.0,0.0,0.08014571948998178,0.0,0.0,0.0,0.0,0.0,0.0,0.0,0.0,0.0,0.0,0.42857142857142855],"Recall by cluster":[0.07153965785381027,0.3787638668779715,0.18494271685761046,0.08163265306122448,0.0022522522522522522,0.02522935779816514,0.5816831683168316,0.00641025641025641,0.1639871382636656,0.03900709219858156,0.2572463768115942,0.05363984674329502,0.175,0.10204081632653061,0.0,0.0,0.2543352601156069,0.0,0.0,0.0,0.0,0.0,0.0,0.0,0.0,0.0,0.0,0.14516129032258066],"F1 score by cluster":[0.08703878902554399,0.1781587774878867,0.21101774042950514,0.08040201005025126,0.00437636761487965,0.040293040293040296,0.4786150712830957,0.011940298507462687,0.12215568862275449,0.05275779376498801,0.10612855007473841,0.08259587020648967,0.15441176470588236,0.06887052341597796,0.0,0.0,0.12188365650969529,0.0,0.0,0.0,0.0,0.0,0.0,0.0,0.0,0.0,0.0,0.21686746987951808],"confusion_matrix":[[46,207,49,53,1,11,25,1,48,13,80,2,16,55,0,0,35,0,0,0,0,0,0,0,0,0,0,1],[30,239,12,29,0,1,20,0,64,11,109,4,22,45,0,0,45,0,0,0,0,0,0,0,0,0,0,0],[47,124,113,83,5,22,8,5,24,9,69,4,14,49,0,0,34,0,0,0,0,0,0,0,0,0,0,1],[36,157,19,40,0,4,5,1,21,11,107,4,17,35,0,0,33,0,0,0,0,0,0,0,0,0,0,0],[30,145,43,34,1,15,5,2,29,10,69,4,6,31,0,0,18,0,0,0,0,0,0,0,0,0,0,2],[29,153,21,49,0,11,1,2,19,9,78,1,8,36,0,0,19,0,0,0,0,0,0,0,0,0,0,0],[11,41,9,6,0,0,235,0,24,2,23,2,15,20,0,0,16,0,0,0,0,0,0,0,0,0,0,0],[30,62,50,47,1,10,4,2,7,9,45,6,7,11,0,0,20,0,0,0,0,0,0,0,0,0,0,1],[11,80,22,11,0,3,20,1,51,3,30,2,18,21,0,0,37,0,0,0,0,0,0,0,0,0,0,1],[16,78,18,27,0,4,5,2,10,11,55,2,7,19,0,0,28,0,0,0,0,0,0,0,0,0,0,0],[8,101,1,5,0,2,22,0,22,4,71,2,13,9,0,0,16,0,0,0,0,0,0,0,0,0,0,0],[11,60,4,7,0,0,30,0,21,8,29,14,32,22,0,0,23,0,0,0,0,0,0,0,0,0,0,0],[4,34,1,3,1,0,44,0,23,4,23,13,42,1,0,0,47,0,0,0,0,0,0,0,0,0,0,0],[10,75,11,9,0,2,31,0,19,1,42,2,8,25,0,0,9,0,0,0,0,0,0,0,0,0,0,1],[12,64,23,27,2,7,8,0,15,2,19,2,2,11,0,0,19,0,0,0,0,0,0,0,0,0,0,2],[23,76,20,21,1,6,5,1,7,5,30,0,3,14,0,0,12,0,0,0,0,0,0,0,0,0,0,0],[2,23,0,5,0,1,37,1,20,1,13,3,20,3,0,0,44,0,0,0,0,0,0,0,0,0,0,0],[4,42,9,4,0,2,9,0,10,0,17,0,5,10,0,0,7,0,0,0,0,0,0,0,0,0,0,0],[7,27,9,3,0,2,12,1,20,2,16,0,6,7,0,0,13,0,0,0,0,0,0,0,0,0,0,3],[6,36,2,2,0,0,13,0,13,2,19,2,9,6,0,0,9,0,0,0,0,0,0,0,0,0,0,0],[3,47,3,3,0,0,9,1,11,0,16,0,7,12,0,0,13,0,0,0,0,0,0,0,0,0,0,0],[11,37,1,5,0,0,5,0,16,3,21,1,10,3,0,0,15,0,0,0,0,0,0,0,0,0,0,0],[14,36,6,13,0,3,0,0,3,1,21,0,1,10,0,0,8,0,0,0,0,0,0,0,0,0,0,0],[2,23,3,2,0,0,14,1,8,2,8,8,3,11,0,0,8,0,0,0,0,0,0,0,0,0,0,0],[4,33,2,5,0,2,2,0,3,4,21,0,1,4,0,0,4,0,0,0,0,0,0,0,0,0,0,0],[4,20,3,10,1,2,0,1,3,4,8,0,1,5,1,0,3,0,0,0,0,0,0,0,0,0,0,0],[3,18,2,1,0,0,2,0,7,4,17,0,5,1,0,0,11,0,0,0,0,0,0,0,0,0,0,0],[0,14,4,1,0,0,7,1,6,0,6,0,6,5,0,0,3,0,0,0,0,0,0,0,0,0,0,9]]}