{"Accuracy":0.11094391244870042,"Precision":0.09873355785165742,"Recall":0.11094391244870042,"F1 Score":0.09025222879756431,"Adjusted Rand Index":0.014366887866266286,"Precision by cluster":[0.09791666666666667,0.12102351313969571,0.1497005988023952,0.0945945945945946,0.12,0.08232445520581114,0.3067226890756303,0.10596026490066225,0.06222222222222222,0.05714285714285714,0.06810035842293907,0.061224489795918366,0.16091954022988506,0.0496031746031746,0.03514376996805112,0.017543859649122806,0.08762886597938144,0.0,0.0,0.09090909090909091,0.05,0.25,0.0196078431372549,0.0,0.0,0.0,0.0,0.1],"Recall by cluster":[0.14733542319749215,0.31992687385740404,0.2936241610738255,0.029288702928870293,0.01327433628318584,0.07981220657276995,0.3501199040767386,0.04419889502762431,0.04929577464788732,0.03773584905660377,0.07251908396946564,0.06172839506172839,0.056910569105691054,0.10775862068965517,0.045454545454545456,0.005235602094240838,0.17258883248730963,0.0,0.0,0.022388059701492536,0.006802721088435374,0.01639344262295082,0.01098901098901099,0.0,0.0,0.0,0.0,0.01818181818181818],"F1 score by cluster":[0.11764705882352941,0.17561465127947817,0.19830028328611898,0.04472843450479233,0.02390438247011952,0.08104886769964244,0.3269876819708847,0.06237816764132553,0.0550098231827112,0.045454545454545456,0.07024029574861368,0.06147540983606557,0.08408408408408409,0.06793478260869565,0.03963963963963964,0.008064516129032258,0.11623931623931624,0.0,0.0,0.03592814371257485,0.011976047904191617,0.03076923076923077,0.014084507042253521,0.0,0.0,0.0,0.0,0.03076923076923077],"confusion_matrix":[[94,131,113,21,6,37,20,16,13,18,24,21,5,49,27,6,23,1,0,3,1,0,4,3,1,1,0,0],[45,175,52,10,2,29,29,9,14,9,29,15,8,45,33,3,25,2,0,2,1,0,3,2,4,0,0,1],[90,98,175,10,7,39,9,21,15,22,13,5,2,19,30,12,15,2,4,1,1,1,1,1,2,1,0,0],[72,112,69,14,1,33,14,13,8,8,17,13,2,34,22,1,30,0,0,2,2,1,3,1,6,0,0,0],[65,91,98,5,6,27,12,13,13,11,19,7,2,24,24,3,16,1,1,2,0,2,5,1,4,0,0,0],[52,84,89,8,4,34,10,8,11,13,12,10,1,35,23,4,13,1,2,1,2,1,5,1,0,1,1,0],[56,45,29,2,0,11,146,1,10,5,11,36,7,24,10,1,17,0,1,0,1,0,1,0,1,1,0,1],[49,59,109,7,3,29,4,16,7,10,9,4,3,13,11,5,12,2,1,2,0,0,3,3,0,1,0,0],[40,52,36,8,2,13,13,6,14,3,8,16,4,15,6,0,32,0,3,3,3,1,3,0,1,0,0,2],[28,54,48,6,3,18,9,10,7,10,10,7,4,27,10,1,8,0,1,0,0,0,1,0,1,1,0,1],[41,57,19,7,0,9,30,2,3,5,19,7,4,26,11,1,14,0,1,1,1,0,1,1,2,0,0,0],[37,39,20,4,0,12,28,2,8,5,9,15,7,24,13,0,12,1,0,2,0,0,1,1,2,0,0,1],[35,34,17,4,0,8,22,4,14,4,6,24,14,13,8,0,29,0,6,0,0,0,2,2,0,0,0,0],[28,43,21,4,0,10,23,2,9,2,14,11,2,25,11,4,11,0,4,2,2,0,1,0,2,0,0,1],[29,40,50,5,4,17,15,6,3,4,5,10,2,11,11,4,14,2,0,1,2,0,3,1,1,1,0,1],[19,35,44,3,5,16,4,3,5,6,7,3,1,12,9,1,7,0,0,2,1,0,3,2,3,0,0,0],[30,34,10,1,0,5,19,1,22,4,6,10,5,7,4,2,34,0,1,0,1,0,0,0,1,0,0,0],[19,43,33,3,0,5,12,4,6,6,2,5,2,22,3,0,8,0,0,1,0,0,1,0,0,0,0,1],[19,31,19,1,2,9,5,0,9,6,8,5,2,7,3,1,13,0,0,0,0,0,0,0,1,0,0,0],[17,31,14,4,1,9,12,1,5,2,5,2,3,9,2,0,10,0,1,3,1,0,1,0,1,0,0,0],[12,40,10,6,1,2,13,0,3,4,7,2,3,18,9,0,13,0,0,1,1,0,2,0,0,0,0,0],[13,18,18,2,0,13,2,4,8,2,7,3,1,11,8,0,8,0,0,2,0,2,0,0,0,0,0,0],[9,19,17,5,1,5,5,3,1,4,5,2,0,6,6,0,2,0,0,0,0,0,1,0,0,0,0,0],[11,13,10,1,0,4,10,0,4,3,4,8,2,5,5,0,3,0,0,0,0,0,1,0,1,0,0,0],[14,20,10,2,0,4,3,1,3,3,7,2,0,10,4,5,2,1,0,1,0,0,1,0,0,0,1,0],[17,16,22,1,0,9,3,2,0,2,9,1,1,8,6,0,4,0,0,1,0,0,3,1,0,0,0,0],[11,20,12,2,0,1,3,1,5,2,6,0,0,3,3,2,9,0,0,0,0,0,1,0,0,0,0,0],[8,12,5,2,2,5,1,2,5,2,1,1,0,2,1,1,4,0,0,0,0,0,0,0,0,0,0,1]],"epoch_accuracies":[[0.11476904837900688,0.14303953308102685,0.15790433632757284,0.17099083489124983,0.17919839496602982,0.19310564953718481,0.2040490629702248,0.2236104144817838,0.25990606903469976,0.3116136975058137,0.4156217226756646,0.5627650357940814,0.7362181387077653,0.8648032465459852,0.946559664401988],[0.12298221614227087,0.12421340629274966,0.14254445964432286,0.13611491108071136,0.14801641586867306,0.1357045143638851,0.1213406292749658,0.1250341997264022,0.11121751025991793,0.10752393980848153,0.11299589603283174,0.11121751025991793,0.09589603283173735,0.10191518467852258,0.11094391244870042]]}