{"Accuracy":0.1640218878248974,"Precision":0.09973572410173376,"Recall":0.1640218878248974,"F1 Score":0.09510550480736053,"Adjusted Rand Index":0.03427019111415518,"Precision by cluster":[0.09273182957393483,0.14151329243353783,0.18086172344689377,0.10078387458006718,0.0,0.1348314606741573,0.36182336182336183,0.0,0.5,0.0,0.0,0.0,0.10589812332439678,0.0,0.0,0.0,0.0,0.0,0.0,0.0,0.0,0.0,0.0,0.0,0.0,0.0,0.0,0.5],"Recall by cluster":[0.0592,0.5662847790507365,0.5803858520900321,0.19271948608137046,0.0,0.028169014084507043,0.6105769230769231,0.0,0.016025641025641024,0.0,0.0,0.0,0.32644628099173556,0.0,0.0,0.0,0.0,0.0,0.0,0.0,0.0,0.0,0.0,0.0,0.0,0.0,0.0,0.2112676056338028],"F1 score by cluster":[0.072265625,0.22643979057591623,0.2757830404889228,0.1323529411764706,0.0,0.04660194174757282,0.4543828264758497,0.0,0.031055900621118012,0.0,0.0,0.0,0.15991902834008098,0.0,0.0,0.0,0.0,0.0,0.0,0.0,0.0,0.0,0.0,0.0,0.0,0.0,0.0,0.297029702970297],"confusion_matrix":[[37,209,214,74,0,9,36,0,0,0,0,0,45,0,0,0,0,0,0,0,0,0,0,0,0,0,0,1],[26,346,63,71,0,8,36,0,0,0,0,0,60,0,0,0,0,0,0,0,0,0,0,0,0,0,0,1],[37,100,361,74,0,9,11,0,0,0,0,0,30,0,0,0,0,0,0,0,0,0,0,0,0,0,0,0],[22,188,113,90,0,12,6,0,0,0,0,0,36,0,0,0,0,0,0,0,0,0,0,0,0,0,0,0],[36,131,207,65,0,6,3,0,0,0,0,0,20,0,0,0,0,0,0,0,0,0,0,0,0,0,0,1],[30,151,140,76,0,12,2,0,0,0,0,0,15,0,0,0,0,0,0,0,0,0,0,0,0,0,0,0],[6,76,20,22,0,1,254,0,1,0,0,0,36,0,0,0,0,0,0,0,0,0,0,0,0,0,0,0],[19,41,197,48,0,2,1,0,0,0,0,0,22,0,0,0,0,0,0,0,0,0,0,0,0,0,0,0],[7,107,77,9,0,5,35,0,5,0,0,0,62,0,0,0,0,0,0,0,0,0,0,0,0,0,0,5],[16,88,82,51,0,4,4,0,0,0,0,0,26,0,0,0,0,0,0,0,0,0,0,0,0,0,0,0],[13,150,23,28,0,4,29,0,0,0,0,0,22,0,0,0,0,0,0,0,0,0,0,0,0,0,0,0],[17,83,30,28,0,4,41,0,0,0,0,0,49,0,0,0,0,0,0,0,0,0,0,0,0,0,0,0],[4,54,11,12,0,0,82,0,0,0,0,0,79,0,0,0,0,0,0,0,0,0,0,0,0,0,0,0],[17,115,31,32,0,1,32,0,3,0,0,0,25,0,0,0,0,0,0,0,0,0,0,0,0,0,0,5],[17,61,76,26,0,3,13,0,0,0,0,0,18,0,0,0,0,0,0,0,0,0,0,0,0,0,0,0],[22,56,78,31,0,3,5,0,0,0,0,0,12,0,0,0,0,0,0,0,0,0,0,0,0,0,0,0],[10,35,11,11,0,0,30,0,0,0,0,0,73,0,0,0,0,0,0,0,0,0,0,0,0,0,0,0],[10,51,33,16,0,1,12,0,0,0,0,0,13,0,0,0,0,0,0,0,0,0,0,0,0,0,0,2],[11,34,37,12,0,0,11,0,0,0,0,0,17,0,0,0,0,0,0,0,0,0,0,0,0,0,0,0],[2,60,17,15,0,0,17,0,0,0,0,0,12,0,0,0,0,0,0,0,0,0,0,0,0,0,0,0],[7,59,9,13,0,0,10,0,1,0,0,0,12,0,0,0,0,0,0,0,0,0,0,0,0,0,0,0],[7,50,26,10,0,0,8,0,0,0,0,0,14,0,0,0,0,0,0,0,0,0,0,0,0,0,0,0],[6,36,33,23,0,0,0,0,0,0,0,0,3,0,0,0,0,0,0,0,0,0,0,0,0,0,0,0],[7,33,15,9,0,2,13,0,0,0,0,0,15,0,0,0,0,0,0,0,0,0,0,0,0,0,0,0],[2,33,22,14,0,1,0,0,0,0,0,0,4,0,0,0,0,0,0,0,0,0,0,0,0,0,0,0],[8,31,50,10,0,2,0,0,0,0,0,0,6,0,0,0,0,0,0,0,0,0,0,0,0,0,0,0],[1,39,9,16,0,0,7,0,0,0,0,0,16,0,0,0,0,0,0,0,0,0,0,0,0,0,0,0],[2,28,11,7,0,0,4,0,0,0,0,0,4,0,0,0,0,0,0,0,0,0,0,0,0,0,0,15]],"epoch_accuracies":[[0.07952213761342392,0.1021385253750399,0.11116684145729788,0.11431307281929688,0.11887282841639688,0.12612283981578587,0.12698919337923487,0.12949705895763988,0.13246090009575487,0.13487757056221786,0.13592631434955085,0.13843417992795587,0.13870776526378187,0.14176280151383885,0.14645934977885186,0.14595777666317086,0.14664174000273586,0.15033514203638684,0.15074552004012584,0.15079111759609684,0.15101910537595184,0.15252382472299486,0.15229583694313983,0.15434772696183485,0.15516848296931285,0.15722037298800784,0.15931786056267383,0.15995622634626783,0.16086817746568785,0.16105056768957185],[0.12558139534883722,0.13132694938440492,0.13734610123119015,0.1381668946648427,0.1429548563611491,0.14309165526675788,0.1456908344733242,0.1426812585499316,0.14856361149110808,0.1481532147742818,0.14596443228454173,0.15102599179206566,0.15157318741450068,0.1533515731874145,0.15554035567715457,0.1540355677154583,0.1558139534883721,0.15622435020519837,0.1600547195622435,0.15964432284541724,0.16046511627906976,0.16210670314637482,0.1595075239398085,0.1649794801641587,0.1652530779753762,0.1625170998632011,0.16566347469220247,0.16238030095759234,0.16703146374829,0.16470588235294117]]}