{"Accuracy":0.10930232558139535,"Precision":0.06799367898790837,"Recall":0.10930232558139535,"F1 Score":0.04785735426780907,"Adjusted Rand Index":0.011531808611963864,"Precision by cluster":[0.125,0.0,0.08299487903937842,0.0,0.3333333333333333,0.0,0.3389355742296919,0.0,0.05917159763313609,0.0,0.0,0.09359605911330049,0.12861736334405144,0.047619047619047616,0.0,0.0,0.0,0.0,0.0,0.0,0.0,0.0,0.0,0.0,0.0,0.0,0.0,0.0975609756097561],"Recall by cluster":[0.003129890453834116,0.0,0.8392857142857143,0.0,0.002398081534772182,0.0,0.5916870415647921,0.0,0.06493506493506493,0.0,0.0,0.07011070110701106,0.1593625498007968,0.004166666666666667,0.0,0.0,0.0,0.0,0.0,0.0,0.0,0.0,0.0,0.0,0.0,0.0,0.0,0.06779661016949153],"F1 score by cluster":[0.0061068702290076335,0.0,0.15105254700305318,0.0,0.004761904761904762,0.0,0.43098842386464825,0.0,0.06191950464396285,0.0,0.0,0.08016877637130802,0.1423487544483986,0.007662835249042145,0.0,0.0,0.0,0.0,0.0,0.0,0.0,0.0,0.0,0.0,0.0,0.0,0.0,0.08],"confusion_matrix":[[2,0,542,0,0,0,31,0,35,0,0,12,13,1,0,0,0,0,0,0,0,0,0,0,0,0,0,3],[1,0,523,0,0,0,34,0,23,0,0,16,22,1,0,0,0,0,0,0,0,0,0,0,0,0,0,0],[2,0,470,0,0,0,6,0,52,0,0,3,16,3,0,0,0,0,0,0,0,0,0,0,0,0,0,8],[0,0,459,0,0,0,8,0,19,0,0,10,11,1,0,0,0,0,0,0,0,0,0,0,0,0,0,1],[2,0,351,0,1,0,9,0,33,0,0,3,15,1,0,0,0,0,0,0,0,0,0,0,0,0,0,2],[1,0,376,0,1,0,4,0,18,0,0,1,5,2,0,0,0,0,0,0,0,0,0,0,0,0,0,1],[1,0,137,0,0,0,242,0,2,0,0,9,17,0,0,0,0,0,0,0,0,0,0,0,0,0,0,1],[1,0,283,0,0,0,8,0,13,0,0,7,21,1,0,0,0,0,0,0,0,0,0,0,0,0,0,1],[1,0,214,0,0,0,37,0,20,0,0,13,17,1,0,0,0,0,0,0,0,0,0,0,0,0,0,5],[1,0,256,0,0,0,4,0,11,0,0,5,13,2,0,0,0,0,0,0,0,0,0,0,0,0,0,0],[1,0,225,0,0,0,26,0,9,0,0,5,8,0,0,0,0,0,0,0,0,0,0,0,0,0,0,1],[0,0,176,0,1,0,49,0,11,0,0,19,13,1,0,0,0,0,0,0,0,0,0,0,0,0,0,1],[1,0,97,0,0,0,78,0,0,0,0,35,40,0,0,0,0,0,0,0,0,0,0,0,0,0,0,0],[0,0,168,0,0,0,32,0,12,0,0,7,14,1,0,0,0,0,0,0,0,0,0,0,0,0,0,6],[0,0,184,0,0,0,16,0,14,0,0,6,6,3,0,0,0,0,0,0,0,0,0,0,0,0,0,3],[1,0,178,0,0,0,2,0,15,0,0,2,3,0,0,0,0,0,0,0,0,0,0,0,0,0,0,0],[0,0,105,0,0,0,36,0,3,0,0,11,25,0,0,0,0,0,0,0,0,0,0,0,0,0,0,0],[1,0,104,0,0,0,16,0,5,0,0,5,1,1,0,0,0,0,0,0,0,0,0,0,0,0,0,2],[0,0,101,0,0,0,13,0,6,0,0,3,11,0,0,0,0,0,0,0,0,0,0,0,0,0,0,1],[0,0,93,0,0,0,14,0,3,0,0,6,4,0,0,0,0,0,0,0,0,0,0,0,0,0,0,0],[0,0,95,0,0,0,12,0,3,0,0,5,7,1,0,0,0,0,0,0,0,0,0,0,0,0,0,0],[0,0,109,0,0,0,8,0,4,0,0,3,7,0,0,0,0,0,0,0,0,0,0,0,0,0,0,0],[0,0,91,0,0,0,1,0,3,0,0,1,3,1,0,0,0,0,0,0,0,0,0,0,0,0,0,0],[0,0,71,0,0,0,15,0,7,0,0,9,3,0,0,0,0,0,0,0,0,0,0,0,0,0,0,0],[0,0,87,0,0,0,2,0,4,0,0,0,3,0,0,0,0,0,0,0,0,0,0,0,0,0,0,1],[0,0,72,0,0,0,4,0,7,0,0,0,2,0,0,0,0,0,0,0,0,0,0,0,0,0,0,0],[0,0,54,0,0,0,3,0,3,0,0,4,8,0,0,0,0,0,0,0,0,0,0,0,0,0,0,0],[0,0,42,0,0,0,4,0,3,0,0,3,3,0,0,0,0,0,0,0,0,0,0,0,0,0,0,4]]}