{"Accuracy":0.1362330734509643,"Precision":0.06118180336433892,"Recall":0.1362330734509643,"F1 Score":0.07540823124542197,"Adjusted Rand Index":0.01939576677140839,"Precision by cluster":[0.11801242236024845,0.12159814707585408,0.11114327062228654,0.08148148148148149,0.0,0.0,0.4,0.0,0.0,0.0,0.0,0.0,0.14367816091954022,0.0,0.0,0.0,0.0,0.0,0.0,0.0,0.0,0.0,0.0,0.0,0.0,0.0,0.0,0.0],"Recall by cluster":[0.1448170731707317,0.3343949044585987,0.6508474576271186,0.02217741935483871,0.0,0.0,0.5240641711229946,0.0,0.0,0.0,0.0,0.0,0.3787878787878788,0.0,0.0,0.0,0.0,0.0,0.0,0.0,0.0,0.0,0.0,0.0,0.0,0.0,0.0,0.0],"F1 score by cluster":[0.1300479123887748,0.17834394904458598,0.18986402966625462,0.03486529318541997,0.0,0.0,0.4537037037037037,0.0,0.0,0.0,0.0,0.0,0.20833333333333334,0.0,0.0,0.0,0.0,0.0,0.0,0.0,0.0,0.0,0.0,0.0,0.0,0.0,0.0,0.0],"confusion_matrix":[[95,137,356,9,0,0,19,0,0,0,0,0,40,0,0,0,0,0,0,0,0,0,0,0,0,0,0,0],[82,210,264,12,0,0,9,0,0,0,0,0,51,0,0,0,0,0,0,0,0,0,0,0,0,0,0,0],[51,119,384,12,0,0,1,0,0,0,0,0,23,0,0,0,0,0,0,0,0,0,0,0,0,0,0,0],[57,102,291,11,0,0,6,0,0,0,0,0,29,0,0,0,0,0,0,0,0,0,0,0,0,0,0,0],[52,92,252,9,0,0,2,2,0,0,0,0,13,0,0,0,0,0,0,0,0,0,0,0,0,0,0,0],[55,91,286,6,0,0,2,0,0,0,0,0,10,0,0,0,0,0,0,0,0,0,0,0,0,0,0,0],[20,45,63,3,0,0,196,0,0,0,0,0,47,0,0,0,0,0,0,0,0,0,0,0,0,0,0,0],[35,57,206,8,0,0,1,0,0,0,0,0,17,0,0,0,0,0,0,0,0,0,0,0,0,0,0,0],[27,91,100,1,0,0,21,0,0,0,0,0,36,0,0,0,0,0,0,0,0,0,0,0,0,0,0,0],[43,75,149,5,0,0,2,0,0,0,0,0,31,0,0,0,0,0,0,0,0,0,0,0,0,0,0,0],[28,60,119,7,0,0,13,0,0,0,0,0,22,0,0,0,0,0,0,0,0,0,0,0,0,0,0,0],[22,64,80,4,0,0,29,0,0,0,0,0,65,0,0,0,0,0,0,0,0,0,0,0,0,0,0,0],[17,57,29,9,0,0,51,1,0,0,0,0,100,0,0,0,0,0,0,0,0,0,0,0,0,0,0,0],[36,53,95,5,0,0,28,0,0,0,0,0,18,0,0,0,0,0,0,0,0,0,0,0,0,0,0,0],[31,56,101,5,0,0,18,0,0,0,0,0,21,0,0,0,0,0,0,0,0,0,0,0,0,0,0,0],[23,61,121,5,0,0,6,0,0,0,0,0,8,0,0,0,0,0,0,0,0,0,0,0,0,0,0,0],[10,51,31,6,0,0,25,0,0,0,0,0,60,0,0,0,0,0,0,0,0,0,0,0,0,0,0,0],[16,24,72,1,0,0,11,0,0,0,0,0,17,0,0,0,0,0,0,0,0,0,0,0,0,0,0,0],[17,45,66,2,0,0,6,0,0,0,0,0,16,0,0,0,0,0,0,0,0,0,0,0,0,0,0,0],[13,40,50,1,0,0,14,0,0,0,0,0,12,0,0,0,0,0,0,0,0,0,0,0,0,0,0,0],[12,37,29,2,0,0,6,0,0,0,0,0,12,0,0,0,0,0,0,0,0,0,0,0,0,0,0,0],[15,38,51,0,0,0,5,0,0,0,0,0,18,0,0,0,0,0,0,0,0,0,0,0,0,0,0,0],[10,21,64,4,0,0,0,0,0,0,0,0,0,0,0,0,0,0,0,0,0,0,0,0,0,0,0,0],[10,21,38,2,0,0,12,0,0,0,0,0,8,0,0,0,0,0,0,0,0,0,0,0,0,0,0,0],[8,27,47,1,0,0,2,0,0,0,0,0,2,0,0,0,0,0,0,0,0,0,0,0,0,0,0,0],[15,22,57,1,0,0,2,0,0,0,0,0,2,0,0,0,0,0,0,0,0,0,0,0,0,0,0,0],[2,19,21,2,0,0,1,0,0,0,0,0,11,0,0,0,0,0,0,0,0,0,0,0,0,0,0,0],[3,12,33,2,0,0,2,0,0,0,0,0,7,0,0,0,0,0,0,0,0,0,0,0,0,0,0,0]],"epoch_accuracies":[[0.07765617875057,0.10118559051527588,0.106703146374829,0.10633834929320565,0.10752393980848153,0.10898312813497492,0.10893752849977201,0.11108071135430916,0.11194710442316462,0.11203830369357046,0.11276789785681715,0.11577747378020976,0.11094391244870042,0.11609667122663019,0.11573187414500684,0.11427268581851345,0.12093023255813953,0.11846785225718194,0.12056543547651619,0.11951664386684907,0.12093023255813953,0.11983584131326949,0.12321021431828545,0.12567259461924304,0.12462380300957593,0.12453260373917009,0.12535339717282262,0.13132694938440492,0.1297309621523028,0.13018695850433196],[0.11585282451101081,0.11010805635344002,0.11092873751880727,0.11270688004376966,0.11270688004376966,0.11366434140336479,0.12419641635891122,0.11544248392832718,0.12570099849541785,0.12132403228012584,0.11831486800711256,0.12296539461086035,0.12474353713582273,0.11981945014361921,0.12843660237997537,0.12173437286280947,0.129941184516482,0.12747914102038024,0.12953084393379838,0.12501709752427848,0.12747914102038024,0.1282998221857475,0.13076186568184928,0.12788948160306388,0.13076186568184928,0.12966762412802627,0.13212966762412803,0.13103542607030502,0.128846942962659,0.1362330734509643]]}