{"Accuracy":0.11545827633378933,"Precision":0.08043560753311804,"Recall":0.11545827633378933,"F1 Score":0.07768980921840922,"Adjusted Rand Index":0.015100516432144422,"Precision by cluster":[0.09435626102292768,0.07954545454545454,0.08780929390464695,0.09803921568627451,0.08045977011494253,0.08419838523644751,0.39487179487179486,0.0,0.125,0.0,0.125,0.0,0.12195121951219512,0.044444444444444446,0.0,0.0,0.11330049261083744,0.0,0.0,0.0,0.0,0.0,0.0,0.0,0.0,0.0,0.0,0.16666666666666666],"Recall by cluster":[0.16640746500777606,0.03328050713153724,0.4762684124386252,0.05102040816326531,0.03153153153153153,0.16743119266055045,0.5717821782178217,0.0,0.03215434083601286,0.0,0.0036231884057971015,0.0,0.1875,0.00816326530612245,0.0,0.0,0.1329479768786127,0.0,0.0,0.0,0.0,0.0,0.0,0.0,0.0,0.0,0.0,0.016129032258064516],"F1 score by cluster":[0.12042768711311198,0.04692737430167598,0.14828025477707008,0.06711409395973154,0.045307443365695796,0.11204911742133537,0.4671385237613751,0.0,0.05115089514066496,0.0,0.007042253521126761,0.0,0.1477832512315271,0.013793103448275862,0.0,0.0,0.12234042553191489,0.0,0.0,0.0,0.0,0.0,0.0,0.0,0.0,0.0,0.0,0.029411764705882353],"confusion_matrix":[[107,21,313,23,21,85,24,0,3,0,0,0,23,8,0,0,14,0,0,0,0,0,0,0,0,0,0,1],[131,21,309,13,12,73,18,0,3,0,0,0,27,4,0,0,20,0,0,0,0,0,0,0,0,0,0,0],[97,13,291,28,28,103,8,0,8,0,0,0,16,4,0,0,14,0,0,0,0,0,0,0,0,0,0,1],[69,13,273,25,20,55,8,0,2,1,1,0,13,1,0,0,9,0,0,0,0,0,0,0,0,0,0,0],[101,6,203,27,14,63,5,0,4,0,0,2,7,5,0,0,7,0,0,0,0,0,0,0,0,0,0,0],[78,10,235,17,9,73,0,0,1,0,1,0,6,0,0,0,6,0,0,0,0,0,0,0,0,0,0,0],[33,17,66,2,2,26,231,0,2,0,1,0,22,0,0,0,2,0,0,0,0,0,0,0,0,0,0,0],[33,8,186,20,10,29,5,0,3,1,0,0,9,0,0,0,8,0,0,0,0,0,0,0,0,0,0,0],[41,15,136,6,3,31,20,0,10,0,0,0,31,5,0,0,11,0,0,0,0,0,0,0,0,0,0,2],[38,12,150,12,8,40,3,0,2,0,0,0,10,0,0,0,7,0,0,0,0,0,0,0,0,0,0,0],[53,13,114,12,2,39,19,0,0,0,1,0,16,1,0,0,6,0,0,0,0,0,0,0,0,0,0,0],[41,15,88,9,3,20,37,0,2,0,0,0,34,5,0,0,7,0,0,0,0,0,0,0,0,0,0,0],[20,20,71,4,2,3,55,0,0,0,1,0,45,0,0,0,19,0,0,0,0,0,0,0,0,0,0,0],[48,14,93,3,4,34,32,0,9,0,0,1,3,2,0,0,2,0,0,0,0,0,0,0,0,0,0,0],[33,7,111,9,4,31,6,0,4,0,0,0,6,0,0,0,3,0,0,0,0,0,0,0,0,0,0,1],[28,3,119,8,5,44,3,0,0,0,1,0,6,1,0,0,6,0,0,0,0,0,0,0,0,0,0,0],[16,18,50,2,0,3,39,0,0,0,0,0,22,0,0,0,23,0,0,0,0,0,0,0,0,0,0,0],[16,4,55,3,2,18,9,0,3,0,0,0,6,2,0,0,1,0,0,0,0,0,0,0,0,0,0,0],[20,3,55,6,4,5,15,0,5,0,1,0,6,0,0,0,8,0,0,0,0,0,0,0,0,0,0,0],[18,5,52,3,2,12,14,0,0,0,1,0,10,1,0,0,1,0,0,0,0,0,0,0,0,0,0,0],[25,4,49,3,0,16,8,0,0,0,0,0,10,2,0,0,8,0,0,0,0,0,0,0,0,0,0,0],[13,7,66,5,4,9,7,0,2,0,0,0,11,0,0,0,4,0,0,0,0,0,0,0,0,0,0,0],[19,1,66,3,6,15,0,0,0,0,0,0,2,0,0,0,4,0,0,0,0,0,0,0,0,0,0,0],[15,5,38,1,0,9,8,0,2,0,0,0,11,1,0,0,3,0,0,0,0,0,0,0,0,0,0,0],[12,0,50,4,2,11,2,0,1,0,0,0,1,1,0,0,1,0,0,0,0,0,0,0,0,0,0,0],[13,4,31,3,3,9,0,0,1,1,0,0,0,0,0,0,1,0,0,0,0,0,0,0,0,0,0,0],[8,2,30,2,3,6,2,0,1,0,0,0,8,1,0,0,8,0,0,0,0,0,0,0,0,0,0,0],[8,3,14,2,1,5,7,0,12,0,0,0,8,1,0,0,0,0,0,0,0,0,0,0,0,0,0,1]]}