{"Accuracy":0.06155950752393981,"Precision":0.11740217190290687,"Recall":0.06155950752393981,"F1 Score":0.03662553086688442,"Adjusted Rand Index":0.017026055094144444,"Precision by cluster":[0.125,0.10781404549950543,0.15053763440860216,0.08130081300813008,0.0,0.05747126436781609,1.0,0.0,0.05276705276705277,0.06896551724137931,0.04286770140428677,0.16666666666666666,0.13513513513513514,0.06716417910447761,0.0,0.0,0.0511727078891258,0.0,0.0,0.0,0.0,0.0,0.0,0.0,0.0,0.0,0.0,0.0],"Recall by cluster":[0.0015552099533437014,0.17274167987321712,0.022913256955810146,0.08163265306122448,0.0,0.022935779816513763,0.007425742574257425,0.0,0.13183279742765272,0.0070921985815602835,0.42028985507246375,0.0038314176245210726,0.020833333333333332,0.1469387755102041,0.0,0.0,0.4161849710982659,0.0,0.0,0.0,0.0,0.0,0.0,0.0,0.0,0.0,0.0,0.0],"F1 score by cluster":[0.0030721966205837174,0.13276492082825822,0.03977272727272727,0.0814663951120163,0.0,0.03278688524590164,0.014742014742014743,0.0,0.07536764705882353,0.012861736334405145,0.07780013413816231,0.00749063670411985,0.036101083032490974,0.09218950064020487,0.0,0.0,0.09113924050632911,0.0,0.0,0.0,0.0,0.0,0.0,0.0,0.0,0.0,0.0,0.0],"confusion_matrix":[[1,76,7,61,0,22,0,0,39,1,271,0,0,51,2,0,112,0,0,0,0,0,0,0,0,0,0,0],[2,109,16,41,1,18,0,0,30,3,230,0,4,60,0,0,117,0,0,0,0,0,0,0,0,0,0,0],[1,78,14,44,0,11,0,0,14,2,297,1,2,49,6,0,92,0,0,0,0,0,0,0,0,0,0,0],[1,79,4,40,0,11,0,0,10,3,219,0,6,27,2,0,88,0,0,0,0,0,0,0,0,0,0,0],[0,61,6,36,0,14,0,0,12,2,197,0,0,48,1,0,66,0,0,0,0,0,0,0,0,0,0,1],[0,67,5,50,0,10,0,0,6,4,201,0,1,40,0,0,52,0,0,0,0,0,0,0,0,0,0,0],[0,18,2,4,0,3,3,0,239,1,62,0,3,19,1,0,49,0,0,0,0,0,0,0,0,0,0,0],[0,48,6,35,0,4,0,0,7,1,139,0,2,5,2,0,63,0,0,0,0,0,0,0,0,0,0,0],[0,39,5,19,0,5,0,0,41,0,87,1,1,26,2,0,84,0,0,0,0,0,0,0,0,0,0,1],[0,44,1,16,0,6,0,0,7,2,122,0,1,20,1,0,62,0,0,0,0,0,0,0,0,0,0,0],[0,48,1,11,0,6,0,0,31,0,116,0,3,21,0,0,39,0,0,0,0,0,0,0,0,0,0,0],[2,31,1,8,0,8,0,0,44,3,71,1,5,20,1,0,66,0,0,0,0,0,0,0,0,0,0,0],[0,31,1,7,0,1,0,0,69,1,32,0,5,1,0,0,92,0,0,0,0,0,0,0,0,0,0,0],[1,27,1,11,0,9,0,0,39,0,82,1,0,36,1,0,36,0,0,0,0,0,0,0,0,0,0,1],[0,29,2,25,0,4,0,0,17,0,83,0,0,14,0,0,41,0,0,0,0,0,0,0,0,0,0,0],[0,38,5,18,0,11,0,0,5,1,97,0,0,12,0,0,37,0,0,0,0,0,0,0,0,0,0,0],[0,18,0,3,0,2,0,0,51,1,22,0,1,3,0,0,72,0,0,0,0,0,0,0,0,0,0,0],[0,22,1,7,0,2,0,0,12,0,42,0,0,14,1,0,18,0,0,0,0,0,0,0,0,0,0,0],[0,17,1,13,0,2,0,0,23,1,27,0,0,9,1,0,33,0,0,0,0,0,0,0,0,0,0,1],[0,20,0,7,1,2,0,0,23,1,42,1,0,1,0,0,21,0,0,0,0,0,0,0,0,0,0,0],[0,25,4,5,0,4,0,0,9,0,33,0,0,12,0,0,33,0,0,0,0,0,0,0,0,0,0,0],[0,16,0,2,1,2,0,0,11,0,46,0,2,4,1,0,43,0,0,0,0,0,0,0,0,0,0,0],[0,14,3,8,0,5,0,0,1,0,56,0,0,9,1,0,19,0,0,0,0,0,0,0,0,0,0,0],[0,13,2,2,1,4,0,0,9,0,29,0,1,8,0,0,24,0,0,0,0,0,0,0,0,0,0,0],[0,17,1,8,0,2,0,0,3,0,40,0,0,3,0,0,11,0,0,0,0,0,0,0,0,0,0,0],[0,12,1,5,0,1,0,0,0,0,29,0,0,11,0,0,7,0,0,0,0,0,0,0,0,0,0,0],[0,9,1,3,0,3,0,0,4,2,19,0,0,7,0,0,23,0,0,0,0,0,0,0,0,0,0,0],[0,5,2,3,0,2,0,0,21,0,15,1,0,6,0,0,7,0,0,0,0,0,0,0,0,0,0,0]]}