{"Accuracy":0.11258549931600548,"Precision":0.05468304679730273,"Recall":0.11258549931600548,"F1 Score":0.05234582680969143,"Adjusted Rand Index":0.013978873016556643,"Precision by cluster":[0.09859154929577464,0.0,0.0857452966714906,0.0,0.0,0.0,0.35767511177347244,0.06060606060606061,0.14893617021276595,0.0,0.0,0.09731543624161074,0.12596401028277635,0.0392156862745098,0.0,0.0,0.0,0.0,0.0,0.0,0.0,0.0,0.0,0.0,0.0,0.0,0.0,0.15],"Recall by cluster":[0.010954616588419406,0.0,0.8464285714285714,0.0,0.0,0.0,0.58679706601467,0.03582089552238806,0.022727272727272728,0.0,0.0,0.1070110701107011,0.1952191235059761,0.008333333333333333,0.0,0.0,0.0,0.0,0.0,0.0,0.0,0.0,0.0,0.0,0.0,0.0,0.0,0.05084745762711865],"F1 score by cluster":[0.01971830985915493,0.0,0.1557161629434954,0.0,0.0,0.0,0.4444444444444444,0.0450281425891182,0.03943661971830986,0.0,0.0,0.10193321616871705,0.153125,0.013745704467353952,0.0,0.0,0.0,0.0,0.0,0.0,0.0,0.0,0.0,0.0,0.0,0.0,0.0,0.0759493670886076],"confusion_matrix":[[7,0,539,1,1,0,32,20,1,0,0,16,16,3,0,0,0,0,0,0,0,0,0,0,0,0,0,3],[7,0,518,0,0,0,27,11,2,0,0,18,32,5,0,0,0,0,0,0,0,0,0,0,0,0,0,0],[6,0,474,1,7,0,4,15,9,0,0,13,20,10,0,0,0,0,0,0,0,0,0,0,0,0,0,1],[3,0,447,0,1,0,8,21,0,0,0,10,15,2,0,0,1,0,0,0,0,0,0,0,0,0,0,1],[4,0,359,0,0,0,6,11,5,0,0,16,11,3,0,0,0,0,0,0,0,0,0,0,0,0,0,2],[1,0,379,0,2,0,2,10,0,0,0,5,9,1,0,0,0,0,0,0,0,0,0,0,0,0,0,0],[4,0,127,0,0,0,240,4,1,0,0,14,19,0,0,0,0,0,0,0,0,0,0,0,0,0,0,0],[5,0,272,0,1,0,8,12,1,0,0,17,18,1,0,0,0,0,0,0,0,0,0,0,0,0,0,0],[2,0,217,0,0,0,33,4,7,0,0,12,27,2,0,0,1,0,0,0,0,0,0,0,0,0,0,3],[2,0,243,0,2,0,2,11,0,0,0,11,19,2,0,0,0,0,0,0,0,0,0,0,0,0,0,0],[1,0,225,0,1,0,21,5,0,0,0,11,10,1,0,0,0,0,0,0,0,0,0,0,0,0,0,0],[1,0,163,0,3,0,42,8,2,0,0,29,22,0,0,0,0,0,0,0,0,0,0,0,0,0,0,1],[5,0,75,0,1,0,73,9,0,0,0,39,49,0,0,0,0,0,0,0,0,0,0,0,0,0,0,0],[1,0,163,0,1,0,30,5,6,0,0,11,17,2,0,0,1,0,0,0,0,0,0,0,0,0,0,3],[3,0,179,0,4,0,15,7,3,0,0,12,5,3,0,0,0,0,0,0,0,0,0,0,0,0,0,1],[1,0,173,0,1,0,1,6,1,0,0,6,7,5,0,0,0,0,0,0,0,0,0,0,0,0,0,0],[5,0,96,1,0,0,34,3,0,0,0,14,26,1,0,0,0,0,0,0,0,0,0,0,0,0,0,0],[1,0,104,0,1,0,16,3,1,0,0,3,4,2,0,0,0,0,0,0,0,0,0,0,0,0,0,0],[2,0,95,0,0,0,12,3,0,0,0,9,8,2,0,0,2,0,0,0,0,0,0,0,0,0,0,2],[0,0,88,0,0,0,14,5,0,0,0,4,9,0,0,0,0,0,0,0,0,0,0,0,0,0,0,0],[5,0,88,0,0,0,11,3,0,0,0,6,9,1,0,0,0,0,0,0,0,0,0,0,0,0,0,0],[4,0,99,0,2,0,6,3,2,0,0,6,8,1,0,0,0,0,0,0,0,0,0,0,0,0,0,0],[0,0,87,0,1,0,1,5,0,0,0,3,2,1,0,0,0,0,0,0,0,0,0,0,0,0,0,0],[1,0,71,0,0,0,16,2,0,0,0,7,6,2,0,0,0,0,0,0,0,0,0,0,0,0,0,0],[0,0,85,0,0,0,2,4,2,0,0,2,2,0,0,0,0,0,0,0,0,0,0,0,0,0,0,0],[0,0,74,0,0,0,5,2,1,0,0,1,1,1,0,0,0,0,0,0,0,0,0,0,0,0,0,0],[0,0,48,0,0,0,5,3,0,0,0,3,13,0,0,0,0,0,0,0,0,0,0,0,0,0,0,0],[0,0,40,0,0,0,5,3,3,0,0,0,5,0,0,0,0,0,0,0,0,0,0,0,0,0,0,3]]}