{"Accuracy":0.10957592339261286,"Precision":0.11227646325999992,"Recall":0.10957592339261286,"F1 Score":0.07080860431394242,"Adjusted Rand Index":0.013224825716741924,"Precision by cluster":[0.1476510067114094,0.0960559796437659,0.14423076923076922,0.10181311018131102,0.0,0.0,0.4834905660377358,0.3333333333333333,0.3157894736842105,0.044444444444444446,0.04269662921348315,0.0,0.11904761904761904,0.25,0.0,0.0,0.04072096128170895,0.0,0.0,0.0,0.0,0.0,0.0,0.0,0.0,0.0,0.0,0.3888888888888889],"Recall by cluster":[0.03278688524590164,0.5109983079526227,0.024875621890547265,0.14688128772635814,0.0,0.0,0.5125,0.006153846153846154,0.022988505747126436,0.007067137809187279,0.0673758865248227,0.0,0.3601694915254237,0.008032128514056224,0.0,0.0,0.3860759493670886,0.0,0.0,0.0,0.0,0.0,0.0,0.0,0.0,0.0,0.0,0.125],"F1 score by cluster":[0.05365853658536585,0.16171352074966533,0.042432814710042434,0.12026359143327842,0.0,0.0,0.4975728155339806,0.012084592145015106,0.04285714285714286,0.012195121951219513,0.052269601100412656,0.0,0.17894736842105263,0.01556420233463035,0.0,0.0,0.07367149758454106,0.0,0.0,0.0,0.0,0.0,0.0,0.0,0.0,0.0,0.0,0.1891891891891892],"confusion_matrix":[[22,314,15,87,0,0,16,0,2,5,45,0,37,2,0,0,125,0,0,0,0,0,0,0,0,0,0,1],[6,302,1,64,0,1,16,1,0,6,22,0,57,0,0,0,114,0,0,0,0,0,0,0,0,0,0,1],[25,271,15,92,0,0,1,1,2,3,42,3,38,0,0,0,109,0,0,0,0,0,0,0,0,0,0,1],[9,205,2,73,0,0,1,1,0,7,53,1,34,0,0,0,111,0,0,0,0,0,0,0,0,0,0,0],[13,222,9,65,0,1,3,0,2,3,30,2,17,0,0,0,69,0,0,0,0,0,0,0,0,0,0,1],[8,249,4,49,0,0,1,0,0,2,31,2,20,0,0,0,78,0,0,0,0,0,0,0,0,0,0,0],[5,72,1,9,0,0,205,0,0,0,9,0,50,0,0,0,49,0,0,0,0,0,0,0,0,0,0,0],[9,109,14,46,0,0,3,2,2,4,25,0,24,0,0,0,87,0,0,0,0,0,0,0,0,0,0,0],[4,117,2,17,0,0,9,0,6,1,6,0,29,0,0,0,69,0,0,0,0,0,0,0,0,0,0,1],[9,132,5,26,0,1,0,0,0,2,19,0,24,0,0,0,65,0,0,0,0,0,0,0,0,0,0,0],[2,145,2,13,0,0,22,0,0,0,19,0,27,0,0,0,52,0,0,0,0,0,0,0,0,0,0,0],[0,113,2,9,0,0,18,0,0,2,18,0,55,1,0,0,58,0,0,0,0,0,0,0,0,0,0,0],[3,34,0,1,0,0,30,0,0,0,2,0,85,0,0,0,81,0,0,0,0,0,0,0,0,0,0,0],[3,119,3,12,0,1,18,0,2,2,17,0,33,2,0,0,34,0,0,0,0,0,0,0,0,0,0,3],[4,106,3,30,0,1,12,1,1,0,8,0,16,1,0,0,42,0,0,0,0,0,0,0,0,0,0,1],[7,100,5,24,0,0,4,0,0,0,19,0,19,0,0,0,40,0,0,0,0,0,0,0,0,0,0,0],[1,25,1,5,0,0,19,0,0,1,7,0,37,1,0,0,61,0,0,0,0,0,0,0,0,0,0,0],[2,82,2,13,0,0,11,0,0,0,7,1,13,0,0,0,18,0,0,0,0,0,0,0,0,0,0,1],[1,42,7,9,0,0,3,0,1,1,11,0,17,1,0,0,32,0,0,0,0,0,0,0,0,0,0,1],[1,55,1,11,0,0,11,0,0,0,4,0,16,0,0,0,37,0,0,0,0,0,0,0,0,0,0,0],[1,61,1,9,0,0,4,0,0,3,8,0,17,0,0,0,25,0,0,0,0,0,0,0,0,0,0,0],[2,40,2,7,0,0,4,0,0,1,9,0,13,0,0,0,44,0,0,0,0,0,0,0,0,0,0,0],[2,44,1,10,0,0,0,0,0,1,11,1,1,0,0,0,15,0,0,0,0,0,0,0,0,0,0,0],[3,48,2,7,0,0,4,0,0,0,2,1,14,0,0,0,17,0,0,0,0,0,0,0,0,0,0,0],[1,40,0,12,0,0,1,0,0,1,7,1,6,0,0,0,13,0,0,0,0,0,0,0,0,0,0,0],[4,36,2,11,0,1,1,0,0,0,6,0,3,0,0,0,16,0,0,0,0,0,0,0,0,0,0,0],[0,39,0,4,0,0,2,0,0,0,5,0,9,0,0,0,29,0,0,0,0,0,0,0,0,0,0,0],[2,22,2,2,0,0,5,0,1,0,3,1,3,0,0,0,8,0,0,0,0,0,0,0,0,0,0,7]]}