{"Accuracy":0.17482900136798907,"Precision":0.14201571091156295,"Recall":0.17482900136798907,"F1 Score":0.11790467644700463,"Adjusted Rand Index":0.03674481358526917,"Precision by cluster":[0.09722222222222222,0.1610082304526749,0.22349763673193787,0.11526078557630393,0.06521739130434782,0.10357142857142858,0.4939759036144578,0.11610486891385768,0.23333333333333334,0.0,0.25961538461538464,0.16304347826086957,0.16779431664411368,0.5,0.0,0.0,0.14130434782608695,0.0,0.0,0.0,0.0,0.0,0.0,0.3333333333333333,0.0,0.0,0.0,0.0],"Recall by cluster":[0.0109375,0.5225375626043406,0.5444078947368421,0.36983471074380164,0.00684931506849315,0.06666666666666667,0.43157894736842106,0.18397626112759644,0.024054982817869417,0.0,0.10266159695817491,0.058823529411764705,0.5,0.008695652173913044,0.0,0.0,0.0755813953488372,0.0,0.0,0.0,0.0,0.0,0.0,0.023255813953488372,0.0,0.0,0.0,0.0],"F1 score by cluster":[0.019662921348314606,0.24616594573338577,0.31689803733843946,0.17574864997545409,0.012396694214876033,0.08111888111888112,0.4606741573033708,0.1423650975889782,0.04361370716510903,0.0,0.14713896457765668,0.08645533141210375,0.2512664640324215,0.017094017094017096,0.0,0.0,0.09848484848484848,0.0,0.0,0.0,0.0,0.0,0.0,0.043478260869565216,0.0,0.0,0.0,0.0],"confusion_matrix":[[7,152,157,142,5,28,17,58,1,0,11,8,47,0,0,0,7,0,0,0,0,0,0,0,0,0,0,0],[2,313,24,134,5,25,8,23,1,0,5,9,46,0,0,0,3,0,0,0,0,0,0,1,0,0,0,0],[9,69,331,99,2,26,1,47,2,0,1,2,19,0,0,0,0,0,0,0,0,0,0,0,0,0,0,0],[6,123,48,179,6,22,3,66,0,0,3,5,20,0,0,0,3,0,0,0,0,0,0,0,0,0,0,0],[6,79,152,101,3,22,4,42,1,0,2,2,19,0,1,0,4,0,0,0,0,0,0,0,0,0,0,0],[7,81,95,139,8,29,0,61,1,0,3,2,8,0,0,0,1,0,0,0,0,0,0,0,0,0,0,0],[3,76,18,27,1,3,164,3,0,0,0,6,70,0,0,0,8,0,0,0,0,0,0,1,0,0,0,0],[3,32,161,44,4,7,0,62,0,0,2,2,19,0,0,0,1,0,0,0,0,0,0,0,0,0,0,0],[3,82,72,35,3,10,9,4,7,0,2,4,44,0,0,0,16,0,0,0,0,0,0,0,0,0,0,0],[3,83,49,94,3,11,1,25,0,0,3,4,19,0,0,0,4,0,0,0,0,0,0,0,0,0,0,0],[0,118,7,56,1,5,14,6,1,0,27,1,23,0,0,0,4,0,0,0,0,0,0,0,0,0,0,0],[3,78,18,43,0,10,13,5,0,0,0,15,65,1,0,0,4,0,0,0,0,0,0,0,0,0,0,0],[0,47,3,25,0,1,20,8,1,0,1,6,124,0,0,0,12,0,0,0,0,0,0,0,0,0,0,0],[2,92,18,52,1,7,18,4,0,0,4,4,24,2,0,0,2,0,0,0,0,0,0,0,0,0,0,0],[2,56,72,46,3,12,7,13,1,0,2,3,21,0,0,0,0,0,0,0,0,0,0,0,0,0,0,0],[1,52,77,56,0,16,3,28,0,0,6,2,8,0,0,0,0,0,0,0,0,0,0,0,0,0,0,0],[2,47,3,25,0,2,15,1,7,0,0,1,56,0,0,0,13,0,0,0,0,0,0,0,0,0,0,0],[5,50,21,28,0,8,6,11,1,0,0,0,9,1,0,0,1,0,0,0,0,0,0,1,0,0,0,0],[1,40,30,10,1,6,4,7,1,0,6,0,16,0,0,0,8,0,0,0,0,0,0,0,0,0,0,0],[0,58,6,16,0,3,4,3,2,0,9,0,26,0,0,0,0,0,0,0,0,0,0,0,0,0,0,0],[0,53,4,27,0,4,4,5,0,0,2,2,7,0,0,0,0,0,0,0,0,0,0,1,0,0,0,0],[0,39,2,39,0,5,2,9,0,0,8,0,12,0,0,0,0,0,0,0,0,0,0,0,0,0,0,0],[3,19,32,31,0,6,0,15,1,0,0,1,2,0,0,0,0,0,0,0,0,0,0,0,0,0,0,0],[0,25,11,10,0,2,8,5,0,0,1,9,13,0,0,0,0,0,0,0,0,0,0,2,0,0,0,0],[1,27,3,44,0,3,1,8,0,0,2,0,4,0,0,0,0,0,0,0,0,0,0,0,0,0,0,0],[1,13,37,24,0,7,2,11,0,0,0,0,2,0,0,0,0,0,0,0,0,0,0,0,0,0,0,0],[1,27,1,20,0,0,1,4,2,0,4,3,11,0,0,0,0,0,0,0,0,0,0,0,0,0,0,0],[1,13,29,7,0,0,3,0,0,0,0,1,5,0,0,0,1,0,0,0,0,0,0,0,0,0,0,0]],"epoch_accuracies":[[0.0985819160093019,0.13063699785691488,0.14490903287583787,0.15202225160731384,0.15794993388354384,0.15863389722310883,0.16843737175687384,0.17176599334275683,0.17906160229811682,0.17951757785782682,0.18380374811910083],[0.13734610123119015,0.13939808481532148,0.15102599179206566,0.14993160054719562,0.15636114911080712,0.159781121751026,0.1622435020519836,0.1640218878248974,0.1612859097127223,0.17099863201094392,0.17482900136798907]]}