{"Accuracy":0.0640218878248974,"Precision":0.11021382266850895,"Recall":0.0640218878248974,"F1 Score":0.03545874905288441,"Adjusted Rand Index":0.013131921601338198,"Precision by cluster":[0.07878787878787878,0.09232313095835425,0.34782608695652173,0.0916030534351145,0.0,0.07547169811320754,0.6666666666666666,0.0,0.06265664160401002,0.0,0.04868913857677903,0.046511627906976744,0.1111111111111111,0.04938271604938271,0.07142857142857142,0.0,0.039964077233947015,0.0,0.0,0.0,0.0,0.0,0.0,0.0,0.0,0.0,0.0,0.5],"Recall by cluster":[0.02021772939346812,0.29160063391442154,0.01309328968903437,0.04897959183673469,0.0,0.009174311926605505,0.019801980198019802,0.0,0.1607717041800643,0.0,0.2826086956521739,0.007662835249042145,0.004166666666666667,0.0163265306122449,0.009302325581395349,0.0,0.5144508670520231,0.0,0.0,0.0,0.0,0.0,0.0,0.0,0.0,0.0,0.0,0.016129032258064516],"F1 score by cluster":[0.03217821782178218,0.1402439024390244,0.025236593059936908,0.06382978723404255,0.0,0.016359918200409,0.038461538461538464,0.0,0.09017132551848513,0.0,0.08306709265175719,0.013157894736842105,0.008032128514056224,0.024539877300613498,0.01646090534979424,0.0,0.07416666666666667,0.0,0.0,0.0,0.0,0.0,0.0,0.0,0.0,0.0,0.0,0.03125],"confusion_matrix":[[13,193,2,24,0,8,1,0,39,1,178,5,0,11,2,0,166,0,0,0,0,0,0,0,0,0,0,0],[23,184,0,30,0,4,0,0,33,1,156,4,1,9,0,0,186,0,0,0,0,0,0,0,0,0,0,0],[8,204,8,28,0,2,0,1,16,0,158,4,2,7,7,0,166,0,0,0,0,0,0,0,0,0,0,0],[15,128,2,24,0,3,0,0,14,1,128,1,0,3,1,0,170,0,0,0,0,0,0,0,0,0,0,0],[10,141,3,13,0,2,0,0,9,2,122,4,0,7,1,0,130,0,0,0,0,0,0,0,0,0,0,0],[13,143,0,18,0,4,0,0,2,2,125,1,0,3,0,0,125,0,0,0,0,0,0,0,0,0,0,0],[4,47,0,3,0,5,8,0,242,0,31,2,0,2,0,0,60,0,0,0,0,0,0,0,0,0,0,0],[6,70,2,13,0,2,0,0,4,0,73,0,0,0,4,0,138,0,0,0,0,0,0,0,0,0,0,0],[7,90,0,8,0,2,0,0,50,0,46,4,1,7,3,0,93,0,0,0,0,0,0,0,0,0,0,0],[7,71,1,14,0,0,0,0,10,0,67,0,0,4,0,0,108,0,0,0,0,0,0,0,0,0,0,0],[2,85,0,4,0,1,0,0,36,0,78,1,0,1,0,0,68,0,0,0,0,0,0,0,0,0,0,0],[1,49,0,7,0,3,0,0,47,1,43,2,2,6,1,0,99,0,0,0,0,0,0,0,0,0,0,0],[1,35,0,3,0,0,0,0,74,1,10,0,1,0,0,0,115,0,0,0,0,0,0,0,0,0,0,0],[5,78,0,3,0,4,2,0,33,0,57,4,1,4,2,0,51,0,0,0,0,0,0,0,0,0,0,1],[7,62,1,12,0,1,0,0,11,1,51,0,0,1,2,0,66,0,0,0,0,0,0,0,0,0,0,0],[11,65,0,19,0,2,0,0,3,0,54,2,0,1,0,0,67,0,0,0,0,0,0,0,0,0,0,0],[1,18,0,0,0,1,0,0,52,0,12,0,0,0,0,0,89,0,0,0,0,0,0,0,0,0,0,0],[4,35,0,4,0,0,0,0,12,0,28,2,0,2,2,0,30,0,0,0,0,0,0,0,0,0,0,0],[4,34,0,10,0,1,0,0,27,1,19,1,0,0,0,0,31,0,0,0,0,0,0,0,0,0,0,0],[5,35,0,4,0,1,0,0,21,0,16,0,0,0,0,0,37,0,0,0,0,0,0,0,0,0,0,0],[3,40,1,3,0,1,0,0,14,0,19,2,0,6,0,0,36,0,0,0,0,0,0,0,0,0,0,0],[2,33,0,2,0,0,0,0,15,0,18,0,0,0,1,0,57,0,0,0,0,0,0,0,0,0,0,0],[5,40,0,4,0,2,0,0,0,0,29,1,0,1,1,0,33,0,0,0,0,0,0,0,0,0,0,0],[3,29,0,2,0,1,1,0,9,0,15,2,1,1,1,0,28,0,0,0,0,0,0,0,0,0,0,0],[1,26,1,3,0,1,0,0,3,0,24,0,0,0,0,0,26,0,0,0,0,0,0,0,0,0,0,0],[3,24,0,1,0,1,0,0,0,0,19,0,0,2,0,0,16,0,0,0,0,0,0,0,0,0,0,0],[0,20,1,1,0,1,0,0,3,0,17,0,0,1,0,0,27,0,0,0,0,0,0,0,0,0,0,0],[1,14,1,5,0,0,0,0,19,0,9,1,0,2,0,0,9,0,0,0,0,0,0,0,0,0,0,1]]}