{"Accuracy":0.1213406292749658,"Precision":0.08595084063566455,"Recall":0.1213406292749658,"F1 Score":0.07124441020478489,"Adjusted Rand Index":0.009148175341152339,"Precision by cluster":[0.12857142857142856,0.09734151329243354,0.18141592920353983,0.08650519031141868,0.0,0.0,0.42401500938086306,0.0,0.1346153846153846,0.0,0.03234501347708895,0.15053763440860216,0.12152777777777778,0.0,0.0,0.0,0.07075471698113207,0.0,0.0,0.0,0.0,0.0,0.0,0.0,0.0,0.0,0.0,0.45454545454545453],"Recall by cluster":[0.013996889580093312,0.7543581616481775,0.06710310965630115,0.05102040816326531,0.0,0.0,0.5594059405940595,0.0,0.04501607717041801,0.0,0.043478260869565216,0.05363984674329502,0.14583333333333334,0.0,0.0,0.0,0.17341040462427745,0.0,0.0,0.0,0.0,0.0,0.0,0.0,0.0,0.0,0.0,0.08064516129032258],"F1 score by cluster":[0.025245441795231416,0.17243253033870676,0.0979689366786141,0.06418485237483953,0.0,0.0,0.4823906083244397,0.0,0.06746987951807229,0.0,0.03709428129829984,0.07909604519774012,0.13257575757575757,0.0,0.0,0.0,0.10050251256281408,0.0,0.0,0.0,0.0,0.0,0.0,0.0,0.0,0.0,0.0,0.136986301369863],"confusion_matrix":[[9,452,26,29,0,0,23,0,13,1,34,7,16,0,0,0,33,0,0,0,0,0,0,0,0,0,0,0],[7,476,13,18,0,0,15,0,9,0,32,6,20,0,0,0,35,0,0,0,0,0,0,0,0,0,0,0],[9,403,41,55,0,1,8,0,3,1,38,6,16,1,0,0,29,0,0,0,0,0,0,0,0,0,0,0],[7,362,8,25,0,0,2,0,3,0,31,9,14,0,0,0,29,0,0,0,0,0,0,0,0,0,0,0],[5,329,19,15,0,0,5,1,5,0,32,2,6,1,0,0,24,0,0,0,0,0,0,0,0,0,0,0],[1,324,11,28,0,0,0,0,2,0,36,2,11,0,0,0,21,0,0,0,0,0,0,0,0,0,0,0],[1,116,8,5,0,0,226,0,4,0,4,4,21,0,0,0,15,0,0,0,0,0,0,0,0,0,0,0],[5,203,16,20,0,0,3,0,1,0,21,3,7,0,0,0,33,0,0,0,0,0,0,0,0,0,0,0],[5,204,8,11,0,0,21,0,14,0,10,1,14,1,0,0,20,0,0,0,0,0,0,0,0,0,0,2],[2,203,7,13,0,0,3,0,0,0,22,0,8,0,0,0,24,0,0,0,0,0,0,0,0,0,0,0],[1,211,3,4,0,0,19,0,6,0,12,2,11,0,0,0,7,0,0,0,0,0,0,0,0,0,0,0],[1,151,8,5,0,0,28,0,4,0,11,14,23,1,0,0,15,0,0,0,0,0,0,0,0,0,0,0],[0,124,0,0,0,0,44,0,2,0,1,12,35,0,0,0,22,0,0,0,0,0,0,0,0,0,0,0],[1,169,11,2,0,0,27,0,7,0,13,4,6,0,0,0,4,0,0,0,0,0,0,0,0,0,0,1],[2,147,10,21,0,0,7,0,1,0,10,3,4,0,0,0,8,0,0,0,0,0,0,0,0,0,0,2],[1,171,6,9,0,1,2,0,0,0,12,1,11,0,0,0,10,0,0,0,0,0,0,0,0,0,0,0],[0,79,2,1,0,0,39,0,1,0,3,3,15,0,0,0,30,0,0,0,0,0,0,0,0,0,0,0],[2,87,6,2,0,0,10,0,2,0,4,0,2,0,0,0,4,0,0,0,0,0,0,0,0,0,0,0],[1,71,4,6,0,0,12,0,6,1,6,0,9,0,0,0,11,0,0,0,0,0,0,0,0,0,0,1],[0,79,1,2,0,0,11,0,2,0,4,1,9,0,0,0,10,0,0,0,0,0,0,0,0,0,0,0],[0,91,2,2,0,0,6,0,4,0,4,2,7,0,0,0,7,0,0,0,0,0,0,0,0,0,0,0],[1,86,3,1,0,0,6,0,2,0,6,3,9,0,0,0,11,0,0,0,0,0,0,0,0,0,0,0],[1,85,5,5,0,0,0,0,2,0,10,0,0,0,0,0,8,0,0,0,0,0,0,0,0,0,0,0],[2,63,2,1,0,0,7,0,0,1,1,6,6,0,0,0,4,0,0,0,0,0,0,0,0,0,0,0],[1,73,1,2,0,0,2,0,0,0,3,0,1,0,0,0,2,0,0,0,0,0,0,0,0,0,0,0],[2,48,2,5,0,0,0,0,1,0,6,0,1,0,0,0,1,0,0,0,0,0,0,0,0,0,0,0],[1,52,1,0,0,0,2,0,2,0,3,0,4,0,0,0,6,0,0,0,0,0,0,0,0,0,0,0],[2,31,2,2,0,0,5,0,8,0,2,2,2,0,0,0,1,0,0,0,0,0,0,0,0,0,0,5]]}