{"Accuracy":0.12175102599179206,"Precision":0.08523847679956127,"Recall":0.12175102599179206,"F1 Score":0.064164025099886,"Adjusted Rand Index":0.009828958640548544,"Precision by cluster":[0.05263157894736842,0.09486725663716813,0.22807017543859648,0.06790123456790123,0.0,0.0,0.40641711229946526,0.0,0.14492753623188406,0.0,0.0851063829787234,0.22666666666666666,0.13986013986013987,0.0,0.0,0.0,0.07333333333333333,0.0,0.0,0.0,0.0,0.0,0.0,0.0,0.0,0.0,0.0,0.3],"Recall by cluster":[0.0015552099533437014,0.849445324881141,0.0425531914893617,0.022448979591836733,0.0,0.0,0.5643564356435643,0.0,0.03215434083601286,0.0,0.057971014492753624,0.06513409961685823,0.08333333333333333,0.0,0.0,0.0,0.12716763005780346,0.0,0.0,0.0,0.0,0.0,0.0,0.0,0.0,0.0,0.0,0.04838709677419355],"F1 score by cluster":[0.0030211480362537764,0.17067345964018468,0.07172413793103448,0.03374233128834356,0.0,0.0,0.47253886010362695,0.0,0.05263157894736842,0.0,0.06896551724137931,0.10119047619047619,0.10443864229765012,0.0,0.0,0.0,0.09302325581395349,0.0,0.0,0.0,0.0,0.0,0.0,0.0,0.0,0.0,0.0,0.08333333333333333],"confusion_matrix":[[1,538,7,22,0,1,26,0,5,0,15,3,6,1,0,0,18,0,0,0,0,0,0,0,0,0,0,0],[0,536,3,13,0,0,20,0,5,0,16,0,12,1,0,0,25,0,0,0,0,0,0,0,0,0,0,0],[4,492,26,26,0,2,6,0,3,0,22,4,9,1,0,0,15,0,0,0,0,0,0,0,0,0,0,1],[1,418,2,11,0,1,4,0,1,0,19,4,11,0,0,0,18,0,0,0,0,0,0,0,0,0,0,0],[2,380,13,10,0,0,6,0,2,1,9,1,2,0,0,0,17,0,0,0,0,0,0,0,0,0,0,1],[2,390,4,14,0,0,0,0,2,1,10,2,3,0,0,0,8,0,0,0,0,0,0,0,0,0,0,0],[0,138,4,2,0,0,228,0,0,0,7,2,14,0,0,0,9,0,0,0,0,0,0,0,0,0,0,0],[0,242,12,12,0,2,2,0,1,0,14,7,4,0,0,0,16,0,0,0,0,0,0,0,0,0,0,0],[3,236,3,2,0,1,22,0,10,0,1,1,9,3,0,0,18,0,0,0,0,0,0,0,0,0,0,2],[0,239,6,4,0,0,4,0,1,0,8,1,1,0,0,0,18,0,0,0,0,0,0,0,0,0,0,0],[0,223,1,1,0,0,19,0,3,0,16,1,7,0,0,0,5,0,0,0,0,0,0,0,0,0,0,0],[1,171,1,5,0,0,31,0,2,0,8,17,11,2,0,0,12,0,0,0,0,0,0,0,0,0,0,0],[0,131,0,1,0,0,46,0,3,0,2,10,20,0,0,0,27,0,0,0,0,0,0,0,0,0,0,0],[0,187,5,2,0,0,28,0,8,0,3,4,4,0,0,0,3,0,0,0,0,0,0,0,0,0,0,1],[0,169,7,8,0,2,8,0,2,0,8,2,2,0,0,0,6,0,0,0,0,0,0,0,0,0,0,1],[0,186,2,6,0,0,3,0,0,0,9,0,3,0,0,0,15,0,0,0,0,0,0,0,0,0,0,0],[1,99,1,1,0,0,37,0,0,0,1,3,8,0,0,0,22,0,0,0,0,0,0,0,0,0,0,0],[1,97,4,2,0,0,11,0,0,0,2,0,0,0,0,0,2,0,0,0,0,0,0,0,0,0,0,0],[1,93,2,2,0,0,15,0,5,0,1,1,2,0,0,0,6,0,0,0,0,0,0,0,0,0,0,0],[0,93,0,3,0,0,14,0,3,0,2,0,3,0,0,0,1,0,0,0,0,0,0,0,0,0,0,0],[0,97,0,1,0,0,7,0,3,0,3,2,4,0,0,0,8,0,0,0,0,0,0,0,0,0,0,0],[0,102,1,1,0,0,7,0,0,0,3,2,2,0,0,0,10,0,0,0,0,0,0,0,0,0,0,0],[0,100,3,6,0,0,0,0,0,0,3,0,0,0,0,0,3,0,0,0,0,0,0,0,0,0,0,1],[0,69,2,1,0,0,7,0,0,0,1,4,3,0,0,0,6,0,0,0,0,0,0,0,0,0,0,0],[0,74,1,1,0,0,2,0,0,0,4,1,1,0,0,0,1,0,0,0,0,0,0,0,0,0,0,0],[2,59,0,4,0,0,0,0,0,0,0,0,0,0,0,0,1,0,0,0,0,0,0,0,0,0,0,0],[0,60,0,0,0,0,2,0,0,0,1,1,1,0,0,0,6,0,0,0,0,0,0,0,0,0,0,0],[0,31,4,1,0,0,6,0,10,0,0,2,1,0,0,0,4,0,0,0,0,0,0,0,0,0,0,3]]}