{"Accuracy":0.07373461012311902,"Precision":0.09200512451909919,"Recall":0.07373461012311902,"F1 Score":0.03220059539740091,"Adjusted Rand Index":0.013549677079608333,"Precision by cluster":[0.0547945205479452,0.09927967428750391,0.1,0.0935672514619883,0.0,0.06666666666666667,0.6666666666666666,0.0,0.05066344993968637,0.08695652173913043,0.04517221908526256,0.25,0.0,0.05501618122977346,0.058823529411764705,0.0,0.05973715651135006,0.0,0.0,0.125,0.0,0.0,0.0,0.0,0.0,0.0,0.0,0.0],"Recall by cluster":[0.006220839813374806,0.5023771790808241,0.0016366612111292963,0.0326530612244898,0.0,0.0022935779816513763,0.0049504950495049506,0.0,0.13504823151125403,0.02127659574468085,0.2898550724637681,0.0038314176245210726,0.0,0.06938775510204082,0.004651162790697674,0.0,0.28901734104046245,0.0,0.0,0.008403361344537815,0.0,0.0,0.0,0.0,0.0,0.0,0.0,0.0],"F1 score by cluster":[0.0111731843575419,0.16579497907949792,0.00322061191626409,0.048411497730711045,0.0,0.004434589800443459,0.009828009828009828,0.0,0.07368421052631578,0.03418803418803419,0.07816316560820713,0.007547169811320755,0.0,0.061371841155234655,0.008620689655172414,0.0,0.09900990099009901,0.0,0.0,0.015748031496062992,0.0,0.0,0.0,0.0,0.0,0.0,0.0,0.0],"confusion_matrix":[[4,286,2,23,0,2,0,0,42,8,173,1,0,43,1,0,58,0,0,0,0,0,0,0,0,0,0,0],[3,317,0,15,0,3,0,0,41,6,153,0,0,28,0,0,64,0,0,1,0,0,0,0,0,0,0,0],[15,290,1,23,0,1,0,0,14,3,171,0,0,35,6,0,52,0,0,0,0,0,0,0,0,0,0,0],[7,230,0,16,0,0,0,0,11,8,147,0,0,13,0,0,56,0,0,2,0,0,0,0,0,0,0,0],[10,220,2,8,0,0,0,0,10,6,123,0,0,22,2,0,41,0,0,0,0,0,0,0,0,0,0,0],[4,202,0,14,0,1,0,0,2,5,150,0,0,20,0,0,38,0,0,0,0,0,0,0,0,0,0,0],[0,77,0,3,0,1,2,0,249,0,37,0,0,7,0,0,28,0,0,0,0,0,0,0,0,0,0,0],[2,148,1,12,0,1,0,0,6,4,101,0,0,5,1,0,29,0,0,2,0,0,0,0,0,0,0,0],[2,139,1,12,0,0,0,0,42,2,44,1,0,17,4,0,47,0,0,0,0,0,0,0,0,0,0,0],[3,120,1,7,0,1,0,0,12,6,89,0,0,10,0,0,33,0,0,0,0,0,0,0,0,0,0,0],[1,131,0,1,0,0,0,0,36,0,80,0,0,7,0,0,20,0,0,0,0,0,0,0,0,0,0,0],[2,95,0,0,0,1,0,0,49,2,41,1,1,14,0,0,54,0,0,1,0,0,0,0,0,0,0,0],[2,64,0,2,0,0,0,0,74,4,25,0,0,0,0,0,69,0,0,0,0,0,0,0,0,0,0,0],[0,109,0,3,0,0,0,0,39,0,58,1,0,17,0,0,18,0,0,0,0,0,0,0,0,0,0,0],[1,107,0,6,0,0,0,0,14,1,55,0,0,4,1,0,26,0,0,0,0,0,0,0,0,0,0,0],[4,111,0,8,0,2,0,0,5,1,60,0,0,7,0,0,26,0,0,0,0,0,0,0,0,0,0,0],[0,44,0,0,0,0,0,0,51,2,25,0,0,1,0,0,50,0,0,0,0,0,0,0,0,0,0,0],[4,57,0,1,0,0,0,0,13,0,24,0,0,11,0,0,9,0,0,0,0,0,0,0,0,0,0,0],[0,55,0,2,0,0,0,0,26,5,18,0,0,6,1,0,15,0,0,0,0,0,0,0,0,0,0,0],[2,58,0,2,0,0,0,0,21,0,23,0,0,1,0,0,11,0,0,1,0,0,0,0,0,0,0,0],[0,60,0,2,0,2,0,0,14,2,23,0,0,9,0,0,13,0,0,0,0,0,0,0,0,0,0,0],[1,56,0,0,0,0,0,0,16,1,27,0,0,2,0,0,24,0,0,1,0,0,0,0,0,0,0,0],[3,60,0,2,0,0,0,0,3,1,33,0,0,4,1,0,9,0,0,0,0,0,0,0,0,0,0,0],[1,39,1,3,0,0,1,0,10,0,17,0,0,7,0,0,14,0,0,0,0,0,0,0,0,0,0,0],[0,41,0,3,0,0,0,0,3,0,27,0,0,4,0,0,7,0,0,0,0,0,0,0,0,0,0,0],[0,36,0,2,0,0,0,0,0,1,18,0,0,6,0,0,3,0,0,0,0,0,0,0,0,0,0,0],[2,30,0,1,0,0,0,0,6,1,13,0,0,2,0,0,16,0,0,0,0,0,0,0,0,0,0,0],[0,11,1,0,0,0,0,0,20,0,16,0,0,7,0,0,7,0,0,0,0,0,0,0,0,0,0,0]]}