{"Accuracy":0.1228454172366621,"Precision":0.058730004687676536,"Recall":0.1228454172366621,"F1 Score":0.05566654946144216,"Adjusted Rand Index":0.017820243763228088,"Precision by cluster":[0.10059171597633136,0.13953488372093023,0.10483703549927341,0.09859154929577464,0.0,0.04,0.2672955974842767,0.0,0.0,0.0,0.0,0.078125,0.07669172932330827,0.0,0.0,0.0,0.0,0.0,0.0,0.0,0.0,0.0,0.0,0.0,0.0,0.0,0.0,0.0],"Recall by cluster":[0.07931570762052877,0.028526148969889066,0.8265139116202946,0.014285714285714285,0.0,0.0022935779816513763,0.6311881188118812,0.0,0.0,0.0,0.0,0.038314176245210725,0.2125,0.0,0.0,0.0,0.0,0.0,0.0,0.0,0.0,0.0,0.0,0.0,0.0,0.0,0.0,0.0],"F1 score by cluster":[0.08869565217391304,0.04736842105263158,0.18607221812822403,0.024955436720142603,0.0,0.004338394793926247,0.3755522827687776,0.0,0.0,0.0,0.0,0.05141388174807198,0.112707182320442,0.0,0.0,0.0,0.0,0.0,0.0,0.0,0.0,0.0,0.0,0.0,0.0,0.0,0.0,0.0],"confusion_matrix":[[51,13,462,9,0,1,50,0,1,0,0,14,42,0,0,0,0,0,0,0,0,0,0,0,0,0,0,0],[58,18,434,9,0,4,44,0,0,0,0,11,53,0,0,0,0,0,0,0,0,0,0,0,0,0,0,0],[27,2,505,4,0,1,18,0,0,0,0,10,44,0,0,0,0,0,0,0,0,0,0,0,0,0,0,0],[36,3,374,7,0,1,21,0,2,0,0,9,37,0,0,0,0,0,0,0,0,0,0,0,0,0,0,0],[25,13,345,1,0,5,14,0,2,0,0,5,34,0,0,0,0,0,0,0,0,0,0,0,0,0,0,0],[27,8,362,3,0,1,8,0,1,0,0,2,24,0,0,0,0,0,0,0,0,0,0,0,0,0,0,0],[15,1,108,1,0,0,255,0,1,0,0,5,18,0,0,0,0,0,0,0,0,0,0,0,0,0,0,0],[14,0,243,1,0,0,9,0,0,0,0,5,40,0,0,0,0,0,0,0,0,0,0,0,0,0,0,0],[27,7,177,6,0,2,45,0,0,0,0,8,39,0,0,0,0,0,0,0,0,0,0,0,0,0,0,0],[18,0,210,4,0,1,13,0,1,0,0,6,29,0,0,0,0,0,0,0,0,0,0,0,0,0,0,0],[26,12,169,3,0,0,43,0,1,0,0,3,19,0,0,0,0,0,0,0,0,0,0,0,0,0,0,0],[19,6,131,1,0,0,67,0,0,0,0,10,27,0,0,0,0,0,0,0,0,0,0,0,0,0,0,0],[14,1,60,0,0,0,99,0,0,0,0,15,51,0,0,0,0,0,0,0,0,0,0,0,0,0,0,0],[18,10,153,1,0,1,38,0,1,0,0,4,19,0,0,0,0,0,0,0,0,0,0,0,0,0,0,0],[14,1,167,2,0,1,16,0,3,0,0,1,10,0,0,0,0,0,0,0,0,0,0,0,0,0,0,0],[13,0,172,2,0,3,10,0,0,0,0,2,22,0,0,0,0,0,0,0,0,0,0,0,0,0,0,0],[15,0,43,1,0,1,66,0,0,0,0,9,38,0,0,0,0,0,0,0,0,0,0,0,0,0,0,0],[6,4,79,2,0,1,13,0,0,0,0,1,13,0,0,0,0,0,0,0,0,0,0,0,0,0,0,0],[12,3,74,1,0,0,24,0,0,0,0,0,14,0,0,0,0,0,0,0,0,0,0,0,0,0,0,0],[11,5,69,0,0,0,25,0,0,0,0,1,8,0,0,0,0,0,0,0,0,0,0,0,0,0,0,0],[20,6,63,3,0,1,16,0,0,0,0,1,15,0,0,0,0,0,0,0,0,0,0,0,0,0,0,0],[11,0,73,4,0,0,22,0,1,0,0,2,15,0,0,0,0,0,0,0,0,0,0,0,0,0,0,0],[8,1,96,0,0,0,1,0,0,0,0,0,10,0,0,0,0,0,0,0,0,0,0,0,0,0,0,0],[7,4,52,2,0,0,15,0,0,0,0,1,12,0,0,0,0,0,0,0,0,0,0,0,0,0,0,0],[3,4,67,2,0,0,3,0,0,0,0,0,6,0,0,0,0,0,0,0,0,0,0,0,0,0,0,0],[2,1,57,0,0,0,0,0,0,0,0,0,6,0,0,0,0,0,0,0,0,0,0,0,0,0,0,0],[7,3,37,1,0,0,6,0,0,0,0,0,17,0,0,0,0,0,0,0,0,0,0,0,0,0,0,0],[3,3,35,1,0,1,13,0,0,0,0,3,3,0,0,0,0,0,0,0,0,0,0,0,0,0,0,0]]}