{"Accuracy":0.1548563611491108,"Precision":0.08941900439824498,"Recall":0.1548563611491108,"F1 Score":0.09686751563568302,"Adjusted Rand Index":0.033086292826306256,"Precision by cluster":[0.08016032064128256,0.14991577765300393,0.1736842105263158,0.10326086956521739,0.075,0.08879184861717612,0.35467980295566504,0.10714285714285714,0.14,0.0,0.0,0.0,0.16055045871559634,0.0,0.0,0.0,0.0,0.0,0.0,0.0,0.0,0.0,0.0,0.0,0.0,0.0,0.0,0.5],"Recall by cluster":[0.1322314049586777,0.4517766497461929,0.5771065182829889,0.1089866156787763,0.006741573033707865,0.13958810068649885,0.5885558583106267,0.01875,0.02280130293159609,0.0,0.0,0.0,0.29045643153526973,0.0,0.0,0.0,0.0,0.0,0.0,0.0,0.0,0.0,0.0,0.0,0.0,0.0,0.0,0.02857142857142857],"F1 score by cluster":[0.09981285090455397,0.2251264755480607,0.26700993012136814,0.10604651162790697,0.012371134020618556,0.10854092526690391,0.4426229508196721,0.031914893617021274,0.0392156862745098,0.0,0.0,0.0,0.206794682422452,0.0,0.0,0.0,0.0,0.0,0.0,0.0,0.0,0.0,0.0,0.0,0.0,0.0,0.0,0.05405405405405406],"confusion_matrix":[[80,154,206,45,2,67,29,3,2,0,0,0,15,2,0,0,0,0,0,0,0,0,0,0,0,0,0,0],[84,267,78,43,4,56,20,2,2,0,0,0,34,0,0,0,0,0,0,0,0,0,0,0,0,0,0,1],[68,66,363,46,6,46,9,10,4,0,0,0,11,0,0,0,0,0,0,0,0,0,0,0,0,0,0,0],[70,121,172,57,0,76,8,3,2,0,0,0,14,0,0,0,0,0,0,0,0,0,0,0,0,0,0,0],[72,72,195,23,3,53,8,2,5,0,0,0,11,1,0,0,0,0,0,0,0,0,0,0,0,0,0,0],[67,97,157,38,3,61,5,4,0,0,0,0,4,1,0,0,0,0,0,0,0,0,0,0,0,0,0,0],[18,64,22,9,0,15,216,1,0,0,0,1,21,0,0,0,0,0,0,0,0,0,0,0,0,0,0,0],[36,24,181,28,2,27,4,6,3,0,0,0,9,0,0,0,0,0,0,0,0,0,0,0,0,0,0,0],[44,81,63,21,3,15,32,2,7,0,0,0,39,0,0,0,0,0,0,0,0,0,0,0,0,0,0,0],[35,53,103,20,1,33,2,5,2,0,0,0,13,0,0,0,0,0,0,0,0,0,0,0,0,0,0,0],[38,100,26,19,2,20,23,0,0,0,0,0,18,0,0,0,0,0,0,0,0,0,0,0,0,0,0,0],[40,71,35,26,3,23,39,1,1,0,0,0,29,0,0,0,0,0,0,0,0,0,0,0,0,0,0,0],[28,40,12,18,0,6,66,1,0,0,0,0,70,0,0,0,0,0,0,0,0,0,0,0,0,0,0,0],[42,76,28,14,3,24,29,1,4,0,0,0,13,0,0,0,0,0,0,0,0,0,0,0,0,0,0,0],[30,46,82,15,2,28,12,2,5,0,0,0,13,1,0,0,0,0,0,0,0,0,0,0,0,0,0,0],[37,43,83,17,1,32,4,3,0,0,0,0,6,1,0,0,0,0,0,0,0,0,0,0,0,0,0,1],[26,44,14,18,1,10,25,1,0,0,0,0,45,0,0,0,0,0,0,0,0,0,0,0,0,0,0,0],[31,60,27,5,0,13,10,1,0,0,0,0,14,0,0,0,0,0,0,0,0,0,0,0,0,0,0,0],[25,36,43,9,0,7,7,2,3,0,0,0,14,0,0,0,0,0,0,0,0,0,0,0,0,0,0,0],[13,50,14,10,0,5,14,0,0,0,0,0,9,0,0,0,0,0,0,0,0,0,0,0,0,0,0,0],[16,37,12,11,1,10,14,1,0,0,0,0,9,0,0,0,0,0,0,0,0,0,0,0,0,0,0,0],[29,37,21,15,0,12,5,0,0,0,0,0,11,0,0,0,0,0,0,0,0,0,0,0,0,0,0,0],[14,21,37,8,3,11,0,2,0,0,0,0,0,0,0,0,0,0,0,0,0,0,0,0,0,0,0,0],[14,28,18,12,0,10,12,2,0,0,0,0,6,0,0,0,0,0,0,0,0,0,0,0,0,0,0,0],[9,31,29,7,0,11,4,1,0,0,0,0,1,0,0,0,0,0,0,0,0,0,0,0,0,0,0,0],[12,17,39,8,0,6,4,0,0,0,0,0,0,0,0,0,0,0,0,0,0,0,0,0,0,0,0,0],[11,25,11,9,0,9,2,0,0,0,0,0,5,0,0,0,0,0,0,0,0,0,0,0,0,0,0,0],[9,20,19,1,0,1,6,0,10,0,0,0,2,0,0,0,0,0,0,0,0,0,0,0,0,0,0,2]],"epoch_accuracies":[[0.07126897998267293,0.0974875746659979,0.10943413433039989,0.11422187770735488,0.11818886507683188,0.12470931558068488,0.12489170580456888,0.12990743696137888,0.13615430212940585,0.14094204550636086,0.14085085039441886,0.14431626464821484,0.14805526423783685,0.15270621494687886,0.15179426382745884,0.15744836076786284,0.16082257990971685,0.16105056768957185,0.16205371392093385,0.16488076239113583,0.16934932287629384,0.17290593224203182,0.17655373671971183,0.17632574893985684,0.17824084629063883,0.1817974556563768,0.18403173589895583,0.18562765035794082,0.19219369841776482,0.19269527153344582],[0.11272229822161423,0.11340629274965801,0.1277701778385773,0.13885088919288646,0.14186046511627906,0.1439124487004104,0.14049247606019152,0.14719562243502052,0.14733242134062927,0.14993160054719562,0.15471956224350206,0.15690834473324214,0.1538987688098495,0.1575923392612859,0.16101231190150478,0.1588235294117647,0.16142270861833105,0.1585499316005472,0.16196990424076607,0.16060191518467853,0.15786593707250343,0.15813953488372093,0.16046511627906976,0.1573187414500684,0.1585499316005472,0.1588235294117647,0.15718194254445964,0.15813953488372093,0.15430916552667578,0.1548563611491108]]}