{"Accuracy":0.16085350841198195,"Precision":0.08411233546669997,"Recall":0.16085350841198195,"F1 Score":0.08890180975560932,"Adjusted Rand Index":0.03212222866634354,"Precision by cluster":[0.08974358974358974,0.14668769716088328,0.17601170160897123,0.10194730813287514,0.0,0.10897435897435898,0.325,0.0,0.3333333333333333,0.0,0.0,0.0,0.13043478260869565,0.0,0.0,0.0,0.0,0.0,0.0,0.0,0.0,0.0,0.0,0.0,0.0,0.0,0.0,0.2],"Recall by cluster":[0.04409448818897638,0.6019417475728155,0.6245674740484429,0.178714859437751,0.0,0.03794642857142857,0.5517241379310345,0.0,0.0176678445229682,0.0,0.0,0.0,0.36186770428015563,0.0,0.0,0.0,0.0,0.0,0.0,0.0,0.0,0.0,0.0,0.0,0.0,0.0,0.0,0.038461538461538464],"F1 score by cluster":[0.059134107708553325,0.23589093214965123,0.27462913655382276,0.12983223924142961,0.0,0.056291390728476824,0.40904621435594885,0.0,0.03355704697986577,0.0,0.0,0.0,0.19175257731958764,0.0,0.0,0.0,0.0,0.0,0.0,0.0,0.0,0.0,0.0,0.0,0.0,0.0,0.0,0.06451612903225806],"confusion_matrix":[[28,222,208,84,0,16,34,0,1,0,0,0,42,0,0,0,0,0,0,0,0,0,0,0,0,0,0,0],[24,372,64,69,0,13,28,0,0,0,0,0,48,0,0,0,0,0,0,0,0,0,0,0,0,0,0,0],[25,99,361,55,0,13,5,0,0,0,0,0,20,0,0,0,0,0,0,0,0,0,0,0,0,0,0,0],[25,187,151,89,0,12,7,0,0,0,0,0,27,0,0,0,0,0,0,0,0,0,0,0,0,0,0,0],[22,115,193,54,0,15,8,0,2,0,0,0,18,0,0,0,0,0,0,0,0,0,0,0,0,0,0,2],[25,160,154,74,0,17,3,0,0,0,0,0,15,0,0,0,0,0,0,0,0,0,0,0,0,0,0,0],[4,79,21,17,0,2,208,0,0,0,0,0,46,0,0,0,0,0,0,0,0,0,0,0,0,0,0,0],[13,40,189,35,0,4,4,0,0,0,0,0,28,0,0,0,0,0,0,0,0,0,0,0,0,0,0,0],[11,99,70,23,0,1,24,0,5,0,0,0,46,0,0,0,0,0,0,0,0,0,0,0,0,0,0,4],[18,91,109,44,0,7,4,0,0,0,0,0,24,0,0,0,0,0,0,0,0,0,0,0,0,0,0,0],[8,157,27,30,0,7,29,0,0,0,0,0,33,0,0,0,0,0,0,0,0,0,0,0,0,0,0,0],[14,95,25,33,0,7,45,0,1,0,0,0,44,0,0,0,0,0,0,0,0,0,0,0,0,0,0,0],[4,53,4,23,0,1,79,0,0,0,0,0,93,0,0,0,0,0,0,0,0,0,0,0,0,0,0,0],[9,105,35,31,0,4,24,0,2,0,0,0,24,0,0,0,0,0,0,0,0,0,0,0,0,0,0,4],[6,77,85,23,0,7,8,0,0,0,0,0,14,0,0,0,0,0,0,0,0,0,0,0,0,0,0,2],[13,73,78,31,0,5,5,0,0,0,0,0,13,0,0,0,0,0,0,0,0,0,0,0,0,0,0,0],[3,51,11,9,0,1,41,0,0,0,0,0,56,0,0,0,0,0,0,0,0,0,0,0,0,0,0,0],[11,57,30,15,0,4,13,0,0,0,0,0,7,0,0,0,0,0,0,0,0,0,0,0,0,0,0,0],[5,43,33,18,0,2,16,0,0,0,0,0,13,0,0,0,0,0,0,0,0,0,0,0,0,0,0,0],[3,63,16,13,0,0,11,0,0,0,0,0,16,0,0,0,0,0,0,0,0,0,0,0,0,0,0,0],[5,69,16,7,0,2,12,0,0,0,0,0,15,0,0,0,0,0,0,0,0,0,0,0,0,0,0,0],[8,49,22,20,0,2,6,0,0,0,0,0,19,0,0,0,0,0,0,0,0,0,0,0,0,0,0,0],[6,27,39,16,0,5,0,0,0,0,0,0,4,0,0,0,0,0,0,0,0,0,0,0,0,0,0,0],[6,31,10,13,0,6,10,0,0,0,0,0,21,0,0,0,0,0,0,0,0,0,0,0,0,0,0,0],[4,33,21,15,0,0,3,0,0,0,0,0,1,0,0,0,0,0,0,0,0,0,0,0,0,0,0,0],[5,25,43,13,0,2,0,0,0,0,0,0,4,0,0,0,0,0,0,0,0,0,0,0,0,0,0,0],[2,42,14,11,0,0,7,0,0,0,0,0,15,0,0,0,0,0,0,0,0,0,0,0,0,0,0,0],[5,22,22,8,0,1,6,0,4,0,0,0,7,0,0,0,0,0,0,0,0,0,0,0,0,0,0,3]],"epoch_accuracies":[[0.086593707250342,0.10177838577291382,0.11162790697674418,0.11481988144094847,0.12074783401732786,0.12065663474692202,0.12713178294573643,0.1282717738258094,0.13169174646602827,0.13410852713178295,0.13347013223894208,0.13885088919288646,0.13894208846329228,0.1401732786137711,0.14204286365709073,0.14423164614683082,0.14601003191974465,0.14395804833561332,0.1471500227998176,0.14901960784313725,0.1498404012767898,0.15166438668490653,0.15166438668490653,0.15271317829457365,0.15444596443228453,0.1555859553123575,0.1555859553123575,0.15430916552667578,0.15449156406748746,0.15595075239398085],[0.11407468198604842,0.11120229790726303,0.128846942962659,0.13746409519901517,0.12009301053207495,0.13855833675283818,0.1425249623854466,0.14279852277390234,0.1436192039392696,0.14184106141430722,0.14539734646423197,0.1458076870469156,0.14225140199699082,0.1470387087949665,0.14936397209684038,0.15182601559294215,0.14840651073724526,0.15387771850636028,0.1531938175352209,0.15893858569279168,0.15401449870058814,0.15757078375051292,0.1560662016140063,0.15866502530433593,0.1598960470523868,0.1564765421966899,0.15442483928327178,0.1611270688004377,0.15880180549856382,0.16317877171385584]]}