{"Accuracy":0.14377564979480165,"Precision":0.12100742625029785,"Recall":0.14377564979480165,"F1 Score":0.11600240373263984,"Adjusted Rand Index":0.027911897888776776,"Precision by cluster":[0.10179640718562874,0.12413793103448276,0.19006982156710628,0.11495673671199011,0.1724137931034483,0.10382513661202186,0.5165745856353591,0.10077519379844961,0.12429378531073447,0.08823529411764706,0.0880893300248139,0.1792452830188679,0.13231552162849872,0.09495548961424333,0.0,0.0,0.09656652360515021,0.0,0.0,0.0,0.0,0.0,0.0,0.0,0.0,0.0,0.0,0.0],"Recall by cluster":[0.18506998444790046,0.19968304278922344,0.40098199672667756,0.18979591836734694,0.01126126126126126,0.04357798165137615,0.4628712871287129,0.041666666666666664,0.0707395498392283,0.010638297872340425,0.2572463768115942,0.07279693486590039,0.21666666666666667,0.1306122448979592,0.0,0.0,0.26011560693641617,0.0,0.0,0.0,0.0,0.0,0.0,0.0,0.0,0.0,0.0,0.0],"F1 score by cluster":[0.13134657836644592,0.15309842041312272,0.2578947368421053,0.14318706697459585,0.021141649048625793,0.061389337641357025,0.48825065274151436,0.05895691609977324,0.09016393442622951,0.0189873417721519,0.13123844731977818,0.10354223433242507,0.16429699842022116,0.10996563573883161,0.0,0.0,0.14084507042253522,0.0,0.0,0.0,0.0,0.0,0.0,0.0,0.0,0.0,0.0,0.0],"confusion_matrix":[[119,86,137,73,1,23,11,18,13,4,68,3,25,36,0,0,26,0,0,0,0,0,0,0,0,0,0,0],[128,126,46,68,0,7,8,4,15,2,97,6,27,44,0,0,52,0,1,0,0,0,0,0,0,0,0,0],[83,58,245,80,4,17,1,19,9,0,45,5,13,15,0,0,16,0,1,0,0,0,0,0,0,0,0,0],[100,54,72,93,4,13,0,5,1,3,89,7,14,13,0,0,22,0,0,0,0,0,0,0,0,0,0,0],[74,60,113,56,5,13,1,11,10,3,47,2,7,25,0,0,17,0,0,0,0,0,0,0,0,0,0,0],[88,55,83,81,2,19,0,9,3,1,47,3,7,26,0,0,12,0,0,0,0,0,0,0,0,0,0,0],[35,33,19,6,0,3,187,1,12,1,24,3,43,16,0,0,21,0,0,0,0,0,0,0,0,0,0,0],[42,21,141,37,2,12,1,13,4,2,14,5,5,3,0,0,10,0,0,0,0,0,0,0,0,0,0,0],[53,42,49,18,0,7,12,1,22,0,22,1,27,15,0,0,42,0,0,0,0,0,0,0,0,0,0,0],[55,34,53,41,2,10,2,14,2,3,23,2,9,16,0,0,16,0,0,0,0,0,0,0,0,0,0,0],[44,55,13,23,0,2,18,1,8,1,71,5,12,4,0,0,19,0,0,0,0,0,0,0,0,0,0,0],[34,33,22,19,1,2,19,1,4,0,29,19,29,19,0,0,28,0,1,0,0,0,0,1,0,0,0,0],[16,46,11,6,0,1,24,2,8,3,13,15,52,3,0,0,40,0,0,0,0,0,0,0,0,0,0,0],[28,47,25,12,0,4,21,1,10,2,36,4,14,32,0,0,9,0,0,0,0,0,0,0,0,0,0,0],[36,25,56,27,1,6,5,4,4,0,20,7,7,9,0,0,8,0,0,0,0,0,0,0,0,0,0,0],[48,32,51,29,1,13,2,6,0,0,20,2,5,7,0,0,8,0,0,0,0,0,0,0,0,0,0,0],[15,27,12,7,0,1,14,1,10,0,11,0,28,1,0,0,45,0,1,0,0,0,0,0,0,0,0,0],[18,19,18,9,0,7,8,1,1,1,17,0,3,13,0,0,4,0,0,0,0,0,0,0,0,0,0,0],[12,25,23,12,1,3,5,1,12,1,10,0,10,2,0,0,11,0,0,0,0,0,0,0,0,0,0,0],[23,21,6,11,0,5,9,1,4,1,16,2,11,2,0,0,7,0,0,0,0,0,0,0,0,0,0,0],[18,29,5,15,1,1,2,1,4,0,15,1,10,11,0,0,12,0,0,0,0,0,0,0,0,0,0,0],[18,18,13,16,2,3,3,1,4,1,13,4,15,4,0,0,12,0,1,0,0,0,0,0,0,0,0,0],[30,11,24,25,0,5,0,1,1,1,8,0,1,4,0,0,5,0,0,0,0,0,0,0,0,0,0,0],[16,13,12,11,0,1,4,3,1,0,7,6,7,7,0,0,5,0,0,0,0,0,0,0,0,0,0,0],[19,16,9,14,0,2,1,3,1,3,13,0,2,1,0,0,1,0,0,0,0,0,0,0,0,0,0,0],[7,4,20,10,1,3,0,4,0,1,10,0,0,3,0,0,3,0,0,0,0,0,0,0,0,0,0,0],[9,17,5,5,0,0,1,1,0,0,15,2,5,2,0,0,9,0,0,0,0,0,0,0,0,0,0,0],[1,8,6,5,1,0,3,1,14,0,6,2,5,4,0,0,6,0,0,0,0,0,0,0,0,0,0,0]]}