{"Accuracy":0.1548563611491108,"Precision":0.12211142406501097,"Recall":0.1548563611491108,"F1 Score":0.11910003873681153,"Adjusted Rand Index":0.03426402057834137,"Precision by cluster":[0.10920770877944326,0.14457831325301204,0.19029374201787994,0.0977948226270374,0.057692307692307696,0.10952380952380952,0.3996383363471971,0.08270676691729323,0.11904761904761904,0.11976047904191617,0.13945578231292516,0.21686746987951808,0.1352112676056338,0.10638297872340426,0.2,0.0,0.08188976377952756,0.0,0.0,0.0,0.0,0.0,0.0,0.0,0.0,0.0,0.0,0.4],"Recall by cluster":[0.07931570762052877,0.30427892234548337,0.4877250409165303,0.20816326530612245,0.006756756756756757,0.052752293577981654,0.5470297029702971,0.035256410256410256,0.09646302250803858,0.07092198581560284,0.14855072463768115,0.06896551724137931,0.2,0.061224489795918366,0.004651162790697674,0.0,0.30057803468208094,0.0,0.0,0.0,0.0,0.0,0.0,0.0,0.0,0.0,0.0,0.0967741935483871],"F1 score by cluster":[0.0918918918918919,0.19601837672281777,0.27377124483233806,0.13307240704500978,0.012096774193548387,0.07120743034055728,0.4618599791013584,0.04943820224719101,0.10657193605683836,0.08908685968819599,0.14385964912280702,0.10465116279069768,0.16134453781512606,0.07772020725388601,0.00909090909090909,0.0,0.12871287128712872,0.0,0.0,0.0,0.0,0.0,0.0,0.0,0.0,0.0,0.0,0.15584415584415584],"confusion_matrix":[[51,131,165,95,5,22,17,14,20,14,27,5,17,16,1,0,43,0,0,0,0,0,0,0,0,0,0,0],[42,192,64,100,2,10,22,8,10,17,42,7,31,15,0,0,67,0,2,0,0,0,0,0,0,0,0,0],[28,64,298,88,7,19,9,15,11,7,13,4,14,7,1,0,23,0,0,0,0,0,0,2,0,0,0,1],[46,89,92,102,3,17,11,7,6,19,31,6,18,5,0,0,38,0,0,0,0,0,0,0,0,0,0,0],[37,74,134,84,3,20,8,14,10,11,11,1,11,7,0,0,17,0,0,0,0,0,0,0,0,0,0,2],[31,87,108,93,5,23,2,10,3,16,10,4,11,9,0,0,23,0,1,0,0,0,0,0,0,0,0,0],[12,40,24,18,1,4,221,1,17,2,9,3,15,5,0,0,32,0,0,0,0,0,0,0,0,0,0,0],[16,26,155,41,3,11,5,11,4,9,2,5,4,2,1,0,17,0,0,0,0,0,0,0,0,0,0,0],[17,53,54,25,2,12,18,3,30,6,9,1,19,11,0,0,47,0,1,0,0,0,0,0,0,0,0,3],[17,43,65,58,1,8,5,8,5,20,10,2,7,6,0,0,27,0,0,0,0,0,0,0,0,0,0,0],[23,79,14,31,2,6,22,0,9,9,41,0,14,2,0,0,23,0,1,0,0,0,0,0,0,0,0,0],[15,53,14,32,0,4,28,4,12,2,6,18,33,11,0,0,28,0,0,0,0,1,0,0,0,0,0,0],[12,31,13,9,0,1,41,3,17,5,3,6,48,0,0,0,49,0,1,0,0,0,0,1,0,0,0,0],[16,58,25,32,0,7,36,1,11,2,12,1,13,15,1,0,14,0,0,0,0,0,0,0,0,0,0,1],[8,36,61,40,4,7,11,6,6,2,6,1,10,3,1,0,12,0,0,0,0,0,0,0,0,0,0,1],[12,37,77,40,1,9,5,7,1,5,5,2,6,4,0,0,13,0,0,0,0,0,0,0,0,0,0,0],[8,13,12,7,1,0,26,1,23,0,5,1,23,1,0,0,52,0,0,0,0,0,0,0,0,0,0,0],[5,33,27,15,0,4,9,0,2,1,4,0,4,5,0,0,10,0,0,0,0,0,0,0,0,0,0,0],[9,20,28,13,3,2,6,4,18,0,4,0,6,1,0,0,13,0,0,0,0,0,0,0,0,0,0,1],[11,31,9,14,1,2,10,1,8,3,8,1,11,1,0,0,8,0,0,0,0,0,0,0,0,0,0,0],[7,36,11,13,0,3,8,2,5,1,7,2,4,5,0,0,21,0,0,0,0,0,0,0,0,0,0,0],[7,17,14,21,3,1,11,2,6,3,5,6,12,2,0,0,18,0,0,0,0,0,0,0,0,0,0,0],[10,15,38,21,1,7,2,4,1,4,2,2,1,0,0,0,8,0,0,0,0,0,0,0,0,0,0,0],[6,20,9,10,0,1,9,2,3,2,4,4,7,4,0,0,12,0,0,0,0,0,0,0,0,0,0,0],[4,19,15,20,2,3,3,3,1,4,7,0,3,0,0,0,1,0,0,0,0,0,0,0,0,0,0,0],[5,8,27,10,1,5,0,1,2,2,1,0,1,2,0,0,1,0,0,0,0,0,0,0,0,0,0,0],[11,15,4,6,0,1,1,1,2,1,7,1,7,1,0,0,12,0,0,0,0,1,0,0,0,0,0,0],[1,8,9,5,1,1,7,0,9,0,3,0,5,1,0,0,6,0,0,0,0,0,0,0,0,0,0,6]]}