{"Accuracy":0.06634746922024624,"Precision":0.07013125302162426,"Recall":0.06634746922024624,"F1 Score":0.03485879846099952,"Adjusted Rand Index":0.013643407451828779,"Precision by cluster":[0.10382513661202186,0.10074626865671642,0.3333333333333333,0.06329113924050633,0.0,0.034482758620689655,0.0,0.0,0.04263565891472868,0.04956896551724138,0.04475043029259897,0.0,0.0,0.05862068965517241,0.0,0.0,0.07010309278350516,0.0,0.03896103896103896,0.3333333333333333,0.0,0.0,0.0,0.0,0.0,0.0,0.0,0.35294117647058826],"Recall by cluster":[0.029548989113530325,0.34231378763866877,0.008183306055646482,0.01020408163265306,0.0,0.0022935779816513763,0.0,0.0,0.0707395498392283,0.08156028368794327,0.47101449275362317,0.0,0.0,0.06938775510204082,0.0,0.0,0.19653179190751446,0.0,0.046875,0.008403361344537815,0.0,0.0,0.0,0.0,0.0,0.0,0.0,0.0967741935483871],"F1 score by cluster":[0.04600484261501211,0.15567567567567567,0.01597444089456869,0.01757469244288225,0.0,0.004301075268817204,0.0,0.0,0.053204353083434096,0.06166219839142091,0.0817353033637221,0.0,0.0,0.06355140186915888,0.0,0.0,0.1033434650455927,0.0,0.0425531914893617,0.01639344262295082,0.0,0.0,0.0,0.0,0.0,0.0,0.0,0.1518987341772152],"confusion_matrix":[[19,212,3,10,0,3,0,0,19,37,269,0,0,33,2,0,23,0,12,0,0,0,0,0,0,0,0,1],[20,216,0,6,0,0,0,0,15,50,244,0,0,27,0,0,42,0,11,0,0,0,0,0,0,0,0,0],[14,189,5,10,0,1,0,0,5,34,272,0,0,40,7,0,29,0,4,0,0,0,0,0,0,0,0,1],[16,134,1,5,0,3,0,0,7,20,254,0,0,13,0,0,36,0,0,1,0,0,0,0,0,0,0,0],[15,123,2,7,0,5,0,0,5,31,211,0,0,26,2,0,13,0,3,1,0,0,0,0,0,0,0,0],[15,137,0,10,0,1,0,0,1,19,222,0,0,20,0,0,11,0,0,0,0,0,0,0,0,0,0,0],[2,67,0,1,0,1,0,0,211,7,63,0,0,7,0,0,25,0,20,0,0,0,0,0,0,0,0,0],[11,86,3,2,0,2,0,0,4,29,151,0,0,4,1,0,16,0,2,0,0,0,0,0,0,0,0,1],[8,96,0,5,0,2,0,0,22,18,100,2,0,13,3,0,26,0,14,0,0,0,0,0,0,0,0,2],[5,81,0,6,0,1,0,0,3,23,132,0,0,10,1,0,16,0,4,0,0,0,0,0,0,0,0,0],[5,82,0,0,0,0,0,0,21,11,130,0,0,4,0,0,14,0,9,0,0,0,0,0,0,0,0,0],[0,79,0,0,0,0,0,0,24,17,71,0,1,14,0,0,46,0,9,0,0,0,0,0,0,0,0,0],[4,45,0,1,0,1,0,0,40,28,57,0,0,0,0,0,49,0,15,0,0,0,0,0,0,0,0,0],[3,82,0,1,0,0,0,0,30,3,91,1,0,17,0,0,11,0,4,0,0,0,0,0,0,0,0,2],[7,75,1,1,0,1,0,0,8,10,93,0,0,7,0,0,8,0,3,0,0,0,0,0,0,0,0,1],[9,79,0,0,0,6,0,0,3,19,94,0,0,6,0,0,8,0,0,0,0,0,0,0,0,0,0,0],[1,32,0,1,0,0,0,0,33,22,35,0,0,1,0,0,34,0,14,0,0,0,0,0,0,0,0,0],[6,34,0,0,0,0,0,0,9,5,44,0,0,9,2,0,7,0,3,0,0,0,0,0,0,0,0,0],[1,38,0,6,0,0,0,0,13,16,33,0,0,3,0,0,10,0,6,0,0,0,0,0,0,0,0,2],[4,42,0,0,0,0,0,0,12,3,40,0,0,3,0,0,10,0,4,1,0,0,0,0,0,0,0,0],[2,38,0,2,0,1,0,0,4,16,40,1,0,8,0,0,10,0,3,0,0,0,0,0,0,0,0,0],[1,34,0,0,0,0,0,0,8,11,54,0,0,2,1,0,13,0,4,0,0,0,0,0,0,0,0,0],[7,31,0,2,0,0,0,0,0,8,54,0,0,4,1,0,6,0,2,0,0,0,0,0,0,0,0,1],[4,31,0,0,0,1,0,0,7,6,29,0,0,6,1,0,7,0,1,0,0,0,0,0,0,0,0,0],[2,21,0,1,0,0,0,0,1,5,47,0,0,4,0,0,3,0,1,0,0,0,0,0,0,0,0,0],[0,25,0,0,0,0,0,0,0,3,32,0,0,2,0,0,4,0,0,0,0,0,0,0,0,0,0,0],[2,23,0,0,0,0,0,0,2,10,25,0,0,1,0,0,5,0,3,0,0,0,0,0,0,0,0,0],[0,12,0,2,0,0,0,0,9,3,18,0,0,6,0,0,3,0,3,0,0,0,0,0,0,0,0,6]]}