{"Accuracy":0.12585499316005472,"Precision":0.06490807251795624,"Recall":0.12585499316005472,"F1 Score":0.07430020748192698,"Adjusted Rand Index":0.023878899501254977,"Precision by cluster":[0.09763779527559055,0.12874251497005987,0.12441314553990611,0.08875739644970414,0.0,0.055944055944055944,0.32634338138925295,0.0,0.043478260869565216,0.0,0.0,0.05863192182410423,0.07326892109500806,0.0,0.0,0.0,0.0,0.0,0.0,0.0,0.0,0.0,0.0,0.0,0.0,0.0,0.0,0.13402061855670103],"Recall by cluster":[0.09642301710730948,0.06814580031695722,0.6072013093289689,0.12244897959183673,0.0,0.01834862385321101,0.6163366336633663,0.0,0.01607717041800643,0.0,0.0,0.06896551724137931,0.37916666666666665,0.0,0.0,0.0,0.0,0.0,0.0,0.0,0.0,0.0,0.0,0.0,0.0,0.0,0.0,0.20967741935483872],"F1 score by cluster":[0.09702660406885759,0.08911917098445596,0.2065126635123852,0.10291595197255575,0.0,0.027633851468048358,0.4267352185089974,0.0,0.023474178403755867,0.0,0.0,0.06338028169014084,0.12280701754385964,0.0,0.0,0.0,0.0,0.0,0.0,0.0,0.0,0.0,0.0,0.0,0.0,0.0,0.0,0.16352201257861634],"confusion_matrix":[[62,30,307,59,0,11,35,1,15,0,0,26,90,0,0,0,1,0,0,0,0,0,0,0,0,0,0,6],[71,43,242,82,0,15,35,1,10,0,0,21,108,0,0,0,0,0,0,0,0,0,0,0,0,0,0,3],[46,13,371,33,0,8,10,1,21,0,0,23,74,1,0,0,0,0,0,0,0,0,0,0,0,0,0,10],[51,21,217,60,0,10,13,0,6,0,0,23,84,0,0,0,1,0,0,0,0,0,0,0,0,0,0,4],[36,21,238,40,0,8,10,0,6,0,0,13,64,0,0,0,1,0,0,0,0,0,0,0,0,0,0,7],[51,14,235,53,0,8,3,1,6,0,0,16,48,0,0,0,0,0,0,0,0,0,0,0,0,0,0,1],[20,6,59,17,0,8,249,0,2,0,0,8,33,0,0,0,0,0,0,0,0,0,0,0,0,0,0,2],[29,2,158,22,0,1,7,0,4,0,0,9,74,0,0,0,1,0,0,0,0,0,0,0,0,0,0,5],[27,24,101,29,0,4,31,0,5,0,0,13,68,0,0,0,0,0,0,0,0,0,0,0,0,0,0,9],[23,5,135,31,0,3,10,0,5,0,0,12,55,0,0,0,1,0,0,0,0,0,0,0,0,0,0,2],[29,27,94,35,0,7,34,0,1,0,0,8,40,0,0,0,0,0,0,0,0,0,0,0,0,0,0,1],[19,13,84,13,1,9,55,0,5,0,0,18,43,0,0,0,0,0,0,0,0,0,0,0,0,0,0,1],[11,11,18,11,0,0,74,0,0,0,0,24,91,0,0,0,0,0,0,0,0,0,0,0,0,0,0,0],[21,8,102,19,0,12,33,0,5,0,0,12,23,0,0,0,0,0,0,0,0,0,0,0,0,0,0,10],[14,10,106,29,0,3,10,0,4,0,0,11,24,0,0,0,0,0,0,0,0,0,0,0,0,0,0,4],[17,8,108,29,0,9,3,1,3,0,0,7,38,0,0,0,1,0,0,0,0,0,0,0,0,0,0,0],[9,6,21,4,0,3,49,0,0,0,0,14,67,0,0,0,0,0,0,0,0,0,0,0,0,0,0,0],[13,5,50,5,0,6,12,0,2,0,0,4,18,0,0,0,0,0,0,0,0,0,0,0,0,0,0,4],[5,10,34,13,0,3,17,0,1,0,0,1,37,0,0,0,0,0,0,0,0,0,0,0,0,0,0,7],[11,13,33,15,0,2,18,0,0,0,0,7,20,0,0,0,0,0,0,0,0,0,0,0,0,0,0,0],[15,14,30,21,0,3,12,0,0,0,0,6,24,0,0,0,0,0,0,0,0,0,0,0,0,0,0,0],[18,7,40,7,0,1,15,0,2,0,0,3,34,0,0,0,0,0,0,0,0,0,0,0,0,0,0,1],[11,5,60,8,0,1,0,0,3,0,0,5,20,0,0,0,0,0,0,0,0,0,0,0,0,0,0,3],[2,5,31,9,0,2,10,0,3,0,0,15,15,0,0,0,0,0,0,0,0,0,0,0,0,0,0,1],[9,4,35,17,0,1,2,0,2,0,0,0,14,0,0,0,1,0,0,0,0,0,0,0,0,0,0,0],[5,1,38,5,0,2,0,2,1,0,0,3,7,0,0,0,0,0,0,0,0,0,0,0,0,0,0,2],[5,6,20,5,0,2,7,0,2,0,0,2,21,0,0,0,0,0,0,0,0,0,0,0,0,0,0,1],[5,2,15,5,0,1,9,0,1,0,0,3,8,0,0,0,0,0,0,0,0,0,0,0,0,0,0,13]]}