{"Accuracy":0.11846785225718194,"Precision":0.06934291550372898,"Recall":0.11846785225718194,"F1 Score":0.06444364012280855,"Adjusted Rand Index":0.01522762528549269,"Precision by cluster":[0.1066350710900474,0.0,0.09928716904276985,0.09045226130653267,0.0,0.0,0.44766146993318484,0.07692307692307693,0.17647058823529413,0.0,0.0,0.14285714285714285,0.09363295880149813,0.0,0.0,0.0,0.058823529411764705,0.0,0.0,0.0,0.0,0.0,0.0,0.0,0.0,0.0,0.0,0.3225806451612903],"Recall by cluster":[0.07188498402555911,0.0,0.6510851419031719,0.0683111954459203,0.0,0.0,0.5432432432432432,0.0060790273556231,0.010067114093959731,0.0,0.0,0.028455284552845527,0.5617977528089888,0.0,0.0,0.0,0.11827956989247312,0.0,0.0,0.0,0.0,0.0,0.0,0.0,0.0,0.0,0.0,0.17543859649122806],"F1 score by cluster":[0.08587786259541985,0.0,0.17229953611663354,0.07783783783783783,0.0,0.0,0.4908424908424908,0.011267605633802818,0.01904761904761905,0.0,0.0,0.04745762711864407,0.16051364365971107,0.0,0.0,0.0,0.07857142857142857,0.0,0.0,0.0,0.0,0.0,0.0,0.0,0.0,0.0,0.0,0.22727272727272727],"confusion_matrix":[[45,1,363,40,0,0,22,1,2,0,0,2,122,0,0,0,27,0,0,0,0,0,0,0,0,0,0,1],[32,0,343,40,0,0,17,2,0,0,0,0,126,0,0,0,26,0,0,0,0,0,0,0,0,0,0,1],[39,0,390,37,0,0,2,3,3,0,0,7,93,0,0,0,25,0,0,0,0,0,0,0,0,0,0,0],[41,0,321,36,0,0,3,2,0,0,0,4,101,0,0,0,19,0,0,0,0,0,0,0,0,0,0,0],[28,1,291,29,0,0,4,1,1,0,0,5,61,0,0,0,18,0,0,0,0,0,0,0,0,0,0,1],[27,0,301,31,0,0,0,0,0,0,0,2,69,0,0,0,9,0,0,0,0,0,0,0,0,0,0,0],[6,0,81,3,0,0,201,1,1,0,0,2,59,0,0,0,16,0,0,0,0,0,0,0,0,0,0,0],[16,1,169,30,0,0,3,2,0,0,0,4,83,0,0,0,21,0,0,0,0,0,0,0,0,0,0,0],[11,2,157,8,0,0,22,1,3,0,0,1,61,0,0,0,22,0,0,0,0,0,0,0,0,0,0,10],[16,0,184,16,0,0,3,3,1,0,0,1,78,0,0,0,13,0,0,0,0,0,0,0,0,0,0,1],[20,3,142,25,0,0,15,0,0,0,0,1,54,0,0,0,17,0,0,0,0,0,0,0,0,0,0,0],[15,1,90,12,0,0,32,0,0,0,0,7,73,0,0,0,16,0,0,0,0,0,0,0,0,0,0,0],[11,0,21,3,0,0,49,0,0,0,0,1,150,0,0,0,32,0,0,0,0,0,0,0,0,0,0,0],[13,1,158,5,0,0,17,1,0,0,0,0,60,0,0,0,7,0,0,0,0,0,0,0,0,0,0,6],[9,1,119,11,0,0,8,1,1,0,0,4,36,0,0,0,10,0,0,0,0,0,0,0,0,0,0,1],[17,0,140,9,0,0,0,1,2,0,0,3,45,0,0,0,14,0,0,0,0,0,0,0,0,0,0,0],[9,0,48,8,0,0,16,0,0,0,0,2,81,0,0,0,22,0,0,0,0,0,0,0,0,0,0,0],[11,0,79,3,0,0,6,0,0,0,0,0,23,0,0,0,5,0,0,0,0,0,0,0,0,0,0,0],[8,1,65,5,0,0,7,0,1,0,0,0,36,0,0,0,6,0,0,0,0,0,0,0,0,0,0,0],[6,0,52,8,0,0,5,0,0,0,0,0,32,0,0,0,10,0,0,0,0,0,0,0,0,0,0,0],[5,0,61,7,0,0,2,0,0,0,0,1,31,0,0,0,6,0,0,0,0,0,0,0,0,0,0,0],[9,1,55,3,0,0,4,2,2,0,0,0,25,0,0,0,13,0,0,0,0,0,0,0,0,0,0,0],[5,0,74,8,0,0,1,0,0,0,0,0,16,0,0,0,3,0,0,0,0,0,0,0,0,0,0,0],[7,0,40,3,0,0,6,0,0,0,0,1,24,0,0,0,5,0,0,0,0,0,0,0,0,0,0,0],[10,0,62,5,0,0,0,3,0,0,0,0,19,0,0,0,2,0,0,0,0,0,0,0,0,0,0,0],[4,0,60,9,0,0,0,1,0,0,0,0,9,0,0,0,1,0,0,0,0,0,0,0,0,0,0,0],[0,1,33,3,0,0,2,1,0,0,0,1,25,0,0,0,6,0,0,0,0,0,0,0,0,0,0,0],[2,0,29,1,0,0,2,0,0,0,0,0,10,0,0,0,3,0,0,0,0,0,0,0,0,0,0,10]]}