{"Accuracy":0.15471956224350206,"Precision":0.1234069671494102,"Recall":0.15471956224350206,"F1 Score":0.12306615811216329,"Adjusted Rand Index":0.029768628469740564,"Precision by cluster":[0.08967851099830795,0.14192399049881235,0.21066666666666667,0.10738255033557047,0.041666666666666664,0.10204081632653061,0.4861111111111111,0.12796208530805686,0.18333333333333332,0.09210526315789473,0.0958904109589041,0.2328767123287671,0.14893617021276595,0.08712121212121213,0.0,0.0,0.1058282208588957,0.0,0.0,0.0,0.0,0.0,0.0,0.0,0.0,0.0,0.0,0.46153846153846156],"Recall by cluster":[0.08242612752721618,0.3787638668779715,0.3878887070376432,0.19591836734693877,0.0022522522522522522,0.09174311926605505,0.5198019801980198,0.08653846153846154,0.0707395498392283,0.024822695035460994,0.17753623188405798,0.06513409961685823,0.14583333333333334,0.09387755102040816,0.0,0.0,0.3988439306358382,0.0,0.0,0.0,0.0,0.0,0.0,0.0,0.0,0.0,0.0,0.0967741935483871],"F1 score by cluster":[0.08589951377633712,0.20647948164146868,0.2730414746543779,0.13872832369942195,0.004273504273504274,0.0966183574879227,0.5023923444976076,0.10325047801147227,0.10208816705336426,0.03910614525139665,0.12452350698856417,0.10179640718562874,0.14736842105263157,0.09037328094302555,0.0,0.0,0.16727272727272727,0.0,0.0,0.0,0.0,0.0,0.0,0.0,0.0,0.0,0.0,0.16],"confusion_matrix":[[53,155,121,78,1,49,12,22,10,10,45,6,10,36,1,0,34,0,0,0,0,0,0,0,0,0,0,0],[55,239,31,73,0,20,13,9,11,6,56,4,15,28,1,0,69,0,1,0,0,0,0,0,0,0,0,0],[36,98,237,79,3,48,3,25,5,2,23,3,7,16,3,0,22,0,0,0,0,0,0,0,0,0,0,1],[58,109,59,96,1,35,4,11,1,8,55,4,7,9,0,0,33,0,0,0,0,0,0,0,0,0,0,0],[54,95,106,63,1,26,2,16,3,2,34,0,7,20,0,0,14,0,0,0,0,0,0,0,0,0,0,1],[44,102,69,82,6,40,0,16,2,5,30,2,9,18,0,0,11,0,0,0,0,0,0,0,0,0,0,0],[12,55,16,14,0,3,210,2,6,0,16,5,16,9,0,0,40,0,0,0,0,0,0,0,0,0,0,0],[21,27,116,50,1,21,3,27,1,5,13,1,5,2,0,0,19,0,0,0,0,0,0,0,0,0,0,0],[16,75,40,24,0,18,9,8,22,0,20,0,16,13,1,0,47,0,0,0,0,0,0,0,0,0,0,2],[33,59,42,53,1,17,2,12,4,7,17,2,7,8,0,0,18,0,0,0,0,0,0,0,0,0,0,0],[23,92,11,22,0,10,19,2,5,4,49,1,11,5,0,0,22,0,0,0,0,0,0,0,0,0,0,0],[19,65,17,21,0,4,21,4,5,2,16,17,21,15,0,0,34,0,0,0,0,0,0,0,0,0,0,0],[18,41,10,9,0,3,30,3,3,4,8,12,35,1,0,0,63,0,0,0,0,0,0,0,0,0,0,0],[15,71,13,21,0,9,27,2,10,0,25,1,8,23,1,0,16,0,0,0,0,0,0,1,0,0,0,2],[15,47,53,28,1,18,7,6,3,1,11,1,5,8,0,0,11,0,0,0,0,0,0,0,0,0,0,0],[16,51,50,39,4,17,1,8,0,4,6,2,7,8,0,0,11,0,0,0,0,0,0,0,0,0,0,0],[10,24,8,8,1,2,19,2,5,0,9,2,13,1,0,0,69,0,0,0,0,0,0,0,0,0,0,0],[5,34,12,17,0,7,10,3,1,1,8,0,1,9,2,0,9,0,0,0,0,0,0,0,0,0,0,0],[11,28,19,14,2,6,8,3,6,2,1,0,7,2,0,0,18,0,0,0,0,0,0,0,0,0,0,1],[11,34,5,9,1,2,11,4,2,2,15,1,7,3,0,0,12,0,0,0,0,0,0,0,0,0,0,0],[4,46,7,12,0,4,5,2,3,1,10,0,6,8,0,0,17,0,0,0,0,0,0,0,0,0,0,0],[12,26,8,22,0,1,4,6,2,3,11,2,9,3,0,0,19,0,0,0,0,0,0,0,0,0,0,0],[17,14,28,22,0,8,0,3,0,3,8,0,0,8,0,0,5,0,0,0,0,0,0,0,0,0,0,0],[6,26,12,5,1,4,7,4,2,0,1,5,1,6,0,0,12,0,1,0,0,0,0,0,0,0,0,0],[11,26,6,18,0,5,1,8,0,1,6,0,0,1,0,0,2,0,0,0,0,0,0,0,0,0,0,0],[4,9,20,9,0,11,0,1,0,2,6,0,0,0,1,0,3,0,0,0,0,0,0,0,0,0,0,0],[11,21,3,4,0,2,1,1,1,1,9,1,1,2,0,0,13,0,0,0,0,0,0,0,0,0,0,0],[1,15,6,2,0,2,3,1,7,0,3,1,4,2,0,0,9,0,0,0,0,0,0,0,0,0,0,6]]}