{"Accuracy":0.06470588235294118,"Precision":0.1172135159824632,"Recall":0.06470588235294118,"F1 Score":0.034488989372566475,"Adjusted Rand Index":0.0165904083600123,"Precision by cluster":[0.1,0.09362549800796813,0.2,0.09090909090909091,0.0,0.05952380952380952,1.0,0.0,0.060267857142857144,0.07205240174672489,0.0465444287729196,0.06493506493506493,0.09090909090909091,0.056768558951965066,0.058823529411764705,0.0,0.0440771349862259,0.0,0.0,0.1,0.0,0.0,0.0,0.0,0.0,0.0,0.0,0.0],"Recall by cluster":[0.01088646967340591,0.2979397781299525,0.0032733224222585926,0.01020408163265306,0.0,0.034403669724770644,0.0024752475247524753,0.0,0.17363344051446947,0.11702127659574468,0.358695652173913,0.019157088122605363,0.004166666666666667,0.053061224489795916,0.004651162790697674,0.0,0.2774566473988439,0.0,0.0,0.008403361344537815,0.0,0.0,0.0,0.0,0.0,0.0,0.0,0.0],"F1 score by cluster":[0.019635343618513323,0.1424782114437287,0.00644122383252818,0.01834862385321101,0.0,0.0436046511627907,0.0049382716049382715,0.0,0.08947804473902236,0.0891891891891892,0.08239700374531835,0.029585798816568046,0.00796812749003984,0.05485232067510549,0.008620689655172414,0.0,0.07606973058637084,0.0,0.0,0.015503875968992248,0.0,0.0,0.0,0.0,0.0,0.0,0.0,0.0],"confusion_matrix":[[7,191,2,6,0,31,0,0,49,36,203,9,1,33,0,0,75,0,0,0,0,0,0,0,0,0,0,0],[7,188,0,7,0,24,0,0,50,44,176,7,1,23,0,0,104,0,0,0,0,0,0,0,0,0,0,0],[9,190,2,8,0,19,0,0,13,32,231,7,0,20,4,0,75,0,0,1,0,0,0,0,0,0,0,0],[5,134,0,5,0,16,0,0,12,38,187,2,0,10,0,0,80,0,0,1,0,0,0,0,0,0,0,0],[6,144,0,4,0,27,0,0,13,28,150,6,0,12,1,0,51,0,0,2,0,0,0,0,0,0,0,0],[2,133,0,4,0,15,0,0,9,33,163,3,1,20,0,0,52,0,0,1,0,0,0,0,0,0,0,0],[4,51,0,1,0,2,1,0,254,5,49,2,0,8,0,0,27,0,0,0,0,0,0,0,0,0,0,0],[3,98,2,4,0,6,0,0,6,29,109,0,0,3,2,0,50,0,0,0,0,0,0,0,0,0,0,0],[5,80,0,3,0,11,0,0,54,11,59,5,1,14,2,0,66,0,0,0,0,0,0,0,0,0,0,0],[2,73,0,3,0,7,0,0,10,33,100,2,0,7,0,0,45,0,0,0,0,0,0,0,0,0,0,0],[4,81,0,0,0,8,0,0,39,9,99,2,0,6,0,0,28,0,0,0,0,0,0,0,0,0,0,0],[0,58,0,2,0,8,0,0,55,10,52,5,2,8,1,0,59,0,0,1,0,0,0,0,0,0,0,0],[1,51,0,1,0,2,0,0,76,16,25,1,1,0,0,0,66,0,0,0,0,0,0,0,0,0,0,0],[0,59,0,0,0,11,0,0,40,6,75,8,0,13,1,0,31,0,0,1,0,0,0,0,0,0,0,0],[3,67,2,1,0,4,0,0,14,11,67,1,1,6,1,0,37,0,0,0,0,0,0,0,0,0,0,0],[1,70,0,3,0,18,0,0,4,21,73,2,0,2,0,0,30,0,0,0,0,0,0,0,0,0,0,0],[0,26,0,0,0,1,0,0,57,21,18,1,0,1,0,0,48,0,0,0,0,0,0,0,0,0,0,0],[1,41,1,0,0,2,0,0,14,4,31,3,0,9,0,0,13,0,0,0,0,0,0,0,0,0,0,0],[2,33,0,0,0,4,0,0,26,10,24,1,0,3,2,0,23,0,0,0,0,0,0,0,0,0,0,0],[0,35,0,0,0,3,0,0,25,8,29,1,0,1,0,0,16,0,0,1,0,0,0,0,0,0,0,0],[1,34,0,1,0,5,0,0,15,12,31,3,0,6,0,0,17,0,0,0,0,0,0,0,0,0,0,0],[0,37,0,1,0,2,0,0,21,8,31,0,0,2,0,0,26,0,0,0,0,0,0,0,0,0,0,0],[3,31,1,0,0,5,0,0,2,8,45,1,0,4,1,0,15,0,0,0,0,0,0,0,0,0,0,0],[0,31,0,0,0,4,0,0,11,6,18,2,2,2,0,0,16,0,0,1,0,0,0,0,0,0,0,0],[1,26,0,0,0,3,0,0,3,7,28,0,0,2,0,0,14,0,0,1,0,0,0,0,0,0,0,0],[0,19,0,0,0,5,0,0,0,3,25,0,0,6,0,0,8,0,0,0,0,0,0,0,0,0,0,0],[2,18,0,0,0,3,0,0,6,7,18,1,0,3,0,0,13,0,0,0,0,0,0,0,0,0,0,0],[1,9,0,1,0,6,0,0,18,2,11,2,1,5,2,0,4,0,0,0,0,0,0,0,0,0,0,0]]}