{"Accuracy":0.11545827633378933,"Precision":0.04689073779862619,"Recall":0.11545827633378933,"F1 Score":0.051581537144082326,"Adjusted Rand Index":0.01311619091434067,"Precision by cluster":[0.043478260869565216,0.0,0.09222261862290403,0.0,0.0,0.0,0.412962962962963,0.0,0.041025641025641026,0.0,0.08695652173913043,0.07560137457044673,0.11411992263056092,0.0,0.0,0.0,0.0,0.0,0.0,0.0,0.0,0.0,0.0,0.0,0.0,0.0,0.0,0.125],"Recall by cluster":[0.003110419906687403,0.0,0.8461538461538461,0.0,0.0,0.0,0.551980198019802,0.0,0.02572347266881029,0.0,0.007246376811594203,0.0842911877394636,0.24583333333333332,0.0,0.0,0.0,0.0,0.0,0.0,0.0,0.0,0.0,0.0,0.0,0.0,0.0,0.0,0.1774193548387097],"F1 score by cluster":[0.005805515239477504,0.0,0.16631815988418852,0.0,0.0,0.0,0.4724576271186441,0.0,0.03162055335968379,0.0,0.013377926421404682,0.07971014492753623,0.15587846763540292,0.0,0.0,0.0,0.0,0.0,0.0,0.0,0.0,0.0,0.0,0.0,0.0,0.0,0.0,0.14666666666666667],"confusion_matrix":[[2,0,538,0,0,0,26,0,25,0,1,19,26,0,0,0,0,0,0,0,0,0,0,0,0,0,0,6],[9,0,521,0,0,0,16,0,18,0,1,24,37,0,0,0,0,0,0,0,0,0,0,0,0,0,0,5],[2,0,517,0,2,0,8,0,32,0,0,8,31,0,0,0,0,0,0,0,0,0,0,0,0,0,0,11],[2,0,429,0,1,0,5,0,11,0,1,18,18,0,0,0,0,0,0,0,0,0,0,0,0,0,0,5],[4,0,393,0,0,0,3,0,15,0,1,8,16,0,0,0,0,0,0,0,0,0,0,0,0,0,0,4],[1,0,398,0,0,0,2,0,11,0,0,5,16,0,0,0,0,0,0,0,0,0,0,0,0,0,0,3],[1,0,129,0,0,0,223,0,3,0,4,21,21,0,0,0,0,0,0,0,0,0,0,0,0,0,0,2],[0,0,277,0,0,0,1,0,5,0,1,8,17,0,0,0,0,0,0,0,0,0,0,0,0,0,0,3],[2,0,216,0,0,0,19,0,8,0,0,11,48,0,0,0,0,0,0,0,0,0,0,0,0,0,0,7],[1,0,241,0,0,0,5,0,9,0,2,9,14,0,0,0,0,0,0,0,0,0,0,0,0,0,0,1],[2,0,221,0,0,0,23,0,2,0,2,7,19,0,0,0,0,0,0,0,0,0,0,0,0,0,0,0],[2,0,159,0,0,0,31,0,5,0,1,22,39,0,0,0,0,0,0,0,0,0,0,0,0,0,0,2],[5,0,90,0,0,0,50,0,2,0,0,34,59,0,0,0,0,0,0,0,0,0,0,0,0,0,0,0],[3,0,181,0,0,0,25,0,6,0,0,13,8,0,0,0,0,0,0,0,0,0,0,0,0,0,0,9],[1,0,181,0,0,0,6,0,5,0,0,7,10,0,0,0,0,0,0,0,0,0,0,0,0,0,0,5],[0,0,197,0,0,0,1,0,5,0,2,8,11,0,0,0,0,0,0,0,0,0,0,0,0,0,0,0],[2,0,78,0,0,0,33,0,1,0,2,15,42,0,0,0,0,0,0,0,0,0,0,0,0,0,0,0],[2,0,94,0,0,0,9,0,2,0,0,6,4,0,0,0,0,0,0,0,0,0,0,0,0,0,0,2],[1,0,87,0,0,0,12,0,1,0,1,5,14,0,0,0,0,0,0,0,0,0,0,0,0,0,0,7],[0,0,86,0,0,0,15,0,2,0,1,5,10,0,0,0,0,0,0,0,0,0,0,0,0,0,0,0],[1,0,94,0,0,0,7,0,3,0,0,9,11,0,0,0,0,0,0,0,0,0,0,0,0,0,0,0],[1,0,96,0,0,0,4,0,3,0,1,7,16,0,0,0,0,0,0,0,0,0,0,0,0,0,0,0],[0,0,105,0,0,0,1,0,3,0,0,0,4,0,0,0,0,0,0,0,0,0,0,0,0,0,0,3],[0,0,63,0,0,0,6,0,4,0,0,9,10,0,0,0,0,0,0,0,0,0,0,0,0,0,0,1],[0,0,78,0,0,0,0,0,3,0,1,1,2,0,0,0,0,0,0,0,0,0,0,0,0,0,0,0],[0,0,58,0,1,0,0,0,1,0,0,2,3,0,0,0,0,0,0,0,0,0,0,0,0,0,0,1],[1,0,50,0,0,0,3,0,5,0,1,3,8,0,0,0,0,0,0,0,0,0,0,0,0,0,0,0],[1,0,29,0,0,0,6,0,5,0,0,7,3,0,0,0,0,0,0,0,0,0,0,0,0,0,0,11]]}