{"Accuracy":0.13885088919288646,"Precision":0.12506618039228154,"Recall":0.13885088919288646,"F1 Score":0.11211047208279806,"Adjusted Rand Index":0.021982546556108717,"Precision by cluster":[0.14792899408284024,0.11914696337505795,0.24172185430463577,0.09393939393939393,0.125,0.125,0.45850622406639,0.1210762331838565,0.09898477157360407,0.09467455621301775,0.0963855421686747,0.17142857142857143,0.12903225806451613,0.07191780821917808,0.0,0.0,0.06706281833616298,0.0,0.0,0.0,0.0,0.0,0.0,0.0,0.0,0.0,0.0,0.45454545454545453],"Recall by cluster":[0.038880248833592534,0.40729001584786056,0.23895253682487724,0.12653061224489795,0.018018018018018018,0.034403669724770644,0.5470297029702971,0.08653846153846154,0.12540192926045016,0.05673758865248227,0.11594202898550725,0.06896551724137931,0.18333333333333332,0.08571428571428572,0.0,0.0,0.45664739884393063,0.0,0.0,0.0,0.0,0.0,0.0,0.0,0.0,0.0,0.0,0.08064516129032258],"F1 score by cluster":[0.06157635467980296,0.18436154949784792,0.2403292181069959,0.10782608695652174,0.031496062992125984,0.0539568345323741,0.49887133182844245,0.10093457943925234,0.11063829787234042,0.07095343680709534,0.10526315789473684,0.09836065573770492,0.1514629948364888,0.0782122905027933,0.0,0.0,0.11695040710584752,0.0,0.0,0.0,0.0,0.0,0.0,0.0,0.0,0.0,0.0,0.136986301369863],"confusion_matrix":[[25,207,66,78,4,15,23,22,38,14,25,4,16,29,0,0,75,0,1,0,0,0,0,0,0,0,0,1],[15,257,22,49,2,2,15,7,50,16,34,7,23,25,1,0,104,0,2,0,0,0,0,0,0,0,0,0],[10,140,146,83,8,24,3,39,17,7,19,10,11,27,0,0,65,0,0,0,0,0,0,0,0,0,0,2],[17,170,23,62,9,6,2,16,13,15,36,9,14,18,0,0,80,0,0,0,0,0,0,0,0,0,0,0],[12,152,54,56,8,10,4,18,19,8,18,2,6,21,0,0,55,0,1,0,0,0,0,0,0,0,0,0],[10,177,35,50,3,15,0,12,15,16,22,1,10,21,0,0,49,0,0,0,0,0,0,0,0,0,0,0],[5,41,18,7,0,0,221,2,16,4,13,2,26,9,0,0,40,0,0,0,0,0,0,0,0,0,0,0],[11,50,53,57,12,7,2,27,6,13,10,6,13,6,0,0,38,0,1,0,0,0,0,0,0,0,0,0],[12,76,23,16,0,5,11,5,39,3,8,0,21,11,0,0,80,0,0,0,0,0,0,0,0,0,0,1],[10,84,20,32,2,9,2,7,11,16,14,4,7,13,0,0,51,0,0,0,0,0,0,0,0,0,0,0],[3,115,6,11,2,0,20,1,15,9,32,2,11,3,0,0,46,0,0,0,0,0,0,0,0,0,0,0],[4,72,5,12,0,0,27,5,15,3,7,18,30,12,0,0,51,0,0,0,0,0,0,0,0,0,0,0],[0,30,3,5,1,0,34,5,8,5,3,14,44,1,0,0,86,0,1,0,0,0,0,0,0,0,0,0],[1,81,13,11,3,0,27,3,27,3,13,3,9,21,0,0,29,0,0,0,0,0,0,0,0,0,0,1],[9,58,35,23,0,3,6,7,10,2,11,3,7,12,0,0,28,0,0,0,0,0,0,0,0,0,0,1],[3,80,19,28,4,13,3,10,6,3,11,0,8,6,0,0,30,0,0,0,0,0,0,0,0,0,0,0],[1,19,5,4,0,0,26,1,7,2,2,3,22,2,0,0,79,0,0,0,0,0,0,0,0,0,0,0],[0,43,12,7,0,1,9,3,8,0,6,0,3,7,1,0,18,0,1,0,0,0,0,0,0,0,0,0],[0,31,10,8,1,1,10,5,17,2,7,0,7,3,0,0,26,0,0,0,0,0,0,0,0,0,0,0],[5,43,1,6,0,2,10,4,6,4,5,1,11,3,0,0,18,0,0,0,0,0,0,0,0,0,0,0],[2,47,2,4,0,0,5,4,10,2,8,2,9,10,0,0,20,0,0,0,0,0,0,0,0,0,0,0],[3,30,2,8,0,1,6,1,9,5,7,3,13,5,0,0,35,0,0,0,0,0,0,0,0,0,0,0],[4,37,9,19,2,2,0,4,6,3,7,0,1,7,0,0,15,0,0,0,0,0,0,0,0,0,0,0],[2,31,4,3,1,1,8,4,4,1,0,8,8,7,0,0,11,0,0,0,0,0,0,0,0,0,0,0],[2,35,1,10,1,1,2,5,4,6,4,0,3,2,0,0,9,0,0,0,0,0,0,0,0,0,0,0],[2,17,12,6,0,2,0,5,4,5,1,0,1,7,0,0,4,0,0,0,0,0,0,0,0,0,0,0],[0,19,2,2,1,0,1,0,5,2,6,1,4,2,0,0,26,0,0,0,0,0,0,0,0,0,0,0],[1,15,3,3,0,0,5,1,9,0,3,2,3,2,0,0,10,0,0,0,0,0,0,0,0,0,0,5]]}