{"Accuracy":0.1253077975376197,"Precision":0.09154091427567647,"Recall":0.1253077975376197,"F1 Score":0.06818599027977564,"Adjusted Rand Index":0.013474631545597188,"Precision by cluster":[0.07692307692307693,0.10311237823711095,0.17220543806646527,0.07709497206703911,0.0,0.3125,0.3944636678200692,0.0,0.15873015873015872,0.0,0.0,0.14285714285714285,0.09916589434661724,0.0,0.0,0.0,0.03225806451612903,0.0,0.0,0.0,0.0,0.0,0.0,0.0,0.0,0.0,0.0,0.0],"Recall by cluster":[0.003110419906687403,0.687797147385103,0.09328968903436989,0.14081632653061224,0.0,0.011467889908256881,0.5643564356435643,0.0,0.03215434083601286,0.0,0.0,0.0038314176245210726,0.44583333333333336,0.0,0.0,0.0,0.017341040462427744,0.0,0.0,0.0,0.0,0.0,0.0,0.0,0.0,0.0,0.0,0.0],"F1 score by cluster":[0.005979073243647235,0.1793388429752066,0.12101910828025478,0.09963898916967509,0.0,0.022123893805309734,0.46435845213849286,0.0,0.053475935828877004,0.0,0.0,0.007462686567164179,0.16224412433661864,0.0,0.0,0.0,0.022556390977443608,0.0,0.0,0.0,0.0,0.0,0.0,0.0,0.0,0.0,0.0,0.0],"confusion_matrix":[[2,405,36,91,0,0,26,1,3,0,0,1,73,0,0,0,5,0,0,0,0,0,0,0,0,0,0,0],[1,434,23,58,0,1,17,0,1,0,0,0,84,0,0,0,12,0,0,0,0,0,0,0,0,0,0,0],[2,332,57,132,0,1,8,0,7,1,1,0,65,0,0,0,5,0,0,0,0,0,0,0,0,0,0,0],[0,329,20,69,0,2,6,0,0,1,0,2,54,0,0,0,7,0,0,0,0,0,0,0,0,0,0,0],[1,286,28,71,0,0,5,0,3,1,0,0,41,0,0,0,8,0,0,0,0,0,0,0,0,0,0,0],[2,294,20,74,0,5,0,0,0,0,1,1,34,0,0,0,5,0,0,0,0,0,0,0,0,0,0,0],[2,104,7,12,0,0,228,0,2,0,0,0,47,0,0,0,2,0,0,0,0,0,0,0,0,0,0,0],[6,163,21,62,0,1,6,0,1,0,0,0,47,0,0,0,5,0,0,0,0,0,0,0,0,0,0,0],[0,168,7,34,0,2,22,0,10,0,0,0,66,0,0,0,2,0,0,0,0,0,0,0,0,0,0,0],[0,174,11,47,0,0,5,0,1,0,1,0,37,0,0,0,6,0,0,0,0,0,0,0,0,0,0,0],[1,189,6,23,0,0,22,0,0,0,0,0,35,0,0,0,0,0,0,0,0,0,0,0,0,0,0,0],[0,133,8,18,0,2,33,0,1,1,0,1,62,0,0,0,2,0,0,0,0,0,0,0,0,0,0,0],[0,69,0,4,0,0,53,0,0,0,0,0,107,0,0,0,7,0,0,0,0,0,0,0,0,0,0,0],[0,150,13,21,0,0,30,0,7,0,0,1,23,0,0,0,0,0,0,0,0,0,0,0,0,0,0,0],[1,130,15,33,0,0,6,0,4,1,0,0,23,0,0,0,2,0,0,0,0,0,0,0,0,0,0,0],[1,137,13,35,0,0,3,0,0,0,1,0,27,0,0,0,7,0,0,0,0,0,0,0,0,0,0,0],[0,58,1,7,0,0,39,0,0,0,0,0,65,0,0,0,3,0,0,0,0,0,0,0,0,0,0,0],[0,81,5,10,0,0,10,0,1,0,0,0,12,0,0,0,0,0,0,0,0,0,0,0,0,0,0,0],[1,64,8,8,0,0,14,0,4,1,1,0,26,0,0,0,1,0,0,0,0,0,0,0,0,0,0,0],[0,71,3,7,0,1,13,0,0,0,0,0,22,0,0,0,2,0,0,0,0,0,0,0,0,0,0,0],[0,85,3,4,0,0,7,0,0,0,0,0,25,0,0,0,1,0,0,0,0,0,0,0,0,0,0,0],[0,69,2,13,0,1,6,0,2,0,0,0,30,0,0,0,5,0,0,0,0,0,0,0,0,0,0,0],[1,70,7,24,0,0,0,0,1,0,0,0,12,0,0,0,1,0,0,0,0,0,0,0,0,0,0,0],[1,49,4,7,0,0,9,0,1,1,0,1,17,0,0,0,3,0,0,0,0,0,0,0,0,0,0,0],[0,61,4,9,0,0,2,0,0,0,0,0,8,0,0,0,1,0,0,0,0,0,0,0,0,0,0,0],[3,38,5,14,0,0,0,0,1,0,0,0,5,0,0,0,0,0,0,0,0,0,0,0,0,0,0,0],[1,44,1,2,0,0,1,0,0,0,0,0,21,0,0,0,1,0,0,0,0,0,0,0,0,0,0,0],[0,22,3,6,0,0,7,0,13,0,0,0,11,0,0,0,0,0,0,0,0,0,0,0,0,0,0,0]]}