{"Accuracy":0.11846785225718194,"Precision":0.07116905057858286,"Recall":0.11846785225718194,"F1 Score":0.07148901715821264,"Adjusted Rand Index":0.020136688075966677,"Precision by cluster":[0.10105263157894737,0.15723270440251572,0.10715496778569006,0.08135942327497425,0.0,0.06779661016949153,0.3192307692307692,0.08860759493670886,0.06666666666666667,0.0,0.0,0.05714285714285714,0.08870214752567694,0.0,0.0,0.0,0.03558718861209965,0.0,0.0,0.0,0.0,0.0,0.0,0.0,0.0,0.0,0.0,0.14545454545454545],"Recall by cluster":[0.07153502235469449,0.04230118443316413,0.5240464344941956,0.158953722334004,0.0,0.04504504504504504,0.6225,0.021538461538461538,0.0038314176245210726,0.0,0.0,0.028985507246376812,0.4025423728813559,0.0,0.0,0.0,0.06329113924050633,0.0,0.0,0.0,0.0,0.0,0.0,0.0,0.0,0.0,0.0,0.14285714285714285],"F1 score by cluster":[0.08376963350785341,0.06666666666666667,0.17792792792792791,0.10762942779291552,0.0,0.05412719891745602,0.42203389830508475,0.034653465346534656,0.007246376811594203,0.0,0.0,0.038461538461538464,0.14537107880642694,0.0,0.0,0.0,0.04555808656036447,0.0,0.0,0.0,0.0,0.0,0.0,0.0,0.0,0.0,0.0,0.14414414414414414],"confusion_matrix":[[48,14,313,96,0,38,30,6,3,6,0,11,76,0,0,0,24,0,0,0,0,0,0,0,0,0,0,6],[28,25,233,93,0,33,39,9,0,5,1,8,93,0,0,0,23,0,0,0,0,0,0,0,0,0,0,1],[47,4,316,86,0,22,11,4,4,2,0,13,71,0,0,0,18,0,0,0,0,0,0,0,0,0,0,5],[29,9,229,79,0,19,8,13,0,2,0,11,73,0,0,0,25,0,0,0,0,0,0,0,0,0,0,0],[39,10,234,62,0,17,10,2,1,4,0,7,35,0,0,0,12,0,0,0,0,0,0,0,0,0,0,4],[38,8,217,81,0,20,5,5,0,2,0,15,41,0,0,0,12,0,0,0,0,0,0,0,0,0,0,0],[13,3,64,18,0,4,249,0,1,1,0,6,33,0,0,0,8,0,0,0,0,0,0,0,0,0,0,0],[20,4,152,48,0,3,12,7,2,2,0,9,43,0,0,0,21,0,0,0,0,0,0,0,0,0,0,2],[17,7,105,20,0,7,33,4,1,0,0,1,48,0,0,0,11,0,0,0,0,0,0,0,0,0,0,7],[14,3,129,41,0,11,10,7,1,0,0,7,44,0,0,0,16,0,0,0,0,0,0,0,0,0,0,0],[21,15,89,46,0,19,33,0,0,0,0,4,46,0,0,0,9,0,0,0,0,0,0,0,0,0,0,0],[20,4,96,20,0,14,51,2,0,0,1,8,49,0,0,0,10,0,0,0,0,0,0,0,0,0,0,1],[8,6,18,12,0,1,80,0,0,2,0,5,95,0,0,0,9,0,0,0,0,0,0,0,0,0,0,0],[21,3,93,24,0,16,40,2,0,1,2,4,29,0,0,0,6,0,0,0,0,0,0,0,0,0,0,8],[18,5,100,21,0,12,20,5,1,0,1,5,28,0,0,0,7,0,0,0,0,0,0,0,0,0,0,3],[17,4,98,40,0,5,6,0,0,0,0,4,33,0,0,0,10,0,0,0,0,0,0,0,0,0,0,1],[7,3,27,7,0,1,41,2,0,1,0,0,57,0,0,0,10,0,0,0,0,0,0,0,0,0,0,2],[8,2,67,22,0,9,16,0,0,1,0,3,19,0,0,0,2,0,0,0,0,0,0,0,0,0,0,1],[5,5,41,19,0,5,17,0,0,2,0,2,19,0,0,0,7,0,0,0,0,0,0,0,0,0,0,4],[10,7,37,21,0,6,19,0,0,0,0,0,23,0,0,0,13,0,0,0,0,0,0,0,0,0,0,0],[7,5,42,25,0,8,12,2,0,0,0,1,22,0,0,0,5,0,0,0,0,0,0,0,0,0,0,0],[10,1,43,14,0,5,8,1,0,0,0,4,31,0,0,0,4,0,0,0,0,0,0,0,0,0,0,1],[5,1,43,19,0,7,0,2,0,0,0,2,6,0,0,0,1,0,0,0,0,0,0,0,0,0,0,0],[6,1,39,10,0,4,11,2,1,0,1,5,15,0,0,0,2,0,0,0,0,0,0,0,0,0,0,1],[5,3,33,18,0,2,3,2,0,0,0,3,11,0,0,0,2,0,0,0,0,0,0,0,0,0,0,0],[6,0,43,13,0,1,2,2,0,3,0,1,7,0,0,0,2,0,0,0,0,0,0,0,0,0,0,0],[6,5,23,13,0,4,8,0,0,0,0,0,17,0,0,0,12,0,0,0,0,0,0,0,0,0,0,0],[2,2,25,3,0,2,6,0,0,0,0,1,7,0,0,0,0,0,0,0,0,0,0,0,0,0,0,8]]}