{"Accuracy":0.17961696306429548,"Precision":0.18880316134031386,"Recall":0.17961696306429548,"F1 Score":0.12215229974031157,"Adjusted Rand Index":0.034015539778149494,"Precision by cluster":[0.1523809523809524,0.16252274105518497,0.27184466019417475,0.11807642765135251,0.3333333333333333,0.1935483870967742,0.56,0.14442413162705667,0.2777777777777778,0.5,0.17786561264822134,0.07692307692307693,0.16795580110497238,0.3333333333333333,0.0,0.0,0.18604651162790697,0.0,0.0,0.0,0.0,0.0,0.0,0.0,0.0,0.0,0.0,0.0],"Recall by cluster":[0.023703703703703703,0.4581196581196581,0.46589018302828616,0.5533199195171026,0.0022624434389140274,0.013636363636363636,0.38308457711442784,0.24382716049382716,0.03508771929824561,0.003257328990228013,0.16728624535315986,0.004291845493562232,0.5714285714285714,0.004201680672268907,0.0,0.0,0.1340782122905028,0.0,0.0,0.0,0.0,0.0,0.0,0.0,0.0,0.0,0.0,0.0],"F1 score by cluster":[0.041025641025641026,0.23992837958818264,0.34334763948497854,0.194621372965322,0.0044943820224719105,0.025477707006369428,0.4549483013293944,0.18140068886337543,0.06230529595015576,0.006472491909385114,0.1724137931034483,0.008130081300813009,0.2596071733561059,0.008298755186721992,0.0,0.0,0.15584415584415584,0.0,0.0,0.0,0.0,0.0,0.0,0.0,0.0,0.0,0.0,0.0],"confusion_matrix":[[16,151,108,227,1,3,15,63,1,0,25,1,56,1,0,0,7,0,0,0,0,0,0,0,0,0,0,0],[6,268,13,198,0,0,5,14,0,0,20,0,53,0,0,0,8,0,0,0,0,0,0,0,0,0,0,0],[8,78,280,155,0,4,1,50,1,0,8,0,15,0,0,0,1,0,0,0,0,0,0,0,0,0,0,0],[6,97,31,275,0,1,2,46,0,0,12,1,24,0,0,0,2,0,0,0,0,0,0,0,0,0,0,0],[8,65,120,142,1,3,1,64,4,0,7,0,25,0,0,0,2,0,0,0,0,0,0,0,0,0,0,0],[7,71,51,217,0,6,1,67,0,0,5,1,11,1,0,0,2,0,0,0,0,0,0,0,0,0,0,0],[7,62,12,47,0,0,154,0,1,0,12,1,101,0,0,0,5,0,0,0,0,0,0,0,0,0,0,0],[2,23,99,95,0,1,2,79,0,0,3,0,20,0,0,0,0,0,0,0,0,0,0,0,0,0,0,0],[4,71,52,41,0,0,7,9,10,0,14,0,58,0,0,0,19,0,0,0,0,0,0,0,0,0,0,0],[4,55,40,142,0,4,0,26,0,1,5,0,24,0,0,0,6,0,0,0,0,0,0,0,0,0,0,0],[5,91,3,71,0,0,16,5,1,0,45,1,26,0,0,0,5,0,0,0,0,0,0,0,0,0,0,0],[8,74,4,60,0,0,8,5,0,0,2,1,68,0,0,0,3,0,0,0,0,0,0,0,0,0,0,0],[0,51,0,39,0,0,11,2,0,0,1,1,152,0,0,0,9,0,0,0,0,0,0,0,0,0,0,0],[6,98,9,52,0,1,10,1,3,0,19,0,34,1,0,0,4,0,0,0,0,0,0,0,0,0,0,0],[5,47,58,67,0,2,8,16,2,1,3,1,18,0,0,0,1,0,0,0,0,0,0,0,0,0,0,0],[2,27,35,84,0,3,0,32,1,0,4,0,12,0,0,0,2,0,0,0,0,0,0,0,0,0,0,0],[1,38,2,28,0,0,8,0,0,0,8,0,70,0,0,0,24,0,0,0,0,0,0,0,0,0,0,0],[2,36,18,44,1,0,7,9,1,0,5,0,12,0,0,0,1,0,0,0,0,0,0,0,0,0,0,0],[4,33,25,29,0,0,4,6,1,0,8,0,19,0,0,0,13,0,0,0,0,0,0,0,0,0,0,0],[0,35,2,37,0,0,7,0,2,0,13,0,17,0,0,0,3,0,0,0,0,0,0,0,0,0,0,0],[0,55,1,26,0,0,2,0,1,0,7,0,12,0,0,0,3,0,0,0,0,0,0,0,0,0,0,0],[2,25,1,52,0,0,3,2,0,0,9,1,15,0,0,0,5,0,0,0,0,0,0,0,0,0,0,0],[0,10,21,45,0,0,0,18,0,0,4,0,0,0,0,0,1,0,0,0,0,0,0,0,0,0,0,0],[1,12,7,35,0,0,2,5,0,0,0,3,33,0,0,0,2,0,0,0,0,0,0,0,0,0,0,0],[0,16,2,50,0,0,0,6,0,0,5,1,6,0,0,0,0,0,0,0,0,0,0,0,0,0,0,0],[1,6,25,31,0,3,0,16,0,0,5,0,5,0,0,0,0,0,0,0,0,0,0,0,0,0,0,0],[0,38,1,27,0,0,1,2,0,0,3,0,9,0,0,0,0,0,0,0,0,0,0,0,0,0,0,0],[0,16,10,13,0,0,0,4,7,0,1,0,10,0,0,0,1,0,0,0,0,0,0,0,0,0,0,0]]}