{"Accuracy":0.11901504787961696,"Precision":0.06852293306218091,"Recall":0.11901504787961696,"F1 Score":0.06888010841953404,"Adjusted Rand Index":0.01578550822502868,"Precision by cluster":[0.10048426150121065,0.05,0.10141843971631205,0.15306122448979592,0.0,0.0,0.47045454545454546,0.0,0.0949367088607595,0.0,0.0,0.0,0.14953271028037382,0.0,0.0,0.0,0.07108549471661864,0.0,0.0,0.0,0.0,0.0,0.0,0.0,0.0,0.0,0.0,0.0],"Recall by cluster":[0.38724727838258166,0.012678288431061807,0.46808510638297873,0.030612244897959183,0.0,0.0,0.5123762376237624,0.0,0.04823151125401929,0.0,0.0,0.0,0.06666666666666667,0.0,0.0,0.0,0.4277456647398844,0.0,0.0,0.0,0.0,0.0,0.0,0.0,0.0,0.0,0.0,0.0],"F1 score by cluster":[0.15956424223005447,0.020227560050568902,0.1667152433692801,0.05102040816326531,0.0,0.0,0.490521327014218,0.0,0.06396588486140725,0.0,0.0,0.0,0.09221902017291066,0.0,0.0,0.0,0.12191103789126853,0.0,0.0,0.0,0.0,0.0,0.0,0.0,0.0,0.0,0.0,0.0],"confusion_matrix":[[249,19,266,8,0,0,19,0,9,0,0,0,6,0,0,0,67,0,0,0,0,0,0,0,0,0,0,0],[252,8,261,5,0,0,11,1,6,0,0,0,6,0,0,0,81,0,0,0,0,0,0,0,0,0,0,0],[231,4,286,8,2,0,3,0,10,0,0,0,7,0,0,0,60,0,0,0,0,0,0,0,0,0,0,0],[194,6,206,15,0,0,4,0,0,0,0,0,5,0,0,0,60,0,0,0,0,0,0,0,0,0,0,0],[190,10,181,11,0,0,2,1,7,0,0,0,4,0,0,0,38,0,0,0,0,0,0,0,0,0,0,0],[185,3,204,8,0,0,0,1,2,0,0,0,1,0,0,0,32,0,0,0,0,0,0,0,0,0,0,0],[69,5,52,0,0,0,207,0,23,0,0,0,4,0,0,0,44,0,0,0,0,0,0,0,0,0,0,0],[93,12,148,7,0,0,2,0,4,0,0,0,2,0,0,0,44,0,0,0,0,0,0,0,0,0,0,0],[88,6,110,2,0,0,11,0,15,0,0,0,8,0,0,0,71,0,0,0,0,0,0,0,0,0,0,0],[98,9,124,2,0,0,3,0,1,0,0,0,5,0,0,0,40,0,0,0,0,0,0,0,0,0,0,0],[97,6,104,6,0,0,16,1,6,0,0,0,2,0,0,0,38,0,0,0,0,0,0,0,0,0,0,0],[82,4,69,1,0,0,21,0,5,0,0,0,13,0,0,0,66,0,0,0,0,0,0,0,0,0,0,0],[23,16,48,1,0,0,37,0,7,0,0,0,16,0,0,0,92,0,0,0,0,0,0,0,0,0,0,0],[89,4,89,2,0,0,26,1,11,0,0,0,5,0,0,0,18,0,0,0,0,0,0,0,0,0,0,0],[71,3,107,2,0,0,5,0,5,0,0,0,3,0,0,0,19,0,0,0,0,0,0,0,0,0,0,0],[78,5,110,3,0,0,2,0,1,0,0,0,0,0,0,0,25,0,0,0,0,0,0,0,0,0,0,0],[20,8,36,1,0,0,22,0,8,0,0,0,4,0,0,0,74,0,0,0,0,0,0,0,0,0,0,0],[39,2,50,4,0,0,9,0,2,0,0,0,2,0,0,0,11,0,0,0,0,0,0,0,0,0,0,0],[41,2,39,3,0,0,10,1,9,0,0,0,0,0,0,0,23,0,0,0,0,0,0,0,0,0,0,0],[34,7,46,2,0,0,8,0,4,0,0,0,1,0,0,0,17,0,0,0,0,0,0,0,0,0,0,0],[47,4,39,0,0,0,5,0,0,0,0,0,1,0,0,0,29,0,0,0,0,0,0,0,0,0,0,0],[35,5,51,1,0,0,5,0,2,0,0,0,4,0,0,0,25,0,0,0,0,0,0,0,0,0,0,0],[39,0,65,1,0,0,0,0,2,0,0,0,0,0,0,0,9,0,0,0,0,0,0,0,0,0,0,0],[31,4,28,1,0,0,5,0,3,0,0,0,5,0,0,0,16,0,0,0,0,0,0,0,0,0,0,0],[30,2,42,2,0,0,1,0,0,0,0,0,0,0,0,0,8,0,0,0,0,0,0,0,0,0,0,0],[34,1,22,1,0,0,0,0,1,0,0,0,0,0,0,0,7,0,0,0,0,0,0,0,0,0,0,0],[23,3,21,1,0,0,1,0,1,0,0,0,3,0,0,0,18,0,0,0,0,0,0,0,0,0,0,0],[16,2,16,0,0,0,5,0,14,0,0,0,0,0,0,0,9,0,0,0,0,0,0,0,0,0,0,0]]}