{"Accuracy":0.10752393980848153,"Precision":0.083793570467589,"Recall":0.10752393980848153,"F1 Score":0.0710803974778508,"Adjusted Rand Index":0.014225206630957778,"Precision by cluster":[0.1005586592178771,0.07984790874524715,0.0965561635017702,0.08839779005524862,0.0,0.0,0.48201438848920863,0.11206896551724138,0.047619047619047616,0.25,0.0603448275862069,0.0,0.14634146341463414,0.07142857142857142,0.0,0.0,0.06295399515738499,0.0,0.0,0.0,0.0,0.0,0.0,0.0,0.0,0.0,0.0,0.0],"Recall by cluster":[0.05598755832037325,0.09984152139461172,0.4909983633387889,0.0653061224489796,0.0,0.0,0.4975247524752475,0.041666666666666664,0.003215434083601286,0.0035460992907801418,0.050724637681159424,0.0,0.025,0.061224489795918366,0.0,0.0,0.6011560693641619,0.0,0.0,0.0,0.0,0.0,0.0,0.0,0.0,0.0,0.0,0.0],"F1 score by cluster":[0.07192807192807193,0.08873239436619719,0.16137708445400753,0.07511737089201878,0.0,0.0,0.48964677222898906,0.06074766355140187,0.006024096385542169,0.006993006993006993,0.05511811023622047,0.0,0.042704626334519574,0.06593406593406594,0.0,0.0,0.11397260273972602,0.0,0.0,0.0,0.0,0.0,0.0,0.0,0.0,0.0,0.0,0.0],"confusion_matrix":[[36,67,306,38,0,0,17,14,3,0,30,0,3,20,0,0,109,0,0,0,0,0,0,0,0,0,0,0],[32,63,306,32,0,0,10,8,2,0,27,0,4,15,0,0,132,0,0,0,0,0,0,0,0,0,0,0],[43,84,300,44,0,0,3,6,0,0,25,0,3,15,1,0,87,0,0,0,0,0,0,0,0,0,0,0],[29,69,227,32,0,0,2,10,0,1,19,0,3,9,0,0,89,0,0,0,0,0,0,0,0,0,0,0],[21,52,231,27,0,0,1,9,1,0,16,0,3,17,0,0,66,0,0,0,0,0,0,0,0,0,0,0],[19,56,237,28,0,0,0,10,2,2,15,0,0,13,0,0,54,0,0,0,0,0,0,0,0,0,0,0],[6,33,60,3,0,0,201,2,2,0,5,0,5,6,0,0,81,0,0,0,0,0,0,0,0,0,0,0],[17,43,133,22,0,0,2,13,0,0,9,0,2,1,0,0,70,0,0,0,0,0,0,0,0,0,0,0],[15,21,129,9,0,0,10,1,1,0,5,0,2,21,0,0,97,0,0,0,0,0,0,0,0,0,0,0],[9,32,128,24,0,0,2,7,0,1,9,0,0,6,0,0,64,0,0,0,0,0,0,0,0,0,0,0],[13,29,115,13,0,0,17,5,1,0,14,0,2,6,0,0,61,0,0,0,0,0,0,0,0,0,0,0],[11,26,80,8,0,0,19,2,0,0,7,0,1,10,0,0,97,0,0,0,0,0,0,0,0,0,0,0],[4,17,34,0,0,0,36,1,0,0,2,0,6,1,0,0,139,0,0,0,0,0,0,0,0,0,0,0],[21,29,99,9,0,0,25,2,0,0,8,0,1,15,0,0,36,0,0,0,0,0,0,0,0,0,0,0],[13,19,111,14,0,0,4,1,0,0,8,0,0,5,0,0,40,0,0,0,0,0,0,0,0,0,0,0],[11,29,120,10,0,0,1,3,0,0,4,0,0,4,0,0,42,0,0,0,0,0,0,0,0,0,0,0],[3,8,28,3,0,0,22,0,0,0,4,0,0,1,0,0,104,0,0,0,0,0,0,0,0,0,0,0],[6,15,51,5,0,0,9,2,0,0,0,0,0,9,0,0,22,0,0,0,0,0,0,0,0,0,0,0],[6,6,53,4,0,0,8,4,3,0,1,0,1,4,0,0,38,0,0,0,0,0,0,0,0,0,0,0],[5,18,42,4,0,0,9,3,1,0,2,0,1,1,0,0,33,0,0,0,0,0,0,0,0,0,0,0],[2,8,54,3,0,0,3,1,1,0,5,0,0,8,0,0,40,0,0,0,0,0,0,0,0,0,0,0],[6,20,40,6,0,0,4,3,0,0,4,0,0,1,0,0,44,0,0,0,0,0,0,0,0,0,0,0],[6,10,68,5,0,0,0,5,0,0,4,0,0,3,0,0,15,0,0,0,0,0,0,0,0,0,0,0],[7,7,36,2,0,0,6,0,0,0,1,0,2,4,0,0,28,0,0,0,0,0,0,0,0,0,0,0],[3,13,42,6,0,0,1,2,0,0,2,0,0,1,0,0,15,0,0,0,0,0,0,0,0,0,0,0],[7,8,27,4,0,0,0,2,0,0,4,0,0,2,0,0,12,0,0,0,0,0,0,0,0,0,0,0],[4,5,27,4,0,0,1,0,0,0,2,0,0,1,0,0,27,0,0,0,0,0,0,0,0,0,0,0],[3,2,23,3,0,0,4,0,4,0,0,0,2,11,0,0,10,0,0,0,0,0,0,0,0,0,0,0]]}