{"Accuracy":0.16703146374829,"Precision":0.08725731218468806,"Recall":0.16703146374829,"F1 Score":0.09726932366599735,"Adjusted Rand Index":0.0352653213368064,"Precision by cluster":[0.08977272727272727,0.15140845070422534,0.1768888888888889,0.11912751677852348,0.0,0.10303030303030303,0.35323383084577115,0.0,0.3333333333333333,0.0,0.0,0.0,0.175,0.0,0.0,0.0,0.0,0.0,0.0,0.0,0.0,0.0,0.0,0.0,0.0,0.0,0.0,0.0],"Recall by cluster":[0.12845528455284552,0.5639344262295082,0.639871382636656,0.14609053497942387,0.0,0.03655913978494624,0.5772357723577236,0.0,0.02768166089965398,0.0,0.0,0.0,0.3333333333333333,0.0,0.0,0.0,0.0,0.0,0.0,0.0,0.0,0.0,0.0,0.0,0.0,0.0,0.0,0.0],"F1 score by cluster":[0.10568561872909699,0.2387231089521166,0.27715877437325903,0.13123844731977818,0.0,0.05396825396825397,0.4382716049382716,0.0,0.051118210862619806,0.0,0.0,0.0,0.22950819672131148,0.0,0.0,0.0,0.0,0.0,0.0,0.0,0.0,0.0,0.0,0.0,0.0,0.0,0.0,0.0],"confusion_matrix":[[79,184,232,50,0,17,28,0,0,0,0,0,25,0,0,0,0,0,0,0,0,0,0,0,0,0,0,0],[62,344,89,38,0,20,16,0,1,0,0,0,40,0,0,0,0,0,0,0,0,0,0,0,0,0,0,0],[67,79,398,46,0,8,7,0,0,0,0,0,17,0,0,0,0,0,0,0,0,0,0,0,0,0,0,0],[67,170,126,71,0,16,10,0,0,0,0,0,26,0,0,0,0,0,0,0,0,0,0,0,0,0,0,0],[73,93,227,28,0,14,4,0,1,0,0,0,17,0,0,0,0,0,0,0,0,0,0,0,0,0,0,0],[68,135,182,50,0,17,2,0,0,0,0,0,11,0,0,0,0,0,0,0,0,0,0,0,0,0,0,0],[27,70,23,14,0,6,213,0,0,0,0,0,16,0,0,0,0,0,0,0,0,0,0,0,0,0,0,0],[37,28,201,40,0,8,1,0,1,0,0,0,15,0,0,0,0,0,0,0,0,0,0,0,0,0,0,0],[27,110,70,14,0,3,29,0,8,0,0,0,28,0,0,0,0,0,0,0,0,0,0,0,0,0,0,0],[40,102,106,26,0,4,2,0,1,0,0,0,16,0,0,0,0,0,0,0,0,0,0,0,0,0,0,0],[25,124,22,21,0,5,24,0,0,0,0,0,17,0,0,0,0,0,0,0,0,0,0,0,0,0,0,0],[35,67,32,24,0,6,38,0,1,0,0,0,41,0,0,0,0,0,0,0,0,0,0,0,0,0,0,0],[18,53,14,21,0,0,76,0,0,0,0,0,91,0,0,0,0,0,0,0,0,0,0,0,0,0,0,0],[48,103,32,9,0,1,35,0,2,0,0,0,27,0,0,0,0,0,0,0,0,0,0,0,0,0,0,0],[27,69,102,14,0,11,16,0,0,0,0,0,7,0,0,0,0,0,0,0,0,0,0,0,0,0,0,0],[28,58,100,19,0,7,1,0,0,0,0,0,5,0,0,0,0,0,0,0,0,0,0,0,0,0,0,0],[20,63,8,9,0,1,35,0,0,0,0,0,48,0,0,0,0,0,0,0,0,0,0,0,0,0,0,0],[19,49,40,7,0,4,10,0,2,0,0,0,4,0,0,0,0,0,0,0,0,0,0,0,0,0,0,0],[14,52,48,9,0,1,7,0,0,0,0,0,8,0,0,0,0,0,0,0,0,0,0,0,0,0,0,0],[17,58,13,6,0,2,14,0,0,0,0,0,13,0,0,0,0,0,0,0,0,0,0,0,0,0,0,0],[12,54,15,11,0,2,12,0,0,0,0,0,11,0,0,0,0,0,0,0,0,0,0,0,0,0,0,0],[15,41,18,13,0,4,4,0,0,0,0,0,16,0,0,0,0,0,0,0,0,0,0,0,0,0,0,0],[12,29,45,11,0,1,0,0,0,0,0,0,1,0,0,0,0,0,0,0,0,0,0,0,0,0,0,0],[13,29,15,7,0,2,7,0,0,0,0,0,10,0,0,0,0,0,0,0,0,0,0,0,0,0,0,0],[8,36,18,19,0,3,2,0,0,0,0,0,4,0,0,0,0,0,0,0,0,0,0,0,0,0,0,0],[11,17,45,12,0,0,2,0,0,0,0,0,1,0,0,0,0,0,0,0,0,0,0,0,0,0,0,0],[8,38,10,6,0,1,3,0,0,0,0,0,3,0,0,0,0,0,0,0,0,0,0,0,0,0,0,0],[3,17,19,1,0,1,5,0,7,0,0,0,2,0,0,0,0,0,0,0,0,0,0,0,0,0,0,0]],"epoch_accuracies":[[0.08586019789339291,0.1036888422780539,0.1081118052072409,0.11221558524463089,0.11340112169987689,0.12092471843509188,0.12594044959190187,0.12648762026355387,0.12744516893894486,0.13223291231589987,0.13309926587934887,0.13492316811818886,0.13647348502120285,0.14212758196160685,0.14390588664447584,0.14454425242806987,0.14668733755870686,0.14541060599151887,0.14905841046919885,0.14987916647667684,0.14951438602890885,0.15188545893940084,0.15234143449911083,0.15234143449911083,0.15443892207377685,0.15785873877160184,0.15557886097305185,0.15676439742829784,0.15361816606629886,0.15576125119693585],[0.10889192886456908,0.11696306429548564,0.12270861833105336,0.1307797537619699,0.12571819425444597,0.1326949384404925,0.14322845417236663,0.14035567715458278,0.14432284541723667,0.14528043775649796,0.14965800273597812,0.15266757865937072,0.1538987688098495,0.15198358413132695,0.15499316005471955,0.153077975376197,0.15170998632010943,0.1560875512995896,0.15964432284541724,0.15909712722298222,0.1642954856361149,0.159781121751026,0.16456908344733243,0.16279069767441862,0.1612859097127223,0.1622435020519836,0.16538987688098494,0.16593707250341996,0.16374829001367988,0.1640218878248974]]}