{"Accuracy":0.13775649794801642,"Precision":0.08551930062590964,"Recall":0.13775649794801642,"F1 Score":0.07579676562920955,"Adjusted Rand Index":0.021864607875419814,"Precision by cluster":[0.08970099667774087,0.16129032258064516,0.11406926406926407,0.0798611111111111,0.0625,0.0,0.3578767123287671,0.10256410256410256,0.1323529411764706,0.0,0.0,0.2222222222222222,0.16690442225392296,0.0,0.0,0.0,0.0,0.0,0.0,0.0,0.0,0.0,0.0,0.0,0.0,0.0,0.0,0.23333333333333334],"Recall by cluster":[0.0842433697347894,0.06359300476947535,0.8625204582651391,0.04380952380952381,0.0022271714922048997,0.0,0.5543766578249337,0.03498542274052478,0.029315960912052116,0.0,0.0,0.03007518796992481,0.4105263157894737,0.0,0.0,0.0,0.0,0.0,0.0,0.0,0.0,0.0,0.0,0.0,0.0,0.0,0.0,0.1794871794871795],"F1 score by cluster":[0.08688656476267095,0.09122006841505131,0.20149111068629325,0.056580565805658053,0.004301075268817204,0.0,0.43496357960457854,0.05217391304347826,0.048,0.0,0.0,0.052980132450331126,0.23732251521298176,0.0,0.0,0.0,0.0,0.0,0.0,0.0,0.0,0.0,0.0,0.0,0.0,0.0,0.0,0.2028985507246377],"confusion_matrix":[[54,23,453,34,0,0,19,10,9,0,0,2,35,0,0,0,0,0,0,0,0,0,0,0,0,0,0,2],[62,40,371,52,0,0,21,11,11,0,0,1,59,0,0,0,0,0,0,0,0,0,0,0,0,0,0,1],[33,9,527,6,3,0,5,4,4,0,0,2,18,0,0,0,0,0,0,0,0,0,0,0,0,0,0,0],[51,15,388,23,0,0,7,9,0,0,0,3,29,0,0,0,0,0,0,0,0,0,0,0,0,0,0,0],[32,10,345,18,1,0,7,11,3,0,0,1,17,0,0,0,0,0,0,0,0,0,0,0,0,0,0,4],[21,7,348,13,1,0,1,5,1,0,0,0,14,0,0,0,0,0,0,0,0,0,0,0,0,0,0,0],[18,5,92,6,0,0,209,4,2,0,0,0,41,0,0,0,0,0,0,0,0,0,0,0,0,0,0,0],[22,3,272,5,0,0,2,12,0,0,0,1,26,0,0,0,0,0,0,0,0,0,0,0,0,0,0,0],[23,23,151,16,1,0,31,2,9,0,0,0,41,0,0,0,0,0,0,0,0,0,0,0,0,0,0,10],[16,6,189,7,0,0,1,6,0,0,0,3,27,0,0,0,0,0,0,0,0,0,0,0,0,0,0,0],[30,24,151,10,0,0,32,2,3,0,0,2,17,0,0,0,0,0,0,0,0,0,0,0,0,0,0,0],[28,12,130,2,0,0,45,2,0,0,0,8,39,0,0,0,0,0,0,0,0,0,0,0,0,0,0,0],[31,9,38,10,0,0,70,4,2,0,0,4,117,0,0,0,0,0,0,0,0,0,0,0,0,0,0,0],[20,10,143,7,0,0,17,1,3,0,0,0,23,0,0,0,0,0,0,0,0,0,0,0,0,0,0,4],[13,4,175,7,4,0,12,5,0,0,0,2,17,0,0,0,0,0,0,0,0,0,0,0,0,0,0,0],[13,2,172,9,0,0,4,9,1,0,0,0,12,0,0,0,0,0,0,0,0,0,0,0,0,0,0,0],[19,8,48,9,1,0,23,5,1,0,0,0,55,0,0,0,0,0,0,0,0,0,0,0,0,0,0,0],[15,3,84,9,0,0,17,0,3,0,0,0,11,0,0,0,0,0,0,0,0,0,0,0,0,0,0,2],[9,7,66,6,2,0,8,2,2,0,0,2,20,0,0,0,0,0,0,0,0,0,0,0,0,0,0,0],[16,6,49,7,0,0,13,0,1,0,0,0,16,0,0,0,0,0,0,0,0,0,0,0,0,0,0,0],[12,9,60,9,0,0,7,2,3,0,0,1,14,0,0,0,0,0,0,0,0,0,0,0,0,0,0,0],[22,5,54,6,0,0,7,1,5,0,0,1,11,0,0,0,0,0,0,0,0,0,0,0,0,0,0,0],[3,1,76,2,0,0,0,1,0,0,0,0,5,0,0,0,0,0,0,0,0,0,0,0,0,0,0,0],[6,3,43,1,0,0,15,3,2,0,0,1,10,0,0,0,0,0,0,0,0,0,0,0,0,0,0,0],[11,2,73,6,1,0,3,3,0,0,0,0,2,0,0,0,0,0,0,0,0,0,0,0,0,0,0,0],[12,0,69,3,2,0,0,2,0,0,0,1,6,0,0,0,0,0,0,0,0,0,0,0,0,0,0,0],[9,0,36,4,0,0,2,1,1,0,0,1,16,0,0,0,0,0,0,0,0,0,0,0,0,0,0,0],[1,2,17,1,0,0,6,0,2,0,0,0,3,0,0,0,0,0,0,0,0,0,0,0,0,0,0,7]]}