{"Accuracy":0.07975376196990425,"Precision":0.1457426635299142,"Recall":0.07975376196990425,"F1 Score":0.03242597595641712,"Adjusted Rand Index":0.012492309077234814,"Precision by cluster":[0.10256410256410256,0.10093837179812326,0.13043478260869565,0.075,0.5,0.0,1.0,0.0,0.053452115812917596,0.0903954802259887,0.044158747903856904,0.2222222222222222,0.16666666666666666,0.08759124087591241,0.038461538461538464,0.0,0.0650887573964497,0.0,0.0,0.0,0.0,0.0,0.0,0.0,0.0,0.0,0.0,0.0],"Recall by cluster":[0.006220839813374806,0.6307448494453248,0.004909983633387889,0.012244897959183673,0.0022522522522522522,0.0,0.0024752475247524753,0.0,0.15434083601286175,0.05673758865248227,0.286231884057971,0.007662835249042145,0.004166666666666667,0.04897959183673469,0.004651162790697674,0.0,0.06358381502890173,0.0,0.0,0.0,0.0,0.0,0.0,0.0,0.0,0.0,0.0,0.0],"F1 score by cluster":[0.011730205278592375,0.17402710975076519,0.00946372239747634,0.021052631578947368,0.004484304932735426,0.0,0.0049382716049382715,0.0,0.0794044665012407,0.06971677559912855,0.07651331719128329,0.014814814814814815,0.008130081300813009,0.06282722513089005,0.008298755186721992,0.0,0.06432748538011696,0.0,0.0,0.0,0.0,0.0,0.0,0.0,0.0,0.0,0.0,0.0],"confusion_matrix":[[4,376,4,8,0,4,0,0,43,12,162,2,0,17,2,0,9,0,0,0,0,0,0,0,0,0,0,0],[0,398,0,7,0,0,0,0,41,13,138,1,2,14,2,0,15,0,0,0,0,0,0,0,0,0,0,0],[9,324,3,13,0,1,0,0,17,11,197,0,0,17,10,0,9,0,0,0,0,0,0,0,0,0,0,0],[4,280,0,6,0,1,0,0,17,11,152,0,1,5,1,0,12,0,0,0,0,0,0,0,0,0,0,0],[0,274,2,4,1,0,0,0,12,10,123,0,0,12,1,0,5,0,0,0,0,0,0,0,0,0,0,0],[1,263,0,12,0,0,0,0,8,8,142,0,0,0,0,0,2,0,0,0,0,0,0,0,0,0,0,0],[0,90,0,0,0,0,1,0,252,1,45,0,0,3,1,0,11,0,0,0,0,0,0,0,0,0,0,0],[5,168,5,4,0,0,0,0,10,9,101,0,0,0,2,0,8,0,0,0,0,0,0,0,0,0,0,0],[0,164,1,5,0,2,0,0,48,5,58,2,1,10,3,0,12,0,0,0,0,0,0,0,0,0,0,0],[3,155,0,3,0,0,0,0,11,16,82,0,0,5,1,0,6,0,0,0,0,0,0,0,0,0,0,0],[0,151,0,1,0,0,0,0,38,3,79,0,0,2,0,0,2,0,0,0,0,0,0,0,0,0,0,0],[1,132,1,0,0,0,0,0,62,6,38,2,0,6,0,0,13,0,0,0,0,0,0,0,0,0,0,0],[2,101,0,1,0,0,0,0,84,12,27,0,1,0,0,0,12,0,0,0,0,0,0,0,0,0,0,0],[0,131,0,1,0,1,0,0,34,3,56,1,1,12,0,0,5,0,0,0,0,0,0,0,0,0,0,0],[2,128,2,0,0,0,0,0,13,5,58,0,0,3,1,0,3,0,0,0,0,0,0,0,0,0,0,0],[2,142,0,6,0,1,0,0,7,7,52,0,0,2,0,0,5,0,0,0,0,0,0,0,0,0,0,0],[1,62,0,0,0,0,0,0,66,12,21,0,0,0,0,0,11,0,0,0,0,0,0,0,0,0,0,0],[0,67,2,2,0,0,0,0,13,2,25,0,0,6,1,0,1,0,0,0,0,0,0,0,0,0,0,0],[1,72,0,1,0,0,0,0,25,4,18,0,0,3,0,0,4,0,0,0,0,0,0,0,0,0,0,0],[0,60,0,0,0,0,0,0,24,3,28,0,0,1,0,0,3,0,0,0,0,0,0,0,0,0,0,0],[0,81,0,1,0,0,0,0,12,5,20,1,0,1,0,0,4,0,0,0,0,0,0,0,0,0,0,0],[1,66,0,0,0,1,0,0,18,4,30,0,0,2,0,0,6,0,0,0,0,0,0,0,0,0,0,0],[0,65,2,1,0,0,0,0,3,3,39,0,0,1,1,0,1,0,0,0,0,0,0,0,0,0,0,0],[1,49,1,1,1,0,0,0,13,1,16,0,0,3,0,0,7,0,0,0,0,0,0,0,0,0,0,0],[0,46,0,1,0,0,0,0,2,3,32,0,0,1,0,0,0,0,0,0,0,0,0,0,0,0,0,0],[0,39,0,1,0,0,0,0,0,1,22,0,0,2,0,0,1,0,0,0,0,0,0,0,0,0,0,0],[2,36,0,0,0,0,0,0,8,6,16,0,0,1,0,0,2,0,0,0,0,0,0,0,0,0,0,0],[0,23,0,1,0,0,0,0,17,1,12,0,0,8,0,0,0,0,0,0,0,0,0,0,0,0,0,0]]}