{"Accuracy":0.10367938722472986,"Precision":0.10465296275842338,"Recall":0.10367938722472986,"F1 Score":0.09580249536766139,"Adjusted Rand Index":0.01678763833676093,"Precision by cluster":[0.0962962962962963,0.12179487179487179,0.17771883289124668,0.08380520951302378,0.05985915492957746,0.07042253521126761,0.38571428571428573,0.1,0.10857142857142857,0.01694915254237288,0.10465116279069768,0.08333333333333333,0.12057877813504823,0.14285714285714285,0.0389908256880734,0.025454545454545455,0.09863945578231292,0.0111731843575419,0.03125,0.017857142857142856,0.04225352112676056,0.03546099290780142,0.0,0.0,0.0,0.02702702702702703,0.014598540145985401,0.4],"Recall by cluster":[0.1248,0.08948194662480377,0.11858407079646018,0.15195071868583163,0.036093418259023353,0.0556792873051225,0.4489311163895487,0.19047619047619047,0.06031746031746032,0.0034482758620689655,0.033707865168539325,0.03187250996015936,0.28846153846153844,0.028225806451612902,0.07083333333333333,0.03349282296650718,0.15425531914893617,0.017094017094017096,0.022388059701492536,0.009615384615384616,0.029411764705882353,0.04807692307692308,0.0,0.0,0.0,0.009433962264150943,0.028169014084507043,0.031746031746031744],"F1 score by cluster":[0.10871080139372823,0.10316742081447963,0.14225053078556263,0.10802919708029197,0.045033112582781455,0.06218905472636816,0.4149286498353458,0.13114754098360656,0.07755102040816327,0.0057306590257879654,0.05099150141643059,0.04610951008645533,0.17006802721088435,0.04713804713804714,0.05029585798816568,0.028925619834710745,0.12033195020746888,0.013513513513513514,0.02608695652173913,0.0125,0.03468208092485549,0.04081632653061224,0.0,0.0,0.0,0.013986013986013986,0.019230769230769232,0.058823529411764705],"confusion_matrix":[[78,47,42,74,30,31,23,63,15,7,5,6,38,8,34,28,17,12,10,4,8,6,1,0,18,5,15,0],[74,57,18,90,25,23,32,33,18,8,12,13,54,4,32,17,28,20,10,9,9,13,3,0,17,4,14,0],[66,20,67,63,29,39,2,92,10,3,5,7,25,0,42,30,11,11,6,1,1,9,7,0,10,3,6,0],[59,27,17,74,17,48,16,33,3,5,3,6,24,4,29,20,10,11,11,7,8,8,5,0,23,3,15,1],[46,33,42,59,17,36,6,68,10,2,3,5,15,5,30,19,12,9,5,4,3,15,4,0,10,4,9,0],[50,33,24,69,27,25,10,39,8,3,7,3,21,2,29,18,5,19,2,2,2,14,4,0,19,3,11,0],[27,14,4,20,3,4,189,14,6,0,7,8,41,5,13,6,28,9,3,3,5,2,0,2,5,1,2,0],[44,11,26,44,6,18,1,60,4,2,3,2,24,1,22,11,8,2,4,3,2,6,0,0,5,4,2,0],[34,20,19,28,6,8,24,10,19,3,2,6,38,1,25,12,22,5,8,1,3,5,0,1,7,0,6,2],[32,23,12,36,11,12,7,31,7,1,1,0,28,1,21,12,11,8,5,2,3,7,1,0,9,2,7,0],[27,32,6,36,9,7,21,9,10,1,9,4,25,1,14,10,11,7,5,4,3,5,0,0,3,0,8,0],[27,16,4,25,12,11,22,12,10,2,3,8,37,3,14,8,8,7,0,1,4,2,3,0,5,2,5,0],[27,14,5,10,7,4,24,5,2,1,0,5,75,1,15,13,31,3,3,1,2,5,0,0,4,0,3,0],[36,16,12,24,8,7,19,6,6,4,10,6,23,7,22,8,5,6,2,4,2,3,0,0,6,0,6,0],[30,8,18,38,5,11,13,16,7,6,2,3,16,2,17,12,7,5,3,1,1,8,1,1,5,0,4,0],[25,13,12,37,7,13,5,17,6,5,2,1,8,1,11,7,8,8,1,1,2,6,2,0,9,0,2,0],[15,9,1,16,10,4,21,6,8,0,4,1,27,0,11,4,29,5,2,2,2,3,0,1,5,0,2,0],[13,11,5,16,3,4,4,11,3,1,0,1,11,0,7,7,2,2,2,1,1,1,1,0,6,2,2,0],[10,8,12,17,7,5,7,11,5,0,0,1,18,1,6,4,8,6,3,0,0,2,1,0,2,0,0,0],[10,8,3,14,6,6,10,4,1,1,1,2,13,0,7,1,4,1,2,1,1,3,0,0,4,0,1,0],[20,9,1,10,1,3,8,7,3,0,0,0,11,0,2,1,4,5,2,1,3,3,0,0,2,1,5,0],[13,3,4,21,5,4,2,8,3,0,2,0,10,0,1,4,3,3,0,1,3,5,1,0,4,2,2,0],[8,3,10,13,6,11,2,14,0,0,1,1,9,0,5,7,1,4,1,0,0,2,0,0,3,0,1,0],[9,7,3,4,8,4,10,6,1,2,0,4,8,0,3,3,3,2,0,0,1,1,0,0,1,0,2,0],[8,11,1,17,6,4,0,6,1,1,2,1,5,0,4,3,6,1,3,0,1,2,1,0,0,0,4,0],[8,7,4,19,5,8,5,13,3,1,1,0,4,0,6,8,3,1,1,1,0,3,1,0,3,1,0,0],[8,6,2,4,3,4,3,5,0,0,1,2,9,0,5,1,4,5,1,1,1,2,0,0,2,0,2,0],[6,2,3,5,5,1,4,1,6,0,0,0,5,2,9,1,5,2,1,0,0,0,0,0,2,0,1,2]],"epoch_accuracies":[[0.11609667122663019,0.14181486548107616,0.14929320565435478,0.15886912904696762,0.17013223894208845,0.18376652986776107,0.19580483356133152,0.21673506611947105,0.24646602827177383,0.3020519835841313,0.4025079799361605,0.5398540811673507,0.71062471500228,0.8534427724578203,0.9342909256725946],[0.11981945014361921,0.12939406373957052,0.1306250854876214,0.12337573519354397,0.13664341403364794,0.13377102995486254,0.12146081247435371,0.12296539461086035,0.1254274381069621,0.12679524004924086,0.1282998221857475,0.11133907810149091,0.10518396936123649,0.09971276159212146,0.10367938722472986]]}