{"Accuracy":0.11121751025991793,"Precision":0.049982965662427443,"Recall":0.11121751025991793,"F1 Score":0.049287724600624416,"Adjusted Rand Index":0.012603406012987163,"Precision by cluster":[0.10526315789473684,0.0,0.0830468608648453,0.0,0.07352941176470588,0.0,0.3088942307692308,0.0,0.07222222222222222,0.0,0.0,0.06097560975609756,0.15460526315789475,0.0,0.0,0.0,0.045454545454545456,0.0,0.0,0.0,0.0,0.0,0.0,0.0,0.0,0.0,0.0,0.15],"Recall by cluster":[0.01564945226917058,0.0,0.8196428571428571,0.0,0.011990407673860911,0.0,0.628361858190709,0.0,0.08441558441558442,0.0,0.0,0.01845018450184502,0.18725099601593626,0.0,0.0,0.0,0.005555555555555556,0.0,0.0,0.0,0.0,0.0,0.0,0.0,0.0,0.0,0.0,0.05084745762711865],"F1 score by cluster":[0.027247956403269755,0.0,0.1508132084770823,0.0,0.020618556701030927,0.0,0.41418211120064463,0.0,0.07784431137724551,0.0,0.0,0.028328611898016998,0.16936936936936936,0.0,0.0,0.0,0.009900990099009901,0.0,0.0,0.0,0.0,0.0,0.0,0.0,0.0,0.0,0.0,0.0759493670886076],"confusion_matrix":[[10,0,534,0,4,0,34,0,36,0,0,2,18,0,0,0,0,0,0,0,0,0,0,0,0,0,0,1],[3,0,519,0,5,0,41,0,25,0,0,4,21,0,0,0,2,0,0,0,0,0,0,0,0,0,0,0],[10,0,459,0,11,0,8,0,48,0,0,10,9,0,0,0,0,0,0,0,0,0,0,0,0,0,0,5],[4,0,452,0,1,0,13,0,23,0,0,2,13,0,0,0,1,0,0,0,0,0,0,0,0,0,0,0],[9,0,342,0,5,0,13,0,33,0,0,3,10,0,0,0,0,0,0,0,0,0,0,0,0,0,0,2],[7,0,361,0,5,0,2,0,21,0,0,2,9,0,0,0,1,0,0,0,0,0,0,0,0,0,0,1],[3,0,133,0,0,0,257,0,2,0,0,2,12,0,0,0,0,0,0,0,0,0,0,0,0,0,0,0],[5,0,281,0,3,0,12,0,13,0,0,4,15,0,0,0,2,0,0,0,0,0,0,0,0,0,0,0],[5,0,203,0,3,0,39,0,26,0,0,4,24,0,0,0,2,0,0,0,0,0,0,0,0,0,0,2],[6,0,249,0,5,0,11,0,8,0,0,3,10,0,0,0,0,0,0,0,0,0,0,0,0,0,0,0],[5,0,218,0,0,0,29,0,13,0,0,3,7,0,0,0,0,0,0,0,0,0,0,0,0,0,0,0],[0,0,177,0,0,0,62,0,12,0,0,5,13,0,0,0,2,0,0,0,0,0,0,0,0,0,0,0],[0,0,94,0,0,0,99,0,0,0,0,9,47,0,0,0,2,0,0,0,0,0,0,0,0,0,0,0],[7,0,160,0,1,0,38,0,15,0,0,4,12,0,0,0,1,0,0,0,0,0,0,0,0,0,0,2],[4,0,178,0,3,0,21,0,16,0,0,3,5,0,0,0,1,0,0,0,0,0,0,0,0,0,0,1],[5,0,169,0,5,0,4,0,14,0,0,3,1,0,0,0,0,0,0,0,0,0,0,0,0,0,0,0],[1,0,106,0,1,0,38,0,2,0,0,5,26,0,0,0,1,0,0,0,0,0,0,0,0,0,0,0],[2,0,103,0,2,0,15,0,7,0,0,1,3,0,0,0,1,0,0,0,0,0,0,0,0,0,0,1],[0,0,100,0,4,0,16,0,3,0,0,1,8,0,0,0,1,0,0,0,0,0,0,0,0,0,0,2],[0,0,88,0,1,0,17,0,4,0,0,2,8,0,0,0,0,0,0,0,0,0,0,0,0,0,0,0],[1,0,93,0,1,0,13,0,5,0,0,1,8,0,0,0,1,0,0,0,0,0,0,0,0,0,0,0],[0,0,105,0,3,0,7,0,3,0,0,2,9,0,0,0,2,0,0,0,0,0,0,0,0,0,0,0],[2,0,90,0,1,0,1,0,3,0,0,2,0,0,0,0,1,0,0,0,0,0,0,0,0,0,0,0],[1,0,71,0,1,0,20,0,6,0,0,1,5,0,0,0,0,0,0,0,0,0,0,0,0,0,0,0],[3,0,80,0,2,0,3,0,7,0,0,1,1,0,0,0,0,0,0,0,0,0,0,0,0,0,0,0],[2,0,67,0,0,0,5,0,9,0,0,1,1,0,0,0,0,0,0,0,0,0,0,0,0,0,0,0],[0,0,53,0,1,0,8,0,2,0,0,2,6,0,0,0,0,0,0,0,0,0,0,0,0,0,0,0],[0,0,42,0,0,0,6,0,4,0,0,0,3,0,0,0,1,0,0,0,0,0,0,0,0,0,0,3]]}