{"Accuracy":0.12188782489740083,"Precision":0.05554602751010535,"Recall":0.12188782489740083,"F1 Score":0.056457342248291374,"Adjusted Rand Index":0.013443741138407787,"Precision by cluster":[0.11428571428571428,0.0,0.093909973521624,0.0,0.0,0.0,0.39195979899497485,0.0,0.12,0.0,0.0,0.13924050632911392,0.12331081081081081,0.0,0.0,0.0,0.0784313725490196,0.0,0.0,0.0,0.0,0.0,0.0,0.0,0.0,0.0,0.0,0.0],"Recall by cluster":[0.04354587869362364,0.0,0.8707037643207856,0.0,0.0,0.0,0.5792079207920792,0.0,0.028938906752411574,0.0,0.0,0.0421455938697318,0.30416666666666664,0.0,0.0,0.0,0.023121387283236993,0.0,0.0,0.0,0.0,0.0,0.0,0.0,0.0,0.0,0.0,0.0],"F1 score by cluster":[0.06306306306306306,0.0,0.16953473550031867,0.0,0.0,0.0,0.4675324675324675,0.0,0.046632124352331605,0.0,0.0,0.06470588235294118,0.17548076923076922,0.0,0.0,0.0,0.03571428571428571,0.0,0.0,0.0,0.0,0.0,0.0,0.0,0.0,0.0,0.0,0.0],"confusion_matrix":[[28,0,545,0,0,0,22,0,0,0,0,9,39,0,0,0,0,0,0,0,0,0,0,0,0,0,0,0],[18,0,536,0,0,0,19,0,2,0,0,6,44,0,0,0,6,0,0,0,0,0,0,0,0,0,0,0],[27,1,532,0,0,0,7,0,10,0,0,3,27,0,0,0,4,0,0,0,0,0,0,0,0,0,0,0],[20,0,424,0,0,0,8,0,4,0,0,4,26,0,0,0,4,0,0,0,0,0,0,0,0,0,0,0],[20,0,395,0,0,0,4,0,5,0,0,2,17,0,0,0,1,0,0,0,0,0,0,0,0,0,0,0],[16,0,400,0,0,0,0,0,0,0,0,4,14,0,0,0,2,0,0,0,0,0,0,0,0,0,0,0],[8,0,125,0,0,0,234,0,2,0,0,1,31,0,0,0,3,0,0,0,0,0,0,0,0,0,0,0],[10,1,270,0,0,0,5,0,3,0,0,6,15,0,0,0,2,0,0,0,0,0,0,0,0,0,0,0],[9,2,216,0,0,0,24,0,9,0,0,2,45,0,0,0,4,0,0,0,0,0,0,0,0,0,0,0],[4,0,248,0,0,0,4,0,1,0,0,4,19,0,0,0,2,0,0,0,0,0,0,0,0,0,0,0],[11,0,213,0,0,0,25,0,0,0,0,5,22,0,0,0,0,0,0,0,0,0,0,0,0,0,0,0],[12,0,159,0,0,0,41,0,2,0,0,11,35,0,0,0,1,0,0,0,0,0,0,0,0,0,0,0],[2,0,104,0,0,0,54,0,0,0,0,4,73,0,0,0,3,0,0,0,0,0,0,0,0,0,0,0],[13,0,179,0,0,0,31,0,10,0,0,1,10,0,0,0,1,0,0,0,0,0,0,0,0,0,0,0],[6,0,185,0,0,0,8,0,4,0,0,0,10,0,0,0,2,0,0,0,0,0,0,0,0,0,0,0],[3,0,202,0,0,0,3,0,1,0,0,2,13,0,0,0,0,0,0,0,0,0,0,0,0,0,0,0],[4,1,76,0,0,0,36,0,0,0,0,5,47,0,0,0,4,0,0,0,0,0,0,0,0,0,0,0],[5,0,94,0,0,0,11,0,2,0,0,1,5,0,0,0,1,0,0,0,0,0,0,0,0,0,0,0],[3,0,89,0,0,0,14,0,4,0,0,1,14,0,0,0,3,0,0,0,0,0,0,0,0,0,0,0],[4,0,87,0,0,0,13,0,0,0,0,1,14,0,0,0,0,0,0,0,0,0,0,0,0,0,0,0],[6,0,93,0,0,0,6,0,0,0,0,1,18,0,0,0,1,0,0,0,0,0,0,0,0,0,0,0],[2,1,95,0,0,0,7,0,2,0,0,2,16,0,0,0,3,0,0,0,0,0,0,0,0,0,0,0],[6,0,105,0,0,0,0,0,1,0,0,0,3,0,0,0,1,0,0,0,0,0,0,0,0,0,0,0],[0,0,68,0,0,0,9,0,1,0,0,0,15,0,0,0,0,0,0,0,0,0,0,0,0,0,0,0],[1,0,80,0,0,0,2,0,0,0,0,0,2,0,0,0,0,0,0,0,0,0,0,0,0,0,0,0],[4,0,58,0,0,0,0,0,0,0,0,2,1,0,0,0,1,0,0,0,0,0,0,0,0,0,0,0],[1,0,57,0,0,0,1,0,0,0,0,1,9,0,0,0,2,0,0,0,0,0,0,0,0,0,0,0],[2,0,30,0,0,0,9,0,12,0,0,1,8,0,0,0,0,0,0,0,0,0,0,0,0,0,0,0]]}