{"Accuracy":0.12462380300957593,"Precision":0.09697561486561837,"Recall":0.12462380300957593,"F1 Score":0.09308083150512839,"Adjusted Rand Index":0.020268296762987418,"Precision by cluster":[0.11842105263157894,0.11389521640091116,0.2318840579710145,0.06902086677367576,0.0,0.0,0.4737991266375546,0.0,0.0731244064577398,0.125,0.0640495867768595,0.14285714285714285,0.15737051792828685,0.045454545454545456,0.0,0.0,0.0723905723905724,0.0,0.0,0.0,0.0,0.0,0.0,0.0,0.0,0.0,0.0,0.3157894736842105],"Recall by cluster":[0.041990668740279936,0.31695721077654515,0.18330605564648117,0.08775510204081632,0.0,0.0,0.5371287128712872,0.0,0.24758842443729903,0.01773049645390071,0.33695652173913043,0.02681992337164751,0.32916666666666666,0.00816326530612245,0.0,0.0,0.24855491329479767,0.0,0.0,0.0,0.0,0.0,0.0,0.0,0.0,0.0,0.0,0.0967741935483871],"F1 score by cluster":[0.06199770378874857,0.16757436112274823,0.20475319926873858,0.07726864330637916,0.0,0.0,0.5034802784222738,0.0,0.11290322580645161,0.031055900621118012,0.1076388888888889,0.04516129032258064,0.21293800539083557,0.01384083044982699,0.0,0.0,0.1121251629726206,0.0,0.0,0.0,0.0,0.0,0.0,0.0,0.0,0.0,0.0,0.14814814814814814],"confusion_matrix":[[27,181,54,62,0,0,18,1,98,4,126,1,28,5,0,0,37,0,0,0,0,0,0,0,0,0,0,1],[11,200,18,46,0,0,10,0,121,2,144,4,29,3,0,0,43,0,0,0,0,0,0,0,0,0,0,0],[33,145,112,91,0,0,6,1,52,3,85,8,20,7,0,0,47,0,0,0,0,0,0,0,0,0,0,1],[20,126,28,43,0,0,1,0,61,4,130,5,21,2,0,0,49,0,0,0,0,0,0,0,0,0,0,0],[16,126,41,49,0,0,4,2,51,3,104,1,12,3,0,0,31,0,0,0,0,0,0,0,0,0,0,1],[21,134,17,55,0,0,1,1,46,3,118,1,11,4,0,0,24,0,0,0,0,0,0,0,0,0,0,0],[4,30,14,5,0,0,217,0,42,0,39,0,38,3,0,0,12,0,0,0,0,0,0,0,0,0,0,0],[17,59,44,64,0,0,1,0,26,4,55,2,13,0,0,0,27,0,0,0,0,0,0,0,0,0,0,0],[4,81,14,15,0,0,13,1,77,0,32,1,27,2,0,0,40,0,0,0,0,0,0,0,0,0,0,4],[15,72,10,37,0,0,3,1,31,5,66,1,12,0,0,0,29,0,0,0,0,0,0,0,0,0,0,0],[6,69,3,8,0,0,18,0,45,0,93,1,20,0,0,0,13,0,0,0,0,0,0,0,0,0,0,0],[4,48,4,11,0,0,21,0,51,1,38,7,50,2,0,0,24,0,0,0,0,0,0,0,0,0,0,0],[4,27,0,5,0,0,33,0,32,1,21,4,79,1,0,0,33,0,0,0,0,0,0,0,0,0,0,0],[4,69,11,9,0,0,26,0,46,0,50,3,12,2,0,0,10,0,0,0,0,0,0,0,0,0,0,3],[6,48,24,31,0,0,6,0,24,1,49,2,7,1,0,0,15,0,0,0,0,0,0,0,0,0,0,1],[7,54,20,29,0,0,3,0,23,1,57,1,8,3,0,0,18,0,0,0,0,0,0,0,0,0,0,0],[2,17,0,5,0,0,26,1,35,0,13,0,30,1,0,0,43,0,0,0,0,0,0,0,0,0,0,0],[1,40,12,1,0,0,9,0,22,0,21,0,5,0,0,0,8,0,0,0,0,0,0,0,0,0,0,0],[2,23,10,4,0,0,9,0,25,1,26,0,13,0,0,0,13,0,0,0,0,0,0,0,0,0,0,2],[2,25,3,4,0,0,9,1,27,0,25,1,12,0,0,0,10,0,0,0,0,0,0,0,0,0,0,0],[1,41,5,3,0,0,4,0,23,1,24,0,14,2,0,0,7,0,0,0,0,0,0,0,0,0,0,0],[4,25,6,2,0,0,5,0,26,1,30,1,9,0,0,0,19,0,0,0,0,0,0,0,0,0,0,0],[6,29,7,15,0,0,0,0,14,2,31,0,2,0,0,0,10,0,0,0,0,0,0,0,0,0,0,0],[4,19,7,3,0,0,7,0,13,1,12,3,13,1,0,0,10,0,0,0,0,0,0,0,0,0,0,0],[3,23,3,7,0,0,1,0,6,0,32,1,4,0,0,0,5,0,0,0,0,0,0,0,0,0,0,0],[2,21,9,13,0,0,0,0,7,2,7,0,1,1,0,0,3,0,0,0,0,0,0,0,0,0,0,0],[2,12,2,3,0,0,2,0,17,0,18,0,5,0,0,0,10,0,0,0,0,0,0,0,0,0,0,0],[0,12,5,3,0,0,5,0,12,0,6,1,7,1,0,0,4,0,0,0,0,0,0,0,0,0,0,6]]}