{"Accuracy":0.1103967168262654,"Precision":0.09160036117002256,"Recall":0.1103967168262654,"F1 Score":0.06843591930378891,"Adjusted Rand Index":0.013582560602123638,"Precision by cluster":[0.12195121951219512,0.10344827586206896,0.2867647058823529,0.052830188679245285,0.0,0.0,0.4439461883408072,0.0,0.09433962264150944,0.0,0.03452311293153891,0.0967741935483871,0.125,0.16666666666666666,0.0,0.0,0.05730659025787966,0.0,0.0,0.0,0.0,0.0,0.0,0.0,0.0,0.0,0.0,0.3181818181818182],"Recall by cluster":[0.01610305958132045,0.5674342105263158,0.064891846921797,0.027777777777777776,0.0,0.0,0.526595744680851,0.0,0.036101083032490974,0.0,0.22433460076045628,0.024096385542168676,0.4,0.003745318352059925,0.0,0.0,0.10204081632653061,0.0,0.0,0.0,0.0,0.0,0.0,0.0,0.0,0.0,0.0,0.11475409836065574],"F1 score by cluster":[0.02844950213371266,0.17499365965001268,0.10583446404341927,0.036410923276983094,0.0,0.0,0.48175182481751827,0.0,0.05221932114882506,0.0,0.059837728194726165,0.03858520900321544,0.19047619047619047,0.007326007326007326,0.0,0.0,0.07339449541284404,0.0,0.0,0.0,0.0,0.0,0.0,0.0,0.0,0.0,0.0,0.1686746987951807],"confusion_matrix":[[10,324,14,23,0,0,19,0,6,2,147,12,42,1,0,0,20,0,0,0,0,0,0,0,0,0,0,1],[3,345,2,14,0,0,16,0,16,0,131,3,55,0,0,0,22,0,0,0,0,0,0,0,0,0,0,1],[15,225,39,60,0,0,1,0,2,0,186,7,37,1,0,0,27,0,0,0,0,0,0,0,0,0,0,1],[2,268,3,14,0,0,3,0,6,1,139,2,42,0,0,0,24,0,0,0,0,0,0,0,0,0,0,0],[6,217,17,25,0,0,3,0,5,0,129,3,28,1,0,0,16,0,0,0,0,0,0,0,0,0,0,1],[6,245,4,20,0,0,0,0,7,0,137,4,13,0,0,0,22,0,0,0,0,0,0,0,0,0,0,0],[0,66,1,4,0,0,198,0,3,0,40,2,52,0,0,0,10,0,0,0,0,0,0,0,0,0,0,0],[13,135,8,16,0,0,1,0,0,0,75,4,33,0,0,0,23,0,0,0,0,0,0,0,0,0,0,1],[1,130,11,4,0,0,13,0,10,0,49,0,42,0,0,0,13,0,0,0,0,0,0,0,0,0,0,4],[4,133,4,13,0,0,1,0,6,0,69,2,27,0,0,0,24,0,0,0,0,0,0,0,0,0,0,0],[0,144,2,2,0,0,15,0,2,0,59,0,22,0,0,0,17,0,0,0,0,0,0,0,0,0,0,0],[0,95,1,5,0,0,28,0,3,0,56,6,47,0,0,0,8,0,0,0,0,0,0,0,0,0,0,0],[0,61,0,1,0,0,40,0,3,0,11,3,98,0,0,0,28,0,0,0,0,0,0,0,0,0,0,0],[5,117,2,3,0,0,16,0,5,0,76,1,29,1,0,0,8,0,0,0,0,0,0,0,0,0,0,4],[5,104,13,16,0,0,12,0,3,0,55,1,11,1,0,0,11,0,0,0,0,0,0,0,0,0,0,0],[0,103,4,11,0,0,5,0,1,0,55,0,19,0,0,0,4,0,0,0,0,0,0,0,0,0,0,0],[4,52,0,0,0,0,22,0,5,1,28,1,63,0,0,0,20,0,0,0,0,0,0,0,0,0,0,0],[2,69,3,5,0,0,7,0,4,1,32,0,9,0,0,0,4,0,0,0,0,0,0,0,0,0,0,0],[1,62,3,3,0,0,10,0,2,1,24,1,20,0,0,0,9,0,0,0,0,0,0,0,0,0,0,1],[0,69,0,2,0,0,8,0,3,0,15,1,15,0,0,0,5,0,0,0,0,0,0,0,0,0,0,0],[0,68,0,4,0,0,8,0,3,0,22,0,18,0,0,0,6,0,0,0,0,0,0,0,0,0,0,0],[2,50,0,1,0,0,3,0,2,0,30,1,15,0,0,0,11,0,0,0,0,0,0,0,0,0,0,0],[1,49,2,5,0,0,0,0,2,0,36,1,5,0,0,0,5,0,0,0,0,0,0,0,0,0,0,1],[1,26,1,3,0,0,6,0,1,0,24,3,13,0,0,0,4,0,0,0,0,0,0,0,0,0,0,0],[1,56,0,3,0,0,2,0,1,0,26,1,7,1,0,0,2,0,0,0,0,0,0,0,0,0,0,0],[0,53,1,5,0,0,1,0,0,1,32,1,4,0,0,0,2,0,0,0,0,0,0,0,0,0,0,0],[0,43,0,0,0,0,5,0,3,0,17,0,13,0,0,0,2,0,0,0,0,0,0,0,0,0,0,0],[0,26,1,3,0,0,3,0,2,1,9,2,5,0,0,0,2,0,0,0,0,0,0,0,0,0,0,7]]}