{"Accuracy":0.12352941176470589,"Precision":0.11913946107011399,"Recall":0.12352941176470589,"F1 Score":0.09707477308554299,"Adjusted Rand Index":0.019291997459080057,"Precision by cluster":[0.12389380530973451,0.11225105612552806,0.24645892351274787,0.07553956834532374,0.125,0.06521739130434782,0.5123152709359606,0.14,0.09390243902439024,0.017857142857142856,0.05835866261398176,0.21428571428571427,0.14838709677419354,0.057971014492753624,0.0,0.0,0.08995502248875563,0.0,0.0,0.0,0.0,0.0,0.0,0.0,0.0,0.0,0.0,0.42857142857142855],"Recall by cluster":[0.06531881804043546,0.294770206022187,0.14238952536824878,0.08571428571428572,0.0022522522522522522,0.006880733944954129,0.5148514851485149,0.022435897435897436,0.24758842443729903,0.0035460992907801418,0.34782608695652173,0.011494252873563218,0.2875,0.04897959183673469,0.0,0.0,0.3468208092485549,0.0,0.0,0.0,0.0,0.0,0.0,0.0,0.0,0.0,0.0,0.14516129032258066],"F1 score by cluster":[0.0855397148676171,0.16258741258741258,0.18049792531120332,0.08030592734225621,0.004424778761061947,0.012448132780082987,0.5135802469135803,0.03867403314917127,0.1361626878868258,0.005917159763313609,0.09994794377928162,0.02181818181818182,0.19574468085106383,0.05309734513274336,0.0,0.0,0.14285714285714285,0.0,0.0,0.0,0.0,0.0,0.0,0.0,0.0,0.0,0.0,0.21686746987951808],"confusion_matrix":[[42,166,38,61,0,4,12,4,77,7,148,1,22,20,0,0,41,0,0,0,0,0,0,0,0,0,0,0],[28,186,15,24,0,0,8,2,104,3,154,2,26,21,0,0,58,0,0,0,0,0,0,0,0,0,0,0],[42,118,87,105,1,11,2,12,34,4,108,3,19,26,0,0,38,0,0,0,0,0,0,0,0,0,0,1],[32,124,14,42,1,0,0,0,29,7,160,0,23,7,0,0,51,0,0,0,0,0,0,0,0,0,0,0],[25,118,37,39,1,7,1,3,42,5,113,0,12,18,0,0,22,0,0,0,0,0,0,0,0,0,0,1],[28,120,16,37,0,3,1,2,33,4,134,0,10,22,0,0,26,0,0,0,0,0,0,0,0,0,0,0],[5,36,13,5,0,0,208,0,31,1,34,0,38,7,0,0,26,0,0,0,0,0,0,0,0,0,0,0],[23,48,34,54,2,3,1,7,17,6,69,0,17,3,0,0,28,0,0,0,0,0,0,0,0,0,0,0],[6,61,11,15,1,2,11,2,77,0,51,0,23,11,0,0,38,0,0,0,0,0,0,0,0,0,0,2],[11,73,9,28,0,2,2,2,21,1,78,0,12,8,0,0,35,0,0,0,0,0,0,0,0,0,0,0],[8,72,1,8,0,1,17,0,35,0,96,0,16,3,0,0,19,0,0,0,0,0,0,0,0,0,0,0],[7,56,4,5,0,1,20,1,34,2,42,3,44,9,0,0,33,0,0,0,0,0,0,0,0,0,0,0],[1,30,0,1,0,0,27,0,28,3,35,2,69,1,0,0,43,0,0,0,0,0,0,0,0,0,0,0],[7,65,10,6,0,0,22,0,40,1,52,0,16,12,0,0,11,0,0,0,0,0,0,0,0,0,0,3],[15,53,15,28,2,1,6,4,25,1,37,0,7,6,0,0,13,0,0,0,0,0,0,0,0,0,0,2],[16,60,8,31,0,3,1,3,15,1,51,1,11,7,0,0,16,0,0,0,0,0,0,0,0,0,0,0],[3,8,0,3,0,1,21,0,31,1,17,0,28,0,0,0,60,0,0,0,0,0,0,0,0,0,0,0],[3,33,10,4,0,0,9,0,15,0,28,0,4,5,0,0,8,0,0,0,0,0,0,0,0,0,0,0],[3,22,7,5,0,2,8,2,26,1,24,0,8,2,0,0,15,0,0,0,0,0,0,0,0,0,0,3],[4,26,1,3,0,0,9,0,19,1,30,0,12,1,0,0,13,0,0,0,0,0,0,0,0,0,0,0],[0,39,2,4,0,1,3,0,20,2,29,0,10,4,0,0,11,0,0,0,0,0,0,0,0,0,0,0],[7,26,1,7,0,0,4,1,21,1,27,1,9,1,0,0,22,0,0,0,0,0,0,0,0,0,0,0],[4,23,5,14,0,2,0,1,11,1,44,0,0,4,0,0,7,0,0,0,0,0,0,0,0,0,0,0],[6,20,3,3,0,0,5,1,12,1,13,1,14,3,0,0,11,0,0,0,0,0,0,0,0,0,0,0],[6,30,1,6,0,1,1,1,5,1,28,0,2,0,0,0,3,0,0,0,0,0,0,0,0,0,0,0],[3,17,7,12,0,1,0,2,3,1,13,0,1,3,0,0,3,0,0,0,0,0,0,0,0,0,0,0],[3,19,0,4,0,0,1,0,7,0,19,0,7,1,0,0,10,0,0,0,0,0,0,0,0,0,0,0],[1,8,4,2,0,0,6,0,8,0,11,0,5,2,0,0,6,0,0,0,0,0,0,0,0,0,0,9]]}