{"Accuracy":0.11600547195622435,"Precision":0.12572035560335637,"Recall":0.11600547195622435,"F1 Score":0.06730821450302837,"Adjusted Rand Index":0.012895879423022878,"Precision by cluster":[0.14285714285714285,0.10076496966499604,0.25742574257425743,0.0712401055408971,0.0,0.0,0.4309623430962343,0.0,0.2,0.0,0.046019900497512436,0.0967741935483871,0.11027027027027027,1.0,0.0,0.0,0.04868913857677903,0.0,0.0,0.0,0.0,0.0,0.0,0.0,0.0,0.0,0.0,0.34782608695652173],"Recall by cluster":[0.00966183574879227,0.6282894736842105,0.04326123128119801,0.10714285714285714,0.0,0.0,0.5478723404255319,0.0,0.01444043321299639,0.0,0.14068441064638784,0.03614457831325301,0.4163265306122449,0.003745318352059925,0.0,0.0,0.0663265306122449,0.0,0.0,0.0,0.0,0.0,0.0,0.0,0.0,0.0,0.0,0.13114754098360656],"F1 score by cluster":[0.01809954751131222,0.17367583541714027,0.07407407407407407,0.08557844690966719,0.0,0.0,0.48243559718969553,0.0,0.026936026936026935,0.0,0.06935332708528585,0.05263157894736842,0.17435897435897435,0.007462686567164179,0.0,0.0,0.056155507559395246,0.0,0.0,0.0,0.0,0.0,0.0,0.0,0.0,0.0,0.0,0.19047619047619047],"confusion_matrix":[[6,355,8,74,0,0,18,0,0,1,68,10,66,0,0,0,14,0,0,0,0,0,0,0,0,0,0,1],[1,382,2,46,0,0,16,0,1,0,55,4,76,0,0,0,24,0,0,0,0,0,0,0,0,0,0,1],[12,292,26,125,0,0,1,0,5,0,63,12,47,0,0,0,17,0,0,0,0,0,0,0,0,0,0,1],[0,294,3,54,0,0,6,0,0,2,71,4,50,0,0,0,20,0,0,0,0,0,0,0,0,0,0,0],[2,248,16,71,0,0,2,0,0,0,59,5,33,0,0,0,14,0,0,0,0,0,0,0,0,0,0,1],[4,276,4,56,0,0,2,0,0,0,75,7,19,0,0,0,15,0,0,0,0,0,0,0,0,0,0,0],[1,81,1,9,0,1,206,0,0,0,23,2,47,0,0,0,5,0,0,0,0,0,0,0,0,0,0,0],[1,142,6,56,0,0,3,0,1,0,37,6,35,0,0,0,22,0,0,0,0,0,0,0,0,0,0,0],[1,145,8,22,0,0,13,0,4,0,23,1,50,0,0,0,6,0,0,0,0,0,0,0,0,0,0,4],[0,146,2,33,0,0,1,0,1,0,41,3,33,0,0,0,23,0,0,0,0,0,0,0,0,0,0,0],[0,150,2,13,0,0,15,0,0,0,37,0,35,0,0,0,11,0,0,0,0,0,0,0,0,0,0,0],[0,125,1,12,0,0,29,0,0,0,20,9,48,0,0,0,5,0,0,0,0,0,0,0,0,0,0,0],[0,67,0,2,0,0,49,0,0,0,7,3,102,0,0,0,15,0,0,0,0,0,0,0,0,0,0,0],[1,155,2,18,0,0,19,0,2,0,29,1,32,1,0,0,3,0,0,0,0,0,0,0,0,0,0,4],[2,117,8,44,0,1,12,0,1,1,20,4,15,0,0,0,6,0,0,0,0,0,0,0,0,0,0,1],[1,111,2,22,0,0,5,0,0,0,33,3,21,0,0,0,4,0,0,0,0,0,0,0,0,0,0,0],[2,62,0,5,0,0,25,0,2,0,12,2,73,0,0,0,13,0,0,0,0,0,0,0,0,0,0,0],[1,85,3,12,0,0,8,0,0,1,9,2,12,0,0,0,2,0,0,0,0,0,0,0,0,0,0,1],[0,67,2,10,0,0,12,0,0,0,10,0,21,0,0,0,14,0,0,0,0,0,0,0,0,0,0,1],[0,73,0,6,0,0,7,0,1,0,7,2,18,0,0,0,4,0,0,0,0,0,0,0,0,0,0,0],[1,74,0,7,0,0,9,0,0,0,14,1,17,0,0,0,6,0,0,0,0,0,0,0,0,0,0,0],[1,55,0,7,0,0,3,0,0,0,19,2,21,0,0,0,7,0,0,0,0,0,0,0,0,0,0,0],[0,54,3,15,0,0,0,0,1,0,20,1,7,0,0,0,6,0,0,0,0,0,0,0,0,0,0,0],[1,36,1,6,0,0,6,0,0,0,13,5,13,0,0,0,1,0,0,0,0,0,0,0,0,0,0,0],[3,64,0,11,0,0,1,0,0,0,10,0,9,0,0,0,2,0,0,0,0,0,0,0,0,0,0,0],[1,63,0,10,0,0,1,0,0,0,18,2,4,0,0,0,1,0,0,0,0,0,0,0,0,0,0,0],[0,45,0,5,0,0,5,0,0,0,7,0,16,0,0,0,5,0,0,0,0,0,0,0,0,0,0,0],[0,27,1,7,0,0,4,0,1,0,4,2,5,0,0,0,2,0,0,0,0,0,0,0,0,0,0,8]]}