{"Accuracy":0.15718194254445964,"Precision":0.07071823294287573,"Recall":0.15718194254445964,"F1 Score":0.08041781578018163,"Adjusted Rand Index":0.028284924997245414,"Precision by cluster":[0.09023941068139964,0.14178810555336746,0.15541843424604704,0.10689655172413794,0.0,0.0,0.29850746268656714,0.0,0.26666666666666666,0.0,0.0,0.0,0.13827993254637436,0.0,0.0,0.0,0.0,0.0,0.0,0.0,0.0,0.0,0.0,0.0,0.0,0.0,0.0,0.0],"Recall by cluster":[0.07777777777777778,0.5705229793977813,0.6761744966442953,0.06485355648535565,0.0,0.0,0.6010928961748634,0.0,0.012903225806451613,0.0,0.0,0.0,0.3241106719367589,0.0,0.0,0.0,0.0,0.0,0.0,0.0,0.0,0.0,0.0,0.0,0.0,0.0,0.0,0.0],"F1 score by cluster":[0.08354646206308611,0.22712933753943218,0.25274380683599873,0.08072916666666667,0.0,0.0,0.3989120580235721,0.0,0.024615384615384615,0.0,0.0,0.0,0.1938534278959811,0.0,0.0,0.0,0.0,0.0,0.0,0.0,0.0,0.0,0.0,0.0,0.0,0.0,0.0,0.0],"confusion_matrix":[[49,228,246,30,0,0,38,0,0,0,0,0,39,0,0,0,0,0,0,0,0,0,0,0,0,0,0,0],[46,360,128,23,0,0,30,0,1,0,0,0,43,0,0,0,0,0,0,0,0,0,0,0,0,0,0,0],[45,96,403,23,0,0,8,0,0,0,0,0,21,0,0,0,0,0,0,0,0,0,0,0,0,0,0,0],[37,215,168,31,0,0,6,0,0,0,0,0,21,0,0,0,0,0,0,0,0,0,0,0,0,0,0,0],[37,120,226,15,0,0,12,0,1,0,0,0,15,0,0,0,0,0,0,0,0,0,0,0,0,0,0,0],[54,167,208,26,0,0,3,0,0,0,0,0,17,0,0,0,0,0,0,0,0,0,0,0,0,0,0,0],[14,66,36,5,0,0,220,0,0,0,0,0,25,0,0,0,0,0,0,0,0,0,0,0,0,0,0,0],[24,38,194,13,0,0,5,0,0,0,0,0,17,0,0,0,0,0,0,0,0,0,0,0,0,0,0,0],[15,115,92,4,0,0,37,0,4,0,0,0,43,0,0,0,0,0,0,0,0,0,0,0,0,0,0,0],[27,98,108,10,0,0,8,0,0,0,0,0,25,0,0,0,0,0,0,0,0,0,0,0,0,0,0,0],[21,123,52,13,0,0,35,0,0,0,0,0,21,0,0,0,0,0,0,0,0,0,0,0,0,0,0,0],[15,110,42,9,0,0,50,0,0,0,0,0,43,0,0,0,0,0,0,0,0,0,0,0,0,0,0,0],[10,68,17,3,0,0,73,0,0,0,0,0,82,0,0,0,0,0,0,0,0,0,0,0,0,0,0,0],[14,92,70,9,0,0,38,0,3,0,0,0,23,0,0,0,0,0,0,0,0,0,0,0,0,0,0,0],[14,72,99,9,0,0,20,0,1,0,0,0,19,0,0,0,0,0,0,0,0,0,0,0,0,0,0,0],[25,73,109,6,0,0,5,0,0,0,0,0,9,0,0,0,0,0,0,0,0,0,0,0,0,0,0,0],[6,52,21,4,0,0,50,0,0,0,0,0,32,0,0,0,0,0,0,0,0,0,0,0,0,0,0,0],[14,49,51,3,0,0,20,0,2,0,0,0,7,0,0,0,0,0,0,0,0,0,0,0,0,0,0,0],[10,43,36,6,0,0,13,0,0,0,0,0,15,0,0,0,0,0,0,0,0,0,0,0,0,0,0,0],[7,51,16,3,0,0,17,0,0,0,0,0,14,0,0,0,0,0,0,0,0,0,0,0,0,0,0,0],[6,65,27,7,0,0,11,0,0,0,0,0,15,0,0,0,0,0,0,0,0,0,0,0,0,0,0,0],[10,56,29,6,0,0,13,0,0,0,0,0,12,0,0,0,0,0,0,0,0,0,0,0,0,0,0,0],[10,29,57,7,0,0,0,0,0,0,0,0,1,0,0,0,0,0,0,0,0,0,0,0,0,0,0,0],[6,31,25,6,0,0,15,0,0,0,0,0,15,0,0,0,0,0,0,0,0,0,0,0,0,0,0,0],[11,48,34,6,0,0,1,0,0,0,0,0,3,0,0,0,0,0,0,0,0,0,0,0,0,0,0,0],[4,19,61,6,0,0,1,0,0,0,0,0,0,0,0,0,0,0,0,0,0,0,0,0,0,0,0,0],[6,35,11,5,0,0,2,0,0,0,0,0,13,0,0,0,0,0,0,0,0,0,0,0,0,0,0,0],[6,20,27,2,0,0,6,0,3,0,0,0,3,0,0,0,0,0,0,0,0,0,0,0,0,0,0,0]],"epoch_accuracies":[[0.07172495554238292,0.1007705986959099,0.1056951347407779,0.1116228170170079,0.1116228170170079,0.11572659705439789,0.12379736446126488,0.12384296201723588,0.12849391272627786,0.12826592494642286,0.12990743696137888,0.13264329031963887,0.13496876567415986,0.13346404632711686,0.13756782636450687,0.13989330171902786,0.13715744836076788,0.14121563084218686,0.14048606994665086,0.14139802106607086,0.14422506953627284,0.14427066709224384,0.14814645934977885,0.14349550864073685,0.14805526423783685,0.14554739865943186,0.14800966668186585,0.14860243490948885,0.15074552004012584,0.14892161780128585],[0.1103967168262654,0.11504787961696307,0.1213406292749658,0.13023255813953488,0.13556771545827634,0.1347469220246238,0.14186046511627906,0.1426812585499316,0.14336525307797537,0.1456908344733242,0.14404924760601914,0.1493844049247606,0.14965800273597812,0.14801641586867306,0.14774281805745554,0.14692202462380302,0.1476060191518468,0.15266757865937072,0.1493844049247606,0.14870041039671683,0.1548563611491108,0.15253077975376197,0.15266757865937072,0.15239398084815323,0.15663474692202461,0.15471956224350206,0.15649794801641587,0.15937072503419972,0.16087551299589603,0.15663474692202461]]}