{"Accuracy":0.13310533515731873,"Precision":0.09120083886767162,"Recall":0.13310533515731873,"F1 Score":0.07426086706659717,"Adjusted Rand Index":0.01908108450113185,"Precision by cluster":[0.09980806142034548,0.17123287671232876,0.11000744971442761,0.09342560553633218,0.0,0.25,0.4180478821362799,0.0,0.25,0.0,0.0,0.0,0.11132254995242626,0.0,0.0,0.0,0.0,0.0,0.0,0.0,0.0,0.0,0.0,0.0,0.0,0.0,0.0,0.2857142857142857],"Recall by cluster":[0.15499254843517138,0.08460236886632826,0.7346600331674958,0.05432595573440644,0.0,0.0022522522522522522,0.5675,0.0,0.007662835249042145,0.0,0.0,0.0,0.4957627118644068,0.0,0.0,0.0,0.0,0.0,0.0,0.0,0.0,0.0,0.0,0.0,0.0,0.0,0.0,0.03571428571428571],"F1 score by cluster":[0.12142440163455925,0.11325028312570781,0.1913606911447084,0.06870229007633588,0.0,0.004464285714285714,0.4814422057264051,0.0,0.01486988847583643,0.0,0.0,0.0,0.18181818181818182,0.0,0.0,0.0,0.0,0.0,0.0,0.0,0.0,0.0,0.0,0.0,0.0,0.0,0.0,0.06349206349206349],"confusion_matrix":[[104,30,427,29,0,1,24,0,0,0,0,1,55,0,0,0,0,0,0,0,0,0,0,0,0,0,0,0],[126,50,276,27,3,1,25,0,0,0,0,3,80,0,0,0,0,0,0,0,0,0,0,0,0,0,0,0],[58,14,443,22,0,0,3,0,0,0,0,6,57,0,0,0,0,0,0,0,0,0,0,0,0,0,0,0],[75,19,315,27,1,0,1,0,0,0,0,0,59,0,0,0,0,0,0,0,0,0,0,0,0,0,0,0],[66,10,300,27,0,0,4,0,0,0,0,0,29,0,0,0,0,0,0,0,0,0,0,0,0,0,0,1],[64,7,315,16,1,1,2,0,0,0,0,2,36,0,0,0,0,0,0,0,0,0,0,0,0,0,0,0],[26,7,85,6,0,0,227,0,0,0,0,0,49,0,0,0,0,0,0,0,0,0,0,0,0,0,0,0],[33,7,220,19,0,0,5,0,0,0,0,4,37,0,0,0,0,0,0,0,0,0,0,0,0,0,0,0],[53,16,109,7,1,0,21,0,2,0,0,0,49,0,0,0,0,0,0,0,0,0,0,0,0,0,0,3],[36,5,178,13,0,0,1,0,0,0,0,2,48,0,0,0,0,0,0,0,0,0,0,0,0,0,0,0],[53,12,142,7,0,0,26,0,0,0,0,0,42,0,0,0,0,0,0,0,0,0,0,0,0,0,0,0],[44,17,119,5,0,0,26,0,0,0,0,0,65,0,0,0,0,0,0,0,0,0,0,0,0,0,0,0],[10,9,49,2,0,0,44,0,0,0,0,5,117,0,0,0,0,0,0,0,0,0,0,0,0,0,0,0],[38,6,128,11,0,0,25,0,3,0,0,1,37,0,0,0,0,0,0,0,0,0,0,0,0,0,0,0],[27,12,135,9,0,0,16,0,0,0,0,0,27,0,0,0,0,0,0,0,0,0,0,0,0,0,0,0],[31,4,144,6,1,0,5,0,0,0,0,1,26,0,0,0,0,0,0,0,0,0,0,0,0,0,0,0],[16,8,35,6,0,0,25,0,1,0,0,3,64,0,0,0,0,0,0,0,0,0,0,0,0,0,0,0],[30,7,76,5,0,0,12,0,1,0,0,1,18,0,0,0,0,0,0,0,0,0,0,0,0,0,0,0],[14,13,63,2,1,0,9,0,0,0,0,0,23,0,0,0,0,0,0,0,0,0,0,0,0,0,0,1],[29,8,50,11,0,1,16,0,0,0,0,1,20,0,0,0,0,0,0,0,0,0,0,0,0,0,0,0],[29,9,60,5,0,0,6,0,0,0,0,1,19,0,0,0,0,0,0,0,0,0,0,0,0,0,0,0],[12,6,61,4,0,0,5,0,0,0,0,0,34,0,0,0,0,0,0,0,0,0,0,0,0,0,0,0],[13,2,63,3,0,0,0,0,0,0,0,0,5,0,0,0,0,0,0,0,0,0,0,0,0,0,0,0],[11,1,58,0,0,0,5,0,0,0,0,4,19,0,0,0,0,0,0,0,0,0,0,0,0,0,0,0],[13,3,50,7,1,0,1,0,0,0,0,1,6,0,0,0,0,0,0,0,0,0,0,0,0,0,0,0],[8,3,58,5,0,0,1,0,0,0,0,0,5,0,0,0,0,0,0,0,0,0,0,0,0,0,0,0],[16,5,38,6,1,0,3,0,0,0,0,1,18,0,0,0,0,0,0,0,0,0,0,0,0,0,0,0],[7,2,30,2,0,0,5,0,1,0,0,0,7,0,0,0,0,0,0,0,0,0,0,0,0,0,0,2]]}