{"Accuracy":0.17688098495212037,"Precision":0.15192740580622593,"Recall":0.17688098495212037,"F1 Score":0.10422239083796636,"Adjusted Rand Index":0.03228690263520679,"Precision by cluster":[0.2,0.13852058618283322,0.1986754966887417,0.12996941896024464,0.5,0.16666666666666666,0.4665127020785219,0.2318840579710145,0.1111111111111111,0.0,0.0,0.11320754716981132,0.21610169491525424,0.0,0.0,0.0,0.11797752808988764,0.0,0.0,0.0,0.0,0.0,0.0,0.0,0.0,0.0,0.0,0.2727272727272727],"Recall by cluster":[0.0014814814814814814,0.6786324786324787,0.5990016638935108,0.3420523138832998,0.0022624434389140274,0.00909090909090909,0.5024875621890548,0.04938271604938271,0.0035087719298245615,0.0,0.0,0.05150214592274678,0.38345864661654133,0.0,0.0,0.0,0.11731843575418995,0.0,0.0,0.0,0.0,0.0,0.0,0.0,0.0,0.0,0.0,0.0967741935483871],"F1 score by cluster":[0.0029411764705882353,0.23007823819182846,0.29838375466224615,0.1883656509695291,0.0045045045045045045,0.017241379310344827,0.48383233532934133,0.08142493638676845,0.006802721088435374,0.0,0.0,0.07079646017699115,0.2764227642276423,0.0,0.0,0.0,0.11764705882352941,0.0,0.0,0.0,0.0,0.0,0.0,0.0,0.0,0.0,0.0,0.14285714285714285],"confusion_matrix":[[1,276,187,123,0,3,25,14,0,0,0,9,24,1,0,0,11,0,0,0,0,0,0,0,0,0,0,1],[0,397,44,84,0,5,11,1,2,0,0,4,22,0,0,0,15,0,0,0,0,0,0,0,0,0,0,0],[0,123,360,90,0,2,1,4,0,0,0,4,14,1,0,0,1,0,0,0,0,0,0,0,0,0,0,1],[0,189,100,170,0,1,2,9,0,0,0,5,15,0,0,0,6,0,0,0,0,0,0,0,0,0,0,0],[1,122,215,64,1,2,5,7,1,0,0,6,11,2,0,0,4,0,0,0,0,0,0,0,0,0,0,1],[0,161,131,121,0,4,1,7,0,0,0,7,4,0,0,0,4,0,0,0,0,0,0,0,0,0,0,0],[0,104,25,21,0,0,202,0,0,0,0,5,33,0,0,0,11,0,0,0,0,0,0,0,0,0,0,1],[0,48,179,58,0,1,2,16,0,0,0,5,11,0,0,0,4,0,0,0,0,0,0,0,0,0,0,0],[0,107,70,25,0,1,15,0,1,0,0,3,31,0,0,0,26,0,0,0,0,0,0,0,0,0,0,6],[0,111,76,93,0,0,3,1,0,0,0,1,17,0,0,0,5,0,0,0,0,0,0,0,0,0,0,0],[0,180,11,32,0,0,24,1,0,0,0,3,11,0,0,0,7,0,0,0,0,0,0,0,0,0,0,0],[1,98,25,38,0,0,23,0,0,0,0,12,34,0,0,0,2,0,0,0,0,0,0,0,0,0,0,0],[0,86,4,18,0,0,28,1,2,0,0,7,102,0,0,0,18,0,0,0,0,0,0,0,0,0,0,0],[1,142,20,25,0,3,18,0,0,0,0,7,14,0,0,0,5,0,0,0,0,0,0,0,0,0,0,3],[0,78,83,40,0,1,9,0,0,0,0,3,11,0,0,0,3,0,0,0,0,0,0,0,0,0,0,1],[0,63,69,55,0,0,1,3,0,0,0,2,7,0,0,0,2,0,0,0,0,0,0,0,0,0,0,0],[0,79,4,19,0,0,19,0,0,0,0,2,35,0,0,0,21,0,0,0,0,0,0,0,0,0,0,0],[1,49,34,31,0,0,8,2,0,0,0,4,4,0,0,0,2,0,0,0,0,0,0,0,0,0,0,1],[0,58,36,20,0,1,7,0,1,0,0,0,13,0,0,0,6,0,0,0,0,0,0,0,0,0,0,0],[0,71,4,15,0,0,8,0,1,0,0,1,11,0,0,0,5,0,0,0,0,0,0,0,0,0,0,0],[0,70,4,16,0,0,4,0,0,0,0,1,6,0,0,0,5,0,0,0,0,0,0,0,0,0,0,1],[0,51,9,36,0,0,6,0,0,0,0,2,7,0,0,0,4,0,0,0,0,0,0,0,0,0,0,0],[0,32,38,27,0,0,0,0,0,0,0,1,1,0,0,0,0,0,0,0,0,0,0,0,0,0,0,0],[0,34,14,18,0,0,8,0,0,0,0,9,14,0,0,0,3,0,0,0,0,0,0,0,0,0,0,0],[0,35,17,26,0,0,1,1,0,0,0,3,2,0,0,0,1,0,0,0,0,0,0,0,0,0,0,0],[0,24,38,21,1,0,0,2,0,0,0,0,6,0,0,0,0,0,0,0,0,0,0,0,0,0,0,0],[0,56,1,14,0,0,1,0,0,0,0,0,6,0,0,0,3,0,0,0,0,0,0,0,0,0,0,0],[0,22,14,8,0,0,1,0,1,0,0,0,6,0,0,0,4,0,0,0,0,0,0,0,0,0,0,6]]}