{"Accuracy":0.13214774281805747,"Precision":0.1111904446436015,"Recall":0.13214774281805747,"F1 Score":0.10543140593516806,"Adjusted Rand Index":0.025052255392479215,"Precision by cluster":[0.06424581005586592,0.12889983579638753,0.20833333333333334,0.0948509485094851,0.0975609756097561,0.17543859649122806,0.4134790528233151,0.14009661835748793,0.1214574898785425,0.07801418439716312,0.0658554044380816,0.16129032258064516,0.08368200836820083,0.06334841628959276,0.0,0.0,0.0819277108433735,0.0,0.0,0.0,0.0,0.0,0.0,0.0,0.0,0.0,0.0,0.25806451612903225],"Recall by cluster":[0.03576982892690513,0.24881141045958796,0.3027823240589198,0.14285714285714285,0.02702702702702703,0.022935779816513763,0.5618811881188119,0.09294871794871795,0.09646302250803858,0.03900709219858156,0.3333333333333333,0.038314176245210725,0.08333333333333333,0.05714285714285714,0.0,0.0,0.3930635838150289,0.0,0.0,0.0,0.0,0.0,0.0,0.0,0.0,0.0,0.0,0.12903225806451613],"F1 score by cluster":[0.04595404595404595,0.16982152514872903,0.24683122081387593,0.11400651465798045,0.042328042328042326,0.04056795131845842,0.47639034627492133,0.11175337186897881,0.10752688172043011,0.05200945626477541,0.10998206814106395,0.06191950464396285,0.08350730688935282,0.060085836909871244,0.0,0.0,0.13559322033898305,0.0,0.0,0.0,0.0,0.0,0.0,0.0,0.0,0.0,0.0,0.17204301075268819],"confusion_matrix":[[23,126,105,73,15,3,22,29,27,9,107,1,16,28,0,0,57,0,0,0,0,0,0,0,0,0,0,2],[21,157,36,62,7,1,18,2,34,16,152,6,19,27,0,0,73,0,0,0,0,0,0,0,0,0,0,0],[32,64,185,92,13,9,6,25,15,6,88,3,11,15,0,0,44,0,0,0,0,0,0,0,0,0,0,3],[38,70,50,70,14,1,8,19,9,16,132,3,5,9,0,0,46,0,0,0,0,0,0,0,0,0,0,0],[29,78,72,54,12,8,6,15,9,9,96,0,7,15,0,0,30,0,1,0,0,0,0,0,0,0,0,3],[29,74,49,75,8,10,1,13,8,10,108,2,6,19,0,0,24,0,0,0,0,0,0,0,0,0,0,0],[10,27,17,8,3,0,227,1,7,3,38,1,17,11,0,0,34,0,0,0,0,0,0,0,0,0,0,0],[16,28,78,44,9,5,1,29,3,13,46,3,8,2,1,0,25,0,0,0,0,0,0,0,0,0,0,1],[9,56,28,23,2,1,17,6,30,3,40,0,19,11,0,0,62,0,0,0,0,0,0,0,0,0,0,4],[23,35,39,34,8,2,3,10,4,11,64,0,9,7,0,0,33,0,0,0,0,0,0,0,0,0,0,0],[6,67,6,16,3,1,21,2,11,6,92,2,9,3,0,0,31,0,0,0,0,0,0,0,0,0,0,0],[8,43,17,12,1,1,33,4,9,6,42,10,24,13,0,0,38,0,0,0,0,0,0,0,0,0,0,0],[6,38,7,8,5,0,44,4,5,1,15,14,20,0,0,0,73,0,0,0,0,0,0,0,0,0,0,0],[9,55,15,14,2,2,29,3,13,1,61,0,7,14,1,0,15,0,0,0,0,0,0,0,0,0,0,4],[17,34,36,30,5,2,8,7,7,0,35,3,1,6,0,0,21,0,0,0,0,0,0,0,0,0,0,3],[19,41,38,31,4,4,4,10,2,4,41,1,4,4,0,0,17,0,0,0,0,0,0,0,0,0,0,0],[6,10,7,3,2,0,31,3,6,3,13,2,18,1,0,0,68,0,0,0,0,0,0,0,0,0,0,0],[5,21,13,10,1,0,10,2,5,2,27,0,2,11,0,0,10,0,0,0,0,0,0,0,0,0,0,0],[4,25,15,11,1,1,14,2,6,1,15,0,5,2,0,0,24,0,0,0,0,0,0,0,0,0,0,2],[6,24,6,12,0,0,14,1,3,4,28,1,6,1,0,0,13,0,0,0,0,0,0,0,0,0,0,0],[0,36,5,10,0,0,5,0,7,3,24,2,8,6,0,0,19,0,0,0,0,0,0,0,0,0,0,0],[8,19,8,6,2,1,8,4,9,4,27,1,4,0,0,0,27,0,0,0,0,0,0,0,0,0,0,0],[14,19,20,12,3,0,2,3,1,3,25,0,0,6,0,0,7,0,0,0,0,0,0,0,0,0,0,1],[5,21,10,3,1,0,10,2,4,2,11,7,2,4,0,0,10,0,1,0,0,0,0,0,0,0,0,0],[4,15,6,12,0,3,1,5,2,1,30,0,2,0,0,0,4,0,0,0,0,0,0,0,0,0,0,0],[5,12,12,8,2,2,0,5,2,1,12,0,0,2,0,0,3,0,0,0,0,0,0,0,0,0,0,0],[4,13,2,2,0,0,1,0,3,3,20,0,6,2,0,0,15,0,0,0,0,0,0,0,0,0,0,0],[2,10,6,3,0,0,5,1,6,0,8,0,4,2,0,0,7,0,0,0,0,0,0,0,0,0,0,8]]}