{"Accuracy":0.11819425444596443,"Precision":0.08192975876694131,"Recall":0.11819425444596443,"F1 Score":0.05855275689569246,"Adjusted Rand Index":0.01523041045791551,"Precision by cluster":[0.09246575342465753,0.25,0.09539100868908199,0.08333333333333333,0.0,0.0,0.40966010733452596,0.0,0.08391608391608392,0.0,0.0,0.08,0.16666666666666666,0.06666666666666667,0.0,0.0,0.07959479015918958,0.0,0.0,0.0,0.0,0.0,0.0,0.0,0.0,0.0,0.0,0.0],"Recall by cluster":[0.041990668740279936,0.004754358161648178,0.8265139116202946,0.02857142857142857,0.0,0.0,0.5668316831683168,0.0,0.03858520900321544,0.0,0.0,0.007662835249042145,0.0625,0.00816326530612245,0.0,0.0,0.3179190751445087,0.0,0.0,0.0,0.0,0.0,0.0,0.0,0.0,0.0,0.0,0.0],"F1 score by cluster":[0.057754010695187166,0.00933125972006221,0.1710414902624894,0.0425531914893617,0.0,0.0,0.4755970924195223,0.0,0.05286343612334802,0.0,0.0,0.013986013986013986,0.09090909090909091,0.014545454545454545,0.0,0.0,0.12731481481481483,0.0,0.0,0.0,0.0,0.0,0.0,0.0,0.0,0.0,0.0,0.0],"confusion_matrix":[[27,2,509,12,1,0,23,0,10,0,0,4,5,8,0,0,42,0,0,0,0,0,0,0,0,0,0,0],[24,3,497,17,0,0,15,1,8,0,0,0,11,2,0,0,53,0,0,0,0,0,0,0,0,0,0,0],[25,0,505,16,0,0,6,0,15,0,0,1,5,0,0,0,38,0,0,0,0,0,0,0,0,0,0,0],[18,0,411,14,0,0,7,0,6,0,0,1,6,0,0,0,27,0,0,0,0,0,0,0,0,0,0,0],[15,1,379,10,0,0,5,1,6,0,0,1,2,2,0,0,22,0,0,0,0,0,0,0,0,0,0,0],[20,0,390,5,0,0,2,0,2,0,0,0,1,0,0,0,16,0,0,0,0,0,0,0,0,0,0,0],[12,0,117,3,0,0,229,0,8,0,0,0,3,0,0,0,32,0,0,0,0,0,0,0,0,0,0,0],[8,0,259,12,0,0,4,0,3,0,0,0,4,0,0,0,22,0,0,0,0,0,0,0,0,0,0,0],[13,1,198,6,0,0,20,0,12,0,0,1,3,3,0,0,53,0,0,0,0,0,0,0,0,0,0,1],[10,0,231,9,0,0,4,1,4,0,0,1,3,0,0,0,19,0,0,0,0,0,0,0,0,0,0,0],[15,2,199,6,0,0,20,0,0,0,0,0,4,1,0,0,29,0,0,0,0,0,0,0,0,0,0,0],[14,0,142,3,0,0,31,0,6,0,0,2,5,4,0,0,54,0,0,0,0,0,0,0,0,0,0,0],[15,2,83,5,0,0,51,0,4,0,0,4,15,0,0,0,61,0,0,0,0,0,0,0,0,0,0,0],[16,0,169,4,0,0,28,0,11,0,0,1,2,2,0,0,12,0,0,0,0,0,0,0,0,0,0,0],[7,1,168,7,0,0,7,0,8,0,0,2,0,0,0,0,15,0,0,0,0,0,0,0,0,0,0,0],[7,0,188,7,0,0,3,0,2,0,0,0,1,0,0,0,16,0,0,0,0,0,0,0,0,0,0,0],[5,0,62,5,0,0,37,0,3,0,0,1,5,0,0,0,55,0,0,0,0,0,0,0,0,0,0,0],[8,0,88,2,0,0,9,0,2,0,0,2,0,2,0,0,6,0,0,0,0,0,0,0,0,0,0,0],[5,0,81,5,0,0,13,1,6,0,0,0,1,0,0,0,16,0,0,0,0,0,0,0,0,0,0,0],[4,0,78,5,0,0,11,0,3,0,0,3,1,1,0,0,13,0,0,0,0,0,0,0,0,0,0,0],[6,0,86,2,0,0,7,0,0,0,0,0,2,2,0,0,20,0,0,0,0,0,0,0,0,0,0,0],[5,0,85,5,0,0,6,0,2,0,0,0,3,0,0,0,22,0,0,0,0,0,0,0,0,0,0,0],[5,0,97,3,0,0,0,0,2,0,0,0,0,0,0,0,9,0,0,0,0,0,0,0,0,0,0,0],[2,0,63,0,0,0,12,0,2,0,0,0,3,1,0,0,10,0,0,0,0,0,0,0,0,0,0,0],[0,0,74,2,0,0,1,0,2,0,0,0,0,0,0,0,6,0,0,0,0,0,0,0,0,0,0,0],[3,0,57,2,0,0,0,0,1,0,0,0,1,0,0,0,2,0,0,0,0,0,0,0,0,0,0,0],[2,0,48,1,0,0,1,0,2,0,0,1,2,1,0,0,13,0,0,0,0,0,0,0,0,0,0,0],[1,0,30,0,0,0,7,0,13,0,0,0,2,1,0,0,8,0,0,0,0,0,0,0,0,0,0,0]]}