{"Accuracy":0.11094391244870042,"Precision":0.10003916311648968,"Recall":0.11094391244870042,"F1 Score":0.06651467107893817,"Adjusted Rand Index":0.012641867176761119,"Precision by cluster":[0.10784313725490197,0.10579757615460203,0.2777777777777778,0.07681564245810056,0.0,0.0,0.4383561643835616,0.0,0.16666666666666666,0.0,0.04714640198511166,0.08181818181818182,0.1246684350132626,0.3333333333333333,0.0,0.0,0.06937799043062201,0.0,0.0,0.0,0.0,0.0,0.0,0.0,0.0,0.0,0.0,0.2857142857142857],"Recall by cluster":[0.017713365539452495,0.53125,0.016638935108153077,0.10912698412698413,0.0,0.0,0.5106382978723404,0.0,0.018050541516245487,0.0,0.2889733840304182,0.03614457831325301,0.3836734693877551,0.003745318352059925,0.0,0.0,0.14795918367346939,0.0,0.0,0.0,0.0,0.0,0.0,0.0,0.0,0.0,0.0,0.09836065573770492],"F1 score by cluster":[0.030428769017980636,0.17645452062278066,0.03139717425431711,0.09016393442622951,0.0,0.0,0.47174447174447176,0.0,0.03257328990228013,0.0,0.08106666666666666,0.05013927576601671,0.1881881881881882,0.007407407407407408,0.0,0.0,0.09446254071661238,0.0,0.0,0.0,0.0,0.0,0.0,0.0,0.0,0.0,0.0,0.14634146341463414],"confusion_matrix":[[11,281,1,68,0,0,21,0,0,0,151,13,45,0,0,0,29,0,0,0,0,0,0,0,0,0,0,1],[4,323,0,52,0,2,17,0,3,0,111,5,50,0,0,0,40,0,0,0,0,0,0,0,0,0,0,1],[29,201,10,114,0,1,1,0,6,0,164,10,30,0,0,0,33,0,0,0,0,0,0,0,0,0,0,2],[9,217,0,55,0,1,3,0,0,1,149,10,41,0,0,0,18,0,0,0,0,0,0,0,0,0,0,0],[9,210,2,70,0,1,2,0,0,0,100,6,28,1,0,0,21,0,0,0,0,0,0,0,0,0,0,1],[4,211,1,59,0,0,1,1,0,0,140,8,12,0,0,0,21,0,0,0,0,0,0,0,0,0,0,0],[1,70,1,5,0,0,192,0,4,0,41,1,54,0,0,0,7,0,0,0,0,0,0,0,0,0,0,0],[8,115,1,49,0,0,2,0,0,1,69,6,31,0,0,0,26,0,0,0,0,0,0,0,0,0,0,1],[1,130,7,18,0,1,16,0,5,0,37,2,42,0,0,0,16,0,0,0,0,0,0,0,0,0,0,2],[0,120,2,31,0,0,1,0,0,0,68,2,34,0,0,0,25,0,0,0,0,0,0,0,0,0,0,0],[3,112,1,9,0,0,15,0,0,0,76,3,21,0,0,0,23,0,0,0,0,0,0,0,0,0,0,0],[2,107,0,13,0,1,25,0,2,0,43,9,39,0,0,0,8,0,0,0,0,0,0,0,0,0,0,0],[1,67,0,1,0,0,39,0,2,0,11,5,94,0,0,0,25,0,0,0,0,0,0,0,0,0,0,0],[2,124,0,13,0,1,14,0,3,0,69,6,20,1,0,0,10,0,0,0,0,0,0,0,0,0,0,4],[5,93,5,38,0,1,12,0,0,1,52,1,12,1,0,0,10,0,0,0,0,0,0,0,0,0,0,1],[4,99,0,17,0,1,4,0,0,0,50,1,17,0,0,0,9,0,0,0,0,0,0,0,0,0,0,0],[1,48,0,4,0,0,23,0,2,0,28,1,60,0,0,0,29,0,0,0,0,0,0,0,0,0,0,0],[1,72,1,15,0,0,7,0,0,0,24,2,12,0,0,0,1,0,0,0,0,0,0,0,0,0,0,1],[0,56,2,8,0,0,8,1,0,0,23,0,24,0,0,0,14,0,0,0,0,0,0,0,0,0,0,1],[1,66,0,6,0,0,8,0,0,0,14,2,14,0,0,0,7,0,0,0,0,0,0,0,0,0,0,0],[0,58,0,11,0,0,9,0,0,0,28,0,16,0,0,0,7,0,0,0,0,0,0,0,0,0,0,0],[0,53,0,8,0,1,2,0,0,1,23,2,17,0,0,0,8,0,0,0,0,0,0,0,0,0,0,0],[2,43,2,9,0,0,0,0,0,0,35,3,5,0,0,0,8,0,0,0,0,0,0,0,0,0,0,0],[0,26,0,6,0,0,6,0,0,0,27,5,8,0,0,0,4,0,0,0,0,0,0,0,0,0,0,0],[1,43,0,15,0,0,2,0,0,0,25,2,6,0,0,0,6,0,0,0,0,0,0,0,0,0,0,0],[1,47,0,12,0,0,1,0,0,0,31,2,4,0,0,0,2,0,0,0,0,0,0,0,0,0,0,0],[0,37,0,4,0,0,5,0,0,0,15,0,13,0,0,0,9,0,0,0,0,0,0,0,0,0,0,0],[2,24,0,6,0,0,2,0,3,0,8,3,5,0,0,0,2,0,0,0,0,0,0,0,0,0,0,6]]}