{
    "Accuracy": 0.1672821775406921,
    "Precision": 0.08858767158888718,
    "Recall": 0.1672821775406921,
    "F1 Score": 0.09402243789866524,
    "Adjusted Rand Index": 0.03337019502005368,
    "Precision by cluster": [
        0.09364548494983277,
        0.15322921063739975,
        0.16266246553761324,
        0.11578947368421053,
        0.0,
        0.11330049261083744,
        0.3603448275862069,
        0.0,
        0.2692307692307692,
        0.0,
        0.0,
        0.0,
        0.19678714859437751,
        0.0,
        0.0,
        0.0,
        0.0,
        0.0,
        0.0,
        0.0,
        0.0,
        0.0,
        0.0,
        0.0,
        0.0,
        0.0,
        0.0,
        0.4444444444444444
    ],
    "Recall by cluster": [
        0.12962962962962962,
        0.5826645264847512,
        0.722027972027972,
        0.041121495327102804,
        0.0,
        0.05133928571428571,
        0.5821727019498607,
        0.0,
        0.024822695035460994,
        0.0,
        0.0,
        0.0,
        0.35251798561151076,
        0.0,
        0.0,
        0.0,
        0.0,
        0.0,
        0.0,
        0.0,
        0.0,
        0.0,
        0.0,
        0.0,
        0.0,
        0.0,
        0.0,
        0.06896551724137931
    ],
    "F1 score by cluster": [
        0.1087378640776699,
        0.2426470588235294,
        0.2655094824815172,
        0.060689655172413794,
        0.0,
        0.0706605222734255,
        0.44515441959531415,
        0.0,
        0.045454545454545456,
        0.0,
        0.0,
        0.0,
        0.25257731958762886,
        0.0,
        0.0,
        0.0,
        0.0,
        0.0,
        0.0,
        0.0,
        0.0,
        0.0,
        0.0,
        0.0,
        0.0,
        0.0,
        0.0,
        0.11940298507462686
    ],
    "confusion_matrix": [
        [
            84,
            229,
            241,
            20,
            0,
            16,
            31,
            0,
            1,
            0,
            0,
            0,
            26,
            0,
            0,
            0,
            0,
            0,
            0,
            0,
            0,
            0,
            0,
            0,
            0,
            0,
            0,
            0
        ],
        [
            59,
            363,
            108,
            22,
            0,
            19,
            22,
            0,
            2,
            0,
            0,
            0,
            28,
            0,
            0,
            0,
            0,
            0,
            0,
            0,
            0,
            0,
            0,
            0,
            0,
            0,
            0,
            0
        ],
        [
            54,
            64,
            413,
            10,
            0,
            15,
            3,
            0,
            1,
            0,
            0,
            0,
            12,
            0,
            0,
            0,
            0,
            0,
            0,
            0,
            0,
            0,
            0,
            0,
            0,
            0,
            0,
            0
        ],
        [
            94,
            186,
            190,
            22,
            0,
            26,
            4,
            0,
            0,
            0,
            0,
            0,
            13,
            0,
            0,
            0,
            0,
            0,
            0,
            0,
            0,
            0,
            0,
            0,
            0,
            0,
            0,
            0
        ],
        [
            54,
            105,
            236,
            7,
            0,
            17,
            5,
            0,
            2,
            0,
            0,
            0,
            17,
            0,
            0,
            0,
            0,
            0,
            0,
            0,
            0,
            0,
            0,
            0,
            0,
            0,
            0,
            0
        ],
        [
            67,
            147,
            186,
            21,
            0,
            23,
            1,
            0,
            0,
            0,
            0,
            0,
            3,
            0,
            0,
            0,
            0,
            0,
            0,
            0,
            0,
            0,
            0,
            0,
            0,
            0,
            0,
            0
        ],
        [
            19,
            65,
            31,
            2,
            0,
            6,
            209,
            0,
            0,
            0,
            0,
            0,
            27,
            0,
            0,
            0,
            0,
            0,
            0,
            0,
            0,
            0,
            0,
            0,
            0,
            0,
            0,
            0
        ],
        [
            39,
            33,
            218,
            10,
            0,
            8,
            1,
            0,
            1,
            0,
            0,
            0,
            6,
            0,
            0,
            0,
            0,
            0,
            0,
            0,
            0,
            0,
            0,
            0,
            0,
            0,
            0,
            0
        ],
        [
            28,
            108,
            82,
            3,
            0,
            3,
            22,
            0,
            7,
            0,
            0,
            0,
            26,
            0,
            0,
            0,
            0,
            0,
            0,
            0,
            0,
            0,
            0,
            0,
            0,
            0,
            0,
            3
        ],
        [
            39,
            76,
            122,
            9,
            0,
            9,
            4,
            0,
            0,
            0,
            0,
            0,
            18,
            0,
            0,
            0,
            0,
            0,
            0,
            0,
            0,
            0,
            0,
            0,
            0,
            0,
            0,
            0
        ],
        [
            27,
            127,
            44,
            3,
            0,
            5,
            27,
            0,
            0,
            0,
            0,
            0,
            16,
            0,
            0,
            0,
            0,
            0,
            0,
            0,
            0,
            0,
            0,
            0,
            0,
            0,
            0,
            0
        ],
        [
            38,
            78,
            55,
            5,
            0,
            3,
            31,
            0,
            0,
            0,
            0,
            0,
            40,
            0,
            0,
            0,
            0,
            0,
            0,
            0,
            0,
            0,
            0,
            0,
            0,
            0,
            0,
            0
        ],
        [
            20,
            72,
            24,
            3,
            0,
            1,
            60,
            0,
            0,
            0,
            0,
            0,
            98,
            0,
            0,
            0,
            0,
            0,
            0,
            0,
            0,
            0,
            0,
            0,
            0,
            0,
            0,
            0
        ],
        [
            35,
            111,
            54,
            4,
            0,
            8,
            30,
            0,
            2,
            0,
            0,
            0,
            13,
            0,
            0,
            0,
            0,
            0,
            0,
            0,
            0,
            0,
