{"Accuracy":0.0600547195622435,"Precision":0.08406970682918109,"Recall":0.0600547195622435,"F1 Score":0.03925452406427019,"Adjusted Rand Index":0.015919412257967423,"Precision by cluster":[0.07916666666666666,0.08626760563380281,0.13385826771653545,0.08267716535433071,0.0,0.0945273631840796,0.6666666666666666,0.0,0.05608591885441527,0.07228915662650602,0.041366223908918406,0.0,0.0,0.07434052757793765,0.0,0.0,0.05147563486616335,0.0,0.0,0.0,0.0,0.0,0.0,0.0,0.0,0.0,0.0,0.0],"Recall by cluster":[0.029548989113530325,0.07765451664025357,0.027823240589198037,0.04285714285714286,0.0,0.13073394495412843,0.0049504950495049506,0.0,0.15112540192926044,0.0425531914893617,0.39492753623188404,0.0,0.0,0.12653061224489795,0.0,0.0,0.43352601156069365,0.0,0.0,0.0,0.0,0.0,0.0,0.0,0.0,0.0,0.0,0.0],"F1 score by cluster":[0.04303510758776897,0.0817347789824854,0.04607046070460705,0.056451612903225805,0.0,0.109720885466795,0.009828009828009828,0.0,0.08181026979982593,0.05357142857142857,0.07488835451734799,0.0,0.0,0.09365558912386707,0.0,0.0,0.09202453987730061,0.0,0.0,0.0,0.0,0.0,0.0,0.0,0.0,0.0,0.0,0.0],"confusion_matrix":[[19,57,15,33,0,49,0,0,45,15,260,0,0,47,0,0,103,0,0,0,0,0,0,0,0,0,0,0],[33,49,13,26,0,70,0,0,35,19,216,0,0,39,0,0,131,0,0,0,0,0,0,0,0,0,0,0],[22,59,17,26,0,48,0,0,14,9,287,0,0,40,0,0,89,0,0,0,0,0,0,0,0,0,0,0],[24,38,10,21,0,45,0,0,12,13,217,0,0,20,0,0,90,0,0,0,0,0,0,0,0,0,0,0],[16,45,11,22,0,43,0,0,9,11,172,0,0,33,0,0,82,0,0,0,0,0,0,0,0,0,0,0],[15,38,9,23,0,57,0,0,3,10,196,0,0,27,0,0,58,0,0,0,0,0,0,0,0,0,0,0],[3,16,1,1,0,13,2,0,248,1,54,0,0,16,0,0,49,0,0,0,0,0,0,0,0,0,0,0],[12,16,7,13,0,23,0,0,6,13,140,0,0,5,0,0,77,0,0,0,0,0,0,0,0,0,0,0],[3,35,9,11,0,26,1,0,47,7,76,1,0,18,0,0,77,0,0,0,0,0,0,0,0,0,0,0],[12,23,5,8,0,27,0,0,10,12,118,0,0,12,0,0,55,0,0,0,0,0,0,0,0,0,0,0],[8,22,1,8,0,26,0,0,36,6,109,0,0,13,0,0,47,0,0,0,0,0,0,0,0,0,0,0],[9,20,2,6,0,14,0,0,55,5,72,0,0,18,0,0,60,0,0,0,0,0,0,0,0,0,0,0],[4,14,3,2,0,6,0,0,78,5,39,0,0,0,0,0,89,0,0,0,0,0,0,0,0,0,0,0],[5,23,0,2,0,25,0,0,43,0,79,0,0,31,0,0,37,0,0,0,0,0,0,0,0,0,0,0],[10,14,4,6,0,18,0,1,15,1,90,0,0,12,0,0,44,0,0,0,0,0,0,0,0,0,0,0],[7,16,3,17,0,27,0,0,6,6,87,0,0,11,0,0,44,0,0,0,0,0,0,0,0,0,0,0],[2,8,1,0,0,1,0,0,51,3,28,0,0,4,0,0,75,0,0,0,0,0,0,0,0,0,0,0],[5,10,2,2,0,9,0,0,13,4,37,0,0,16,0,0,21,0,0,0,0,0,0,0,0,0,0,0],[4,10,0,4,0,5,0,0,25,8,37,0,0,7,0,0,28,0,0,0,0,0,0,0,0,0,0,0],[3,9,1,5,0,7,0,0,20,1,43,0,0,3,0,0,27,0,0,0,0,0,0,0,0,0,0,0],[3,12,3,6,0,11,0,0,13,1,32,0,0,12,0,0,32,0,0,0,0,0,0,0,0,0,0,0],[5,10,0,6,0,5,0,0,16,1,42,0,0,1,0,0,42,0,0,0,0,0,0,0,0,0,0,0],[7,6,3,1,0,10,0,0,0,5,58,0,0,7,0,0,19,0,0,0,0,0,0,0,0,0,0,0],[3,4,2,1,0,6,0,0,11,2,25,0,0,11,0,0,28,0,0,0,0,0,0,0,0,0,0,0],[2,5,3,2,0,11,0,0,2,4,43,0,0,1,0,0,12,0,0,0,0,0,0,0,0,0,0,0],[1,2,0,1,0,9,0,0,0,0,34,0,0,5,0,0,14,0,0,0,0,0,0,0,0,0,0,0],[2,5,1,1,0,5,0,0,6,2,25,0,0,2,0,0,22,0,0,0,0,0,0,0,0,0,0,0],[1,2,1,0,0,7,0,0,19,2,19,0,0,6,0,0,5,0,0,0,0,0,0,0,0,0,0,0]]}