{"Accuracy":0.12558139534883722,"Precision":0.10815349587134775,"Recall":0.12558139534883722,"F1 Score":0.09248905695627378,"Adjusted Rand Index":0.01749813529553956,"Precision by cluster":[0.112,0.1111111111111111,0.2323943661971831,0.07990314769975787,0.2,0.0,0.44534412955465585,0.11363636363636363,0.07255139056831923,0.057692307692307696,0.06451612903225806,0.09523809523809523,0.12169312169312169,0.07692307692307693,0.0,0.0,0.07068062827225131,0.0,0.0,0.0,0.0,0.0,0.0,0.0,0.0,0.0,0.0,0.3448275862068966],"Recall by cluster":[0.06531881804043546,0.4469096671949287,0.16202945990180032,0.0673469387755102,0.0022522522522522522,0.0,0.5445544554455446,0.016025641025641024,0.19292604501607716,0.010638297872340425,0.18840579710144928,0.007662835249042145,0.19166666666666668,0.036734693877551024,0.0,0.0,0.31213872832369943,0.0,0.0,0.0,0.0,0.0,0.0,0.0,0.0,0.0,0.0,0.16129032258064516],"F1 score by cluster":[0.0825147347740668,0.17797412432944146,0.1909353905496625,0.07308970099667775,0.004454342984409799,0.0,0.48997772828507796,0.028089887640449437,0.1054481546572935,0.017964071856287425,0.09611829944547134,0.014184397163120567,0.1488673139158576,0.049723756906077346,0.0,0.0,0.1152614727854856,0.0,0.0,0.0,0.0,0.0,0.0,0.0,0.0,0.0,0.0,0.21978021978021978],"confusion_matrix":[[42,255,42,53,2,4,20,5,72,4,59,0,20,13,0,0,52,0,0,0,0,0,0,0,0,0,0,0],[27,282,15,18,0,1,11,0,95,4,69,2,27,12,0,0,68,0,0,0,0,0,0,0,0,0,0,0],[57,159,99,64,0,4,5,7,48,5,76,4,12,18,0,0,52,0,0,0,0,0,0,0,0,0,0,1],[31,187,18,33,0,0,3,2,41,7,88,2,21,4,0,0,53,0,0,0,0,0,0,0,0,0,0,0],[24,180,41,28,1,4,5,5,47,3,60,0,7,6,0,0,32,0,0,0,0,0,0,0,0,0,0,1],[28,200,21,36,0,0,0,2,42,2,60,1,12,8,0,0,24,0,0,0,0,0,0,0,0,0,0,0],[7,52,10,10,0,0,220,0,29,1,17,1,24,5,0,0,28,0,0,0,0,0,0,0,0,0,0,0],[32,85,46,37,1,1,2,5,17,4,37,2,10,1,0,0,31,0,0,0,0,0,0,0,0,0,0,1],[9,94,14,12,0,0,18,4,60,1,21,0,22,8,0,0,43,0,0,0,0,0,0,0,0,0,0,5],[16,103,13,27,0,0,3,1,25,3,41,1,10,4,0,0,35,0,0,0,0,0,0,0,0,0,0,0],[2,112,2,7,0,1,19,0,40,0,52,0,16,2,0,0,23,0,0,0,0,0,0,0,0,0,0,0],[7,75,11,4,0,0,26,0,37,3,22,2,35,5,0,0,33,0,0,0,0,0,0,0,0,0,0,1],[3,51,2,2,0,0,41,1,26,1,8,2,46,0,0,0,57,0,0,0,0,0,0,0,0,0,0,0],[9,80,13,5,0,0,28,0,40,0,30,1,8,9,0,0,18,0,0,0,0,0,0,0,0,0,0,4],[19,78,15,17,0,3,9,1,22,1,22,1,5,0,0,0,20,0,0,0,0,0,0,0,0,0,0,2],[18,102,11,20,0,1,3,2,15,2,25,0,7,2,0,0,16,0,0,0,0,0,0,0,0,0,0,0],[4,24,3,1,0,1,26,0,30,0,7,0,23,0,0,0,54,0,0,0,0,0,0,0,0,0,0,0],[2,53,11,1,0,0,9,0,15,0,11,0,6,4,0,0,7,0,0,0,0,0,0,0,0,0,0,0],[5,35,9,4,0,0,11,1,22,1,10,0,8,1,0,0,19,0,0,0,0,0,0,0,0,0,0,2],[3,44,0,3,1,0,12,1,15,2,15,0,11,0,0,0,12,0,0,0,0,0,0,0,0,0,0,0],[1,56,4,1,0,0,4,0,15,0,14,0,11,3,0,0,16,0,0,0,0,0,0,0,0,0,0,0],[6,39,2,2,0,0,4,0,21,1,15,0,13,1,0,0,24,0,0,0,0,0,0,0,0,0,0,0],[7,49,4,12,0,1,0,0,13,2,13,0,0,2,0,0,11,0,0,0,0,0,0,0,0,0,0,2],[4,30,4,2,0,0,7,3,12,0,5,2,10,3,0,0,11,0,0,0,0,0,0,0,0,0,0,0],[4,45,1,4,0,0,1,1,8,2,12,0,2,2,0,0,3,0,0,0,0,0,0,0,0,0,0,0],[6,24,9,8,0,0,0,2,5,1,3,0,1,3,0,0,4,0,0,0,0,0,0,0,0,0,0,0],[1,24,1,2,0,0,1,0,10,2,10,0,6,1,0,0,13,0,0,0,0,0,0,0,0,0,0,0],[1,20,5,0,0,0,6,1,5,0,4,0,5,0,0,0,5,0,0,0,0,0,0,0,0,0,0,10]]}