{"Accuracy":0.1399452804377565,"Precision":0.1249514799133844,"Recall":0.1399452804377565,"F1 Score":0.10225745417873536,"Adjusted Rand Index":0.019494078880429994,"Precision by cluster":[0.06993006993006994,0.11921708185053381,0.2352092352092352,0.09931506849315068,0.0,0.10702341137123746,0.5100401606425703,0.3333333333333333,0.25,0.06493506493506493,0.08174386920980926,0.10638297872340426,0.14905149051490515,0.1111111111111111,0.0,0.0,0.12260536398467432,0.0,0.047619047619047616,0.0,0.0,0.0,0.0,0.0,0.0,0.0,0.013888888888888888,0.38461538461538464],"Recall by cluster":[0.015748031496062992,0.576592082616179,0.27212020033388984,0.12058212058212059,0.0,0.07191011235955057,0.3377659574468085,0.09037900874635568,0.026058631921824105,0.03484320557491289,0.22058823529411764,0.021367521367521368,0.43824701195219123,0.004132231404958678,0.0,0.0,0.3333333333333333,0.0,0.015625,0.0,0.0,0.0,0.0,0.0,0.0,0.0,0.02197802197802198,0.09803921568627451],"F1 score by cluster":[0.02570694087403599,0.19758183426717782,0.25232198142414863,0.10892018779342723,0.0,0.08602150537634409,0.4064,0.14220183486238533,0.0471976401179941,0.045351473922902494,0.11928429423459244,0.03558718861209965,0.2224469160768453,0.00796812749003984,0.0,0.0,0.1792717086834734,0.0,0.023529411764705882,0.0,0.0,0.0,0.0,0.0,0.0,0.0,0.01702127659574468,0.15625],"confusion_matrix":[[10,279,70,54,0,27,11,8,1,14,67,5,36,2,0,0,30,0,2,0,0,0,0,0,0,0,18,1],[8,335,10,32,0,9,7,0,1,5,79,0,39,1,0,0,36,0,7,0,0,0,0,0,0,0,12,0],[23,161,163,66,0,56,2,22,0,19,33,3,22,1,0,0,23,0,0,0,0,0,0,0,0,0,5,0],[3,220,26,58,0,13,1,1,0,11,79,2,23,0,0,0,28,0,4,0,0,0,0,0,0,0,12,0],[14,166,84,37,0,32,2,6,1,9,33,2,21,0,0,0,13,0,0,0,0,0,0,0,0,0,17,1],[9,194,42,56,1,32,0,1,0,13,58,4,11,1,0,0,18,0,2,0,0,0,0,0,0,0,3,0],[1,74,8,10,0,1,127,0,1,2,18,3,109,0,0,0,21,0,1,0,0,0,0,0,0,0,0,0],[6,73,79,36,0,33,0,31,0,12,28,0,13,0,0,0,26,0,0,0,0,0,0,0,0,0,6,0],[4,120,29,18,0,17,5,0,8,0,18,0,41,1,0,0,30,0,8,0,0,0,0,0,0,0,6,2],[7,126,30,20,0,11,1,2,0,10,21,2,20,0,0,0,23,0,3,0,0,0,0,0,0,0,11,0],[4,124,2,12,0,3,8,0,1,1,60,1,24,0,0,0,17,0,2,0,0,0,0,1,0,0,12,0],[3,95,6,13,0,3,12,0,1,8,16,5,55,0,0,0,14,0,2,0,0,0,0,0,0,0,1,0],[1,45,2,8,0,0,16,0,2,3,6,4,110,0,0,0,49,0,1,0,0,0,0,0,0,0,4,0],[11,94,7,16,0,1,12,1,5,5,33,3,35,1,0,0,11,0,0,0,0,0,0,0,0,0,3,4],[4,96,36,25,0,10,8,5,0,7,15,4,24,0,0,0,10,0,2,0,0,0,0,0,0,0,5,0],[3,95,21,25,0,20,2,7,0,6,19,0,5,0,0,0,12,0,0,0,0,0,0,0,0,0,2,0],[0,36,0,14,0,0,10,0,1,5,15,2,39,0,0,0,64,0,1,0,0,0,0,0,0,0,5,0],[4,52,13,11,0,5,6,0,1,3,16,1,9,0,1,0,11,0,2,0,0,0,0,0,0,0,5,0],[3,52,18,4,0,3,3,2,1,2,9,0,12,0,0,0,16,0,2,0,0,0,0,0,0,0,1,0],[3,62,4,7,0,3,5,0,0,0,9,0,23,0,0,0,15,0,0,0,0,0,0,0,0,0,3,0],[1,53,1,4,0,0,2,0,0,2,16,3,13,1,0,0,8,0,0,0,0,0,0,0,0,0,7,0],[5,50,1,5,0,1,0,0,0,3,15,0,12,0,0,0,11,0,0,0,0,0,0,0,0,0,1,0],[4,39,8,16,0,4,2,2,1,4,10,0,1,0,0,0,4,0,2,0,0,0,0,0,0,0,0,0],[4,44,4,5,0,3,5,1,0,5,9,2,16,0,0,0,8,0,0,0,0,0,0,0,0,0,1,0],[4,36,1,15,0,5,1,0,0,3,19,1,8,0,0,0,2,0,0,0,0,0,0,0,0,0,1,0],[3,36,23,7,0,6,0,1,0,1,14,0,2,1,0,0,5,0,0,0,0,0,0,0,0,0,1,0],[0,33,1,10,0,0,1,1,0,1,15,0,11,0,0,0,15,0,1,0,0,0,0,0,0,0,2,0],[1,20,4,0,1,1,0,2,7,0,4,0,4,0,0,0,2,0,0,0,0,0,0,0,0,0,0,5]],"epoch_accuracies":[[0.11531621905065889,0.13478637545027586,0.13820619214810087,0.14267475263325885,0.14682413022661986,0.15042633714832884,0.15489489763348685,0.15594364142081985,0.16301126259632484,0.16054899457389085,0.15881628744699283,0.16333044548812184,0.16396881127171584,0.16141534813733985,0.16415120149559984,0.16729743285759882,0.16852856686881584,0.16830057908896084,0.16743422552551182,0.16975970088003284,0.17099083489124983,0.17372668824950982,0.17345310291368382,0.17500341981669781,0.17600656604805984,0.17586977338014684,0.17860562673840683,0.17833204140258083,0.17919839496602982,0.17810405362272583],[0.10889192886456908,0.1280437756497948,0.1344733242134063,0.12462380300957593,0.10889192886456908,0.10492476060191519,0.11080711354309165,0.120109439124487,0.126265389876881,0.106703146374829,0.10437756497948017,0.12038303693570451,0.11203830369357046,0.12051983584131327,0.11422708618331054,0.13160054719562245,0.1270861833105335,0.11600547195622435,0.13146374829001367,0.1359781121751026,0.12763337893296853,0.12585499316005472,0.14240766073871408,0.14049247606019152,0.12079343365253079,0.12024623803009576,0.13337893296853626,0.11887824897400821,0.1399452804377565,0.13775649794801642]]}