{"Accuracy":0.16210670314637482,"Precision":0.13275767956372495,"Recall":0.16210670314637482,"F1 Score":0.1168405918941886,"Adjusted Rand Index":0.03348233986935659,"Precision by cluster":[0.07777777777777778,0.14693634741225461,0.1968503937007874,0.10995850622406639,0.2,0.1180327868852459,0.38869257950530034,0.18055555555555555,0.2463768115942029,0.2,0.12802768166089964,0.12087912087912088,0.2,0.12903225806451613,0.0,0.0,0.11089108910891089,0.0,0.0,0.0,0.0,0.06315789473684211,0.0,0.0547945205479452,0.0,0.0,0.0,0.0],"Recall by cluster":[0.011686143572621035,0.40625,0.43720190779014306,0.3285123966942149,0.0045351473922902496,0.08737864077669903,0.5555555555555556,0.036414565826330535,0.0625,0.003424657534246575,0.14068441064638784,0.09205020920502092,0.19421487603305784,0.13584905660377358,0.0,0.0,0.3146067415730337,0.0,0.0,0.0,0.0,0.05217391304347826,0.0,0.046511627906976744,0.0,0.0,0.0,0.0],"F1 score by cluster":[0.020319303338171262,0.21581476627348187,0.2714708785784798,0.16476683937823836,0.008869179600886918,0.100418410041841,0.4573804573804574,0.06060606060606061,0.09970674486803519,0.006734006734006734,0.13405797101449277,0.10451306413301663,0.1970649895178197,0.1323529411764706,0.0,0.0,0.16398243045387995,0.0,0.0,0.0,0.0,0.05714285714285714,0.0,0.050314465408805034,0.0,0.0,0.0,0.0],"confusion_matrix":[[7,152,139,119,0,27,21,9,4,1,17,10,12,26,0,0,35,0,2,0,0,10,0,8,0,0,0,0],[5,247,45,110,0,7,23,1,6,1,42,9,20,30,0,0,55,0,0,0,0,6,0,1,0,0,0,0],[9,66,275,138,1,58,5,14,1,0,10,6,6,10,0,0,17,0,2,0,0,2,0,9,0,0,0,0],[10,111,72,159,3,19,2,3,0,2,31,11,10,13,0,0,23,0,0,0,0,9,0,6,0,0,0,0],[7,83,139,113,2,33,2,5,3,0,5,2,4,12,0,0,17,0,1,0,0,7,0,6,0,0,0,0],[1,109,99,110,1,36,2,2,1,0,12,5,2,11,0,0,15,0,0,0,0,2,0,4,0,0,0,0],[4,54,12,21,1,3,220,0,0,0,10,15,14,13,0,0,24,0,0,0,0,3,0,2,0,0,0,0],[5,28,142,80,0,35,4,13,0,0,8,9,4,5,0,0,14,0,5,0,0,1,0,4,0,0,0,0],[2,62,51,34,0,9,26,1,17,0,6,5,8,8,0,0,40,0,0,0,0,3,0,0,0,0,0,0],[3,65,61,73,0,14,1,4,0,1,14,6,10,15,0,0,17,0,1,0,0,4,0,3,0,0,0,0],[2,85,15,41,0,2,24,0,2,0,37,8,5,15,0,0,23,0,0,0,0,4,0,0,0,0,0,0],[2,52,23,33,1,5,37,0,2,0,3,22,19,18,0,0,15,0,0,0,0,2,0,5,0,0,0,0],[3,21,9,24,0,0,60,0,2,0,7,20,47,4,0,0,34,0,0,0,0,10,0,1,0,0,0,0],[5,88,19,34,0,1,23,2,6,0,10,5,10,36,0,0,18,0,0,0,0,3,0,5,0,0,0,0],[2,66,54,41,1,8,20,4,3,0,4,10,4,10,0,0,10,0,0,0,0,1,0,2,0,0,0,0],[4,49,47,62,0,15,5,3,0,0,8,6,2,3,0,0,7,0,0,0,0,1,0,3,0,0,0,0],[0,26,10,11,0,0,33,0,2,0,13,4,15,4,0,0,56,0,0,0,0,2,0,2,0,0,0,0],[1,38,20,24,0,2,9,1,3,0,3,2,5,15,0,0,11,0,0,0,0,2,0,1,0,0,0,0],[1,35,23,23,0,3,9,2,2,0,6,3,6,3,0,0,23,0,0,0,0,2,0,0,0,0,0,0],[1,34,6,26,0,4,8,0,1,0,16,2,6,6,0,0,13,0,0,0,0,1,0,0,0,0,0,0],[3,60,10,24,0,2,7,1,1,0,4,1,7,5,0,0,6,0,0,0,0,1,0,0,0,0,0,0],[4,33,14,28,0,0,5,0,0,0,4,5,4,3,0,0,8,0,0,0,0,6,0,1,0,0,0,0],[1,18,25,20,0,9,1,5,1,0,4,1,0,3,0,0,5,0,0,0,0,1,0,5,0,0,0,0],[2,26,18,14,0,1,6,0,0,0,1,5,4,2,0,0,1,0,0,0,0,2,0,4,0,0,0,0],[0,23,15,27,0,6,5,0,1,0,4,3,2,0,0,0,5,0,0,0,0,3,0,1,0,0,0,0],[3,15,34,26,0,3,0,2,0,0,1,0,3,0,0,0,3,0,0,0,0,4,0,0,0,0,0,0],[2,22,8,22,0,0,5,0,0,0,5,7,3,7,0,0,8,0,0,0,0,2,0,0,0,0,0,0],[1,13,12,9,0,3,3,0,11,0,4,0,3,2,0,0,2,0,0,0,0,1,0,0,0,0,0,0]],"epoch_accuracies":[[0.11098445123341388,0.13278008298755187,0.14107883817427386,0.14303953308102685,0.14609456933108386,0.14823765446172085,0.15361816606629886,0.15462131229766085,0.16260088459258584,0.16123295791345585,0.16392321371574484,0.16519994528293283,0.16542793306278783,0.16839177420090284,0.16852856686881584,0.17409146869727782,0.1754593953764078,0.1751402124846108,0.17486662714878481,0.17773927317495783,0.17837763895855183,0.18079430942501482,0.1830285896675938,0.18403173589895583,0.18453330901463683,0.18549085769002782,0.18517167479823082,0.18663079658930282,0.1886826866079978,0.1913729424102868],[0.12120383036935704,0.1305061559507524,0.120109439124487,0.10930232558139535,0.11491108071135431,0.11792065663474692,0.11299589603283174,0.12599179206566347,0.13857729138166894,0.14336525307797537,0.15813953488372093,0.153077975376197,0.153077975376197,0.16593707250341996,0.16114911080711355,0.15280437756497947,0.16265389876880984,0.15512995896032833,0.16347469220246238,0.1558139534883721,0.16443228454172368,0.160328317373461,0.15896032831737347,0.16292749658002736,0.16101231190150478,0.16073871409028728,0.16484268125854992,0.1667578659370725,0.16839945280437757,0.16073871409028728]]}