{
    "Accuracy": 0.07414500683994528,
    "Precision": 0.11337847233897701,
    "Recall": 0.07414500683994528,
    "F1 Score": 0.036023146484592455,
    "Adjusted Rand Index": 0.015088427262102418,
    "Precision by cluster": [
        0.11428571428571428,
        0.09575260804769002,
        0.24444444444444444,
        0.08,
        0.5,
        0.0,
        0.25,
        0.0,
        0.0626865671641791,
        0.08503401360544217,
        0.052776250687190766,
        0.13333333333333333,
        0.2,
        0.04918032786885246,
        0.0,
        0.0,
        0.05652173913043478,
        0.0,
        0.0,
        0.0,
        0.0,
        0.0,
        0.0,
        0.0,
        0.0,
        0.0,
        0.0,
        0.3333333333333333
    ],
    "Recall by cluster": [
        0.006220839813374806,
        0.40729001584786056,
        0.01800327332242226,
        0.024489795918367346,
        0.0022522522522522522,
        0.0,
        0.0024752475247524753,
        0.0,
        0.13504823151125403,
        0.08865248226950355,
        0.34782608695652173,
        0.007662835249042145,
        0.004166666666666667,
        0.036734693877551024,
        0.0,
        0.0,
        0.4508670520231214,
        0.0,
        0.0,
        0.0,
        0.0,
        0.0,
        0.0,
        0.0,
        0.0,
        0.0,
        0.0,
        0.04838709677419355
    ],
    "F1 score by cluster": [
        0.011799410029498525,
        0.155052790346908,
        0.03353658536585366,
        0.0375,
        0.004484304932735426,
        0.0,
        0.004901960784313725,
        0.0,
        0.0856269113149847,
        0.08680555555555555,
        0.09164677804295943,
        0.014492753623188406,
        0.00816326530612245,
        0.04205607476635514,
        0.0,
        0.0,
        0.10045074050225371,
        0.0,
        0.0,
        0.0,
        0.0,
        0.0,
        0.0,
        0.0,
        0.0,
        0.0,
        0.0,
        0.08450704225352113
    ],
    "confusion_matrix": [
        [
            4,
            275,
            6,
            17,
            0,
            0,
            0,
            0,
            30,
            27,
            169,
            2,
            0,
            29,
            0,
            0,
            84,
            0,
            0,
            0,
            0,
            0,
            0,
            0,
            0,
            0,
            0,
            0
        ],
        [
            1,
            257,
            1,
            11,
            0,
            0,
            1,
            0,
            26,
            26,
            164,
            0,
            0,
            20,
            0,
            0,
            122,
            0,
            2,
            0,
            0,
            0,
            0,
            0,
            0,
            0,
            0,
            0
        ],
        [
            5,
            238,
            11,
            32,
            0,
            1,
            0,
            0,
            9,
            20,
            181,
            1,
            2,
            28,
            1,
            0,
            81,
            0,
            1,
            0,
            0,
            0,
            0,
            0,
            0,
            0,
            0,
            0
        ],
        [
            3,
            195,
            0,
            12,
            0,
            0,
            0,
            0,
            8,
            19,
            155,
            0,
            0,
            9,
            0,
            0,
            89,
            0,
            0,
            0,
            0,
            0,
            0,
            0,
            0,
            0,
            0,
            0
        ],
        [
            1,
            191,
            5,
            7,
            1,
            0,
            0,
            0,
            6,
            15,
            131,
            1,
            0,
            17,
            1,
            0,
            68,
            0,
            0,
            0,
            0,
            0,
            0,
            0,
            0,
            0,
            0,
            0
        ],
        [
            0,
            196,
            2,
            13,
            0,
            0,
            0,
            0,
            0,
            13,
            151,
            0,
            0,
            8,
            0,
            0,
            52,
            0,
            1,
            0,
            0,
            0,
            0,
            0,
            0,
            0,
            0,
            0
        ],
        [
            1,
            68,
            1,
            3,
            0,
            0,
            1,
            0,
            231,
            4,
            36,
            0,
            0,
            4,
            0,
            0,
            54,
            0,
            1,
            0,
            0,
            0,
            0,
            0,
            0,
            0,
            0,
            0
        ],
        [
            1,
            117,
            5,
            9,
            1,
            0,
            0,
            0,
            6,
            22,
            91,
            0,
            0,
            1,
            1,
            0,
            58,
            0,
            0,
            0,
            0,
            0,
            0,
            0,
            0,
            0,
            0,
            0
        ],
        [
            0,
            109,
            2,
            4,
            0,
            0,
            1,
            0,
            42,
            7,
            57,
            3,
            0,
            7,
            2,
            0,
            75,
            0,
            0,
            0,
            0,
            0,
            0,
            0,
            0,
            0,
            0,
            2
        ],
        [
            1,
            101,
            2,
            4,
            0,
            0,
            0,
            0,
            7,
            25,
            83,
            0,
            0,
            7,
            0,
            0,
            52,
            0,
            0,
            0,
            0,
            0,
            0,
            0,
            0,
            0,
            0,
            0
        ],
        [
            0,
            97,
            1,
            1,
            0,
            0,
            0,
            0,
            31,
            5,
            96,
            0,
            0,
            1,
            0,
            0,
            44,
            0,
            0,
            0,
            0,
            0,
            0,
            0,
            0,
            0,
            0,
            0
        ],
        [
            3,
            78,
            0,
            4,
            0,
            0,
            0,
            0,
            32,
            7,
            43,
            2,
            1,
            6,
            0,
            0,
            85,
            0,
            0,
            0,
            0,
            0,
            0,
            0,
            0,
            0,
            0,
            0
        ],
        [
            1,
            42,
            0,
            1,
            0,
            0,
            0,
            0,
            53,
            11,
            18,
            1,
            1,
            0,
            0,
            0,
            111,
            0,
            1,
            0,
            0,
            0,
            0,
            0,
            0,
            0,
            0,
            0
        ],
        [
            2,
            97,
            0,
            2,
            0,
            0,
            0,
            0,
            35,
            5,
