{"Accuracy":0.08495212038303694,"Precision":0.0893303367483854,"Recall":0.08495212038303694,"F1 Score":0.0652227544079521,"Adjusted Rand Index":0.008810343590934005,"Precision by cluster":[0.10536779324055666,0.06111111111111111,0.09085173501577287,0.08832335329341318,0.058823529411764705,0.09803921568627451,0.5186721991701245,0.0,0.07279693486590039,0.1111111111111111,0.040892193308550186,0.075,0.25,0.06074766355140187,0.0,0.0,0.05652826413206603,0.0,0.0,0.0,0.0,0.0,0.0,0.0,0.0,0.0,0.0,0.0],"Recall by cluster":[0.08242612752721618,0.017432646592709985,0.23567921440261866,0.12040816326530612,0.0022522522522522522,0.045871559633027525,0.3094059405940594,0.0,0.06109324758842444,0.0035460992907801418,0.19927536231884058,0.022988505747126436,0.004166666666666667,0.053061224489795916,0.0,0.0,0.653179190751445,0.0,0.0,0.0,0.0,0.0,0.0,0.0,0.0,0.0,0.0,0.0],"F1 score by cluster":[0.0924956369982548,0.027127003699136867,0.13114754098360656,0.10189982728842832,0.004338394793926247,0.0625,0.3875968992248062,0.0,0.06643356643356643,0.006872852233676976,0.06785934608266501,0.03519061583577713,0.00819672131147541,0.05664488017429194,0.0,0.0,0.10405156537753223,0.0,0.0,0.0,0.0,0.0,0.0,0.0,0.0,0.0,0.0,0.0],"confusion_matrix":[[53,17,150,79,0,19,9,0,15,0,140,9,0,25,0,0,127,0,0,0,0,0,0,0,0,0,0,0],[45,11,169,64,3,21,6,0,7,1,108,12,0,22,0,0,162,0,0,0,0,0,0,0,0,0,0,0],[47,21,144,70,0,21,1,0,7,1,159,4,0,19,0,0,117,0,0,0,0,0,0,0,0,0,0,0],[37,8,110,59,2,13,0,0,5,0,113,2,0,16,0,0,125,0,0,0,0,0,0,0,0,0,0,0],[38,9,121,48,1,15,1,0,5,1,94,5,0,20,0,0,86,0,0,0,0,0,0,0,0,0,0,0],[35,9,112,56,2,20,0,0,1,0,99,7,0,19,0,0,76,0,0,0,0,0,0,0,0,0,0,0],[11,8,33,6,0,2,125,0,77,1,33,2,0,8,0,0,98,0,0,0,0,0,0,0,0,0,0,0],[25,14,64,32,0,6,1,0,2,0,68,0,1,1,0,0,98,0,0,0,0,0,0,0,0,0,0,0],[13,8,75,19,2,3,5,0,19,1,43,7,0,8,0,0,108,0,0,0,0,0,0,0,0,0,0,0],[23,8,66,26,0,5,1,0,0,1,68,0,0,6,0,0,78,0,0,0,0,0,0,0,0,0,0,0],[24,10,53,29,2,5,13,0,7,0,55,2,0,5,0,0,71,0,0,0,0,0,0,0,0,0,0,0],[12,6,40,15,0,7,10,0,12,0,37,6,1,9,0,0,106,0,0,0,0,0,0,0,0,0,0,0],[8,6,11,7,0,3,16,0,22,0,11,1,1,0,0,0,154,0,0,0,0,0,0,0,0,0,0,0],[21,3,51,20,0,11,19,0,10,0,41,7,0,13,0,0,49,0,0,0,0,0,0,0,0,0,0,0],[18,6,60,26,0,6,3,0,5,0,38,2,0,2,0,0,49,0,0,0,0,0,0,0,0,0,0,0],[16,6,57,22,0,12,1,0,2,1,54,2,0,6,0,0,45,0,0,0,0,0,0,0,0,0,0,0],[2,0,15,3,0,2,8,0,17,0,12,0,0,1,0,0,113,0,0,0,0,0,0,0,0,0,0,0],[10,3,35,6,1,3,4,0,4,0,14,2,0,10,0,0,27,0,0,0,0,0,0,0,0,0,0,0],[9,1,28,12,1,5,2,0,14,1,12,1,0,3,0,0,39,0,0,0,0,0,0,0,0,0,0,0],[9,8,18,10,0,2,6,0,6,1,18,2,0,0,0,0,39,0,0,0,0,0,0,0,0,0,0,0],[6,1,31,11,1,4,1,0,3,0,16,2,0,8,0,0,41,0,0,0,0,0,0,0,0,0,0,0],[10,5,18,6,0,1,2,0,3,0,25,1,0,0,0,0,57,0,0,0,0,0,0,0,0,0,0,0],[10,2,38,11,1,2,0,0,0,0,27,0,0,2,0,0,23,0,0,0,0,0,0,0,0,0,0,0],[7,2,27,4,0,2,5,0,0,0,8,1,1,3,0,0,33,0,0,0,0,0,0,0,0,0,0,0],[3,4,21,10,1,6,1,0,1,0,20,0,0,2,0,0,16,0,0,0,0,0,0,0,0,0,0,0],[3,1,17,6,0,3,0,0,0,0,19,0,0,2,0,0,15,0,0,0,0,0,0,0,0,0,0,0],[5,1,10,6,0,3,0,0,2,0,9,2,0,0,0,0,33,0,0,0,0,0,0,0,0,0,0,0],[3,2,11,5,0,2,1,0,15,0,4,1,0,4,0,0,14,0,0,0,0,0,0,0,0,0,0,0]]}