{"Accuracy":0.1585499316005472,"Precision":0.08347628131469446,"Recall":0.1585499316005472,"F1 Score":0.08447835175353813,"Adjusted Rand Index":0.028465505039290663,"Precision by cluster":[0.09365079365079365,0.1248335552596538,0.17865322950068713,0.09782608695652174,0.0,0.0,0.3717277486910995,0.0,0.5,0.0,0.0,0.0,0.15285451197053407,0.0,0.0,0.0,0.0,0.0,0.0,0.0,0.0,0.0,0.0,0.0,0.0,0.0,0.0,0.0],"Recall by cluster":[0.09161490683229814,0.6544502617801047,0.6382978723404256,0.07128712871287128,0.0,0.0,0.590027700831025,0.0,0.010380622837370242,0.0,0.0,0.0,0.30855018587360594,0.0,0.0,0.0,0.0,0.0,0.0,0.0,0.0,0.0,0.0,0.0,0.0,0.0,0.0,0.0],"F1 score by cluster":[0.09262166405023547,0.2096729102599944,0.2791696492483894,0.08247422680412371,0.0,0.0,0.45610278372591007,0.0,0.020338983050847456,0.0,0.0,0.0,0.2044334975369458,0.0,0.0,0.0,0.0,0.0,0.0,0.0,0.0,0.0,0.0,0.0,0.0,0.0,0.0,0.0],"confusion_matrix":[[59,258,231,41,0,0,24,0,0,0,0,0,31,0,0,0,0,0,0,0,0,0,0,0,0,0,0,0],[57,375,72,17,0,0,12,0,0,0,0,0,40,0,0,0,0,0,0,0,0,0,0,0,0,0,0,0],[52,118,390,26,0,0,9,0,0,0,0,0,16,0,0,0,0,0,0,0,0,0,0,0,0,0,0,0],[50,244,152,36,0,0,7,0,0,0,0,0,16,0,0,0,0,0,0,0,0,0,0,0,0,0,0,0],[38,147,206,18,0,0,3,0,0,0,0,0,15,0,0,0,0,0,0,0,0,0,0,0,0,0,0,0],[63,170,155,30,0,0,1,0,0,0,0,0,11,0,0,0,0,0,0,0,0,0,0,0,0,0,0,0],[16,80,17,3,0,0,213,0,0,0,0,0,32,0,0,0,0,0,0,0,0,0,0,0,0,0,0,0],[32,63,207,27,0,0,3,0,0,0,0,0,18,0,0,0,0,0,0,0,0,0,0,0,0,0,0,0],[25,134,59,8,0,0,23,0,3,0,0,0,37,0,0,0,0,0,0,0,0,0,0,0,0,0,0,0],[32,116,101,20,0,1,2,0,0,0,0,0,19,0,0,0,0,0,0,0,0,0,0,0,0,0,0,0],[12,167,30,14,0,0,22,0,0,0,0,0,22,0,0,0,0,0,0,0,0,0,0,0,0,0,0,0],[17,112,30,6,0,0,40,0,0,0,0,0,43,0,0,0,0,0,0,0,0,0,0,0,0,0,0,0],[4,95,7,6,0,1,73,0,0,0,0,0,83,0,0,0,0,0,0,0,0,0,0,0,0,0,0,0],[22,154,40,13,0,0,29,0,1,0,0,0,20,0,0,0,0,0,0,0,0,0,0,0,0,0,0,0],[23,82,93,9,0,0,8,0,0,0,0,0,10,0,0,0,0,0,0,0,0,0,0,0,0,0,0,0],[19,72,99,22,0,0,3,0,0,0,0,0,4,0,0,0,0,0,0,0,0,0,0,0,0,0,0,0],[4,76,11,7,0,0,34,0,0,0,0,0,40,0,0,0,0,0,0,0,0,0,0,0,0,0,0,0],[14,77,28,8,0,0,10,0,0,0,0,0,10,0,0,0,0,0,0,0,0,0,0,0,0,0,0,0],[11,59,35,3,0,0,12,0,0,0,0,0,11,0,0,0,0,0,0,0,0,0,0,0,0,0,0,0],[10,68,13,9,0,0,11,0,0,0,0,0,13,0,0,0,0,0,0,0,0,0,0,0,0,0,0,0],[8,74,18,5,0,0,8,0,0,0,0,0,12,0,0,0,0,0,0,0,0,0,0,0,0,0,0,0],[12,60,18,9,0,0,5,0,0,0,0,0,11,0,0,0,0,0,0,0,0,0,0,0,0,0,0,0],[13,34,48,9,0,0,0,0,0,0,0,0,2,0,0,0,0,0,0,0,0,0,0,0,0,0,0,0],[8,30,19,5,0,0,10,0,0,0,0,0,10,0,0,0,0,0,0,0,0,0,0,0,0,0,0,0],[12,44,22,5,0,1,0,0,0,0,0,0,3,0,0,0,0,0,0,0,0,0,0,0,0,0,0,0],[8,31,50,6,0,0,0,0,0,0,0,0,0,0,0,0,0,0,0,0,0,0,0,0,0,0,0,0],[3,41,6,3,0,0,4,0,0,0,0,0,12,0,0,0,0,0,0,0,0,0,0,0,0,0,0,0],[6,23,26,3,0,0,7,0,2,0,0,0,2,0,0,0,0,0,0,0,0,0,0,0,0,0,0,0]],"epoch_accuracies":[[0.07737905248278693,0.1018649400392139,0.10884136610277689,0.11454106059915188,0.11951119419999089,0.12315899867767088,0.12147188910674388,0.12621403492772787,0.12972504673749488,0.12977064429346588,0.13455838767042086,0.13642788746523185,0.13670147280105785,0.13692946058091288,0.13793260681227487,0.14317632574893985,0.14148921617801286,0.14180839906980985,0.14404267931238884,0.14290274041311385,0.14709771556244586,0.14595777666317086,0.14568419132734486,0.14860243490948885,0.14887602024531485,0.14974237380876385,0.15252382472299486,0.15174866627148784,0.15120149559983584,0.15398294651406685],[0.11395348837209303,0.12640218878248974,0.12243502051983585,0.1290013679890561,0.13666210670314638,0.13488372093023257,0.1411764705882353,0.13803009575923392,0.13980848153214775,0.13967168262653898,0.14500683994528044,0.14008207934336525,0.14610123119015048,0.14445964432284542,0.14213406292749658,0.1481532147742818,0.14897400820793433,0.14897400820793433,0.1508891928864569,0.1518467852257182,0.15417236662106704,0.15526675786593708,0.1545827633378933,0.15663474692202461,0.15800273597811218,0.1545827633378933,0.160328317373461,0.1560875512995896,0.15827633378932968,0.15896032831737347]]}