{"Accuracy":0.13228454172366622,"Precision":0.13571035772185513,"Recall":0.13228454172366622,"F1 Score":0.09411704925578852,"Adjusted Rand Index":0.02630322828320956,"Precision by cluster":[0.08225806451612903,0.16784037558685447,0.2084063047285464,0.1199400299850075,0.0,0.1288135593220339,0.6875,0.14398422090729784,0.1875,0.0967741935483871,0.10869565217391304,0.25,0.28205128205128205,0.0,0.0,0.0,0.08025078369905957,0.0,0.25,0.0,0.0,0.0,0.0,0.0,0.0,0.0,0.0,0.2571428571428571],"Recall by cluster":[0.08146964856230032,0.22953451043338685,0.4124783362218371,0.3305785123966942,0.0,0.15833333333333333,0.03142857142857143,0.2246153846153846,0.028481012658227847,0.022641509433962263,0.17064846416382254,0.0037735849056603774,0.044715447154471545,0.0,0.0,0.0,0.6881720430107527,0.0,0.00909090909090909,0.0,0.0,0.0,0.0,0.0,0.0,0.0,0.0,0.16981132075471697],"F1 score by cluster":[0.08186195826645265,0.19389830508474576,0.27690517742873766,0.17601760176017603,0.0,0.14205607476635515,0.060109289617486336,0.17548076923076922,0.04945054945054945,0.03669724770642202,0.13280212483399734,0.007434944237918215,0.07719298245614035,0.0,0.0,0.0,0.1437394722066255,0.0,0.017543859649122806,0.0,0.0,0.0,0.0,0.0,0.0,0.0,0.0,0.20454545454545456],"confusion_matrix":[[51,85,107,124,0,58,0,65,4,5,36,0,0,0,0,0,88,0,0,0,0,0,0,0,0,0,0,3],[55,143,29,143,0,41,1,19,2,4,70,0,1,0,0,0,115,0,0,0,0,0,0,0,0,0,0,0],[40,36,238,70,0,50,1,73,4,3,16,0,2,0,0,0,43,0,0,0,0,0,0,0,0,0,0,1],[44,42,45,160,0,63,0,35,3,8,30,1,1,0,0,0,52,0,0,0,0,0,0,0,0,0,0,0],[39,47,130,74,0,49,0,36,2,6,16,0,0,0,0,0,42,0,1,0,0,0,0,0,0,0,0,1],[37,62,79,129,0,76,0,32,0,1,28,0,0,0,0,0,35,0,0,0,0,0,0,1,0,0,0,0],[26,21,12,25,0,2,11,9,2,2,15,0,2,0,0,0,223,0,0,0,0,0,0,0,0,0,0,0],[22,9,98,34,0,26,0,73,3,1,8,0,0,0,0,0,51,0,0,0,0,0,0,0,0,0,0,0],[31,38,63,33,0,23,0,8,9,3,14,1,1,0,0,0,79,0,1,0,0,0,0,0,0,0,0,12],[23,34,33,54,0,35,0,22,1,6,20,0,0,0,0,0,36,0,1,0,0,0,0,0,0,0,0,0],[18,48,12,61,0,10,0,7,2,2,50,1,1,0,0,0,81,0,0,0,0,0,0,0,0,0,0,0],[28,41,25,40,0,12,1,9,0,1,12,1,9,0,0,0,85,0,0,0,0,0,0,0,0,0,0,1],[25,11,3,14,0,4,0,7,2,5,8,0,11,0,0,0,156,0,0,0,0,0,0,0,0,0,0,0],[28,44,21,45,0,12,0,4,1,0,27,0,1,0,0,0,54,0,0,0,0,0,0,0,0,0,0,5],[25,29,54,35,0,14,0,12,3,2,7,0,2,0,0,0,39,0,0,0,0,0,0,0,0,0,0,0],[22,17,47,40,0,23,0,19,1,1,9,0,0,0,0,0,22,0,0,0,0,0,0,0,0,0,0,1],[10,5,4,19,0,2,0,1,1,3,13,0,0,0,0,0,128,0,0,0,0,0,0,0,0,0,0,0],[18,24,25,34,0,7,0,3,1,1,13,0,2,1,0,0,30,0,0,0,0,0,0,0,0,0,0,1],[7,12,22,19,0,4,0,7,2,0,5,0,0,0,0,0,31,0,1,0,0,0,0,0,0,0,0,0],[12,16,4,21,0,3,0,5,0,2,20,0,2,0,0,0,36,0,0,0,0,0,0,0,0,0,0,0],[9,26,6,24,0,5,0,8,1,1,5,0,1,0,0,0,39,0,0,0,0,0,0,0,0,0,0,0],[10,6,6,34,0,9,0,5,2,1,11,0,1,0,0,0,32,0,0,0,0,0,0,0,0,0,0,0],[9,7,26,27,0,10,0,9,0,0,2,0,0,0,0,0,7,0,0,0,0,0,0,0,0,0,0,0],[10,15,9,12,0,14,0,9,1,1,3,0,0,0,0,0,27,0,0,0,0,0,0,0,0,0,0,0],[8,15,8,25,0,10,1,8,1,0,4,0,1,0,0,0,22,0,0,0,0,0,0,0,0,0,0,0],[4,4,24,13,0,19,0,16,0,3,2,0,0,0,0,0,5,0,0,0,0,0,0,0,0,0,0,1],[5,11,1,18,0,4,1,5,0,0,12,0,1,0,0,0,29,0,0,0,0,0,0,0,0,0,0,0],[4,4,11,7,0,5,0,1,0,0,4,0,0,0,0,0,8,0,0,0,0,0,0,0,0,0,0,9]],"epoch_accuracies":[[0.0991290866809539,0.10920614655054489,0.11777848707309288,0.12461812046874288,0.12999863207332088,0.13150335142036387,0.13360083899502986,0.13588071679357985,0.13875336281975287,0.13866216770781087,0.13957411882723086,0.14258355752131685,0.14034927727873786,0.15015275181250284,0.15142948337969084,0.15051753226027084,0.15726597054397884,0.15794993388354384,0.15872509233505083,0.16273767726049884,0.16205371392093385,0.16492635994710683,0.16592950617846883,0.16661346951803382,0.16861976198075784,0.17112762755916283,0.16834617664493184,0.17085404222333683,0.17340750535771282,0.1757329807122338],[0.09658002735978112,0.10957592339261286,0.10834473324213406,0.10683994528043776,0.11751025991792066,0.11395348837209303,0.11504787961696307,0.10533515731874145,0.10779753761969904,0.11367989056087552,0.11491108071135431,0.11928864569083447,0.0893296853625171,0.0908344733242134,0.10807113543091655,0.10766073871409029,0.13228454172366622,0.12859097127222982,0.12065663474692202,0.12270861833105336,0.10752393980848153,0.11135430916552667,0.09740082079343365,0.12749658002735978,0.12079343365253079,0.13337893296853626,0.15512995896032833,0.1317373461012312,0.12968536251709986,0.1290013679890561]]}