{"Accuracy":0.1250341997264022,"Precision":0.07994997086725115,"Recall":0.1250341997264022,"F1 Score":0.06559743855684619,"Adjusted Rand Index":0.011754733159273476,"Precision by cluster":[0.102803738317757,0.17105263157894737,0.09410492157923202,0.075,0.0,0.10948905109489052,0.429769392033543,0.0,0.0,0.0,0.0,0.1111111111111111,0.17105263157894737,0.1,0.0,0.0,0.0,0.0,0.0,0.0,0.0,0.0,0.0,0.0,0.0,0.0,0.0,0.07142857142857142],"Recall by cluster":[0.017214397496087636,0.08387096774193549,0.9321428571428572,0.005893909626719057,0.0,0.03667481662591687,0.5012224938875306,0.0,0.0,0.0,0.0,0.02952029520295203,0.36254980079681276,0.004166666666666667,0.0,0.0,0.0,0.0,0.0,0.0,0.0,0.0,0.0,0.0,0.0,0.0,0.0,0.1016949152542373],"F1 score by cluster":[0.029490616621983913,0.11255411255411256,0.17095136728344523,0.01092896174863388,0.0,0.054945054945054944,0.46275395033860045,0.0,0.0,0.0,0.0,0.04664723032069971,0.23243933588761176,0.008,0.0,0.0,0.0,0.0,0.0,0.0,0.0,0.0,0.0,0.0,0.0,0.0,0.0,0.08391608391608392],"confusion_matrix":[[11,26,528,4,0,14,21,0,0,0,0,4,22,1,0,0,0,0,0,0,0,0,0,0,0,0,0,8],[16,52,462,3,0,20,14,0,0,0,0,8,41,0,0,0,0,0,0,0,0,0,0,0,0,0,0,4],[3,9,522,0,0,3,3,0,0,0,0,1,10,0,0,0,0,0,0,0,0,0,0,0,0,0,0,9],[5,13,458,3,0,6,3,0,0,0,0,0,19,0,0,0,0,0,0,0,0,0,0,0,0,0,0,2],[11,23,351,2,0,2,5,0,0,0,0,1,17,0,0,0,0,0,0,0,0,0,0,0,0,0,0,5],[5,15,358,3,0,15,2,0,0,0,0,1,8,0,0,0,0,0,0,0,0,0,0,0,0,0,0,2],[2,11,126,0,0,3,205,0,0,0,0,15,44,2,0,0,0,0,0,0,0,0,0,0,0,0,0,1],[2,3,300,1,0,4,5,0,0,0,0,2,16,0,0,0,0,0,0,0,0,0,0,0,0,0,0,2],[6,24,197,3,0,5,21,0,0,0,0,6,34,1,0,0,0,0,0,0,0,0,0,0,0,0,0,11],[2,9,256,1,0,7,2,0,0,0,0,0,15,0,0,0,0,0,0,0,0,0,0,0,0,0,0,0],[10,22,196,2,0,9,14,0,0,0,0,4,17,0,0,0,0,0,0,0,0,0,0,0,0,0,0,1],[2,16,172,0,0,5,25,0,0,0,0,8,38,0,0,0,0,0,0,0,0,0,0,0,0,0,0,5],[2,0,104,1,0,2,42,0,0,0,0,8,91,1,0,0,0,0,0,0,0,0,0,0,0,0,0,0],[3,14,156,0,0,6,19,0,0,0,0,4,27,1,0,0,0,0,0,0,0,0,0,0,0,0,0,10],[6,8,174,3,0,8,10,0,0,0,0,4,12,2,0,0,0,0,0,0,0,0,0,0,0,0,0,5],[2,7,177,2,0,4,1,0,0,0,0,0,7,0,0,0,0,0,0,0,0,0,0,0,0,0,0,1],[1,2,111,2,0,3,23,0,0,0,0,1,35,0,0,0,0,0,0,0,0,0,0,0,0,0,0,2],[3,4,101,2,0,5,13,0,0,0,0,1,3,1,0,0,0,0,0,0,0,0,0,0,0,0,0,2],[3,10,98,1,0,1,8,0,0,0,0,1,12,0,0,0,0,0,0,0,0,0,0,0,0,0,0,1],[4,4,86,0,0,3,11,0,0,0,0,1,11,0,0,0,0,0,0,0,0,0,0,0,0,0,0,0],[4,11,82,1,0,3,9,0,0,0,0,0,12,0,0,0,0,0,0,0,0,0,0,0,0,0,0,1],[0,5,108,1,0,2,1,0,0,0,0,0,11,0,0,0,0,0,0,0,0,0,0,0,0,0,0,3],[1,3,91,2,0,2,1,0,0,0,0,0,0,0,0,0,0,0,0,0,0,0,0,0,0,0,0,0],[1,2,79,0,0,0,11,0,0,0,0,0,12,0,0,0,0,0,0,0,0,0,0,0,0,0,0,0],[1,3,84,3,0,2,1,0,0,0,0,1,1,0,0,0,0,0,0,0,0,0,0,0,0,0,0,1],[0,2,76,0,0,0,1,0,0,0,0,1,2,1,0,0,0,0,0,0,0,0,0,0,0,0,0,2],[0,4,57,0,0,0,3,0,0,0,0,0,8,0,0,0,0,0,0,0,0,0,0,0,0,0,0,0],[1,2,37,0,0,3,3,0,0,0,0,0,7,0,0,0,0,0,0,0,0,0,0,0,0,0,0,6]]}