{"Accuracy":0.11655266757865937,"Precision":0.10921772479122542,"Recall":0.11655266757865937,"F1 Score":0.0583471490302852,"Adjusted Rand Index":0.015567416915589105,"Precision by cluster":[0.08,0.038461538461538464,0.09787765293383272,0.09272727272727273,0.0,0.0,0.39226519337016574,0.1076923076923077,0.22727272727272727,1.0,0.0,0.0,0.08562197092084006,0.0,0.0,0.0,0.03571428571428571,0.0,0.0,0.0,0.0,0.0,0.0,0.0,0.0,0.0,0.0,0.42857142857142855],"Recall by cluster":[0.022364217252396165,0.0017035775127768314,0.654424040066778,0.0967741935483871,0.0,0.0,0.5756756756756757,0.02127659574468085,0.03355704697986577,0.0031645569620253164,0.0,0.0,0.5955056179775281,0.0,0.0,0.0,0.005376344086021506,0.0,0.0,0.0,0.0,0.0,0.0,0.0,0.0,0.0,0.0,0.05263157894736842],"F1 score by cluster":[0.03495630461922597,0.0032626427406199023,0.17028670721112077,0.0947075208913649,0.0,0.0,0.4665936473165389,0.03553299492385787,0.05847953216374269,0.006309148264984227,0.0,0.0,0.1497175141242938,0.0,0.0,0.0,0.009345794392523364,0.0,0.0,0.0,0.0,0.0,0.0,0.0,0.0,0.0,0.0,0.09375],"confusion_matrix":[[14,2,385,53,0,0,23,7,1,0,0,0,141,0,0,0,0,0,0,0,0,0,0,0,0,0,0,0],[13,1,353,43,0,0,26,8,1,0,0,2,139,0,0,0,1,0,0,0,0,0,0,0,0,0,0,0],[15,2,392,57,0,0,2,8,6,0,0,0,115,0,0,0,2,0,0,0,0,0,0,0,0,0,0,0],[7,2,334,51,0,0,5,6,0,0,0,1,120,0,0,0,1,0,0,0,0,0,0,0,0,0,0,0],[13,1,297,40,0,1,4,3,3,0,0,0,74,0,0,0,4,0,0,0,0,0,0,0,0,0,0,0],[11,2,304,45,0,0,0,2,0,0,0,0,70,0,0,0,5,0,0,0,0,0,0,0,0,0,0,0],[5,0,83,8,0,0,213,0,0,0,0,0,60,0,0,0,1,0,0,0,0,0,0,0,0,0,0,0],[8,0,168,37,0,0,3,7,1,0,0,1,99,0,0,0,5,0,0,0,0,0,0,0,0,0,0,0],[7,1,160,5,0,0,27,4,10,0,0,0,81,0,0,0,0,0,0,0,0,0,0,0,0,0,0,3],[5,1,190,19,0,0,3,4,2,1,0,0,88,0,0,0,3,0,0,0,0,0,0,0,0,0,0,0],[10,5,135,32,0,1,20,4,0,0,0,0,70,0,0,0,0,0,0,0,0,0,0,0,0,0,0,0],[7,1,92,16,0,0,41,0,0,0,0,0,89,0,0,0,0,0,0,0,0,0,0,0,0,0,0,0],[6,0,24,9,0,0,68,0,0,0,0,0,159,0,0,0,1,0,0,0,0,0,0,0,0,0,0,0],[9,0,153,15,0,0,26,2,5,0,0,0,57,0,0,0,0,0,0,0,0,0,0,0,0,0,0,1],[6,1,119,19,0,1,11,0,2,0,0,1,41,0,0,0,0,0,0,0,0,0,0,0,0,0,0,0],[5,0,147,13,0,0,0,1,3,0,0,0,62,0,0,0,0,0,0,0,0,0,0,0,0,0,0,0],[4,0,51,11,0,0,22,0,0,0,0,0,97,0,0,0,1,0,0,0,0,0,0,0,0,0,0,0],[3,1,87,6,0,0,8,0,0,0,0,0,22,0,0,0,0,0,0,0,0,0,0,0,0,0,0,0],[3,1,66,9,0,0,8,0,1,0,0,0,40,0,0,0,1,0,0,0,0,0,0,0,0,0,0,0],[0,2,52,9,0,0,8,1,1,0,0,0,40,0,0,0,0,0,0,0,0,0,0,0,0,0,0,0],[4,0,61,7,0,0,7,2,0,0,0,0,31,0,0,0,1,0,0,0,0,0,0,0,0,0,0,0],[6,1,50,11,0,0,4,0,0,0,0,0,42,0,0,0,0,0,0,0,0,0,0,0,0,0,0,0],[4,0,72,8,0,0,1,1,1,0,0,1,18,0,0,0,1,0,0,0,0,0,0,0,0,0,0,0],[1,0,43,5,0,0,6,0,0,0,0,0,30,0,0,0,1,0,0,0,0,0,0,0,0,0,0,0],[3,1,70,7,0,0,0,2,0,0,0,0,18,0,0,0,0,0,0,0,0,0,0,0,0,0,0,0],[4,0,59,6,0,0,0,3,0,0,0,0,12,0,0,0,0,0,0,0,0,0,0,0,0,0,0,0],[2,1,28,7,0,0,4,0,0,0,0,0,30,0,0,0,0,0,0,0,0,0,0,0,0,0,0,0],[0,0,30,2,0,0,3,0,7,0,0,0,12,0,0,0,0,0,0,0,0,0,0,0,0,0,0,3]]}