{"Accuracy":0.0786593707250342,"Precision":0.09667813565530395,"Recall":0.0786593707250342,"F1 Score":0.06363226367551901,"Adjusted Rand Index":0.010402991211957386,"Precision by cluster":[0.08214285714285714,0.12378640776699029,0.20909090909090908,0.047619047619047616,0.07913669064748201,0.0392156862745098,0.2532561505065123,0.21428571428571427,0.10852713178294573,0.02857142857142857,0.05220588235294118,0.08823529411764706,0.3333333333333333,0.050489826676714394,0.03409090909090909,0.043478260869565216,0.06832298136645963,0.003703703703703704,0.0,0.024691358024691357,0.017857142857142856,0.027689030883919063,0.0,0.0,0.027777777777777776,0.0,0.03571428571428571,0.16666666666666666],"Recall by cluster":[0.03697749196141479,0.0796875,0.07540983606557378,0.0037243947858473,0.05275779376498801,0.009302325581395349,0.4768392370572207,0.009708737864077669,0.04929577464788732,0.0035460992907801418,0.2669172932330827,0.09608540925266904,0.004694835680751174,0.2596899224806202,0.02830188679245283,0.01276595744680851,0.12571428571428572,0.006134969325153374,0.0,0.017241379310344827,0.01639344262295082,0.2184873949579832,0.0,0.0,0.010752688172043012,0.0,0.01098901098901099,0.0784313725490196],"F1 score by cluster":[0.050997782705099776,0.09695817490494296,0.1108433734939759,0.0069084628670120895,0.06330935251798561,0.015037593984962405,0.33081285444234404,0.018575851393188854,0.06779661016949153,0.006309148264984227,0.08733087330873308,0.0919931856899489,0.009259259259259259,0.08454258675078864,0.030927835051546393,0.019736842105263157,0.08853118712273642,0.004618937644341801,0.0,0.02030456852791878,0.017094017094017096,0.04914933837429111,0.0,0.0,0.015503875968992248,0.0,0.01680672268907563,0.10666666666666667],"confusion_matrix":[[23,31,20,9,23,12,39,0,6,3,121,21,0,136,17,8,25,16,2,5,17,77,1,0,5,0,4,1],[32,51,10,7,9,12,65,1,5,2,130,18,0,129,17,5,27,21,1,6,15,71,0,2,3,0,1,0],[19,25,46,3,40,15,24,1,9,3,114,22,0,121,25,12,21,24,1,4,3,67,0,2,3,0,1,5],[22,36,14,2,21,10,26,0,5,5,121,13,0,103,8,7,31,18,2,6,6,71,1,3,4,0,2,0],[25,26,24,1,22,6,28,2,9,2,82,5,0,77,10,7,10,20,0,5,4,44,3,0,2,0,0,3],[13,25,11,2,17,4,27,1,2,0,96,7,0,104,17,2,19,14,2,4,7,53,0,0,0,1,2,0],[13,9,1,0,6,1,175,0,11,0,26,14,0,33,2,3,6,25,0,8,0,32,1,0,0,0,1,0],[14,7,17,3,16,6,14,3,3,2,66,14,0,35,9,4,14,11,2,5,5,49,3,3,1,0,2,1],[9,23,9,2,10,2,21,1,14,0,30,18,0,48,9,1,28,10,3,0,3,33,0,0,3,0,2,5],[8,21,6,0,16,4,18,1,1,1,64,8,0,46,4,4,11,13,2,2,4,41,0,1,3,0,3,0],[7,17,3,1,9,4,29,1,2,2,71,9,0,45,4,3,9,6,0,2,3,37,0,0,1,0,1,0],[8,14,4,0,10,1,38,1,7,1,39,27,0,46,7,1,10,10,0,5,6,43,0,1,1,0,1,0],[18,3,1,0,4,0,32,0,4,1,21,35,1,16,1,0,11,10,0,4,5,46,0,0,0,0,0,0],[5,18,2,1,9,4,30,0,10,2,43,11,0,67,4,1,8,7,0,1,3,28,0,1,1,0,0,2],[8,11,10,2,11,10,9,1,6,3,30,9,0,50,6,1,7,7,1,3,3,20,0,2,0,0,1,1],[11,16,9,3,5,2,15,0,3,1,42,5,0,44,9,3,6,14,1,0,6,31,0,3,3,0,3,0],[8,3,2,0,6,0,19,0,4,0,17,20,1,23,2,0,22,10,1,4,1,30,0,1,1,0,0,0],[7,7,2,2,9,1,11,1,1,0,43,4,0,32,8,2,6,1,1,3,2,19,0,0,0,0,0,1],[4,5,8,1,8,1,13,0,6,0,22,4,0,29,2,0,11,6,0,2,2,14,0,0,0,0,1,1],[2,8,2,0,7,0,11,0,1,0,24,3,0,13,3,0,9,3,0,2,2,26,0,0,0,0,0,0],[1,16,3,0,1,0,8,0,3,1,33,5,0,20,1,1,3,4,2,0,2,13,0,1,2,0,2,0],[4,6,1,1,6,0,6,0,1,3,25,5,1,16,3,0,8,3,1,2,1,26,0,0,0,0,0,0],[4,10,6,0,4,3,4,0,1,0,19,4,0,13,4,0,6,4,0,1,3,8,0,0,0,0,0,0],[5,6,2,0,1,1,12,0,2,2,8,5,0,27,2,2,2,3,0,2,2,12,0,0,0,0,0,0],[2,6,3,0,2,0,3,0,2,0,22,4,0,21,0,0,5,4,1,2,3,12,0,0,1,0,0,0],[3,7,1,0,3,1,2,0,1,1,19,4,0,17,1,2,2,3,0,1,4,13,0,0,2,0,0,0],[3,4,1,1,2,2,8,0,2,0,23,7,0,10,0,0,5,3,0,2,0,17,0,0,0,0,1,0],[2,1,2,1,1,0,4,0,8,0,9,5,0,6,1,0,0,0,1,0,0,6,0,0,0,0,0,4]],"epoch_accuracies":[[0.1037344398340249,0.11344671925584789,0.12192786466645388,0.12958825406958188,0.13893575304363687,0.14750809356618486,0.15074552004012584,0.16027540923806485,0.16761661574939582,0.18024713875336282,0.1936072226528658,0.2099311476904838,0.24034471752314077,0.27910264009849073,0.34686060827139664],[0.1024623803009576,0.106703146374829,0.11491108071135431,0.11272229822161423,0.11108071135430916,0.11709986320109439,0.1265389876880985,0.13953488372093023,0.11285909712722299,0.11559507523939809,0.09781121751025992,0.11108071135430916,0.093296853625171,0.08618331053351573,0.0786593707250342]]}