{"Accuracy":0.15006839945280437,"Precision":0.12589393265642862,"Recall":0.15006839945280437,"F1 Score":0.12067423099883769,"Adjusted Rand Index":0.028063299909701345,"Precision by cluster":[0.11604938271604938,0.13249571673329527,0.22532188841201717,0.0966183574879227,0.0625,0.12222222222222222,0.489749430523918,0.15481171548117154,0.12598425196850394,0.10204081632653061,0.08596491228070176,0.22727272727272727,0.12857142857142856,0.07432432432432433,0.0,0.0,0.08294930875576037,0.0,0.0,0.0,0.0,0.0,0.0,0.0,0.0,0.0,0.0,0.5714285714285714],"Recall by cluster":[0.07309486780715396,0.3676703645007924,0.3436988543371522,0.20408163265306123,0.0022522522522522522,0.05045871559633028,0.5321782178217822,0.11858974358974358,0.10289389067524116,0.03546099290780142,0.17753623188405798,0.05747126436781609,0.15,0.044897959183673466,0.0,0.0,0.4161849710982659,0.0,0.0,0.0,0.0,0.0,0.0,0.0,0.0,0.0,0.0,0.12903225806451613],"F1 score by cluster":[0.08969465648854962,0.19479429051217464,0.27219701879455604,0.13114754098360656,0.004347826086956522,0.07142857142857142,0.5100830367734283,0.13430127041742287,0.11327433628318584,0.05263157894736842,0.11583924349881797,0.09174311926605505,0.13846153846153847,0.05597964376590331,0.0,0.0,0.138328530259366,0.0,0.0,0.0,0.0,0.0,0.0,0.0,0.0,0.0,0.0,0.21052631578947367],"confusion_matrix":[[47,168,101,95,0,17,14,22,29,11,47,3,17,19,1,0,50,0,0,0,0,0,0,1,0,0,0,1],[31,232,24,88,0,10,16,10,21,9,57,4,17,22,1,0,88,0,1,0,0,0,0,0,0,0,0,0],[45,104,210,90,5,25,2,32,7,4,30,4,9,3,0,0,38,0,1,0,0,0,0,1,0,0,0,1],[36,126,47,100,3,18,4,11,9,11,60,6,13,4,0,0,42,0,0,0,0,0,0,0,0,0,0,0],[30,108,93,73,1,18,2,14,12,6,39,1,9,9,0,0,29,0,0,0,0,0,0,0,0,0,0,0],[32,130,54,104,1,22,0,17,3,8,29,2,7,8,0,0,18,0,0,0,0,0,0,1,0,0,0,0],[15,46,11,12,0,1,215,1,15,1,14,2,16,8,0,0,47,0,0,0,0,0,0,0,0,0,0,0],[21,29,99,57,1,4,1,37,3,6,18,2,9,0,0,0,24,0,1,0,0,0,0,0,0,0,0,0],[12,60,39,25,1,6,12,10,32,3,15,0,18,9,0,0,68,0,0,0,0,0,0,0,0,0,0,1],[18,58,34,58,0,9,2,14,6,10,20,4,8,6,0,1,34,0,0,0,0,0,0,0,0,0,0,0],[11,92,4,33,0,2,20,3,13,4,49,0,10,2,0,0,33,0,0,0,0,0,0,0,0,0,0,0],[8,62,7,27,1,3,19,5,13,0,18,15,28,12,0,0,42,0,0,0,0,0,0,1,0,0,0,0],[5,34,4,10,0,2,30,5,9,4,9,9,36,1,0,0,82,0,0,0,0,0,0,0,0,0,0,0],[9,78,12,28,1,1,28,4,13,0,31,0,10,11,0,0,16,1,0,0,0,0,0,0,0,0,0,2],[10,58,47,32,0,6,7,8,4,1,16,2,6,1,0,0,15,0,0,1,0,0,0,1,0,0,0,0],[17,59,45,39,0,9,3,9,1,1,11,1,4,4,0,0,21,0,0,0,0,0,0,0,0,0,0,0],[3,21,5,9,1,1,15,2,21,1,10,0,12,0,0,0,72,0,0,0,0,0,0,0,0,0,0,0],[7,36,12,17,0,7,9,1,1,0,9,0,2,7,0,0,11,0,0,0,0,0,0,0,0,0,0,0],[5,24,20,16,0,1,9,5,13,4,7,0,3,0,0,0,20,0,0,0,0,0,0,0,0,0,0,1],[5,36,3,13,0,2,10,4,5,2,15,1,6,1,0,0,16,0,0,0,0,0,0,0,0,0,0,0],[3,44,4,11,0,1,4,3,4,3,11,0,8,7,0,0,22,0,0,0,0,0,0,0,0,0,0,0],[6,26,6,21,0,1,5,3,6,2,10,5,8,3,0,0,26,0,0,0,0,0,0,0,0,0,0,0],[8,21,19,30,0,7,0,4,2,2,8,0,1,2,0,0,12,0,0,0,0,0,0,0,0,0,0,0],[10,22,2,8,1,0,6,4,2,2,5,3,9,7,0,0,11,0,1,0,0,0,0,0,0,0,0,0],[2,32,4,20,0,2,1,5,1,3,9,0,3,0,0,0,3,0,0,0,0,0,0,0,0,0,0,0],[5,16,19,9,0,3,0,5,0,0,4,0,2,0,1,0,2,0,0,0,0,0,0,0,0,0,0,0],[3,18,3,6,0,0,1,0,2,0,14,1,4,1,0,0,18,0,0,0,0,0,0,0,0,0,0,0],[1,11,4,4,0,2,4,1,7,0,5,1,5,1,0,0,8,0,0,0,0,0,0,0,0,0,0,8]]}