{"Accuracy":0.2024623803009576,"Precision":0.1558663494403914,"Recall":0.2024623803009576,"F1 Score":0.1648406440073305,"Adjusted Rand Index":0.052417049282513055,"Precision by cluster":[0.10251798561151079,0.20177562550443906,0.26903553299492383,0.14955357142857142,0.06896551724137931,0.17193675889328064,0.4444444444444444,0.16288951841359772,0.25,0.09722222222222222,0.15637860082304528,0.27184466019417475,0.22807017543859648,0.0,0.0,0.0,0.2,0.0,0.0,0.0,0.0,0.06976744186046512,0.0,0.4,0.0,0.0,0.0,0.4444444444444444],"Recall by cluster":[0.08444444444444445,0.42735042735042733,0.44093178036605657,0.26961770623742454,0.01809954751131222,0.19772727272727272,0.527363184079602,0.3549382716049383,0.19298245614035087,0.06840390879478828,0.2825278810408922,0.12017167381974249,0.34210526315789475,0.0,0.0,0.0,0.3575418994413408,0.0,0.0,0.0,0.0,0.02608695652173913,0.0,0.1,0.0,0.0,0.0,0.06451612903225806],"F1 score by cluster":[0.0926076360682372,0.2741228070175439,0.33417402269861285,0.19239052404881551,0.02867383512544803,0.1839323467230444,0.48236632536973834,0.22330097087378642,0.21782178217821782,0.08030592734225621,0.20132450331125828,0.16666666666666666,0.2736842105263158,0.0,0.0,0.0,0.2565130260521042,0.0,0.0,0.0,0.0,0.0379746835443038,0.0,0.16,0.0,0.0,0.0,0.11267605633802817],"confusion_matrix":[[57,118,100,74,18,58,30,77,17,19,47,8,23,1,0,0,17,0,0,1,0,8,0,1,0,0,1,0],[43,250,14,87,3,12,22,14,12,25,52,7,18,2,0,0,22,0,0,0,0,1,0,1,0,0,0,0],[43,45,265,54,14,31,5,91,3,9,23,3,8,0,0,0,5,0,0,0,0,2,0,0,0,0,0,0],[48,76,40,134,10,42,7,55,5,19,31,2,11,0,0,0,14,0,0,0,0,2,0,1,0,0,0,0],[31,48,116,54,8,47,5,79,10,9,12,2,15,0,0,0,2,0,0,0,0,4,0,0,0,0,0,0],[39,52,46,78,6,87,3,66,1,17,20,3,9,0,0,0,6,0,0,0,0,6,0,1,0,0,0,0],[18,54,8,17,0,5,212,2,5,4,14,8,34,1,0,0,18,0,0,0,0,2,0,0,0,0,0,0],[23,18,87,30,4,18,5,115,3,5,7,1,6,0,0,0,2,0,0,0,0,0,0,0,0,0,0,0],[15,37,41,16,7,10,15,7,55,5,13,0,23,0,0,0,35,0,0,0,0,1,0,1,0,0,0,4],[29,35,40,52,8,44,3,40,3,21,7,2,12,0,0,0,9,0,0,0,0,2,0,0,0,0,0,0],[17,69,4,20,2,13,27,9,5,4,76,2,10,0,0,0,10,0,0,1,0,0,0,0,0,0,0,0],[15,51,5,28,0,18,14,3,4,6,10,28,34,0,0,0,12,0,0,0,0,2,0,3,0,0,0,0],[17,24,2,17,0,1,23,7,8,19,13,2,91,0,0,0,41,0,0,0,0,1,0,0,0,0,0,0],[25,84,11,20,2,6,25,2,8,5,16,6,10,0,0,0,13,0,0,0,0,1,0,3,0,0,0,1],[23,36,55,20,8,18,12,26,6,3,6,3,10,0,0,0,3,0,0,0,0,0,0,0,0,0,0,0],[16,29,44,22,1,31,5,29,1,3,9,2,7,0,0,0,1,0,0,0,0,1,0,1,0,0,0,0],[7,16,3,14,2,1,17,0,20,5,7,1,19,0,0,0,64,0,0,0,0,3,0,0,0,0,0,0],[14,31,14,15,1,10,9,11,7,4,8,3,6,0,0,0,1,0,0,0,0,0,0,2,0,0,0,0],[10,15,26,5,4,5,8,9,22,1,10,0,7,0,0,0,18,0,0,0,0,1,0,1,0,0,0,0],[8,20,1,16,1,3,7,1,5,3,29,3,11,0,0,0,7,0,0,0,0,1,0,0,0,0,0,0],[9,41,0,11,2,5,5,0,4,4,13,1,7,1,0,0,4,0,0,0,0,0,0,0,0,0,0,0],[3,23,3,24,3,2,3,4,3,5,30,0,6,0,0,0,3,0,0,0,0,3,0,0,0,0,0,0],[13,6,17,15,1,12,0,23,0,3,5,1,1,0,0,0,2,0,0,0,0,0,0,0,0,0,0,0],[7,13,3,10,3,9,10,2,1,2,4,13,7,0,0,0,6,0,0,0,0,0,0,10,0,0,0,0],[8,16,4,24,4,8,0,6,0,4,4,2,4,0,0,0,1,0,0,0,0,1,0,0,0,0,0,0],[6,6,28,14,2,5,1,17,2,2,5,0,4,0,0,0,0,0,0,0,0,0,0,0,0,0,0,0],[6,16,2,21,1,4,1,3,0,8,12,0,5,0,0,0,2,0,0,0,0,0,0,0,0,0,0,0],[6,10,6,4,1,1,3,8,10,2,3,0,1,0,0,0,2,0,0,0,0,1,0,0,0,0,0,4]]}