{"Accuracy":0.11012311901504789,"Precision":0.12626288663608964,"Recall":0.11012311901504789,"F1 Score":0.074932303435128,"Adjusted Rand Index":0.014188505623644735,"Precision by cluster":[0.10805084745762712,0.09090909090909091,0.09671897289586305,0.09767441860465116,0.42857142857142855,0.08953168044077135,0.55,0.0,0.0847457627118644,0.25,0.0967741935483871,0.08333333333333333,0.1442495126705653,0.08536585365853659,0.125,0.0,0.05745062836624776,0.0,0.0,0.0,0.0,0.0,0.0,0.0,0.0,0.0,0.0,0.0],"Recall by cluster":[0.07931570762052877,0.012678288431061807,0.5548281505728314,0.04285714285714286,0.006756756756756757,0.14908256880733944,0.35396039603960394,0.0,0.04823151125401929,0.0035460992907801418,0.043478260869565216,0.0038314176245210726,0.30833333333333335,0.02857142857142857,0.004651162790697674,0.0,0.3699421965317919,0.0,0.0,0.0,0.0,0.0,0.0,0.0,0.0,0.0,0.0,0.0],"F1 score by cluster":[0.09147982062780269,0.022253129346314324,0.16472303206997085,0.059574468085106386,0.013303769401330377,0.11187607573149742,0.4307228915662651,0.0,0.06147540983606557,0.006993006993006993,0.06,0.007326007326007326,0.19654714475431606,0.04281345565749235,0.008968609865470852,0.0,0.09945609945609946,0.0,0.0,0.0,0.0,0.0,0.0,0.0,0.0,0.0,0.0,0.0],"confusion_matrix":[[51,5,347,20,0,82,8,0,8,0,11,2,28,11,0,0,70,0,0,0,0,0,0,0,0,0,0,0],[41,8,323,15,0,74,7,0,4,0,7,2,29,9,0,0,112,0,0,0,0,0,0,0,0,0,0,0],[58,13,339,19,0,75,1,0,6,0,16,0,14,6,1,0,63,0,0,0,0,0,0,0,0,0,0,0],[42,10,269,21,2,45,0,0,0,1,15,0,22,4,1,0,58,0,0,0,0,0,0,0,0,0,0,0],[37,8,249,13,3,50,1,2,4,0,8,1,6,7,0,0,55,0,0,0,0,0,0,0,0,0,0,0],[29,0,260,21,0,65,0,0,0,1,6,0,7,4,0,0,43,0,0,0,0,0,0,0,0,0,0,0],[9,3,73,6,0,25,143,0,45,0,4,0,62,1,0,0,33,0,0,0,0,0,0,0,0,0,0,0],[28,6,164,6,0,32,1,0,1,0,8,0,14,0,1,0,51,0,0,0,0,0,0,0,0,0,0,0],[14,0,143,4,0,19,3,1,15,1,0,2,39,5,2,0,63,0,0,0,0,0,0,0,0,0,0,0],[18,4,155,8,0,27,0,0,1,1,6,0,12,2,0,0,48,0,0,0,0,0,0,0,0,0,0,0],[13,3,120,13,1,27,11,0,5,0,12,0,17,2,0,0,52,0,0,0,0,0,0,0,0,0,0,0],[17,4,87,5,0,24,9,0,8,0,5,1,47,6,0,0,48,0,0,0,0,0,0,0,0,0,0,0],[8,0,42,2,0,4,17,0,9,0,1,0,74,0,0,0,83,0,0,0,0,0,0,0,0,0,0,0],[9,6,118,5,0,30,17,0,10,0,2,1,20,7,1,0,19,0,0,0,0,0,0,0,0,0,0,0],[15,1,127,8,0,18,2,0,8,0,2,0,5,2,1,0,26,0,0,0,0,0,0,0,0,0,0,0],[16,1,138,9,0,24,1,0,0,0,1,0,8,2,1,0,23,0,0,0,0,0,0,0,0,0,0,0],[4,1,35,2,0,3,10,0,13,0,3,0,38,0,0,0,64,0,0,0,0,0,0,0,0,0,0,0],[6,2,61,4,1,14,5,0,2,0,0,2,7,2,0,0,13,0,0,0,0,0,0,0,0,0,0,0],[5,0,55,4,0,12,2,0,12,0,1,0,9,0,0,0,28,0,0,0,0,0,0,0,0,0,0,0],[7,3,50,7,0,10,8,0,4,0,1,0,10,0,0,0,19,0,0,0,0,0,0,0,0,0,0,0],[4,2,57,3,0,9,2,0,2,0,4,0,7,6,0,0,29,0,0,0,0,0,0,0,0,0,0,0],[8,2,51,5,0,7,3,0,3,0,4,0,10,1,0,0,34,0,0,0,0,0,0,0,0,0,0,0],[10,1,74,5,0,11,0,0,0,0,1,0,0,0,0,0,14,0,0,0,0,0,0,0,0,0,0,0],[7,1,41,0,0,3,5,0,1,0,1,1,11,3,0,0,19,0,0,0,0,0,0,0,0,0,0,0],[7,3,44,5,0,10,1,0,0,0,1,0,2,0,0,0,12,0,0,0,0,0,0,0,0,0,0,0],[6,0,36,2,0,11,0,0,0,0,0,0,0,1,0,0,10,0,0,0,0,0,0,0,0,0,0,0],[1,1,26,2,0,9,0,0,0,0,4,0,9,0,0,0,19,0,0,0,0,0,0,0,0,0,0,0],[2,0,21,1,0,6,3,0,16,0,0,0,6,1,0,0,6,0,0,0,0,0,0,0,0,0,0,0]]}