{"Accuracy":0.09835841313269494,"Precision":0.06516271466411773,"Recall":0.09835841313269494,"F1 Score":0.049555515442129786,"Adjusted Rand Index":0.005664609715693363,"Precision by cluster":[0.09977728285077951,0.17391304347826086,0.08402338041889917,0.05555555555555555,0.0,0.0,0.3894230769230769,0.0,0.055944055944055944,0.0,0.0,0.08163265306122448,0.12269938650306748,0.0,0.0,0.0,0.0,0.0,0.0,0.0,0.0,0.0,0.0,0.0,0.0,0.0,0.0,0.0],"Recall by cluster":[0.350547730829421,0.0064516129032258064,0.6160714285714286,0.0019646365422396855,0.0,0.0,0.1980440097799511,0.0,0.05194805194805195,0.0,0.0,0.02952029520295203,0.1593625498007968,0.0,0.0,0.0,0.0,0.0,0.0,0.0,0.0,0.0,0.0,0.0,0.0,0.0,0.0,0.0],"F1 score by cluster":[0.1553398058252427,0.012441679626749611,0.1478782683240463,0.003795066413662239,0.0,0.0,0.2625607779578606,0.0,0.05387205387205387,0.0,0.0,0.04336043360433604,0.1386481802426343,0.0,0.0,0.0,0.0,0.0,0.0,0.0,0.0,0.0,0.0,0.0,0.0,0.0,0.0,0.0],"confusion_matrix":[[224,1,361,0,0,0,11,0,24,0,0,1,17,0,0,0,0,0,0,0,0,0,0,0,0,0,0,0],[206,4,356,3,0,0,9,0,26,0,0,9,7,0,0,0,0,0,0,0,0,0,0,0,0,0,0,0],[185,0,345,0,0,0,1,0,26,0,0,1,2,0,0,0,0,0,0,0,0,0,0,0,0,0,0,0],[159,0,321,1,0,0,3,0,21,0,0,1,3,0,0,0,0,0,0,0,0,0,0,0,0,0,0,0],[142,1,235,1,0,0,3,0,32,0,0,2,1,0,0,0,0,0,0,0,0,0,0,0,0,0,0,0],[135,0,258,1,0,0,1,0,12,0,0,0,2,0,0,0,0,0,0,0,0,0,0,0,0,0,0,0],[71,2,102,2,0,0,81,0,5,0,0,24,122,0,0,0,0,0,0,0,0,0,0,0,0,0,0,0],[98,2,220,0,0,0,4,0,8,0,0,0,3,0,0,0,0,0,0,0,0,0,0,0,0,0,0,0],[79,2,180,0,0,0,13,0,16,0,0,3,15,0,0,0,0,0,0,0,0,0,0,0,0,0,0,0],[94,0,189,0,0,0,2,0,6,0,0,0,1,0,0,0,0,0,0,0,0,0,0,0,0,0,0,0],[88,1,157,0,0,0,6,0,9,0,0,3,11,0,0,0,0,0,0,0,0,0,0,0,0,0,0,0],[78,0,143,1,0,0,10,0,11,0,0,8,20,0,0,0,0,0,0,0,0,0,0,0,0,0,0,0],[66,1,110,3,0,0,17,0,0,0,0,14,40,0,0,0,0,0,0,0,0,0,0,0,0,0,0,0],[69,1,120,1,0,0,6,0,19,0,0,9,15,0,0,0,0,0,0,0,0,0,0,0,0,0,0,0],[74,1,132,0,0,0,4,0,10,0,0,5,6,0,0,0,0,0,0,0,0,0,0,0,0,0,0,0],[65,0,124,0,0,0,0,0,11,0,0,0,1,0,0,0,0,0,0,0,0,0,0,0,0,0,0,0],[55,0,89,1,0,0,12,0,2,0,0,4,17,0,0,0,0,0,0,0,0,0,0,0,0,0,0,0],[39,2,76,0,0,0,4,0,4,0,0,2,8,0,0,0,0,0,0,0,0,0,0,0,0,0,0,0],[47,0,71,2,0,0,3,0,3,0,0,3,6,0,0,0,0,0,0,0,0,0,0,0,0,0,0,0],[42,0,61,0,0,0,7,0,4,0,0,2,4,0,0,0,0,0,0,0,0,0,0,0,0,0,0,0],[34,1,73,0,0,0,1,0,5,0,0,1,8,0,0,0,0,0,0,0,0,0,0,0,0,0,0,0],[31,0,87,0,0,0,3,0,6,0,0,1,3,0,0,0,0,0,0,0,0,0,0,0,0,0,0,0],[31,2,65,0,0,0,0,0,1,0,0,0,1,0,0,0,0,0,0,0,0,0,0,0,0,0,0,0],[37,2,50,1,0,0,3,0,3,0,0,1,8,0,0,0,0,0,0,0,0,0,0,0,0,0,0,0],[35,0,54,0,0,0,0,0,6,0,0,1,1,0,0,0,0,0,0,0,0,0,0,0,0,0,0,0],[28,0,50,0,0,0,0,0,4,0,0,2,1,0,0,0,0,0,0,0,0,0,0,0,0,0,0,0],[19,0,46,1,0,0,2,0,2,0,0,0,2,0,0,0,0,0,0,0,0,0,0,0,0,0,0,0],[14,0,31,0,0,0,2,0,10,0,0,1,1,0,0,0,0,0,0,0,0,0,0,0,0,0,0,0]]}