{"Accuracy":0.11983584131326949,"Precision":0.07284383151936791,"Recall":0.11983584131326949,"F1 Score":0.06430774288948643,"Adjusted Rand Index":0.018704803326814814,"Precision by cluster":[0.10181818181818182,0.1744186046511628,0.10157618213660245,0.08180535966149506,0.0,0.0,0.42234848484848486,0.15,0.0,0.0,0.0,0.02666666666666667,0.09232954545454546,0.0,0.0,0.0,0.02654867256637168,0.0,0.0,0.0,0.0,0.0,0.0,0.0,0.0,0.0,0.0,0.14545454545454545],"Recall by cluster":[0.041728763040238454,0.025380710659898477,0.6733001658374793,0.11670020120724346,0.0,0.0,0.5575,0.009230769230769232,0.0,0.0,0.0,0.007246376811594203,0.5508474576271186,0.0,0.0,0.0,0.0189873417721519,0.0,0.0,0.0,0.0,0.0,0.0,0.0,0.0,0.0,0.0,0.14285714285714285],"F1 score by cluster":[0.05919661733615222,0.04431314623338257,0.17652173913043478,0.09618573797678276,0.0,0.0,0.48060344827586204,0.017391304347826087,0.0,0.0,0.0,0.011396011396011397,0.15815085158150852,0.0,0.0,0.0,0.02214022140221402,0.0,0.0,0.0,0.0,0.0,0.0,0.0,0.0,0.0,0.0,0.14414414414414414],"confusion_matrix":[[28,4,442,59,0,1,23,3,1,2,0,9,83,0,0,0,10,0,0,0,0,0,0,0,0,0,0,6],[25,15,327,70,0,3,23,2,0,3,0,3,108,0,0,0,11,0,0,0,0,0,0,0,0,0,0,1],[17,4,406,57,0,2,4,0,3,1,0,10,86,0,0,0,7,0,0,0,0,0,0,0,0,0,0,6],[27,3,302,58,0,0,2,3,0,0,0,2,88,0,0,0,12,0,0,0,0,0,0,0,0,0,0,0],[18,5,306,52,0,0,5,0,1,0,0,2,41,0,0,0,4,0,0,0,0,0,0,0,0,0,0,3],[9,1,314,53,0,0,1,1,1,0,0,8,49,0,0,0,7,0,0,0,0,0,0,0,0,0,0,0],[7,4,82,13,0,0,223,0,1,0,0,5,61,0,0,0,4,0,0,0,0,0,0,0,0,0,0,0],[8,3,201,26,0,0,3,3,1,1,0,2,69,0,0,0,5,0,0,0,0,0,0,0,0,0,0,3],[13,6,122,25,0,0,18,2,0,0,0,0,63,0,0,0,4,0,0,0,0,0,0,0,0,0,0,8],[9,3,167,30,0,0,1,1,0,0,0,4,64,0,0,0,4,0,0,0,0,0,0,0,0,0,0,0],[9,9,134,36,0,3,26,0,0,1,0,7,53,0,0,0,4,0,0,0,0,0,0,0,0,0,0,0],[17,2,127,17,0,1,25,0,1,1,0,2,80,0,0,0,2,0,0,0,0,0,0,0,0,0,0,1],[10,2,26,12,0,1,46,0,0,0,0,4,130,0,0,0,5,0,0,0,0,0,0,0,0,0,0,0],[5,2,133,21,0,2,24,0,1,0,0,4,48,0,0,0,2,0,0,0,0,0,0,0,0,0,0,7],[13,4,134,18,1,0,13,2,2,0,0,1,36,0,0,0,0,0,0,0,0,0,0,0,0,0,0,2],[10,2,135,24,0,1,5,0,0,0,0,1,37,0,0,0,2,0,0,0,0,0,0,0,0,0,0,1],[8,4,32,7,0,0,25,1,0,0,0,0,76,0,0,0,3,0,0,0,0,0,0,0,0,0,0,2],[3,0,86,22,0,0,13,0,0,0,0,1,23,0,0,0,1,0,0,0,0,0,0,0,0,0,0,1],[5,3,61,10,0,0,8,0,0,0,0,1,33,0,0,0,1,0,0,0,0,0,0,0,0,0,0,4],[7,3,49,23,1,0,15,0,0,0,0,0,31,0,0,0,7,0,0,0,0,0,0,0,0,0,0,0],[6,3,60,16,0,2,5,1,1,0,0,1,28,0,0,0,6,0,0,0,0,0,0,0,0,0,0,0],[6,2,60,8,0,1,5,0,1,0,0,1,36,0,0,0,2,0,0,0,0,0,0,0,0,0,0,0],[3,0,66,7,0,0,0,0,1,0,0,2,7,0,0,0,0,0,0,0,0,0,0,0,0,0,0,0],[2,0,49,12,0,1,5,0,0,0,0,1,25,0,0,0,1,0,0,0,0,0,0,0,0,0,0,2],[3,1,49,10,0,0,1,0,0,0,0,1,15,0,0,0,2,0,0,0,0,0,0,0,0,0,0,0],[1,0,58,9,0,0,1,0,0,0,0,1,7,0,0,0,3,0,0,0,0,0,0,0,0,0,0,0],[5,0,38,13,0,0,3,1,0,0,0,1,23,0,0,0,4,0,0,0,0,0,0,0,0,0,0,0],[1,1,31,1,0,0,5,0,0,0,0,1,8,0,0,0,0,0,0,0,0,0,0,0,0,0,0,8]]}