{"Accuracy":0.1253077975376197,"Precision":0.07223486312405297,"Recall":0.1253077975376197,"F1 Score":0.06298387244025823,"Adjusted Rand Index":0.020509644454680617,"Precision by cluster":[0.08727272727272728,0.14691943127962084,0.11011764705882353,0.13953488372093023,0.0,0.07692307692307693,0.30518697225572977,0.0,0.0763888888888889,0.0,0.0,0.07563025210084033,0.0771484375,0.0,0.0,0.0,0.14285714285714285,0.0,0.0,0.0,0.0,0.0,0.0,0.0,0.0,0.0,0.0,0.0],"Recall by cluster":[0.07465007776049767,0.0491283676703645,0.7659574468085106,0.012244897959183673,0.0,0.0022935779816513763,0.6262376237623762,0.0,0.03536977491961415,0.0,0.0,0.06896551724137931,0.32916666666666666,0.0,0.0,0.0,0.005780346820809248,0.0,0.0,0.0,0.0,0.0,0.0,0.0,0.0,0.0,0.0,0.0],"F1 score by cluster":[0.08046940486169321,0.07363420427553444,0.19255297263937463,0.0225140712945591,0.0,0.004454342984409799,0.41038118410381186,0.0,0.04835164835164835,0.0,0.0,0.07214428857715431,0.125,0.0,0.0,0.0,0.011111111111111112,0.0,0.0,0.0,0.0,0.0,0.0,0.0,0.0,0.0,0.0,0.0],"confusion_matrix":[[48,24,418,5,1,1,41,0,15,0,0,24,66,0,0,0,0,0,0,0,0,0,0,0,0,0,0,0],[59,31,377,9,0,4,39,0,7,0,0,14,89,0,0,0,2,0,0,0,0,0,0,0,0,0,0,0],[32,4,468,1,0,1,14,0,18,0,0,19,54,0,0,0,0,0,0,0,0,0,0,0,0,0,0,0],[44,15,326,6,0,1,18,0,4,0,0,6,70,0,0,0,0,0,0,0,0,0,0,0,0,0,0,0],[34,12,300,5,0,0,9,0,11,0,0,13,60,0,0,0,0,0,0,0,0,0,0,0,0,0,0,0],[29,9,342,0,0,1,3,0,2,0,0,4,46,0,0,0,0,0,0,0,0,0,0,0,0,0,0,0],[14,3,95,1,0,0,253,0,4,0,0,12,22,0,0,0,0,0,0,0,0,0,0,0,0,0,0,0],[24,2,215,0,0,0,7,0,6,0,0,11,47,0,0,0,0,0,0,0,0,0,0,0,0,0,0,0],[27,15,150,0,0,0,39,0,11,0,0,14,54,0,0,0,1,0,0,0,0,0,0,0,0,0,0,0],[20,2,184,3,0,0,10,0,3,0,0,8,52,0,0,0,0,0,0,0,0,0,0,0,0,0,0,0],[31,15,145,4,0,0,34,0,1,0,0,5,41,0,0,0,0,0,0,0,0,0,0,0,0,0,0,0],[14,8,122,0,0,1,59,0,4,0,0,18,35,0,0,0,0,0,0,0,0,0,0,0,0,0,0,0],[9,7,40,0,0,0,81,0,0,0,0,24,79,0,0,0,0,0,0,0,0,0,0,0,0,0,0,0],[23,6,140,0,0,0,34,0,12,0,0,9,21,0,0,0,0,0,0,0,0,0,0,0,0,0,0,0],[20,6,146,1,0,1,10,0,8,0,0,3,20,0,0,0,0,0,0,0,0,0,0,0,0,0,0,0],[21,4,152,1,0,1,8,0,2,0,0,5,28,0,0,0,2,0,0,0,0,0,0,0,0,0,0,0],[8,1,38,0,0,0,58,0,0,0,0,8,59,0,0,0,1,0,0,0,0,0,0,0,0,0,0,0],[6,3,75,0,0,0,12,0,3,0,0,2,18,0,0,0,0,0,0,0,0,0,0,0,0,0,0,0],[14,8,52,1,0,1,21,0,6,0,0,2,23,0,0,0,0,0,0,0,0,0,0,0,0,0,0,0],[13,10,51,1,0,0,22,0,0,0,0,4,18,0,0,0,0,0,0,0,0,0,0,0,0,0,0,0],[8,12,61,3,0,0,12,0,0,0,0,6,23,0,0,0,0,0,0,0,0,0,0,0,0,0,0,0],[10,2,64,0,0,0,14,0,2,0,0,6,30,0,0,0,0,0,0,0,0,0,0,0,0,0,0,0],[14,2,83,0,0,0,0,0,4,0,0,3,10,0,0,0,0,0,0,0,0,0,0,0,0,0,0,0],[7,1,44,0,0,0,14,0,3,0,0,9,15,0,0,0,0,0,0,0,0,0,0,0,0,0,0,0],[6,3,56,2,0,1,2,0,2,0,0,2,11,0,0,0,0,0,0,0,0,0,0,0,0,0,0,0],[3,1,53,0,0,0,0,0,1,0,0,2,5,0,0,0,1,0,0,0,0,0,0,0,0,0,0,0],[5,4,33,0,0,0,6,0,1,0,0,3,19,0,0,0,0,0,0,0,0,0,0,0,0,0,0,0],[7,1,20,0,0,0,9,0,14,0,0,2,9,0,0,0,0,0,0,0,0,0,0,0,0,0,0,0]]}