{"Accuracy":0.11340629274965801,"Precision":0.058886129305461436,"Recall":0.11340629274965801,"F1 Score":0.06070530330421076,"Adjusted Rand Index":0.017578715992725074,"Precision by cluster":[0.09477911646586346,0.13157894736842105,0.09949056038357806,0.1003584229390681,0.0,0.0,0.30604026845637583,0.0,0.0821917808219178,0.0,0.0,0.07547169811320754,0.07205067300079177,0.0,0.0,0.0,0.031578947368421054,0.0,0.0,0.0,0.0,0.0,0.0,0.0,0.0,0.0,0.0,0.0],"Recall by cluster":[0.18849840255591055,0.008517887563884156,0.5542570951585977,0.05313092979127135,0.0,0.0,0.6162162162162163,0.0,0.040268456375838924,0.0,0.0,0.04878048780487805,0.3408239700374532,0.0,0.0,0.0,0.016129032258064516,0.0,0.0,0.0,0.0,0.0,0.0,0.0,0.0,0.0,0.0,0.0],"F1 score by cluster":[0.12613575628006413,0.016,0.16869918699186992,0.06947890818858561,0.0,0.0,0.40896860986547084,0.0,0.05405405405405406,0.0,0.0,0.05925925925925926,0.11895424836601307,0.0,0.0,0.0,0.021352313167259787,0.0,0.0,0.0,0.0,0.0,0.0,0.0,0.0,0.0,0.0,0.0],"confusion_matrix":[[118,2,317,24,0,0,32,0,8,0,0,11,108,0,0,0,6,0,0,0,0,0,0,0,0,0,0,0],[117,5,272,35,0,0,43,0,4,0,0,9,94,0,0,0,8,0,0,0,0,0,0,0,0,0,0,0],[132,1,332,11,0,0,9,1,22,0,0,8,76,0,0,0,7,0,0,0,0,0,0,0,0,0,0,0],[91,3,284,28,0,0,9,0,7,0,0,8,88,0,0,0,9,0,0,0,0,0,0,0,0,0,0,0],[78,1,259,15,0,0,9,0,9,0,0,8,57,0,0,0,4,0,0,0,0,0,0,0,0,0,0,0],[84,1,257,22,0,0,5,0,6,0,0,4,50,0,0,0,10,0,0,0,0,0,0,0,0,0,0,0],[20,2,67,9,0,0,228,0,1,0,0,6,34,0,0,0,3,0,0,0,0,0,0,0,0,0,0,0],[46,0,170,16,0,0,8,0,8,0,0,9,68,0,0,0,4,0,0,0,0,0,0,0,0,0,0,0],[56,5,115,8,0,0,43,0,12,0,0,7,44,0,0,0,8,0,0,0,0,0,0,0,0,0,0,0],[48,2,158,14,0,1,11,0,6,0,0,5,69,0,0,0,2,0,0,0,0,0,0,0,0,0,0,0],[56,3,118,13,0,0,29,0,6,0,0,6,42,0,0,0,4,0,0,0,0,0,0,0,0,0,0,0],[27,1,83,5,0,0,55,0,4,0,0,12,55,0,0,0,4,0,0,0,0,0,0,0,0,0,0,0],[18,0,23,4,0,0,104,0,0,0,0,21,91,0,0,0,6,0,0,0,0,0,0,0,0,0,0,0],[48,1,124,9,0,0,33,0,8,0,0,6,37,0,0,0,2,0,0,0,0,0,0,0,0,0,0,0],[39,3,94,8,0,1,18,0,5,0,0,3,30,0,0,0,0,0,0,0,0,0,0,0,0,0,0,0],[36,1,129,9,0,0,1,0,5,0,0,8,40,0,0,0,2,0,0,0,0,0,0,0,0,0,0,0],[17,0,46,4,0,0,38,0,3,0,0,7,68,0,0,0,3,0,0,0,0,0,0,0,0,0,0,0],[33,2,58,4,0,0,9,0,2,0,0,1,17,0,0,0,1,0,0,0,0,0,0,0,0,0,0,0],[27,2,46,5,0,0,14,0,6,0,0,1,24,0,0,0,4,0,0,0,0,0,0,0,0,0,0,0],[16,0,46,5,0,0,9,0,2,0,0,3,30,0,0,0,2,0,0,0,0,0,0,0,0,0,0,0],[22,0,45,9,0,0,9,0,0,0,0,2,24,0,0,0,2,0,0,0,0,0,0,0,0,0,0,0],[18,1,47,2,0,0,8,0,5,0,0,0,32,0,0,0,1,0,0,0,0,0,0,0,0,0,0,0],[26,1,58,4,0,0,1,0,1,0,0,0,16,0,0,0,0,0,0,0,0,0,0,0,0,0,0,0],[18,0,29,4,0,0,8,0,0,0,0,8,19,0,0,0,0,0,0,0,0,0,0,0,0,0,0,0],[24,0,53,6,0,0,1,0,2,0,0,1,14,0,0,0,0,0,0,0,0,0,0,0,0,0,0,0],[15,0,53,4,0,0,1,0,4,0,0,2,5,0,0,0,0,0,0,0,0,0,0,0,0,0,0,0],[9,1,28,2,0,0,6,0,0,0,0,2,22,0,0,0,2,0,0,0,0,0,0,0,0,0,0,0],[6,0,26,0,0,0,4,0,10,0,0,1,9,0,0,0,1,0,0,0,0,0,0,0,0,0,0,0]]}