{"Accuracy":0.07824897400820793,"Precision":0.0923308131810548,"Recall":0.07824897400820793,"F1 Score":0.05763847760759193,"Adjusted Rand Index":0.01361841605349643,"Precision by cluster":[0.08853118712273642,0.08780487804878048,0.09071729957805907,0.08113391984359726,0.0,0.07956600361663653,0.6875,0.16666666666666666,0.056179775280898875,0.05314009661835749,0.03656597774244833,0.0,0.1222707423580786,0.08290155440414508,0.0,0.0,0.06229860365198711,0.0,0.0,0.0,0.0,0.0,0.0,0.0,0.0,0.0,0.0,0.0],"Recall by cluster":[0.06842923794712286,0.17115689381933438,0.07037643207855974,0.16938775510204082,0.0,0.2018348623853211,0.027227722772277228,0.003205128205128205,0.09646302250803858,0.03900709219858156,0.08333333333333333,0.0,0.23333333333333334,0.0653061224489796,0.0,0.0,0.3352601156069364,0.0,0.0,0.0,0.0,0.0,0.0,0.0,0.0,0.0,0.0,0.0],"F1 score by cluster":[0.07719298245614035,0.11606663084363246,0.0792626728110599,0.10971579643093192,0.0,0.11413748378728923,0.05238095238095238,0.006289308176100629,0.07100591715976332,0.044989775051124746,0.05082872928176796,0.0,0.16045845272206305,0.0730593607305936,0.0,0.0,0.10507246376811594,0.0,0.0,0.0,0.0,0.0,0.0,0.0,0.0,0.0,0.0,0.0],"confusion_matrix":[[44,107,50,110,0,106,0,0,26,20,71,0,25,27,0,0,57,0,0,0,0,0,0,0,0,0,0,0],[60,108,46,80,0,109,0,0,23,23,50,0,36,20,0,0,76,0,0,0,0,0,0,0,0,0,0,0],[49,110,43,107,0,110,0,2,15,13,77,0,16,15,0,0,54,0,0,0,0,0,0,0,0,0,0,0],[34,99,30,83,0,74,0,0,4,15,64,0,21,7,0,0,59,0,0,0,0,0,0,0,0,0,0,0],[43,68,41,81,0,73,0,1,9,10,40,0,6,19,1,0,52,0,0,0,0,0,0,0,0,0,0,0],[36,67,31,80,0,88,0,0,3,17,54,0,8,13,0,0,39,0,0,0,0,0,0,0,0,0,0,0],[13,31,8,12,0,32,11,0,182,3,14,0,58,8,0,0,32,0,0,0,0,0,0,0,0,0,0,0],[27,73,32,46,0,31,0,1,7,14,28,0,7,1,0,0,45,0,0,0,0,0,0,0,0,0,0,0],[13,47,20,35,1,46,0,1,30,4,16,1,34,10,2,0,51,0,0,0,0,0,0,0,0,0,0,0],[23,49,26,52,0,34,0,0,3,11,26,0,14,7,0,0,37,0,0,0,0,0,0,0,0,0,0,0],[14,64,9,49,0,42,0,0,21,6,23,0,20,4,0,0,24,0,0,0,0,0,0,0,0,0,0,0],[9,41,5,28,0,34,0,0,24,7,18,0,40,10,0,0,45,0,0,0,0,0,0,0,0,0,0,0],[8,51,7,5,0,4,1,0,33,7,4,0,56,0,0,0,64,0,0,0,0,0,0,0,0,0,0,0],[14,41,6,23,0,58,2,0,26,5,19,0,17,16,0,0,18,0,0,0,0,0,0,0,0,0,0,0],[18,28,22,36,0,43,0,0,13,4,21,0,5,2,0,0,23,0,0,0,0,0,0,0,0,0,0,0],[10,32,22,49,0,45,0,0,3,8,19,0,7,5,0,0,24,0,0,0,0,0,0,0,0,0,0,0],[4,19,3,11,0,8,0,0,35,7,7,0,21,0,0,0,58,0,0,0,0,0,0,0,0,0,0,0],[12,27,6,12,0,22,0,0,6,2,7,1,8,5,0,0,11,0,0,0,0,0,0,0,0,0,0,0],[8,18,7,14,0,16,0,0,15,6,7,0,13,3,0,0,21,0,0,0,0,0,0,0,0,0,0,0],[6,31,4,12,0,16,0,0,15,5,7,0,4,0,0,0,19,0,0,0,0,0,0,0,0,0,0,0],[9,15,8,11,0,19,0,0,7,5,9,0,7,9,0,0,26,0,0,0,0,0,0,0,0,0,0,0],[8,25,6,13,0,10,2,0,9,1,14,0,13,0,0,0,27,0,0,0,0,0,0,0,0,0,0,0],[8,15,13,22,0,22,0,0,1,2,14,0,1,1,0,0,17,0,0,0,0,0,0,0,0,0,0,0],[9,14,8,9,0,15,0,0,7,4,2,0,7,4,0,0,14,0,0,0,0,0,0,0,0,0,0,0],[6,15,7,18,0,16,0,0,1,4,5,0,2,1,0,0,10,0,0,0,0,0,0,0,0,0,0,0],[4,15,7,7,0,16,0,1,0,0,8,0,0,3,0,0,5,0,0,0,0,0,0,0,0,0,0,0],[3,14,2,11,0,10,0,0,1,4,5,0,5,1,0,0,15,0,0,0,0,0,0,0,0,0,0,0],[5,6,5,7,0,7,0,0,15,0,0,0,7,2,0,0,8,0,0,0,0,0,0,0,0,0,0,0]]}