{"Accuracy":0.07236662106703147,"Precision":0.10387348375832706,"Recall":0.07236662106703147,"F1 Score":0.05388274388594022,"Adjusted Rand Index":0.013700090024187707,"Precision by cluster":[0.08985507246376812,0.07927332782824112,0.09574468085106383,0.06222222222222222,0.0,0.08545454545454545,0.6,0.125,0.05112781954887218,0.08,0.04808635917566242,0.11627906976744186,0.09615384615384616,0.06382978723404255,0.1111111111111111,0.0,0.05019815059445178,0.0,0.0,0.5,0.0,0.0,0.0,0.0,0.0,0.0,0.0,0.5],"Recall by cluster":[0.04821150855365474,0.15213946117274169,0.132569558101473,0.02857142857142857,0.0,0.21559633027522937,0.0594059405940594,0.009615384615384616,0.10932475884244373,0.0070921985815602835,0.17753623188405798,0.019157088122605363,0.020833333333333332,0.04897959183673469,0.004651162790697674,0.0,0.4393063583815029,0.0,0.0,0.008403361344537815,0.0,0.0,0.0,0.0,0.0,0.0,0.0,0.016129032258064516],"F1 score by cluster":[0.06275303643724696,0.10423452768729642,0.11118737131091283,0.039160839160839164,0.0,0.12239583333333333,0.10810810810810811,0.017857142857142856,0.06967213114754098,0.013029315960912053,0.07567567567567568,0.03289473684210526,0.03424657534246575,0.05542725173210162,0.008928571428571428,0.0,0.09010077059869591,0.0,0.0,0.01652892561983471,0.0,0.0,0.0,0.0,0.0,0.0,0.0,0.03125],"confusion_matrix":[[31,113,89,34,0,95,2,1,33,3,107,6,2,27,1,0,99,0,0,0,0,0,0,0,0,0,0,0],[27,96,96,15,0,128,0,2,26,3,88,7,10,17,0,0,116,0,0,0,0,0,0,0,0,0,0,0],[35,113,81,25,0,97,0,0,13,1,132,4,2,12,0,0,96,0,0,0,0,0,0,0,0,0,0,0],[30,102,70,14,0,63,0,1,7,2,85,1,5,11,0,0,99,0,0,0,0,0,0,0,0,0,0,0],[30,89,54,14,0,83,0,4,13,3,66,2,0,19,2,0,65,0,0,0,0,0,0,0,0,0,0,0],[23,70,59,25,0,94,0,0,3,2,83,2,2,11,0,0,62,0,0,0,0,0,0,0,0,0,0,0],[4,30,9,1,0,31,24,1,212,0,25,1,2,8,0,0,56,0,0,0,0,0,0,0,0,0,0,0],[20,75,41,16,0,23,0,3,6,0,51,0,2,1,1,0,73,0,0,0,0,0,0,0,0,0,0,0],[15,37,35,8,0,46,0,1,34,1,28,3,3,10,0,0,89,0,0,0,0,0,0,0,0,0,0,1],[11,54,39,13,0,31,0,1,6,2,48,2,2,6,0,0,67,0,0,0,0,0,0,0,0,0,0,0],[10,45,23,7,0,47,2,0,25,0,49,2,2,4,0,0,60,0,0,0,0,0,0,0,0,0,0,0],[11,40,18,1,0,38,0,1,42,0,22,5,5,6,0,0,72,0,0,0,0,0,0,0,0,0,0,0],[4,42,13,2,0,4,5,0,52,1,4,0,5,0,0,0,108,0,0,0,0,0,0,0,0,0,0,0],[3,34,20,6,0,52,2,0,34,1,41,2,1,12,2,0,35,0,0,0,0,0,0,0,0,0,0,0],[10,25,36,7,0,42,0,1,13,2,35,0,0,3,1,0,40,0,0,0,0,0,0,0,0,0,0,0],[12,37,33,7,0,50,0,3,4,1,33,1,0,4,0,0,39,0,0,0,0,0,0,0,0,0,0,0],[4,16,8,2,0,8,0,1,46,0,8,0,2,2,0,0,76,0,0,0,0,0,0,0,0,0,0,0],[8,23,14,2,0,21,1,0,9,1,10,1,1,7,1,0,20,0,0,0,0,0,0,0,0,0,0,0],[9,17,11,7,0,18,0,2,24,0,10,0,1,4,0,0,25,0,0,0,0,0,0,0,0,0,0,0],[7,28,7,3,0,14,0,1,18,1,10,0,0,0,0,0,29,0,0,1,0,0,0,0,0,0,0,0],[3,17,11,1,0,23,0,0,10,0,10,2,0,9,0,0,39,0,0,0,0,0,0,0,0,0,0,0],[7,35,12,3,0,9,2,0,5,0,13,0,1,1,1,0,39,0,0,0,0,0,0,0,0,0,0,0],[14,14,20,5,0,19,0,0,1,0,17,0,0,3,0,0,23,0,0,0,0,0,0,0,0,0,0,0],[2,14,11,0,0,17,1,0,6,0,9,0,2,4,0,0,27,0,0,0,0,0,0,0,0,0,0,0],[7,20,14,3,0,14,0,0,1,0,11,0,0,1,0,0,14,0,0,0,0,0,0,0,0,0,0,0],[5,12,10,1,0,10,0,1,0,0,12,1,0,2,0,0,11,0,0,1,0,0,0,0,0,0,0,0],[3,9,3,1,0,13,0,0,3,1,10,1,0,1,0,0,26,0,0,0,0,0,0,0,0,0,0,0],[0,4,9,2,0,10,1,0,19,0,2,0,2,3,0,0,9,0,0,0,0,0,0,0,0,0,0,1]]}