{"Accuracy":0.1146374829001368,"Precision":0.08614960784809256,"Recall":0.1146374829001368,"F1 Score":0.08100160736346788,"Adjusted Rand Index":0.01596624913759238,"Precision by cluster":[0.08626198083067092,0.0891089108910891,0.10807174887892376,0.12030075187969924,0.0,0.08808290155440414,0.5494880546075085,0.10588235294117647,0.13541666666666666,0.0,0.0,0.0,0.1297539149888143,0.05555555555555555,0.0,0.0,0.07387862796833773,0.0,0.0,0.0,0.0,0.0,0.0,0.0,0.0,0.0,0.0,0.0],"Recall by cluster":[0.25194401244167963,0.05705229793977813,0.3944353518821604,0.0326530612244898,0.0,0.19495412844036697,0.39851485148514854,0.028846153846153848,0.04180064308681672,0.0,0.0,0.0,0.24166666666666667,0.004081632653061225,0.0,0.0,0.3236994219653179,0.0,0.0,0.0,0.0,0.0,0.0,0.0,0.0,0.0,0.0,0.0],"F1 score by cluster":[0.128520428401428,0.06956521739130435,0.1696585709257304,0.051364365971107544,0.0,0.12134189864382584,0.4619799139167862,0.04534005037783375,0.06388206388206388,0.0,0.0,0.0,0.16885007278020378,0.0076045627376425855,0.0,0.0,0.12030075187969924,0.0,0.0,0.0,0.0,0.0,0.0,0.0,0.0,0.0,0.0,0.0],"confusion_matrix":[[162,30,236,10,0,102,9,9,5,0,0,0,28,3,0,0,49,0,0,0,0,0,0,0,0,0,0,0],[183,36,210,6,0,89,6,7,1,0,0,0,31,1,0,0,61,0,0,0,0,0,0,0,0,0,0,0],[169,22,241,9,0,105,1,3,4,0,0,0,15,0,0,0,42,0,0,0,0,0,0,0,0,0,0,0],[159,17,180,16,0,59,0,4,2,0,0,0,13,1,0,0,39,0,0,0,0,0,0,0,0,0,0,0],[131,21,149,11,0,79,0,8,4,0,0,0,7,1,0,0,33,0,0,0,0,0,0,0,0,0,0,0],[133,11,155,16,0,85,0,7,1,0,0,0,4,0,0,0,24,0,0,0,0,0,0,0,0,0,0,0],[55,12,34,0,0,32,161,1,19,0,1,0,61,0,0,0,28,0,0,0,0,0,0,0,0,0,0,0],[87,24,110,7,0,32,1,9,1,0,0,0,12,0,0,0,29,0,0,0,0,0,0,0,0,0,0,0],[69,24,83,6,0,30,4,3,13,0,0,0,29,3,0,0,47,0,0,0,0,0,0,0,0,0,0,0],[76,20,94,8,0,37,0,6,1,0,0,0,9,0,0,0,31,0,0,0,0,0,0,0,0,0,0,0],[77,18,79,9,0,33,11,1,3,0,0,0,14,1,0,0,30,0,0,0,0,0,0,0,0,0,0,0],[56,17,52,2,0,32,13,2,3,0,0,0,37,2,0,0,45,0,0,0,0,0,0,0,0,0,0,0],[26,37,31,0,0,5,18,1,1,0,0,1,58,0,0,0,62,0,0,0,0,0,0,0,0,0,0,0],[61,13,65,6,0,41,15,1,9,0,0,0,16,1,0,0,17,0,0,0,0,0,0,0,0,0,0,0],[58,10,85,2,0,31,5,1,2,0,0,0,7,0,0,0,14,0,0,0,0,0,0,0,0,0,0,0],[50,10,87,5,0,42,1,5,0,0,0,0,6,1,0,0,17,0,0,0,0,0,0,0,0,0,0,0],[26,21,17,0,0,5,16,1,2,0,0,0,29,0,0,0,56,0,0,0,0,0,0,0,0,0,0,0],[35,5,40,2,0,13,7,0,1,0,0,0,3,2,0,0,11,0,0,0,0,0,0,0,0,0,0,0],[29,5,34,2,0,11,5,5,7,0,0,0,13,0,0,0,17,0,0,0,0,0,0,0,0,0,0,0],[36,8,27,4,0,10,6,2,0,0,0,1,13,0,0,0,12,0,0,0,0,0,0,0,0,0,0,0],[42,6,23,3,0,16,3,1,0,0,0,0,9,1,0,0,21,0,0,0,0,0,0,0,0,0,0,0],[30,8,38,4,0,11,3,1,1,0,0,0,11,0,0,0,21,0,0,0,0,0,0,0,0,0,0,0],[41,2,48,1,0,14,0,1,1,0,0,0,0,0,0,0,8,0,0,0,0,0,0,0,0,0,0,0],[18,9,21,0,0,16,4,1,0,0,0,0,10,1,0,0,13,0,0,0,0,0,0,0,0,0,0,0],[19,7,37,0,0,13,1,2,0,0,0,0,1,0,0,0,5,0,0,0,0,0,0,0,0,0,0,0],[20,4,23,1,0,11,0,2,1,0,0,0,1,0,0,0,3,0,0,0,0,0,0,0,0,0,0,0],[19,4,17,2,0,6,0,1,0,0,0,0,4,0,0,0,18,0,0,0,0,0,0,0,0,0,0,0],[11,3,14,1,0,5,3,0,14,0,0,0,6,0,0,0,5,0,0,0,0,0,0,0,0,0,0,0]]}