{"Accuracy":0.11901504787961696,"Precision":0.05822082327042139,"Recall":0.11901504787961696,"F1 Score":0.05340923188338844,"Adjusted Rand Index":0.015510311500482734,"Precision by cluster":[0.12,0.0,0.09590266595097513,0.0,0.0,0.0,0.43366336633663366,0.0,0.15384615384615385,0.0,0.0,0.1,0.11290322580645161,0.0,0.0,0.0,0.07858243451463791,0.0,0.0,0.0,0.0,0.0,0.0,0.0,0.0,0.0,0.0,0.0],"Recall by cluster":[0.004665629860031105,0.0,0.8772504091653028,0.0,0.0,0.0,0.5420792079207921,0.0,0.03215434083601286,0.0,0.0,0.034482758620689655,0.175,0.0,0.0,0.0,0.2947976878612717,0.0,0.0,0.0,0.0,0.0,0.0,0.0,0.0,0.0,0.0,0.0],"F1 score by cluster":[0.008982035928143712,0.0,0.17290322580645162,0.0,0.0,0.0,0.48184818481848185,0.0,0.05319148936170213,0.0,0.0,0.05128205128205128,0.13725490196078433,0.0,0.0,0.0,0.12408759124087591,0.0,0.0,0.0,0.0,0.0,0.0,0.0,0.0,0.0,0.0,0.0],"confusion_matrix":[[3,0,548,0,0,0,22,0,4,0,0,7,21,0,0,0,38,0,0,0,0,0,0,0,0,0,0,0],[1,0,526,0,0,0,12,1,4,0,0,4,30,0,0,0,53,0,0,0,0,0,0,0,0,0,0,0],[3,2,536,0,0,0,7,0,4,0,0,2,16,0,0,0,41,0,0,0,0,0,0,0,0,0,0,0],[3,1,435,0,0,0,2,0,1,0,0,6,15,0,0,0,27,0,0,0,0,0,0,0,0,0,0,0],[1,1,399,0,0,0,5,0,3,0,0,4,7,0,0,0,24,0,0,0,0,0,0,0,0,0,0,0],[0,0,407,0,0,0,0,0,0,0,0,2,8,0,0,0,19,0,0,0,0,0,0,0,0,0,0,0],[1,0,127,0,0,0,219,0,2,0,0,2,21,0,0,0,32,0,0,0,0,0,0,0,0,0,0,0],[0,3,261,0,0,0,2,0,1,0,0,3,13,0,0,0,29,0,0,0,0,0,0,0,0,0,0,0],[1,1,208,0,0,0,16,0,10,0,0,8,27,0,0,0,40,0,0,0,0,0,0,0,0,0,0,0],[1,0,239,0,0,0,3,0,0,0,0,4,11,0,0,0,24,0,0,0,0,0,0,0,0,0,0,0],[1,1,212,0,0,0,17,0,2,0,0,5,14,0,0,0,24,0,0,0,0,0,0,0,0,0,0,0],[0,0,156,0,0,0,27,0,2,0,0,9,31,0,0,0,36,0,0,0,0,0,0,0,0,0,0,0],[0,1,80,0,0,0,48,0,0,0,0,9,42,0,0,0,60,0,0,0,0,0,0,0,0,0,0,0],[1,0,185,0,0,0,28,0,7,0,0,3,9,0,0,0,12,0,0,0,0,0,0,0,0,0,0,0],[3,0,185,0,0,0,7,0,4,0,0,0,5,0,0,0,11,0,0,0,0,0,0,0,0,0,0,0],[1,0,194,0,0,0,2,0,0,0,0,4,9,0,0,0,14,0,0,0,0,0,0,0,0,0,0,0],[0,1,62,0,0,0,28,0,1,0,0,4,26,0,0,0,51,0,0,0,0,0,0,0,0,0,0,0],[0,0,99,0,0,0,10,0,0,0,0,1,3,0,0,0,6,0,0,0,0,0,0,0,0,0,0,0],[1,1,87,0,0,0,11,0,4,0,0,0,8,0,0,0,16,0,0,0,0,0,0,0,0,0,0,0],[2,0,80,0,0,0,14,0,0,0,0,2,7,0,0,0,14,0,0,0,0,0,0,0,0,0,0,0],[0,0,92,0,0,0,4,0,0,0,0,2,11,0,0,0,16,0,0,0,0,0,0,0,0,0,0,0],[1,0,90,0,0,0,5,0,1,0,0,1,10,0,0,0,20,0,0,0,0,0,0,0,0,0,0,0],[1,0,106,0,0,0,0,0,0,0,0,0,3,0,0,0,6,0,0,0,0,0,0,0,0,0,0,0],[0,1,63,0,0,0,6,0,0,0,0,3,10,0,0,0,10,0,0,0,0,0,0,0,0,0,0,0],[0,0,75,0,0,0,2,0,0,0,0,0,5,0,0,0,3,0,0,0,0,0,0,0,0,0,0,0],[0,1,60,0,0,0,0,0,1,0,0,0,1,0,0,0,3,0,0,0,0,0,0,0,0,0,0,0],[0,0,46,0,0,0,2,0,1,0,0,2,6,0,0,0,14,0,0,0,0,0,0,0,0,0,0,0],[0,0,31,0,0,0,6,0,13,0,0,3,3,0,0,0,6,0,0,0,0,0,0,0,0,0,0,0]]}