{"Accuracy":0.15006839945280437,"Precision":0.06046494380918068,"Recall":0.15006839945280437,"F1 Score":0.07920919514390344,"Adjusted Rand Index":0.024420795797121458,"Precision by cluster":[0.0850091407678245,0.14032496307237813,0.13513513513513514,0.05263157894736842,0.0,0.0,0.3960923623445826,0.0,0.0,0.0,0.0,0.0,0.15630885122410546,0.0,0.0,0.0,0.0,0.0,0.0,0.0,0.0,0.0,0.0,0.0,0.0,0.0,0.0,0.0],"Recall by cluster":[0.14903846153846154,0.49222797927461137,0.6528662420382165,0.006224066390041493,0.0,0.0,0.5688775510204082,0.0,0.0,0.0,0.0,0.0,0.3074074074074074,0.0,0.0,0.0,0.0,0.0,0.0,0.0,0.0,0.0,0.0,0.0,0.0,0.0,0.0,0.0],"F1 score by cluster":[0.10826542491268917,0.21839080459770116,0.2239213544511196,0.011131725417439703,0.0,0.0,0.46701570680628274,0.0,0.0,0.0,0.0,0.0,0.20724094881398253,0.0,0.0,0.0,0.0,0.0,0.0,0.0,0.0,0.0,0.0,0.0,0.0,0.0,0.0,0.0],"confusion_matrix":[[93,175,288,6,0,0,29,0,0,0,0,0,33,0,0,0,0,0,0,0,0,0,0,0,0,0,0,0],[83,285,167,1,0,0,18,0,0,0,0,0,25,0,0,0,0,0,0,0,0,0,0,0,0,0,0,0],[91,99,410,5,0,0,5,0,0,0,0,0,18,0,0,0,0,0,0,0,0,0,0,0,0,0,0,0],[94,141,226,3,0,0,3,0,0,0,0,0,15,0,0,0,0,0,0,0,0,0,0,0,0,0,0,0],[63,124,244,2,0,0,5,0,0,0,0,0,14,0,0,0,0,0,0,0,0,0,0,0,0,0,0,0],[73,106,228,2,0,0,5,0,0,0,0,0,9,0,0,0,0,0,0,0,0,0,0,0,0,0,0,0],[30,57,48,2,0,0,223,0,0,0,0,0,32,0,0,0,0,0,0,0,0,0,0,0,0,0,0,0],[53,38,245,6,0,0,3,0,0,0,0,0,20,0,0,0,0,0,0,0,0,0,0,0,0,0,0,0],[50,92,92,1,0,0,21,0,0,0,0,0,29,0,0,0,0,0,0,0,0,0,0,0,0,0,0,0],[51,80,128,6,0,0,2,0,0,0,0,0,11,0,0,0,0,0,0,0,0,0,0,0,0,0,0,0],[38,114,81,0,0,0,22,0,0,0,0,0,23,0,0,0,0,0,0,0,0,0,0,0,0,0,0,0],[46,65,68,1,0,0,32,0,0,0,0,0,44,0,0,0,0,0,0,0,0,0,0,0,0,0,0,0],[38,43,36,3,0,0,67,0,0,0,0,0,83,0,0,0,0,0,0,0,0,0,0,0,0,0,0,0],[34,97,79,2,0,0,24,0,0,0,0,0,15,0,0,0,0,0,0,0,0,0,0,0,0,0,0,0],[33,52,102,1,0,0,6,0,0,0,0,0,15,0,0,0,0,0,0,0,0,0,0,0,0,0,0,0],[34,48,122,2,0,0,2,0,0,0,0,0,9,0,0,0,0,0,0,0,0,0,0,0,0,0,0,0],[17,42,33,2,0,0,26,0,0,0,0,0,38,0,0,0,0,0,0,0,0,0,0,0,0,0,0,0],[18,51,53,1,0,0,10,0,0,0,0,0,9,0,0,0,0,0,0,0,0,0,0,0,0,0,0,0],[13,44,43,2,0,0,12,0,0,0,0,0,15,0,0,0,0,0,0,0,0,0,0,0,0,0,0,0],[13,47,30,1,0,0,12,0,0,0,0,0,18,0,0,0,0,0,0,0,0,0,0,0,0,0,0,0],[15,48,28,3,0,0,8,0,0,0,0,0,12,0,0,0,0,0,0,0,0,0,0,0,0,0,0,0],[18,41,40,1,0,0,7,0,0,0,0,0,13,0,0,0,0,0,0,0,0,0,0,0,0,0,0,0],[19,21,50,0,0,0,0,0,0,0,0,0,1,0,0,0,0,0,0,0,0,0,0,0,0,0,0,0],[25,22,48,0,0,0,11,0,0,0,0,0,11,0,0,0,0,0,0,0,0,0,0,0,0,0,0,0],[20,30,41,0,0,0,1,0,0,0,0,0,4,0,0,0,0,0,0,0,0,0,0,0,0,0,0,0],[15,21,58,0,0,0,1,0,0,0,0,0,2,0,0,0,0,0,0,0,0,0,0,0,0,0,0,0],[11,28,25,4,0,0,1,0,0,0,0,0,8,0,0,0,0,0,0,0,0,0,0,0,0,0,0,0],[6,20,21,0,0,0,7,0,0,0,0,0,5,0,0,0,0,0,0,0,0,0,0,0,0,0,0,0]],"epoch_accuracies":[[0.07477999179243992,0.0990834891249829,0.1057863298527199,0.11061967078564588,0.1081118052072409,0.10729104919976289,0.1115316219050659,0.10920614655054489,0.11093885367744288,0.11385709725958688,0.11007250011399389,0.1113492316811819,0.11349231681181889,0.11663854817381789,0.11686653595367288,0.11627376772604989,0.12092471843509188,0.11973918197984589,0.12557566914413387,0.12703479093520587,0.12297660845378687,0.12762755916282886,0.12803793716656786,0.13164014408827687,0.13524235100998586,0.13565272901372485,0.13638228990926085,0.13989330171902786,0.14066846017053486,0.13943732615931786],[0.11108071135430916,0.1131326949384405,0.1103967168262654,0.11299589603283174,0.11326949384404925,0.11326949384404925,0.11340629274965801,0.11395348837209303,0.11915184678522572,0.12243502051983585,0.1210670314637483,0.11942544459644323,0.12393980848153215,0.1253077975376197,0.12735978112175103,0.12599179206566347,0.1307797537619699,0.13119015047879617,0.1344733242134063,0.13406292749658003,0.13980848153214775,0.13980848153214775,0.1389876880984952,0.1429548563611491,0.14500683994528044,0.14678522571819425,0.1478796169630643,0.14856361149110808,0.14801641586867306,0.15006839945280437]]}