{"Accuracy":0.11655266757865937,"Precision":0.06398826259869349,"Recall":0.11655266757865937,"F1 Score":0.05875739857506041,"Adjusted Rand Index":0.012874992233309741,"Precision by cluster":[0.056338028169014086,0.0967741935483871,0.09154669619785899,0.0,0.0,0.08830022075055188,0.42775665399239543,0.0,0.10256410256410256,0.0,0.0,0.09523809523809523,0.12213740458015267,0.0,0.0,0.0,0.07352941176470588,0.0,0.0,0.0,0.0,0.0,0.0,0.0,0.0,0.0,0.0,0.07142857142857142],"Recall by cluster":[0.006220839813374806,0.004754358161648178,0.8117839607201309,0.0,0.0,0.09174311926605505,0.556930693069307,0.0,0.02572347266881029,0.0,0.0,0.0842911877394636,0.2,0.0,0.0,0.0,0.028901734104046242,0.0,0.0,0.0,0.0,0.0,0.0,0.0,0.0,0.0,0.0,0.016129032258064516],"F1 score by cluster":[0.011204481792717087,0.00906344410876133,0.16453806601426438,0.0,0.0,0.08998875140607424,0.4838709677419355,0.0,0.04113110539845758,0.0,0.0,0.08943089430894309,0.15165876777251186,0.0,0.0,0.0,0.04149377593360996,0.0,0.0,0.0,0.0,0.0,0.0,0.0,0.0,0.0,0.0,0.02631578947368421],"confusion_matrix":[[4,2,511,0,0,54,21,0,5,0,0,12,25,2,0,0,2,0,0,0,0,0,0,2,0,0,0,3],[7,3,514,0,0,42,16,0,2,0,0,13,26,0,0,0,7,0,0,0,0,0,0,1,0,0,0,0],[2,1,496,0,0,63,8,0,10,0,0,11,13,1,0,0,5,0,0,0,0,0,0,0,0,0,0,1],[4,3,421,0,0,25,7,0,1,0,0,11,14,1,0,0,2,0,0,0,0,0,0,1,0,0,0,0],[3,0,383,0,0,28,5,0,7,0,0,5,9,1,0,0,1,0,0,0,0,0,0,0,0,0,0,2],[4,0,369,0,0,40,0,0,1,0,0,10,8,1,0,0,2,0,0,0,0,0,0,0,0,0,0,1],[6,1,121,0,0,13,225,0,1,0,0,12,21,0,1,0,2,0,0,0,0,0,0,1,0,0,0,0],[3,1,267,0,0,12,2,0,4,0,0,10,9,0,0,0,3,0,0,0,0,0,0,1,0,0,0,0],[3,2,212,0,0,12,18,0,8,0,0,14,34,2,0,0,4,0,0,0,0,0,0,0,0,0,0,2],[3,1,233,0,0,16,3,0,2,0,0,8,13,0,0,0,3,0,0,0,0,0,0,0,0,0,0,0],[2,1,212,0,0,13,23,0,0,0,0,6,14,1,0,0,2,0,0,0,0,0,0,2,0,0,0,0],[6,1,154,0,0,16,26,0,2,0,0,22,32,2,0,0,0,0,0,0,0,0,0,0,0,0,0,0],[5,7,103,0,0,1,45,0,0,0,0,25,48,0,0,0,5,0,0,0,0,0,0,1,0,0,0,0],[3,1,165,0,0,26,26,0,5,0,0,9,7,0,0,0,1,0,0,0,0,0,0,0,0,0,0,2],[3,0,173,0,0,13,6,0,2,0,0,5,9,1,0,0,1,0,0,0,0,0,0,0,0,0,0,2],[1,1,188,0,0,16,2,0,1,0,0,5,8,0,0,0,2,0,0,0,0,0,0,0,0,0,0,0],[3,3,81,0,0,2,34,0,0,0,0,8,37,0,0,0,5,0,0,0,0,0,0,0,0,0,0,0],[0,0,85,0,0,14,9,0,3,0,0,2,4,0,0,0,2,0,0,0,0,0,0,0,0,0,0,0],[2,0,87,0,0,4,11,0,4,0,0,5,10,1,0,0,4,0,0,0,0,0,0,0,0,0,0,0],[1,0,83,0,0,5,11,0,0,0,0,6,11,1,0,0,1,0,0,0,0,0,0,0,0,0,0,0],[1,0,88,0,0,9,7,0,0,0,0,7,9,0,0,0,4,0,0,0,0,0,0,0,0,0,0,0],[0,2,98,0,0,3,5,0,2,0,0,2,14,0,0,0,1,0,0,0,0,0,0,1,0,0,0,0],[0,0,100,0,0,8,0,0,2,0,0,0,4,1,0,0,1,0,0,0,0,0,0,0,0,0,0,0],[1,1,64,0,0,2,7,0,2,0,0,9,4,0,0,0,3,0,0,0,0,0,0,0,0,0,0,0],[0,0,71,0,0,7,1,0,0,0,0,3,3,0,0,0,0,0,0,0,0,0,0,0,0,0,0,0],[1,0,57,0,0,4,0,0,1,0,0,3,0,0,0,0,0,0,0,0,0,0,0,0,0,0,0,0],[2,0,54,0,0,2,2,0,0,0,0,3,4,1,0,0,3,0,0,0,0,0,0,0,0,0,0,0],[1,0,28,0,0,3,6,0,13,0,0,5,3,0,0,0,2,0,0,0,0,0,0,0,0,0,0,1]]}