{"Accuracy":0.06497948016415869,"Precision":0.12012853070510192,"Recall":0.06497948016415869,"F1 Score":0.04605888259538475,"Adjusted Rand Index":0.017128099144099514,"Precision by cluster":[0.09313725490196079,0.09178228388473852,0.18421052631578946,0.08401639344262295,0.0,0.07860262008733625,0.8,0.0,0.05767012687427912,0.07954545454545454,0.04406428201140487,0.16666666666666666,0.30434782608695654,0.0659025787965616,0.125,0.0,0.048153034300791556,0.0,0.0,0.1111111111111111,0.0,0.0,0.0,0.0,0.0,0.0,0.0,0.25],"Recall by cluster":[0.05909797822706065,0.13629160063391443,0.011456628477905073,0.0836734693877551,0.0,0.08256880733944955,0.009900990099009901,0.0,0.1607717041800643,0.07446808510638298,0.3079710144927536,0.0038314176245210726,0.029166666666666667,0.09387755102040816,0.004651162790697674,0.0,0.42196531791907516,0.0,0.0,0.008403361344537815,0.0,0.0,0.0,0.0,0.0,0.0,0.0,0.016129032258064516],"F1 score by cluster":[0.07231208372978117,0.1096938775510204,0.02157164869029276,0.08384458077709611,0.0,0.08053691275167785,0.019559902200488997,0.0,0.08488964346349745,0.07692307692307693,0.07709750566893424,0.00749063670411985,0.053231939163498096,0.07744107744107744,0.008968609865470852,0.0,0.08644168146832445,0.0,0.0,0.015625,0.0,0.0,0.0,0.0,0.0,0.0,0.0,0.030303030303030304],"confusion_matrix":[[38,88,4,54,0,41,0,0,42,21,201,0,2,40,0,0,112,0,0,0,0,0,0,0,0,0,0,0],[39,86,2,45,0,57,0,0,46,28,174,0,2,37,0,0,114,0,0,1,0,0,0,0,0,0,0,0],[37,89,7,44,0,30,0,0,15,16,216,3,2,39,2,0,110,0,0,1,0,0,0,0,0,0,0,0],[35,70,2,41,0,32,0,0,12,16,148,0,2,14,1,0,117,0,0,0,0,0,0,0,0,0,0,0],[23,57,4,46,0,34,0,0,16,10,137,1,0,29,2,0,84,0,0,1,0,0,0,0,0,0,0,0],[32,49,3,45,0,36,0,0,5,16,149,0,0,25,0,0,76,0,0,0,0,0,0,0,0,0,0,0],[13,31,0,5,0,12,4,0,249,0,44,0,0,10,0,0,36,0,0,0,0,0,0,0,0,0,0,0],[30,46,3,26,0,8,0,0,8,25,93,0,1,3,1,0,67,0,0,1,0,0,0,0,0,0,0,0],[11,43,1,25,0,20,0,0,50,11,53,0,1,19,1,0,73,0,0,2,0,0,0,0,0,0,0,1],[18,36,1,19,0,10,0,0,10,21,86,0,0,12,0,0,69,0,0,0,0,0,0,0,0,0,0,0],[13,46,0,10,0,18,0,0,38,8,85,0,0,9,0,0,49,0,0,0,0,0,0,0,0,0,0,0],[8,39,2,10,0,14,0,0,57,9,42,1,2,16,0,0,61,0,0,0,0,0,0,0,0,0,0,0],[8,22,1,2,0,3,0,0,77,10,12,0,7,0,0,0,98,0,0,0,0,0,0,0,0,0,0,0],[11,32,0,9,0,22,0,0,40,2,64,1,1,23,0,0,38,0,0,1,0,0,0,0,0,0,0,1],[14,27,1,20,0,17,0,0,16,7,66,0,0,8,1,0,38,0,0,0,0,0,0,0,0,0,0,0],[12,32,1,22,0,23,0,0,6,10,74,0,0,6,0,0,38,0,0,0,0,0,0,0,0,0,0,0],[2,14,0,0,0,3,0,0,54,12,13,0,0,2,0,0,73,0,0,0,0,0,0,0,0,0,0,0],[11,17,1,2,0,8,0,0,13,2,29,0,0,15,0,0,21,0,0,0,0,0,0,0,0,0,0,0],[8,13,0,13,0,7,0,0,24,6,24,0,0,6,0,0,26,0,0,0,0,0,0,0,0,0,0,1],[7,15,0,6,0,7,0,0,19,2,26,0,0,2,0,0,34,0,0,1,0,0,0,0,0,0,0,0],[4,20,1,7,0,11,0,1,14,6,23,0,0,9,0,0,29,0,0,0,0,0,0,0,0,0,0,0],[6,8,0,6,0,3,0,0,16,4,34,0,0,1,0,0,50,0,0,0,0,0,0,0,0,0,0,0],[11,11,1,13,0,10,0,0,3,4,36,0,0,5,0,0,21,0,0,1,0,0,0,0,0,0,0,0],[3,8,2,5,0,7,1,0,11,3,19,0,1,8,0,0,25,0,0,0,0,0,0,0,0,0,0,0],[7,12,0,4,0,8,0,0,3,5,28,0,0,2,0,0,16,0,0,0,0,0,0,0,0,0,0,0],[2,10,0,5,0,7,0,0,0,2,19,0,0,4,0,0,17,0,0,0,0,0,0,0,0,0,0,0],[5,11,1,1,0,5,0,0,6,6,21,0,0,1,0,0,14,0,0,0,0,0,0,0,0,0,0,0],[0,5,0,3,0,5,0,0,17,2,13,0,2,4,0,0,10,0,0,0,0,0,0,0,0,0,0,1]]}