{"Accuracy":0.15444596443228453,"Precision":0.11962691128375953,"Recall":0.15444596443228453,"F1 Score":0.09781165562642966,"Adjusted Rand Index":0.020417772231450634,"Precision by cluster":[0.10752688172043011,0.12467616580310881,0.3359073359073359,0.1875,0.1125,0.0,0.6016260162601627,0.0,0.2,0.0,0.0,0.0,0.1437335670464505,0.11764705882352941,0.0,0.0,0.0,0.0,0.0,0.0,0.0,0.0,0.0,0.0,0.0,0.0,0.0,0.3076923076923077],"Recall by cluster":[0.34074074074074073,0.6581196581196581,0.2895174708818636,0.018108651911468814,0.020361990950226245,0.0,0.3681592039800995,0.0,0.014035087719298246,0.0,0.0,0.0,0.6165413533834586,0.008403361344537815,0.0,0.0,0.0,0.0,0.0,0.0,0.0,0.0,0.0,0.0,0.0,0.0,0.0,0.06451612903225806],"F1 score by cluster":[0.1634683724235963,0.20963789817587802,0.3109919571045576,0.03302752293577982,0.034482758620689655,0.0,0.4567901234567901,0.0,0.02622950819672131,0.0,0.0,0.0,0.23312011371712865,0.01568627450980392,0.0,0.0,0.0,0.0,0.0,0.0,0.0,0.0,0.0,0.0,0.0,0.0,0.0,0.10666666666666667],"confusion_matrix":[[230,287,50,5,12,0,12,0,2,0,0,0,76,1,0,0,0,0,0,0,0,0,0,0,0,0,0,0],[117,385,3,3,4,0,4,0,2,0,0,0,67,0,0,0,0,0,0,0,0,0,0,0,0,0,0,0],[242,134,174,4,11,0,1,0,1,0,0,0,33,1,0,0,0,0,0,0,0,0,0,0,0,0,0,0],[201,239,9,9,0,0,0,0,0,0,0,0,39,0,0,0,0,0,0,0,0,0,0,0,0,0,0,0],[202,134,58,1,9,0,1,0,2,0,0,0,32,2,0,0,0,0,0,0,0,0,0,0,0,0,0,1],[201,194,14,3,3,0,0,0,0,0,0,0,25,0,0,0,0,0,0,0,0,0,0,0,0,0,0,0],[36,100,7,0,2,0,148,0,1,0,0,0,107,0,0,0,0,0,0,0,0,0,0,0,0,0,0,1],[152,66,61,2,5,0,1,0,0,0,0,0,36,1,0,0,0,0,0,0,0,0,0,0,0,0,0,0],[60,104,26,0,8,0,6,0,4,0,0,0,73,0,0,0,0,0,0,0,0,0,0,0,0,0,0,4],[106,137,20,3,2,0,0,0,0,0,0,0,37,2,0,0,0,0,0,0,0,0,0,0,0,0,0,0],[36,180,0,1,1,0,16,0,0,0,0,0,34,1,0,0,0,0,0,0,0,0,0,0,0,0,0,0],[45,97,1,2,4,0,4,0,0,0,0,0,78,2,0,0,0,0,0,0,0,0,0,0,0,0,0,0],[12,80,0,0,0,0,9,0,1,0,0,0,164,0,0,0,0,0,0,0,0,0,0,0,0,0,0,0],[39,141,5,0,1,0,10,0,0,0,0,0,37,2,0,0,0,0,0,0,0,0,0,0,0,0,0,3],[74,84,30,0,6,0,6,0,1,0,0,0,27,1,0,0,0,0,0,0,0,0,0,0,0,0,0,0],[81,84,14,6,3,0,0,0,0,0,0,0,13,1,0,0,0,0,0,0,0,0,0,0,0,0,0,0],[18,73,0,0,0,0,7,0,0,0,0,0,81,0,0,0,0,0,0,0,0,0,0,0,0,0,0,0],[42,63,4,2,3,0,5,0,1,0,0,0,15,1,0,0,0,0,0,0,0,0,0,0,0,0,0,0],[34,62,13,0,1,0,3,0,1,0,0,0,28,0,0,0,0,0,0,0,0,0,0,0,0,0,0,0],[12,76,0,0,0,0,7,0,0,0,0,0,20,1,0,0,0,0,0,0,0,0,0,0,0,0,0,0],[14,70,1,2,0,0,2,0,0,0,0,0,17,1,0,0,0,0,0,0,0,0,0,0,0,0,0,0],[34,56,0,3,0,0,2,0,0,0,0,0,20,0,0,0,0,0,0,0,0,0,0,0,0,0,0,0],[37,45,12,1,0,0,0,0,0,0,0,0,4,0,0,0,0,0,0,0,0,0,0,0,0,0,0,0],[23,40,0,0,1,0,2,0,0,0,0,0,34,0,0,0,0,0,0,0,0,0,0,0,0,0,0,0],[31,45,0,0,0,0,0,0,1,0,0,0,9,0,0,0,0,0,0,0,0,0,0,0,0,0,0,0],[38,32,13,0,2,0,0,0,0,0,0,0,7,0,0,0,0,0,0,0,0,0,0,0,0,0,0,0],[7,59,0,1,0,0,0,0,0,0,0,0,14,0,0,0,0,0,0,0,0,0,0,0,0,0,0,0],[15,21,3,0,2,0,0,0,3,0,0,0,14,0,0,0,0,0,0,0,0,0,0,0,0,0,0,4]]}