{"Accuracy":0.11751025991792066,"Precision":0.12897331301287734,"Recall":0.11751025991792066,"F1 Score":0.09132493919841128,"Adjusted Rand Index":0.018813324118325214,"Precision by cluster":[0.10406091370558376,0.11225806451612903,0.22641509433962265,0.08333333333333333,0.3333333333333333,0.10869565217391304,0.43378119001919385,0.15384615384615385,0.08683068017366136,0.09836065573770492,0.05404065443728309,0.16666666666666666,0.15348837209302327,0.07421875,0.0,0.0,0.07644882860665844,0.0,0.0,0.0,0.0,0.0,0.0,0.0,0.0,0.0,0.0,0.4166666666666667],"Recall by cluster":[0.06376360808709176,0.2757527733755943,0.13747954173486088,0.053061224489795916,0.0022522522522522522,0.011467889908256881,0.5594059405940595,0.00641025641025641,0.19292604501607716,0.02127659574468085,0.39492753623188404,0.022988505747126436,0.1375,0.07755102040816327,0.0,0.0,0.3583815028901734,0.0,0.0,0.0,0.0,0.0,0.0,0.0,0.0,0.0,0.0,0.08064516129032258],"F1 score by cluster":[0.07907425265188042,0.15955983493810177,0.1710794297352342,0.06483790523690773,0.0044742729306487695,0.02074688796680498,0.48864864864864865,0.012307692307692308,0.11976047904191617,0.03498542274052478,0.09507195813344962,0.04040404040404041,0.14505494505494507,0.07584830339321358,0.0,0.0,0.12601626016260162,0.0,0.0,0.0,0.0,0.0,0.0,0.0,0.0,0.0,0.0,0.13513513513513514],"confusion_matrix":[[41,171,30,39,0,5,23,2,59,6,175,1,10,28,0,0,53,0,0,0,0,0,0,0,0,0,0,0],[23,174,11,15,0,0,16,0,92,4,191,4,9,19,0,0,73,0,0,0,0,0,0,0,0,0,0,0],[64,109,84,55,0,10,6,3,39,5,150,2,10,29,0,0,44,0,0,0,0,0,0,0,0,0,0,1],[24,101,10,26,0,4,4,1,28,5,205,3,12,15,0,0,52,0,0,0,0,0,0,0,0,0,0,0],[36,113,34,23,1,2,5,1,37,7,134,0,2,14,0,0,35,0,0,0,0,0,0,0,0,0,0,0],[26,121,16,26,0,5,0,1,28,6,148,0,5,27,0,0,27,0,0,0,0,0,0,0,0,0,0,0],[5,27,10,2,0,0,226,0,29,1,48,0,16,10,0,0,30,0,0,0,0,0,0,0,0,0,0,0],[32,40,37,32,1,6,2,2,14,4,98,2,4,4,0,0,34,0,0,0,0,0,0,0,0,0,0,0],[10,67,19,6,0,3,17,0,60,1,52,2,11,11,0,0,49,0,0,0,0,0,0,0,0,0,0,3],[24,61,12,16,0,1,3,0,16,6,96,0,4,10,0,0,33,0,0,0,0,0,0,0,0,0,0,0],[4,64,2,2,0,1,20,0,34,1,109,1,10,3,0,0,25,0,0,0,0,0,0,0,0,0,0,0],[7,50,6,5,0,0,25,0,29,4,52,6,31,13,0,0,33,0,0,0,0,0,0,0,0,0,0,0],[1,24,7,3,0,0,45,0,23,0,36,3,33,1,0,0,64,0,0,0,0,0,0,0,0,0,0,0],[9,56,13,3,0,0,28,0,28,0,63,1,5,19,0,0,18,0,0,0,0,0,0,0,0,0,0,2],[14,43,23,15,0,3,9,0,18,2,57,1,1,9,0,0,20,0,0,0,0,0,0,0,0,0,0,0],[25,57,13,12,0,3,3,0,9,1,70,0,1,6,0,0,24,0,0,0,0,0,0,0,0,0,0,0],[0,15,1,4,0,0,29,1,17,0,26,2,15,1,0,0,62,0,0,0,0,0,0,0,0,0,0,0],[4,36,8,3,0,1,10,0,12,0,30,0,1,5,0,0,9,0,0,0,0,0,0,0,0,0,0,0],[8,21,5,3,0,0,12,1,22,0,27,0,7,2,0,0,19,0,0,0,0,0,0,0,0,0,0,1],[3,24,2,1,0,0,12,0,16,1,37,1,6,1,0,0,14,0,1,0,0,0,0,0,0,0,0,0],[3,40,2,2,0,0,5,0,16,1,27,1,7,8,0,0,13,0,0,0,0,0,0,0,0,0,0,0],[8,20,1,2,0,0,6,0,17,2,38,1,6,3,0,0,24,0,0,0,0,0,0,0,0,0,0,0],[5,27,5,7,1,2,0,0,9,1,46,0,0,2,0,0,11,0,0,0,0,0,0,0,0,0,0,0],[5,22,4,1,0,0,7,1,9,0,15,5,5,5,0,0,14,0,0,0,0,0,0,0,0,0,0,0],[3,26,3,4,0,0,1,0,6,0,33,0,1,3,0,0,5,0,0,0,0,0,0,0,0,0,0,0],[4,13,9,3,0,0,0,0,4,1,24,0,0,5,0,0,3,0,0,0,0,0,0,0,0,0,0,0],[2,16,1,2,0,0,1,0,10,2,19,0,2,2,0,0,14,0,0,0,0,0,0,0,0,0,0,0],[4,12,3,0,0,0,6,0,10,0,11,0,1,1,0,0,9,0,0,0,0,0,0,0,0,0,0,5]]}