{"Accuracy":0.11997264021887825,"Precision":0.09028826114110794,"Recall":0.11997264021887825,"F1 Score":0.05622962136317049,"Adjusted Rand Index":0.018147745968768492,"Precision by cluster":[0.08530805687203792,0.2,0.09979123173277661,0.10377358490566038,0.0,0.0,0.3042944785276074,0.5,0.09722222222222222,0.0,0.0,0.05714285714285714,0.08455467869222097,0.0,0.0,0.0,0.03225806451612903,0.0,0.0,0.0,0.0,0.0,0.0,0.0,0.0,0.0,0.0,0.4],"Recall by cluster":[0.026825633383010434,0.008460236886632826,0.7927031509121062,0.06639839034205232,0.0,0.0,0.62,0.009230769230769232,0.02681992337164751,0.0,0.0,0.021739130434782608,0.3177966101694915,0.0,0.0,0.0,0.012658227848101266,0.0,0.0,0.0,0.0,0.0,0.0,0.0,0.0,0.0,0.0,0.03571428571428571],"F1 score by cluster":[0.04081632653061224,0.016233766233766232,0.1772668273688114,0.08098159509202454,0.0,0.0,0.4082304526748971,0.01812688821752266,0.042042042042042045,0.0,0.0,0.031496062992125984,0.13357079252003562,0.0,0.0,0.0,0.01818181818181818,0.0,0.0,0.0,0.0,0.0,0.0,0.0,0.0,0.0,0.0,0.06557377049180328],"confusion_matrix":[[18,2,515,21,0,2,32,1,8,0,0,8,60,1,0,0,3,0,0,0,0,0,0,0,0,0,0,0],[17,5,401,29,0,4,44,0,1,0,0,9,73,0,0,0,8,0,0,0,0,0,0,0,0,0,0,0],[12,0,478,21,0,0,10,0,8,0,0,10,60,0,0,0,4,0,0,0,0,0,0,0,0,0,0,0],[26,0,359,33,0,0,10,1,0,0,0,5,60,0,0,0,3,0,0,0,0,0,0,0,0,0,0,0],[13,1,352,20,0,0,10,0,6,1,0,5,28,0,0,0,1,0,0,0,0,0,0,0,0,0,0,0],[11,2,366,15,0,0,5,0,1,0,0,9,32,0,0,0,3,0,0,0,0,0,0,0,0,0,0,0],[8,0,101,4,0,0,248,0,1,0,0,3,32,0,0,0,3,0,0,0,0,0,0,0,0,0,0,0],[10,0,225,20,0,0,13,3,5,0,0,3,43,0,0,0,3,0,0,0,0,0,0,0,0,0,0,0],[10,1,150,12,0,0,38,0,7,0,0,1,35,0,0,0,5,0,0,0,0,0,0,0,0,0,0,2],[11,0,201,11,0,0,8,0,1,0,0,4,45,0,0,0,2,0,0,0,0,0,0,0,0,0,0,0],[8,2,173,17,0,4,37,0,1,0,0,6,31,0,0,0,3,0,0,0,0,0,0,0,0,0,0,0],[9,1,154,8,0,0,52,0,2,0,0,6,43,0,0,0,1,0,0,0,0,0,0,0,0,0,0,0],[10,1,40,8,0,0,88,0,0,0,0,9,75,0,0,0,5,0,0,0,0,0,0,0,0,0,0,0],[7,1,154,10,0,0,39,0,8,0,0,3,26,0,0,0,1,0,0,0,0,0,0,0,0,0,0,0],[7,2,161,4,0,0,22,1,4,0,0,2,23,0,0,0,0,0,0,0,0,0,0,0,0,0,0,0],[4,0,170,9,0,0,7,0,1,0,0,2,23,0,0,0,2,0,0,0,0,0,0,0,0,0,0,0],[3,1,42,6,0,0,44,0,2,0,0,1,57,0,0,0,2,0,0,0,0,0,0,0,0,0,0,0],[2,1,102,12,0,0,16,0,1,0,0,2,13,0,0,0,1,0,0,0,0,0,0,0,0,0,0,0],[4,1,74,5,0,0,19,0,3,0,0,0,17,0,0,0,2,0,0,0,0,0,0,0,0,0,0,1],[7,0,76,11,0,0,23,0,0,0,0,1,17,0,0,0,1,0,0,0,0,0,0,0,0,0,0,0],[3,0,80,12,0,0,12,0,1,1,0,1,18,0,0,0,1,0,0,0,0,0,0,0,0,0,0,0],[2,1,69,6,0,0,11,0,2,0,0,3,24,0,0,0,4,0,0,0,0,0,0,0,0,0,0,0],[1,0,75,3,0,0,1,0,1,0,0,0,5,0,0,0,0,0,0,0,0,0,0,0,0,0,0,0],[1,0,58,6,0,1,9,0,2,0,0,10,10,0,0,0,1,0,0,0,0,0,0,0,0,0,0,0],[2,2,59,5,0,0,3,0,0,0,0,2,9,0,0,0,0,0,0,0,0,0,0,0,0,0,0,0],[2,0,68,3,0,0,2,0,0,0,0,0,5,0,0,0,0,0,0,0,0,0,0,0,0,0,0,0],[3,1,52,6,0,0,6,0,0,0,0,0,17,0,0,0,3,0,0,0,0,0,0,0,0,0,0,0],[0,0,35,1,0,0,6,0,6,0,0,0,6,0,0,0,0,0,0,0,0,0,0,0,0,0,0,2]]}