{"Accuracy":0.07756497948016416,"Precision":0.08400013491764993,"Recall":0.07756497948016416,"F1 Score":0.05480022052528353,"Adjusted Rand Index":0.016182647744977668,"Precision by cluster":[0.09505703422053231,0.08288770053475936,0.10036057692307693,0.06572769953051644,0.16666666666666666,0.08105022831050228,0.45,0.0,0.05817174515235457,0.057803468208092484,0.03926701570680628,0.06382978723404255,0.125,0.05583756345177665,0.0,0.0,0.060016906170752324,0.0,0.0,0.0,0.0,0.0,0.0,0.0,0.0,0.0,0.0,0.0],"Recall by cluster":[0.038880248833592534,0.1473851030110935,0.2733224222585925,0.02857142857142857,0.0022522522522522522,0.1628440366972477,0.06683168316831684,0.0,0.13504823151125403,0.03546099290780142,0.10869565217391304,0.011494252873563218,0.008333333333333333,0.044897959183673466,0.0,0.0,0.41040462427745666,0.0,0.0,0.0,0.0,0.0,0.0,0.0,0.0,0.0,0.0,0.0],"F1 score by cluster":[0.05518763796909492,0.10610382201939532,0.1468131868131868,0.03982930298719772,0.0044444444444444444,0.10823170731707317,0.11637931034482758,0.0,0.08131655372700872,0.04395604395604396,0.057692307692307696,0.01948051948051948,0.015625,0.049773755656108594,0.0,0.0,0.10471976401179942,0.0,0.0,0.0,0.0,0.0,0.0,0.0,0.0,0.0,0.0,0.0],"confusion_matrix":[[25,106,170,25,0,79,1,0,37,17,78,7,1,26,0,0,71,0,0,0,0,0,0,0,0,0,0,0],[15,93,164,17,0,96,2,1,27,20,62,7,3,19,0,0,105,0,0,0,0,0,0,0,0,0,0,0],[29,119,167,15,1,92,0,0,11,10,89,3,1,13,0,0,61,0,0,0,0,0,0,0,0,0,0,0],[26,83,139,14,0,54,0,1,12,12,72,0,1,10,0,0,66,0,0,0,0,0,0,0,0,0,0,0],[20,74,112,20,1,64,1,1,11,10,49,2,1,19,0,0,59,0,0,0,0,0,0,0,0,0,0,0],[17,67,120,17,0,71,1,0,4,12,61,2,0,16,0,0,48,0,0,0,0,0,0,0,0,0,0,0],[5,28,21,4,0,22,27,0,217,4,26,2,0,9,0,0,39,0,0,0,0,0,0,0,0,0,0,0],[26,61,81,13,1,22,1,0,4,12,38,0,1,0,0,0,52,0,0,0,0,0,0,0,0,0,0,0],[4,44,75,6,0,34,3,0,42,5,13,4,1,11,0,0,69,0,0,0,0,0,0,0,0,0,0,0],[12,62,68,10,0,30,0,0,7,10,26,0,0,11,0,0,46,0,0,0,0,0,0,0,0,0,0,0],[14,42,50,7,1,44,1,0,30,5,30,1,0,2,0,0,49,0,0,0,0,0,0,0,0,0,0,0],[9,32,41,5,0,25,2,0,45,2,25,3,1,8,0,0,63,0,0,0,0,0,0,0,0,0,0,0],[4,29,24,1,0,6,6,0,65,1,10,0,2,0,0,0,92,0,0,0,0,0,0,0,0,0,0,0],[8,38,43,7,1,33,6,1,35,5,29,6,1,11,0,0,21,0,0,0,0,0,0,0,0,0,0,0],[6,27,62,7,0,37,0,0,11,6,26,1,0,2,0,0,30,0,0,0,0,0,0,0,0,0,0,0],[7,40,65,8,0,38,0,0,4,5,19,1,1,5,0,0,31,0,0,0,0,0,0,0,0,0,0,0],[2,12,12,5,1,7,2,0,48,4,7,1,0,1,0,0,71,0,0,0,0,0,0,0,0,0,0,0],[4,25,30,1,0,13,2,0,11,1,9,0,0,10,0,0,13,0,0,0,0,0,0,0,0,0,0,0],[4,16,26,6,0,16,1,0,23,5,6,0,0,2,0,0,23,0,0,0,0,0,0,0,0,0,0,0],[3,31,17,4,0,10,0,0,23,6,4,1,0,0,0,0,20,0,0,0,0,0,0,0,0,0,0,0],[3,11,25,5,0,15,1,0,7,6,12,2,0,8,0,0,30,0,0,0,0,0,0,0,0,0,0,0],[5,24,26,0,0,8,2,0,11,4,15,0,0,1,0,0,32,0,0,0,0,0,0,0,0,0,0,0],[5,12,37,2,0,17,0,0,1,5,18,0,0,2,0,0,17,0,0,0,0,0,0,0,0,0,0,0],[3,7,22,4,0,12,1,0,9,0,6,0,2,4,0,0,23,0,0,0,0,0,0,0,0,0,0,0],[2,17,28,3,0,8,0,0,2,2,11,0,0,0,0,0,12,0,0,0,0,0,0,0,0,0,0,0],[3,9,16,4,0,10,0,0,0,1,10,1,0,3,0,0,9,0,0,0,0,0,0,0,0,0,0,0],[1,8,11,2,0,8,0,0,4,3,10,1,0,1,0,0,22,0,0,0,0,0,0,0,0,0,0,0],[1,5,12,1,0,5,0,0,21,0,3,2,0,3,0,0,9,0,0,0,0,0,0,0,0,0,0,0]]}