{"Accuracy":0.15250991656408153,"Precision":0.11457327007579148,"Recall":0.15250991656408153,"F1 Score":0.11545691633732968,"Adjusted Rand Index":0.03461978568197839,"Precision by cluster":[0.0967741935483871,0.14808510638297873,0.1774193548387097,0.101159114857745,0.03389830508474576,0.12452830188679245,0.4380165289256198,0.11467889908256881,0.12195121951219512,0.07692307692307693,0.10159651669085631,0.18333333333333332,0.2,0.07471264367816093,0.0,0.0,0.08377896613190731,0.0,0.0,0.0,0.0,0.0,0.0,0.3333333333333333,0.0,0.0,0.0,0.2413793103448276],"Recall by cluster":[0.0549618320610687,0.2824675324675325,0.5,0.20041753653444677,0.004415011037527594,0.07415730337078652,0.5668449197860963,0.0728862973760933,0.08503401360544217,0.023972602739726026,0.26119402985074625,0.04330708661417323,0.28112449799196787,0.05058365758754864,0.0,0.0,0.26857142857142857,0.0,0.0,0.0,0.0,0.0,0.0,0.010638297872340425,0.0,0.0,0.0,0.14],"F1 score by cluster":[0.07010710808179163,0.19430485762144054,0.2619047619047619,0.13445378151260504,0.0078125,0.09295774647887324,0.49417249417249415,0.08912655971479501,0.10020040080160321,0.03655352480417755,0.14629049111807732,0.07006369426751592,0.2337228714524207,0.060324825986078884,0.0,0.0,0.12771739130434784,0.0,0.0,0.0,0.0,0.0,0.0,0.020618556701030927,0.0,0.0,0.0,0.17721518987341772],"confusion_matrix":[[36,111,165,101,8,30,19,19,14,8,66,4,15,25,3,0,30,0,0,0,0,0,0,0,0,0,0,1],[26,174,47,82,2,19,15,9,30,10,83,3,26,21,0,0,68,0,0,0,0,0,0,0,0,0,0,1],[17,52,286,75,8,23,7,28,8,1,28,3,5,4,0,0,23,0,0,0,0,0,0,0,0,0,0,4],[28,78,117,96,1,19,1,15,4,11,59,5,8,10,1,0,26,0,0,0,0,0,0,0,0,0,0,0],[28,64,130,78,2,24,4,12,12,5,36,1,8,18,2,0,25,0,0,0,0,0,0,0,0,0,0,4],[25,68,114,85,5,33,3,18,11,6,39,1,6,9,1,0,20,0,0,1,0,0,0,0,0,0,0,0],[7,37,15,13,0,2,212,3,6,2,24,3,25,6,0,0,19,0,0,0,0,0,0,0,0,0,0,0],[19,19,175,31,4,16,1,25,2,2,16,0,12,3,1,0,17,0,0,0,0,0,0,0,0,0,0,0],[13,55,48,16,1,4,19,11,25,3,26,1,19,3,0,0,45,0,1,0,0,0,0,0,0,0,0,4],[22,36,64,44,4,14,4,14,7,7,20,2,14,11,0,0,29,0,0,0,0,0,0,0,0,0,0,0],[13,55,13,31,2,5,23,2,5,3,70,4,13,7,1,0,19,0,0,0,0,0,0,2,0,0,0,0],[14,43,35,24,1,4,29,4,10,0,12,11,37,6,0,0,24,0,0,0,0,0,0,0,0,0,0,0],[5,27,8,9,5,5,47,6,8,4,13,2,70,0,0,0,40,0,0,0,0,0,0,0,0,0,0,0],[20,53,30,27,1,4,17,4,17,4,35,4,13,13,0,0,9,0,0,0,0,0,0,0,0,0,0,6],[11,36,70,28,2,7,14,9,5,1,20,3,6,7,0,0,14,0,0,0,0,0,0,0,0,0,0,1],[14,28,70,35,3,11,2,8,6,6,20,0,3,4,0,0,12,0,0,0,0,1,0,0,0,0,0,0],[12,27,13,7,1,0,19,8,13,1,11,0,15,0,0,0,47,0,1,0,0,0,0,0,0,0,0,0],[10,35,26,15,2,4,12,3,2,0,14,2,7,6,0,0,6,0,0,0,0,0,0,0,0,0,0,1],[5,20,25,13,1,6,3,5,6,1,8,0,12,4,0,0,14,0,0,0,0,0,0,0,0,0,0,0],[4,31,4,13,0,2,10,0,3,4,17,0,12,2,0,0,13,0,0,0,0,0,0,0,0,0,0,0],[3,28,9,17,0,2,7,4,5,2,9,2,6,3,0,0,13,0,0,0,0,0,0,0,0,0,0,0],[8,16,25,10,1,5,2,1,3,2,16,2,5,2,0,0,14,0,0,0,0,0,0,0,0,0,0,0],[6,11,39,21,1,7,1,4,0,0,9,2,2,1,0,0,5,0,0,0,0,0,0,0,0,0,0,0],[6,14,19,20,1,4,7,0,2,1,2,3,6,3,0,0,5,0,0,0,0,0,0,1,0,0,0,0],[6,14,13,22,1,3,0,0,0,1,8,1,0,2,0,0,8,0,0,0,0,0,0,0,0,0,0,0],[4,18,34,20,2,9,1,3,0,1,8,0,1,1,1,0,1,0,0,0,0,0,0,0,0,0,0,0],[6,17,9,10,0,2,2,3,1,3,16,1,2,2,0,0,13,0,0,0,0,0,0,0,0,0,0,0],[4,8,9,6,0,1,3,0,0,2,4,0,2,1,0,0,2,0,0,1,0,0,0,0,0,0,0,7]],"epoch_accuracies":{"train":[0.10587752496466189,0.11882723086042588,0.12297660845378687,0.12480051069262688,0.12977064429346588,0.13551593634581185,0.13797820436824587,0.14135242351009986,0.14144361862204186,0.14518261821166387,0.14604897177511286,0.14582098399525786,0.14645934977885186,0.14399708175641784,0.14550180110346086,0.14887602024531485,0.14810086179380785,0.14860243490948885,0.14796406912589485,0.14869363002143085,0.14969677625279285,0.15339017828644386,0.15152067849163284,0.15111030048789384,0.15147508093566184,0.15375495873421186,0.15653640964844284,0.15717477543203684,0.15694678765218184,0.16045779946194885,0.15731156809994984,0.16018421412612285,0.16036660435000685,0.16105056768957185,0.16196251880899185,0.16474396972322283,0.16328484793215084,0.16483516483516483,0.16214490903287584,0.16333044548812184,0.16483516483516483,0.16633988418220783,0.16725183530162782,0.16606629884638183,0.16743422552551182,0.16606629884638183,0.16716064018968582,0.16807259130910585,0.17039806666362683,0.16802699375313485,0.16916693265240984,0.17176599334275683,0.17048926177556883,0.1755505904883498,0.17185718845469883,0.1751402124846108,0.17099083489124983,0.17422826136519082,0.17308832246591582,0.17678172449956683,0.17317951757785782,0.17327071268979982,0.17956317541379782,0.17628015138388584,0.1755505904883498,0.17632574893985684,0.18074871186904382,0.17650813916374083,0.17773927317495783,0.1813870776526378,0.1813414800966668,0.17773927317495783,0.18011034608544982,0.17983676074962382,0.1824358214399708,0.1829373945556518,0.18011034608544982,0.18526286991017282,0.18467010168254983,0.1823446263280288],"val":[0.10848153214774282,0.11928864569083447,0.11545827633378933,0.12038303693570451,0.1213406292749658,0.1250341997264022,0.1228454172366621,0.1265389876880985,0.12421340629274966,0.1265389876880985,0.13406292749658003,0.12339261285909713,0.1295485636114911,0.13132694938440492,0.13214774281805747,0.13160054719562245,0.13679890560875513,0.12435020519835842,0.11983584131326949,0.12476060191518468,0.12558139534883722,0.12079343365253079,0.12051983584131327,0.12229822161422708,0.12243502051983585,0.12175102599179206,0.12051983584131327,0.12243502051983585,0.12175102599179206,0.10848153214774282,0.11928864569083447,0.11600547195622435,0.11983584131326949,0.11477428180574556,0.12147742818057455,0.11422708618331054,0.1210670314637483,0.12216142270861834,0.12216142270861834,0.11149110807113544,0.12859097127222982,0.1210670314637483,0.14049247606019152,0.1280437756497948,0.1213406292749658,0.13242134062927496,0.12763337893296853,0.13378932968536253,0.13419972640218877,0.1456908344733242,0.13803009575923392,0.1409028727770178,0.13761969904240767,0.14008207934336525,0.14651162790697675,0.14514363885088918,0.13502051983584132,0.13926128590971273,0.15512995896032833,0.1436388508891929,0.14733242134062927,0.14103967168262654,0.14993160054719562,0.14459644322845416,0.146374829001368,0.15198358413132695,0.14678522571819425,0.15512995896032833,0.14555403556771546,0.15636114911080712,0.15006839945280437,0.14610123119015048,0.1409028727770178,0.14993160054719562,0.14897400820793433,0.1533515731874145,0.15280437756497947,0.1548563611491108,0.15143638850889193,0.15294117647058825]}}