{"Accuracy":0.10915059499384488,"Precision":0.04278696135769227,"Recall":0.10915059499384488,"F1 Score":0.05229073083705282,"Adjusted Rand Index":0.013918559870846905,"Precision by cluster":[0.08958958958958958,0.0,0.08521560574948665,0.0,0.0,0.0,0.29961587708066584,0.0,0.07171314741035857,0.0,0.0,0.04697986577181208,0.12871287128712872,0.125,0.0,0.0,0.0,0.0,0.0,0.0,0.0,0.0,0.0,0.0,0.0,0.0,0.0,0.0],"Recall by cluster":[0.29248366013071897,0.0,0.5608108108108109,0.0,0.0,0.0,0.639344262295082,0.0,0.061016949152542375,0.0,0.0,0.026022304832713755,0.10038610038610038,0.008130081300813009,0.0,0.0,0.0,0.0,0.0,0.0,0.0,0.0,0.0,0.0,0.0,0.0,0.0,0.0],"F1 score by cluster":[0.1371647509578544,0.0,0.14795008912655971,0.0,0.0,0.0,0.4080209241499564,0.0,0.06593406593406594,0.0,0.0,0.03349282296650718,0.11279826464208242,0.015267175572519083,0.0,0.0,0.0,0.0,0.0,0.0,0.0,0.0,0.0,0.0,0.0,0.0,0.0,0.0],"confusion_matrix":[[179,0,349,0,0,0,38,0,23,0,0,9,14,0,0,0,0,0,0,0,0,0,0,0,0,0,0,0],[154,0,384,0,0,0,27,0,16,0,0,11,15,0,0,0,0,0,0,0,0,0,0,0,0,0,0,0],[193,0,332,0,0,0,13,0,27,0,0,10,13,1,0,0,0,0,0,0,0,0,0,0,0,0,0,3],[141,0,311,0,0,0,9,0,21,0,0,8,10,1,0,0,0,0,0,0,0,0,0,0,0,0,0,2],[124,0,292,0,0,0,11,0,13,0,0,3,10,1,0,0,0,0,0,0,0,0,0,0,0,0,0,1],[133,0,278,0,0,0,5,0,17,0,0,2,1,0,0,0,0,0,0,0,0,0,0,0,0,0,0,0],[42,0,71,0,0,0,234,0,6,0,0,7,6,0,0,0,0,0,0,0,0,0,0,0,0,0,0,0],[87,0,192,0,0,0,12,0,10,0,0,4,9,0,0,0,0,0,0,0,0,0,0,0,0,0,0,2],[82,0,139,0,0,0,34,0,18,0,0,5,17,0,0,0,0,0,0,0,0,0,0,0,0,0,0,0],[96,0,161,0,0,0,7,0,7,0,0,5,10,1,0,0,0,0,0,0,0,0,0,0,0,0,0,1],[76,0,139,0,0,0,37,0,3,0,0,7,1,0,0,0,0,0,0,0,0,0,0,0,0,0,0,0],[74,0,108,0,0,0,59,0,9,0,0,7,9,3,0,0,0,0,0,0,0,0,0,0,0,0,0,0],[67,0,51,1,0,0,93,0,2,0,0,17,26,2,0,0,0,0,0,0,0,0,0,0,0,0,0,0],[51,0,121,1,0,0,43,0,14,0,0,6,7,2,0,0,0,0,0,0,0,0,0,0,0,0,0,1],[63,0,123,0,0,0,22,0,10,0,0,5,5,2,0,0,0,0,0,0,0,0,0,0,0,0,0,2],[65,0,119,0,0,0,5,0,6,0,0,3,5,0,0,0,0,0,0,0,0,0,0,0,0,0,0,0],[59,0,60,0,0,0,50,0,5,0,0,10,13,1,0,0,0,0,0,0,0,0,0,0,0,0,0,0],[43,0,91,0,0,0,16,0,4,0,0,4,3,0,0,0,0,0,0,0,0,0,0,0,0,0,0,2],[36,0,68,0,0,0,14,0,6,0,0,3,4,0,0,0,1,0,0,0,0,0,0,0,0,0,0,0],[30,0,59,0,0,0,13,0,3,0,0,8,1,0,0,0,0,0,0,0,0,0,0,0,0,0,0,0],[18,0,83,0,0,0,9,0,1,0,0,2,3,1,0,0,0,0,0,0,0,0,0,0,0,0,0,0],[27,0,49,0,0,0,8,0,5,0,0,1,7,0,0,0,0,0,0,0,0,0,0,0,0,0,0,1],[31,0,67,0,0,0,1,0,3,0,0,0,0,0,0,0,0,0,0,0,0,0,0,0,0,0,0,0],[31,0,45,0,0,0,9,0,3,0,0,5,4,0,0,0,0,0,0,0,0,0,0,0,0,0,0,0],[26,0,65,0,0,0,3,0,2,0,0,1,2,0,0,0,0,0,0,0,0,0,0,0,0,0,0,0],[26,0,61,0,0,0,5,0,1,0,0,0,2,0,0,0,0,0,0,0,0,0,0,0,0,0,0,0],[33,0,42,0,0,0,4,0,0,0,0,6,3,1,0,0,0,0,0,0,0,0,0,0,0,0,0,0],[11,0,36,0,0,0,0,0,16,0,0,0,2,0,0,0,0,0,0,0,0,0,0,0,0,0,0,0]],"epoch_accuracies":{"train":[0.1018649400392139,0.1086589758788929,0.11048287811773289,0.11527062149468789,0.11326432903196389,0.11545301171857189,0.11531621905065889,0.11723131640144088,0.11609137750216589,0.11604577994619489,0.11887282841639688,0.11873603574848388,0.12252063289407687,0.12233824267019287,0.12024075509552688,0.12315899867767088,0.12443573024485888,0.12548447403219187,0.12790114449865486,0.12776435183074186,0.13173133920021887,0.13045460763303088,0.13350964388308786,0.13423920477862386,0.13688386302494188,0.13259769276366787,0.13870776526378187,0.13756782636450687,0.13469518033833386,0.13893575304363687],"val":[0.08673050615595075,0.09110807113543092,0.09343365253077976,0.09151846785225719,0.09794801641586867,0.10451436388508892,0.10984952120383037,0.10629274965800274,0.11025991792065663,0.11108071135430916,0.11792065663474692,0.11696306429548564,0.11641586867305062,0.12202462380300957,0.11682626538987688,0.11778385772913817,0.12421340629274966,0.12311901504787962,0.12421340629274966,0.12476060191518468,0.12325581395348838,0.12571819425444597,0.12489740082079344,0.12243502051983585,0.1210670314637483,0.11764705882352941,0.11573187414500684,0.11285909712722299,0.11819425444596443,0.11559507523939809]}}