{"Accuracy":0.12093023255813953,"Precision":0.07498621765586824,"Recall":0.12093023255813953,"F1 Score":0.054421865616179094,"Adjusted Rand Index":0.013791826746553163,"Precision by cluster":[0.13333333333333333,0.2,0.09413417632595715,0.0,0.0,0.0,0.4375,0.0,0.07096774193548387,0.0,0.0,0.11494252873563218,0.11772486772486772,0.0,0.0,0.0,0.125,0.0,0.0,0.0,0.0,0.0,0.0,0.0,0.0,0.0,0.0,0.0],"Recall by cluster":[0.00933125972006221,0.001584786053882726,0.8772504091653028,0.0,0.0,0.0,0.5544554455445545,0.0,0.03536977491961415,0.0,0.0,0.038314176245210725,0.37083333333333335,0.0,0.0,0.0,0.04046242774566474,0.0,0.0,0.0,0.0,0.0,0.0,0.0,0.0,0.0,0.0,0.0],"F1 score by cluster":[0.01744186046511628,0.0031446540880503146,0.17002379064234735,0.0,0.0,0.0,0.4890829694323144,0.0,0.04721030042918455,0.0,0.0,0.05747126436781609,0.178714859437751,0.0,0.0,0.0,0.0611353711790393,0.0,0.0,0.0,0.0,0.0,0.0,0.0,0.0,0.0,0.0,0.0],"confusion_matrix":[[6,0,545,0,0,0,21,0,20,0,0,4,45,0,0,0,2,0,0,0,0,0,0,0,0,0,0,0],[1,1,535,0,0,0,14,0,4,0,0,7,63,0,0,0,6,0,0,0,0,0,0,0,0,0,0,0],[2,0,536,0,0,0,6,0,25,0,0,3,36,0,0,0,3,0,0,0,0,0,0,0,0,0,0,0],[3,1,435,0,0,0,4,0,9,0,0,4,32,0,0,0,2,0,0,0,0,0,0,0,0,0,0,0],[5,0,398,0,0,0,6,0,12,0,0,3,17,0,0,0,3,0,0,0,0,0,0,0,0,0,0,0],[1,0,405,0,0,0,0,0,3,0,0,4,19,0,0,0,4,0,0,0,0,0,0,0,0,0,0,0],[1,0,132,0,0,0,224,0,2,0,0,3,40,0,0,0,2,0,0,0,0,0,0,0,0,0,0,0],[2,0,276,0,0,0,2,0,4,0,0,2,24,0,0,0,2,0,0,0,0,0,0,0,0,0,0,0],[1,0,220,0,0,0,16,0,11,0,0,4,57,0,0,0,2,0,0,0,0,0,0,0,0,0,0,0],[1,0,246,0,0,0,3,0,3,0,0,5,21,0,0,0,3,0,0,0,0,0,0,0,0,0,0,0],[3,0,221,0,0,0,19,0,1,0,0,2,30,0,0,0,0,0,0,0,0,0,0,0,0,0,0,0],[2,0,163,0,0,0,27,0,5,0,0,10,52,0,0,0,2,0,0,0,0,0,0,0,0,0,0,0],[5,1,91,0,0,0,43,0,1,0,0,8,89,0,0,0,2,0,0,0,0,0,0,0,0,0,0,0],[0,0,190,0,0,0,27,0,9,0,0,5,14,0,0,0,0,0,0,0,0,0,0,0,0,0,0,0],[1,0,182,0,0,0,6,0,8,0,0,0,15,0,0,0,3,0,0,0,0,0,0,0,0,0,0,0],[1,0,201,0,0,0,2,0,1,0,0,2,17,0,0,0,0,0,0,0,0,0,0,0,0,0,0,0],[4,1,70,0,0,0,34,0,0,0,0,3,54,0,0,0,7,0,0,0,0,0,0,0,0,0,0,0],[1,0,97,0,0,0,10,0,3,0,0,2,6,0,0,0,0,0,0,0,0,0,0,0,0,0,0,0],[0,0,88,0,0,0,12,0,6,0,0,1,19,0,0,0,2,0,0,0,0,0,0,0,0,0,0,0],[0,1,85,0,0,0,11,0,1,0,0,2,17,0,0,0,2,0,0,0,0,0,0,0,0,0,0,0],[1,0,96,0,0,0,5,0,0,0,0,3,17,0,0,0,3,0,0,0,0,0,0,0,0,0,0,0],[0,0,95,0,0,0,4,0,2,0,0,4,23,0,0,0,0,0,0,0,0,0,0,0,0,0,0,0],[0,0,105,0,0,0,0,0,5,0,0,0,4,0,0,0,2,0,0,0,0,0,0,0,0,0,0,0],[2,0,65,0,0,0,8,0,1,0,0,1,15,0,0,0,1,0,0,0,0,0,0,0,0,0,0,0],[0,0,77,0,0,0,2,0,2,0,0,1,3,0,0,0,0,0,0,0,0,0,0,0,0,0,0,0],[0,0,61,0,0,0,0,0,1,0,0,1,3,0,0,0,0,0,0,0,0,0,0,0,0,0,0,0],[2,0,48,0,0,0,1,0,3,0,0,0,14,0,0,0,3,0,0,0,0,0,0,0,0,0,0,0],[0,0,31,0,0,0,5,0,13,0,0,3,10,0,0,0,0,0,0,0,0,0,0,0,0,0,0,0]]}