{"Accuracy":0.09191629052113254,"Precision":0.09425480870978216,"Recall":0.09191629052113254,"F1 Score":0.069239387873569,"Adjusted Rand Index":0.012923138193341297,"Precision by cluster":[0.09852216748768473,0.10027855153203342,0.16326530612244897,0.08792184724689166,0.07017543859649122,0.05309734513274336,0.3333333333333333,0.0,0.10727969348659004,0.043478260869565216,0.05402160864345738,0.08411214953271028,0.14814814814814814,0.048318042813455656,0.125,0.03225806451612903,0.05975395430579965,0.031578947368421054,0.05714285714285714,0.01646090534979424,0.0625,0.0,0.0,0.0,0.0,0.0,0.0,0.5],"Recall by cluster":[0.032,0.1695447409733124,0.01415929203539823,0.2032854209445585,0.008492569002123142,0.013363028953229399,0.49406175771971494,0.0,0.08888888888888889,0.006896551724137931,0.16853932584269662,0.035856573705179286,0.015384615384615385,0.3185483870967742,0.016666666666666666,0.004784688995215311,0.18085106382978725,0.02564102564102564,0.029850746268656716,0.038461538461538464,0.00980392156862745,0.0,0.0,0.0,0.0,0.0,0.0,0.015873015873015872],"F1 score by cluster":[0.04830917874396135,0.12602100350058343,0.026058631921824105,0.12275263484190949,0.015151515151515152,0.021352313167259787,0.3980861244019139,0.0,0.09722222222222222,0.011904761904761904,0.08181818181818182,0.05027932960893855,0.027874564459930314,0.08390865639936272,0.029411764705882353,0.008333333333333333,0.08982826948480846,0.02830188679245283,0.0392156862745098,0.023054755043227664,0.01694915254237288,0.0,0.0,0.0,0.0,0.0,0.0,0.03076923076923077],"confusion_matrix":[[20,100,6,113,4,14,22,0,13,4,76,7,2,146,2,3,45,10,7,18,2,2,2,7,0,0,0,0],[21,108,3,98,4,7,33,0,15,3,94,13,2,127,2,0,52,20,4,23,1,1,0,6,0,0,0,0],[25,64,8,115,11,18,14,0,14,4,64,6,1,142,4,4,36,5,8,7,3,2,1,9,0,0,0,0],[5,83,2,99,3,9,19,0,9,6,65,2,1,105,0,3,32,12,7,20,1,0,0,4,0,0,0,0],[17,68,4,102,4,11,9,0,17,1,52,5,0,122,3,2,34,2,3,9,0,1,0,5,0,0,0,0],[11,73,0,90,8,6,5,0,5,4,70,3,0,114,4,6,22,7,3,18,0,0,0,0,0,0,0,0],[6,39,0,15,1,1,208,0,21,0,18,5,3,49,1,0,29,2,3,17,1,0,0,2,0,0,0,0],[9,41,8,77,1,7,11,0,13,0,35,7,0,58,2,3,17,4,2,9,0,0,0,11,0,0,0,0],[14,59,1,35,1,5,27,0,28,0,26,5,0,57,1,1,19,5,6,19,2,0,0,3,0,0,0,1],[8,44,0,45,0,8,11,0,4,2,42,5,0,72,0,2,32,5,3,4,0,1,0,2,0,0,0,0],[6,48,2,23,1,4,26,0,5,1,45,4,1,52,1,1,22,2,4,15,1,1,0,2,0,0,0,0],[4,38,2,28,2,1,27,0,14,0,23,9,2,65,1,1,19,1,3,9,0,0,0,2,0,0,0,0],[2,37,3,11,2,0,55,0,15,3,14,8,4,40,0,0,51,2,6,5,0,1,0,1,0,0,0,0],[7,29,0,28,1,1,27,0,13,1,28,3,3,79,0,0,12,2,2,10,0,1,0,1,0,0,0,0],[7,35,4,36,2,7,19,0,11,3,30,2,0,54,4,1,14,2,0,6,1,1,0,1,0,0,0,0],[5,27,0,38,1,4,10,0,2,6,28,2,1,53,2,1,17,2,1,5,0,2,0,2,0,0,0,0],[3,23,0,17,0,0,31,0,13,1,7,6,1,29,0,2,34,1,1,13,0,2,0,4,0,0,0,0],[4,19,0,13,1,1,10,0,4,2,12,0,0,39,0,0,4,3,1,2,0,1,0,1,0,0,0,0],[5,16,3,16,3,1,12,0,7,1,12,2,2,37,1,0,5,2,4,5,0,0,0,0,0,0,0,0],[0,21,0,15,2,0,13,0,4,0,9,4,0,17,0,0,13,0,0,4,0,0,0,2,0,0,0,0],[1,18,0,15,1,1,9,0,4,0,14,1,1,19,1,0,8,1,1,4,1,1,0,1,0,0,0,0],[3,16,1,21,0,1,5,0,7,1,12,1,2,19,0,0,11,0,0,4,0,0,0,0,0,0,0,0],[3,17,0,21,0,2,0,0,0,1,11,0,0,33,1,0,6,0,1,3,1,2,0,0,0,0,0,0],[4,9,1,7,1,1,10,0,5,0,8,0,0,25,0,0,8,0,0,3,0,0,0,0,0,0,0,0],[6,14,0,13,1,0,2,0,4,1,8,4,0,25,0,0,4,0,0,4,0,1,0,1,0,0,0,0],[5,13,0,19,1,2,3,0,2,0,15,1,0,27,1,0,6,3,0,4,1,1,0,2,0,0,0,0],[1,10,0,10,0,1,4,0,3,1,11,1,0,12,0,1,12,1,0,2,0,0,1,0,0,0,0,0],[1,8,1,6,1,0,2,0,9,0,4,1,1,18,1,0,5,1,0,1,1,0,0,1,0,0,0,1]],"epoch_accuracies":[[0.10227998176014592,0.11108071135430916,0.12321021431828545,0.13643410852713178,0.14126766985864114,0.14947560419516645,0.15202918376652988,0.15754673962608298,0.1679890560875513,0.17792977656178752,0.1925672594619243,0.20506155950752394,0.23515731874145007,0.272047423620611,0.3387140902872777],[0.09082204896730954,0.10354260703050198,0.11489536315141567,0.11804130761865682,0.1153057037340993,0.11749418684174531,0.1187252085897962,0.12200793325126522,0.1187252085897962,0.11626316509369443,0.11366434140336479,0.10477362877855287,0.0999863219805772,0.09930242100943783,0.09191629052113254]]}