{"Accuracy":0.11915184678522572,"Precision":0.08855576563449685,"Recall":0.11915184678522572,"F1 Score":0.0725472953628678,"Adjusted Rand Index":0.012885122910061397,"Precision by cluster":[0.11297709923664122,0.1,0.09523809523809523,0.10606060606060606,0.0,0.10476190476190476,0.5171428571428571,0.0,0.15492957746478872,0.0,0.0,0.13043478260869565,0.16129032258064516,0.045454545454545456,0.0,0.0,0.08533916849015317,0.0,0.0,0.0,0.0,0.0,0.0,0.0,0.0,0.0,0.0,0.0],"Recall by cluster":[0.1150855365474339,0.00792393026941363,0.6808510638297872,0.014285714285714285,0.0,0.12614678899082568,0.44801980198019803,0.0,0.03536977491961415,0.0,0.0,0.011494252873563218,0.16666666666666666,0.004081632653061225,0.0,0.0,0.4508670520231214,0.0,0.0,0.0,0.0,0.0,0.0,0.0,0.0,0.0,0.0,0.0],"F1 score by cluster":[0.1140215716486903,0.014684287812041116,0.1671018276762402,0.025179856115107913,0.0,0.11446409989594172,0.48010610079575594,0.0,0.05759162303664921,0.0,0.0,0.02112676056338028,0.16393442622950818,0.00749063670411985,0.0,0.0,0.14351425942962281,0.0,0.0,0.0,0.0,0.0,0.0,0.0,0.0,0.0,0.0,0.0],"confusion_matrix":[[74,3,416,6,1,52,11,0,3,0,1,1,16,2,0,0,57,0,0,0,0,0,0,0,0,0,0,0],[81,5,403,7,0,38,9,0,1,0,0,2,13,1,0,0,71,0,0,0,0,0,0,0,0,0,0,0],[62,4,416,6,0,56,1,0,9,0,0,1,7,1,0,0,48,0,0,0,0,0,0,0,0,0,0,0],[45,2,345,7,1,35,1,0,2,0,0,4,10,1,0,0,37,0,0,0,0,0,0,0,0,0,0,0],[56,2,288,6,0,44,1,0,5,0,2,1,6,1,0,0,32,0,0,0,0,0,0,0,0,0,0,0],[51,1,294,6,0,55,0,0,1,0,1,0,5,0,0,0,22,0,0,0,0,0,0,0,0,0,0,0],[17,1,89,0,0,19,181,0,1,0,3,0,24,1,0,0,68,0,0,0,0,0,0,0,0,0,0,0],[15,5,228,6,0,18,1,0,2,0,0,0,7,0,0,0,30,0,0,0,0,0,0,0,0,0,0,0],[27,3,169,0,0,15,5,0,11,0,2,0,18,4,0,0,57,0,0,0,0,0,0,0,0,0,0,0],[18,3,207,3,0,18,1,0,0,0,0,0,3,0,0,0,29,0,0,0,0,0,0,0,0,0,0,0],[23,3,161,4,0,24,15,0,0,0,0,0,10,2,0,0,34,0,0,0,0,0,0,0,0,0,0,0],[23,2,119,0,1,11,16,0,2,0,1,3,20,1,0,0,62,0,0,0,0,0,0,0,0,0,0,0],[3,3,83,1,0,1,26,0,0,0,2,1,40,0,0,0,80,0,0,0,0,0,0,0,0,0,0,0],[28,2,139,2,0,18,22,0,7,0,0,0,11,1,0,0,15,0,0,0,0,0,0,0,0,0,0,0],[18,1,150,1,0,15,4,0,4,0,1,0,4,0,0,0,17,0,0,0,0,0,0,0,0,0,0,0],[15,1,151,4,0,25,1,0,1,0,0,2,9,1,0,0,14,0,0,0,0,0,0,0,0,0,0,0],[6,3,56,0,0,1,15,0,0,0,0,2,12,0,0,0,78,0,0,0,0,0,0,0,0,0,0,0],[13,0,68,1,0,14,7,0,1,0,0,0,4,1,0,0,10,0,0,0,0,0,0,0,0,0,0,0],[10,1,69,0,0,6,7,0,4,0,0,2,5,1,0,0,23,0,0,0,0,0,0,0,0,0,0,0],[6,1,70,1,1,6,8,0,0,0,1,0,4,0,0,0,21,0,0,0,0,0,0,0,0,0,0,0],[16,1,62,1,0,13,3,0,0,0,0,1,3,2,0,0,23,0,0,0,0,0,0,0,0,0,0,0],[3,2,80,0,0,7,3,0,1,0,0,0,5,0,0,0,27,0,0,0,0,0,0,0,0,0,0,0],[10,0,89,1,0,7,0,0,1,0,0,0,0,0,0,0,8,0,0,0,0,0,0,0,0,0,0,0],[6,1,52,0,0,4,5,0,1,0,0,2,6,1,0,0,15,0,0,0,0,0,0,0,0,0,0,0],[9,0,58,2,0,7,1,0,0,0,0,1,1,0,0,0,6,0,0,0,0,0,0,0,0,0,0,0],[8,0,45,1,0,7,0,0,1,0,0,0,0,0,0,0,4,0,0,0,0,0,0,0,0,0,0,0],[7,0,39,0,0,6,1,0,0,0,0,0,2,0,0,0,16,0,0,0,0,0,0,0,0,0,0,0],[5,0,22,0,0,3,5,0,13,0,0,0,3,1,0,0,10,0,0,0,0,0,0,0,0,0,0,0]]}