{"Accuracy":0.14733242134062927,"Precision":0.12600569820175392,"Recall":0.14733242134062927,"F1 Score":0.11349129456952396,"Adjusted Rand Index":0.023081501247925677,"Precision by cluster":[0.08,0.12897282358360201,0.15070527097253156,0.13202614379084968,0.08333333333333333,0.10158013544018059,0.5412186379928315,0.17433414043583534,0.14545454545454545,0.0,0.09584664536741214,0.24390243902439024,0.17770034843205576,0.07086614173228346,0.0,0.0,0.12716763005780346,0.0,0.25,0.0,0.0,0.0945945945945946,0.0,0.10526315789473684,0.04,0.0,0.0,0.2903225806451613],"Recall by cluster":[0.03536977491961415,0.49469964664310956,0.33665008291873966,0.1846435100548446,0.0022222222222222222,0.10869565217391304,0.3852040816326531,0.1994459833795014,0.028169014084507043,0.0,0.12448132780082988,0.04149377593360996,0.20481927710843373,0.036734693877551024,0.0,0.0,0.3492063492063492,0.0,0.016260162601626018,0.0,0.0,0.1044776119402985,0.0,0.024691358024691357,0.011235955056179775,0.0,0.0,0.16071428571428573],"F1 score by cluster":[0.04905239687848383,0.20460358056265984,0.2082051282051282,0.15396341463414634,0.004329004329004329,0.10501750291715285,0.45007451564828616,0.18604651162790697,0.0471976401179941,0.0,0.10830324909747292,0.07092198581560284,0.19029850746268656,0.04838709677419355,0.0,0.0,0.1864406779661017,0.0,0.030534351145038167,0.0,0.0,0.09929078014184398,0.0,0.04,0.017543859649122806,0.0,0.0,0.20689655172413793],"confusion_matrix":[[22,196,126,74,1,39,15,44,5,3,19,5,10,12,1,1,33,0,2,0,0,9,0,1,2,0,0,2],[26,280,65,52,0,8,8,14,2,0,25,4,11,18,0,0,43,0,0,0,0,7,0,0,3,0,0,0],[15,126,203,60,1,74,1,63,2,1,16,1,4,2,0,0,13,0,1,0,0,8,0,8,1,2,0,1],[31,198,80,101,2,26,1,28,0,0,32,2,5,6,0,0,21,0,0,0,0,11,0,0,3,0,0,0],[14,128,119,49,1,53,2,36,3,0,11,1,2,8,0,0,15,0,1,0,0,6,0,1,0,0,0,0],[24,148,71,61,0,45,1,19,1,0,15,0,1,3,0,0,13,0,0,0,0,9,0,1,2,0,0,0],[5,70,21,18,0,0,151,4,6,0,7,1,54,4,0,1,41,0,1,0,0,7,0,0,1,0,0,0],[12,44,111,41,2,46,1,72,0,1,5,0,5,2,0,1,10,0,0,0,0,5,0,1,2,0,0,0],[8,69,47,18,1,19,4,8,8,1,17,1,15,6,0,0,48,0,1,0,0,1,0,1,1,0,0,10],[9,93,63,39,1,23,1,21,0,0,5,0,5,1,0,1,16,0,0,0,0,8,0,0,2,0,0,0],[8,99,23,11,0,4,16,2,3,1,30,2,13,9,0,0,13,0,0,0,0,7,0,0,0,0,0,0],[7,85,31,18,0,4,8,7,2,2,6,10,31,3,0,1,19,0,0,0,0,7,0,0,0,0,0,0],[7,24,50,10,0,0,26,9,2,1,15,0,51,0,1,1,46,0,0,0,0,6,0,0,0,0,0,0],[16,104,20,11,2,3,11,3,4,0,13,2,22,9,1,1,10,0,0,0,0,8,0,1,0,0,0,4],[9,76,47,27,1,15,4,12,2,1,4,1,7,8,0,1,13,0,0,0,1,4,0,0,0,0,0,3],[10,48,54,32,0,28,0,18,1,0,5,1,3,4,0,0,9,0,0,0,0,4,0,0,1,0,0,0],[6,18,26,15,0,1,11,3,3,1,13,1,12,7,0,0,66,0,0,0,0,4,0,0,1,0,1,0],[8,52,32,14,0,8,5,5,0,1,6,1,4,2,0,0,10,0,0,0,0,1,0,0,0,0,0,2],[3,27,22,15,0,6,1,6,4,0,8,0,2,3,0,0,22,0,2,0,0,1,0,1,0,0,0,0],[1,41,6,11,0,3,4,5,3,0,16,0,7,4,0,0,21,0,0,0,0,6,0,0,2,0,0,0],[2,55,13,8,0,2,3,2,2,0,6,0,7,4,0,0,11,0,0,0,0,2,0,1,0,0,0,0],[9,42,27,10,0,2,1,5,0,1,11,2,1,1,0,0,8,0,0,0,0,14,0,0,0,0,0,0],[4,24,23,24,0,11,0,13,0,0,3,0,0,1,0,0,1,0,0,0,0,3,0,0,2,0,0,0],[3,27,11,6,0,2,1,1,0,0,6,4,7,2,0,2,6,0,0,0,0,0,0,2,0,0,1,0],[4,39,13,10,0,4,0,3,0,0,3,2,1,2,0,0,2,0,0,0,0,5,0,0,1,0,0,0],[3,22,25,18,0,13,0,6,0,0,4,0,2,0,0,0,0,0,0,0,0,2,0,0,1,0,0,0],[7,25,11,9,0,0,2,1,0,0,10,0,1,4,0,0,6,0,0,0,0,1,0,0,0,0,0,0],[2,11,7,3,0,4,1,3,2,0,2,0,4,2,0,0,3,0,0,0,0,2,0,1,0,0,0,9]],"epoch_accuracies":[[0.1040992202817929,0.11103004878938488,0.12188226711048288,0.12954265651361088,0.13483197300624686,0.13784141170033287,0.14112443573024486,0.14208198440563585,0.14417947198030184,0.14208198440563585,0.14755369112215586,0.15275181250284986,0.15380055629018285,0.15776754365965984,0.15763075099174684,0.16100497013360085,0.16136975058136885,0.16269207970452784,0.16725183530162782,0.16789020108522182,0.16875655464867084,0.17021567643974284,0.16966850576809084,0.17044366421959783,0.17017007888377184,0.17586977338014684,0.17664493183165383,0.17778487073092883,0.17664493183165383,0.17678172449956683,0.1830741872235648,0.1830285896675938,0.18494368701837582,0.18439651634672383,0.18398613834298483,0.1819798458802608,0.18553645524599882,0.1896402352833888,0.1894122475035338,0.1891386621677078,0.1907801741826638,0.1911449546304318,0.1937896128767498,0.1933336373170398,0.1904609912908668,0.19242168619761982,0.1972094295745748,0.1962974784551548,0.1984861611417628,0.1970270393506908,0.1964342711230678,0.2012676120559938,0.1983037709178788,0.2009940267201678,0.2023619533992978,0.2036386849664858,0.2033650996306598,0.2044138434179928,0.2044594409739638,0.2024531485112398,0.2094295745748028,0.2071496967762528,0.2094295745748028,0.21284939127262778,0.2102503305822808,0.21248461082485978,0.21234781815694678,0.21403492772787377,0.21421731795175777,0.2160868177465688],[0.10218878248974009,0.10451436388508892,0.10136798905608756,0.11491108071135431,0.11504787961696307,0.1094391244870041,0.12448700410396717,0.10861833105335157,0.11422708618331054,0.09521203830369357,0.1012311901504788,0.09247606019151847,0.09069767441860466,0.11340629274965801,0.13707250341997265,0.11354309165526676,0.13584131326949384,0.13132694938440492,0.1121751025991792,0.11518467852257182,0.11491108071135431,0.11176470588235295,0.11108071135430916,0.1298221614227086,0.13064295485636115,0.1317373461012312,0.13160054719562245,0.12845417236662107,0.13009575923392613,0.1381668946648427,0.1238030095759234,0.11942544459644323,0.1359781121751026,0.13707250341997265,0.14158686730506156,0.1238030095759234,0.13515731874145007,0.13926128590971273,0.12640218878248974,0.13693570451436388,0.1228454172366621,0.15663474692202461,0.14555403556771546,0.14651162790697675,0.13584131326949384,0.1332421340629275,0.13119015047879617,0.1357045143638851,0.1320109439124487,0.12831737346101232,0.1325581395348837,0.1585499316005472,0.1326949384404925,0.13392612859097128,0.13761969904240767,0.15868673050615595,0.13693570451436388,0.14445964432284542,0.1436388508891929,0.13761969904240767,0.15239398084815323,0.14623803009575922,0.1372093023255814,0.13953488372093023,0.13419972640218877,0.15362517099863202,0.14199726402188784,0.15006839945280437,0.1540355677154583,0.14705882352941177]]}