{"Accuracy":0.15362517099863202,"Precision":0.12431128035068649,"Recall":0.15362517099863202,"F1 Score":0.12027068229068637,"Adjusted Rand Index":0.03489951096191726,"Precision by cluster":[0.09647495361781076,0.14628099173553719,0.18845700824499412,0.09399075500770417,0.14516129032258066,0.12790697674418605,0.47085201793721976,0.11702127659574468,0.14232209737827714,0.09433962264150944,0.12112676056338029,0.17777777777777778,0.11074918566775244,0.12295081967213115,0.0,0.0,0.0810546875,0.0,0.0,0.0,0.0,0.0,0.0,0.0,0.0,0.0,0.0,0.4],"Recall by cluster":[0.08087091757387248,0.2805071315372425,0.5237315875613748,0.12448979591836734,0.02027027027027027,0.05045871559633028,0.5198019801980198,0.07051282051282051,0.12218649517684887,0.05319148936170213,0.15579710144927536,0.06130268199233716,0.14166666666666666,0.061224489795918366,0.0,0.0,0.4797687861271676,0.0,0.0,0.0,0.0,0.0,0.0,0.0,0.0,0.0,0.0,0.0967741935483871],"F1 score by cluster":[0.08798646362098139,0.19228680065181966,0.2771762667821568,0.10711150131694469,0.03557312252964427,0.07236842105263158,0.49411764705882355,0.088,0.1314878892733564,0.06802721088435375,0.13629160063391443,0.09116809116809117,0.12431444241316271,0.08174386920980926,0.0,0.0,0.13868003341687551,0.0,0.0,0.0,0.0,0.0,0.0,0.0,0.0,0.0,0.0,0.15584415584415584],"confusion_matrix":[[52,113,170,63,6,28,17,21,24,17,31,7,14,17,0,0,62,0,1,0,0,0,0,0,0,0,0,0],[54,177,55,65,3,9,15,4,24,18,50,7,25,18,0,0,106,0,1,0,0,0,0,0,0,0,0,0],[44,51,320,54,6,16,2,27,11,9,11,6,9,3,0,0,41,0,0,0,0,0,0,0,0,0,0,1],[64,89,113,61,3,12,2,13,11,12,34,5,15,6,0,0,48,0,2,0,0,0,0,0,0,0,0,0],[39,79,153,35,9,12,2,16,8,11,21,2,10,6,0,0,41,0,0,0,0,0,0,0,0,0,0,0],[34,77,125,63,4,22,1,12,10,12,21,5,9,4,0,0,37,0,0,0,0,0,0,0,0,0,0,0],[13,41,18,9,0,2,210,0,10,3,10,3,24,6,0,0,55,0,0,0,0,0,0,0,0,0,0,0],[22,12,158,26,4,5,1,22,5,7,10,4,8,1,0,0,27,0,0,0,0,0,0,0,0,0,0,0],[17,45,61,18,1,5,10,6,38,4,10,1,18,5,0,0,69,0,0,0,0,0,0,0,0,0,0,3],[23,34,82,38,2,6,1,10,3,15,6,4,9,6,0,0,43,0,0,0,0,0,0,0,0,0,0,0],[22,73,15,20,2,6,18,2,15,7,43,1,10,2,0,0,40,0,0,0,0,0,0,0,0,0,0,0],[13,46,30,15,3,4,23,2,12,3,8,16,32,8,0,0,45,0,1,0,0,0,0,0,0,0,0,0],[9,24,16,6,3,1,32,5,8,4,3,9,34,0,0,0,86,0,0,0,0,0,0,0,0,0,0,0],[14,53,29,21,1,3,30,2,14,1,24,1,11,15,0,0,22,0,0,0,0,0,0,0,0,0,0,4],[14,36,69,17,1,6,6,7,7,3,7,1,7,1,0,0,32,0,0,1,0,0,0,0,0,0,0,0],[17,39,78,31,1,8,1,12,1,3,5,2,7,3,0,0,16,0,0,0,0,0,0,0,0,0,0,0],[4,15,7,7,3,0,19,1,16,1,5,1,10,1,0,0,83,0,0,0,0,0,0,0,0,0,0,0],[12,25,24,12,1,3,8,2,4,0,6,0,6,4,0,0,12,0,0,0,0,0,0,0,0,0,0,0],[10,21,22,9,1,3,9,3,8,3,5,1,7,0,0,0,25,0,0,0,0,0,0,0,0,0,0,1],[8,28,10,10,5,2,13,1,4,5,5,1,6,0,0,0,21,0,0,0,0,0,0,0,0,0,0,0],[7,38,10,11,1,3,4,1,5,2,6,0,10,6,0,0,21,0,0,0,0,0,0,0,0,0,0,0],[13,17,15,11,1,2,7,4,5,5,6,2,12,1,0,0,27,0,0,0,0,0,0,0,0,0,0,0],[12,8,39,18,0,5,1,5,2,8,4,1,1,0,0,0,12,0,0,0,0,0,0,0,0,0,0,0],[8,18,12,4,0,3,6,4,7,0,6,7,3,4,0,0,11,0,0,0,0,0,0,0,0,0,0,0],[3,23,19,15,0,1,1,2,1,4,6,1,2,0,0,0,7,0,0,0,0,0,0,0,0,0,0,0],[6,6,34,2,1,2,1,3,0,2,1,0,1,1,1,0,5,0,0,0,0,0,0,0,0,0,0,0],[5,13,3,4,0,2,1,1,5,0,9,1,4,2,0,0,21,0,0,0,0,0,0,0,0,0,0,0],[0,9,11,4,0,1,5,0,9,0,2,1,3,2,0,0,9,0,0,0,0,0,0,0,0,0,0,6]]}