{"Accuracy":0.15362517099863202,"Precision":0.0609926145369159,"Recall":0.15362517099863202,"F1 Score":0.07890198194890946,"Adjusted Rand Index":0.029155549844117647,"Precision by cluster":[0.08256880733944955,0.13019271948608138,0.16230979321108077,0.08333333333333333,0.0,0.0,0.3599320882852292,0.0,0.0,0.0,0.0,0.0,0.15425531914893617,0.0,0.0,0.0,0.0,0.0,0.0,0.0,0.0,0.0,0.0,0.0,0.0,0.0,0.0,0.0],"Recall by cluster":[0.15396578538102643,0.5277777777777778,0.697986577181208,0.009615384615384616,0.0,0.0,0.5478036175710594,0.0,0.0,0.0,0.0,0.0,0.3493975903614458,0.0,0.0,0.0,0.0,0.0,0.0,0.0,0.0,0.0,0.0,0.0,0.0,0.0,0.0,0.0],"F1 score by cluster":[0.10749185667752444,0.20886293369975953,0.26337448559670784,0.017241379310344827,0.0,0.0,0.4344262295081967,0.0,0.0,0.0,0.0,0.0,0.2140221402214022,0.0,0.0,0.0,0.0,0.0,0.0,0.0,0.0,0.0,0.0,0.0,0.0,0.0,0.0,0.0],"confusion_matrix":[[99,217,250,3,0,0,32,0,0,0,0,0,42,0,0,0,0,0,0,0,0,0,0,0,0,0,0,0],[93,304,117,9,0,0,19,0,0,0,0,0,34,0,0,0,0,0,0,0,0,0,0,0,0,0,0,0],[76,72,416,1,0,0,7,0,0,0,0,0,24,0,0,0,0,0,0,0,0,0,0,0,0,0,0,0],[114,186,191,5,0,0,2,0,0,0,0,0,22,0,0,0,0,0,0,0,0,0,0,0,0,0,0,0],[87,122,215,3,0,0,4,0,0,0,0,0,13,0,0,0,0,0,0,0,0,0,0,0,0,0,0,0],[83,136,201,7,0,0,4,0,0,0,0,0,12,0,0,0,0,0,0,0,0,0,0,0,0,0,0,0],[34,77,33,1,0,0,212,0,0,0,0,0,30,0,0,0,0,0,0,0,0,0,0,0,0,0,0,0],[51,38,235,4,0,0,4,0,0,0,0,0,17,0,0,0,0,0,0,0,0,0,0,0,0,0,0,0],[49,106,80,4,0,0,25,0,0,0,0,0,31,0,0,0,0,0,0,0,0,0,0,0,0,0,0,0],[55,79,133,4,0,0,5,0,0,0,0,0,18,0,0,0,0,0,0,0,0,0,0,0,0,0,0,0],[43,129,43,3,0,0,23,0,0,0,0,0,22,0,0,0,0,0,0,0,0,0,0,0,0,0,0,0],[43,94,55,3,0,0,30,0,0,0,0,0,45,0,0,0,0,0,0,0,0,0,0,0,0,0,0,0],[23,61,10,3,0,0,65,0,0,0,0,0,87,0,0,0,0,0,0,0,0,0,0,0,0,0,0,0],[37,103,48,2,0,0,28,0,0,0,0,0,23,0,0,0,0,0,0,0,0,0,0,0,0,0,0,0],[38,72,95,1,0,0,12,0,0,0,0,0,13,0,0,0,0,0,0,0,0,0,0,0,0,0,0,0],[43,53,97,1,0,0,3,0,0,0,0,0,9,0,0,0,0,0,0,0,0,0,0,0,0,0,0,0],[19,59,14,2,0,0,31,0,0,0,0,0,42,0,0,0,0,0,0,0,0,0,0,0,0,0,0,0],[25,55,39,0,0,0,8,0,0,0,0,0,8,0,0,0,0,0,0,0,0,0,0,0,0,0,0,0],[22,45,39,0,0,0,15,0,0,0,0,0,17,0,0,0,0,0,0,0,0,0,0,0,0,0,0,0],[23,61,14,0,0,0,18,0,0,0,0,0,10,0,0,0,0,0,0,0,0,0,0,0,0,0,0,0],[19,44,19,2,0,0,6,0,0,0,0,0,6,0,0,0,0,0,0,0,0,0,0,0,0,0,0,0],[27,55,27,0,0,0,8,0,0,0,0,0,10,0,0,0,0,0,0,0,0,0,0,0,0,0,0,0],[19,27,50,0,0,0,0,0,0,0,0,0,2,0,0,0,0,0,0,0,0,0,0,0,0,0,0,0],[18,33,21,0,0,0,11,0,0,0,0,0,10,0,0,0,0,0,0,0,0,0,0,0,0,0,0,0],[28,35,36,0,0,0,3,0,0,0,0,0,2,0,0,0,0,0,0,0,0,0,0,0,0,0,0,0],[11,30,53,0,0,0,1,0,0,0,0,0,3,0,0,0,0,0,0,0,0,0,0,0,0,0,0,0],[13,25,14,1,0,0,8,0,0,0,0,0,4,0,0,0,0,0,0,0,0,0,0,0,0,0,0,0],[7,17,18,1,0,0,5,0,0,0,0,0,8,0,0,0,0,0,0,0,0,0,0,0,0,0,0,0]],"epoch_accuracies":[[0.08193880807988692,0.1020929278190689,0.10596872007660389,0.10989010989010989,0.11030048789384889,0.11326432903196389,0.11554420683051389,0.11891842597236787,0.11873603574848388,0.12329579134558388,0.12534768136427887,0.13063699785691488,0.13182253431216087,0.13428480233459486,0.13583511923760885,0.13533354612192786,0.13820619214810087,0.14272035018922985,0.13984770416305686,0.13898135059960787,0.14509142309972187,0.14568419132734486,0.14746249601021386,0.14924080069308285,0.14883042268934385,0.14965117869682185,0.15193105649537184,0.14709771556244586,0.15339017828644386,0.15348137339838586],[0.11176470588235295,0.1119015047879617,0.10998632010943912,0.1131326949384405,0.11518467852257182,0.12161422708618332,0.12612859097127224,0.1332421340629275,0.13419972640218877,0.1326949384404925,0.13693570451436388,0.1357045143638851,0.1362517099863201,0.1426812585499316,0.140218878248974,0.14213406292749658,0.1436388508891929,0.14432284541723667,0.14227086183310533,0.1399452804377565,0.14952120383036935,0.1476060191518468,0.14897400820793433,0.14924760601915185,0.15294117647058825,0.15047879616963064,0.1511627906976744,0.15253077975376197,0.15266757865937072,0.15376196990424076]]}