{"Accuracy":0.19124487004103968,"Precision":0.1747036159186238,"Recall":0.19124487004103968,"F1 Score":0.1297879030349108,"Adjusted Rand Index":0.04638696361649239,"Precision by cluster":[0.10526315789473684,0.18368794326241134,0.1793859649122807,0.14076246334310852,0.05,0.21794871794871795,0.4613526570048309,0.25,0.3103448275862069,0.13043478260869565,0.1762917933130699,0.183206106870229,0.19525801952580196,0.10526315789473684,0.0,0.0,0.3125,0.0,0.0,1.0,0.0,0.056338028169014086,0.0,0.4166666666666667,0.0,0.0,0.0,0.3333333333333333],"Recall by cluster":[0.008888888888888889,0.4427350427350427,0.6805324459234608,0.386317907444668,0.0022624434389140274,0.07727272727272727,0.47512437810945274,0.015432098765432098,0.06315789473684211,0.029315960912052116,0.21561338289962825,0.20600858369098712,0.5263157894736842,0.008403361344537815,0.0,0.0,0.08379888268156424,0.0,0.0,0.008620689655172414,0.0,0.034782608695652174,0.0,0.05,0.0,0.0,0.0,0.016129032258064516],"F1 score by cluster":[0.01639344262295082,0.2596491228070175,0.2839291912530371,0.2063406770553466,0.004329004329004329,0.11409395973154363,0.4681372549019608,0.029069767441860465,0.10495626822157435,0.047872340425531915,0.1939799331103679,0.19393939393939394,0.28484231943031535,0.01556420233463035,0.0,0.0,0.13215859030837004,0.0,0.0,0.017094017094017096,0.0,0.043010752688172046,0.0,0.08928571428571429,0.0,0.0,0.0,0.03076923076923077],"confusion_matrix":[[6,142,228,137,4,13,24,4,4,7,28,21,45,1,0,0,2,0,0,0,0,8,0,0,0,0,0,1],[6,259,60,124,1,4,14,1,1,9,34,17,50,1,0,0,2,0,0,0,0,1,0,1,0,0,0,0],[1,63,409,70,0,16,5,0,1,5,10,4,10,1,0,0,0,0,0,0,0,5,0,1,0,0,0,0],[4,80,134,192,1,14,9,2,0,7,16,8,20,1,0,0,2,0,0,0,0,7,0,0,0,0,0,0],[1,61,230,87,1,9,6,2,4,3,6,10,17,0,0,0,0,0,0,0,0,5,0,0,0,0,0,0],[1,76,159,119,0,34,3,2,0,1,10,12,14,0,0,0,1,0,0,0,0,8,0,0,0,0,0,0],[2,54,18,34,0,1,191,0,2,1,10,18,65,2,0,0,2,0,0,0,0,2,0,0,0,0,0,0],[2,15,236,39,0,6,3,5,0,0,5,2,11,0,0,0,0,0,0,0,0,0,0,0,0,0,0,0],[4,42,78,33,5,1,14,1,18,1,14,6,55,2,0,0,9,0,0,0,0,2,0,0,0,0,0,0],[2,41,112,74,1,21,3,1,0,9,7,10,23,0,0,0,1,0,0,0,0,2,0,0,0,0,0,0],[1,85,23,39,1,0,26,0,1,1,58,6,21,3,0,0,0,0,0,0,0,4,0,0,0,0,0,0],[2,54,32,32,0,2,12,0,2,1,5,48,39,1,0,0,0,0,0,0,0,1,0,2,0,0,0,0],[2,15,30,27,0,0,15,0,1,5,8,15,140,1,0,0,2,0,0,0,0,5,0,0,0,0,0,0],[2,86,30,32,0,3,22,0,3,3,10,18,19,2,0,0,4,0,0,0,0,2,0,1,0,0,0,1],[2,45,104,27,1,6,12,0,2,3,4,9,12,1,0,0,0,0,0,0,0,1,0,0,0,0,0,0],[0,31,87,47,1,11,2,1,0,1,5,5,8,0,0,0,0,0,0,0,0,2,0,1,0,0,0,0],[6,22,17,22,0,0,15,0,5,3,5,4,60,1,0,0,15,0,0,0,0,4,0,0,0,0,0,0],[4,33,43,25,0,1,7,0,2,0,5,6,9,0,0,0,0,0,0,0,0,0,0,1,0,0,0,0],[2,21,50,14,2,0,9,0,7,1,8,4,16,0,0,0,7,0,0,0,0,1,0,0,0,0,0,0],[2,26,8,23,1,1,8,0,1,2,21,3,18,0,0,0,1,0,0,1,0,0,0,0,0,0,0,0],[1,48,6,20,0,0,4,0,2,0,9,2,12,1,0,0,0,0,0,0,0,2,0,0,0,0,0,0],[1,25,11,38,0,1,3,0,0,1,18,1,12,0,0,0,0,0,0,0,0,4,0,0,0,0,0,0],[1,7,49,25,0,7,0,1,0,0,5,2,2,0,0,0,0,0,0,0,0,0,0,0,0,0,0,0],[1,14,16,15,1,0,3,0,0,0,3,26,15,1,0,0,0,0,0,0,0,0,0,5,0,0,0,0],[0,23,24,27,0,1,0,0,0,0,3,2,5,0,0,0,0,0,0,0,0,1,0,0,0,0,0,0],[0,8,54,14,0,3,1,0,0,0,6,0,5,0,0,0,0,0,0,0,0,1,0,0,0,0,0,0],[1,20,8,24,0,1,1,0,0,3,13,1,9,0,0,0,0,0,0,0,0,0,0,0,0,0,0,0],[0,14,24,4,0,0,2,0,2,2,3,2,5,0,0,0,0,0,0,0,0,3,0,0,0,0,0,1]]}