{"Accuracy":0.09521203830369357,"Precision":0.0634414170698349,"Recall":0.09521203830369357,"F1 Score":0.04582654254441995,"Adjusted Rand Index":0.004555615612297981,"Precision by cluster":[0.09284890426758939,0.14942528735632185,0.07421576128538639,0.04838709677419355,0.08695652173913043,0.023809523809523808,0.4573643410852713,0.0,0.0,0.0,0.0,0.046242774566473986,0.0,0.0,0.0,0.0,0.0,0.0,0.0,0.0,0.0,0.0,0.0,0.0,0.0,0.0,0.0,0.0],"Recall by cluster":[0.755868544600939,0.06290322580645161,0.1732142857142857,0.011787819253438114,0.004796163069544364,0.004889975550122249,0.14425427872860636,0.0,0.0,0.0,0.0,0.02952029520295203,0.0,0.0,0.0,0.0,0.0,0.0,0.0,0.0,0.0,0.0,0.0,0.0,0.0,0.0,0.0,0.0],"F1 score by cluster":[0.16538263995891114,0.08853575482406356,0.10391001606855918,0.018957345971563982,0.00909090909090909,0.008113590263691683,0.21933085501858737,0.0,0.0,0.0,0.0,0.036036036036036036,0.0,0.0,0.0,0.0,0.0,0.0,0.0,0.0,0.0,0.0,0.0,0.0,0.0,0.0,0.0,0.0],"confusion_matrix":[[483,29,99,6,0,10,6,0,0,0,0,6,0,0,0,0,0,0,0,0,0,0,0,0,0,0,0,0],[448,39,109,5,2,7,5,0,0,0,0,5,0,0,0,0,0,0,0,0,0,0,0,0,0,0,0,0],[439,13,97,2,1,7,0,0,0,0,0,0,1,0,0,0,0,0,0,0,0,0,0,0,0,0,0,0],[403,8,85,6,0,6,1,0,0,0,0,0,0,0,0,0,0,0,0,0,0,0,0,0,0,0,0,0],[313,13,78,1,2,7,1,0,0,0,0,2,0,0,0,0,0,0,0,0,0,0,0,0,0,0,0,0],[323,10,68,4,2,2,0,0,0,0,0,0,0,0,0,0,0,0,0,0,0,0,0,0,0,0,0,0],[172,7,56,20,2,5,59,0,0,0,0,84,4,0,0,0,0,0,0,0,0,0,0,0,0,0,0,0],[241,12,69,4,2,3,1,0,0,0,0,3,0,0,0,0,0,0,0,0,0,0,0,0,0,0,0,0],[211,17,57,6,1,4,5,0,0,0,0,7,0,0,0,0,0,0,0,0,0,0,0,0,0,0,0,0],[223,7,51,5,1,4,1,0,0,0,0,0,0,0,0,0,0,0,0,0,0,0,0,0,0,0,0,0],[196,16,48,3,1,3,4,0,0,0,0,4,0,0,0,0,0,0,0,0,0,0,0,0,0,0,0,0],[194,3,49,13,0,1,3,0,0,0,0,8,0,0,0,0,0,0,0,0,0,0,0,0,0,0,0,0],[137,14,53,10,2,6,15,0,0,0,0,14,0,0,0,0,0,0,0,0,0,0,0,0,0,0,0,0],[167,5,45,8,0,3,4,0,0,0,0,8,0,0,0,0,0,0,0,0,0,0,0,0,0,0,0,0],[171,8,44,4,1,0,1,0,0,0,0,3,0,0,0,0,0,0,0,0,0,0,0,0,0,0,0,0],[158,5,37,0,0,0,1,0,0,0,0,0,0,0,0,0,0,0,0,0,0,0,0,0,0,0,0,0],[106,7,41,7,0,6,5,0,0,0,0,8,0,0,0,0,0,0,0,0,0,0,0,0,0,0,0,0],[95,7,22,0,0,1,3,0,0,0,0,7,0,0,0,0,0,0,0,0,0,0,0,0,0,0,0,0],[87,10,26,1,4,1,4,0,0,0,0,2,0,0,0,0,0,0,0,0,0,0,0,0,0,0,0,0],[85,2,23,4,1,1,1,0,0,0,0,3,0,0,0,0,0,0,0,0,0,0,0,0,0,0,0,0],[78,7,25,6,0,1,2,0,0,0,0,3,1,0,0,0,0,0,0,0,0,0,0,0,0,0,0,0],[99,5,23,2,1,0,1,0,0,0,0,0,0,0,0,0,0,0,0,0,0,0,0,0,0,0,0,0],[75,2,22,0,0,0,0,0,0,0,0,0,1,0,0,0,0,0,0,0,0,0,0,0,0,0,0,0],[71,4,20,1,0,2,4,0,0,0,0,3,0,0,0,0,0,0,0,0,0,0,0,0,0,0,0,0],[74,2,20,1,0,0,0,0,0,0,0,0,0,0,0,0,0,0,0,0,0,0,0,0,0,0,0,0],[60,3,17,2,0,2,0,0,0,0,0,1,0,0,0,0,0,0,0,0,0,0,0,0,0,0,0,0],[49,4,15,1,0,1,0,0,0,0,0,2,0,0,0,0,0,0,0,0,0,0,0,0,0,0,0,0],[44,2,8,2,0,1,2,0,0,0,0,0,0,0,0,0,0,0,0,0,0,0,0,0,0,0,0,0]]}