{"Accuracy":0.09904240766073871,"Precision":0.08715784250349053,"Recall":0.09904240766073871,"F1 Score":0.0704126547536725,"Adjusted Rand Index":0.0157791737060089,"Precision by cluster":[0.08627450980392157,0.09984480082772892,0.2727272727272727,0.05190311418685121,0.0,0.0,0.4806201550387597,0.0,0.06321334503950835,0.05555555555555555,0.03302180685358255,0.075,0.13501483679525222,0.1111111111111111,0.0,0.0,0.055771725032425425,0.0,0.0,0.0,0.0,0.0,0.0,0.0,0.0,0.0,0.0,0.2916666666666667],"Recall by cluster":[0.03542673107890499,0.31743421052631576,0.059900166389351084,0.02976190476190476,0.0,0.0,0.4946808510638298,0.0,0.259927797833935,0.007067137809187279,0.20152091254752852,0.012048192771084338,0.37142857142857144,0.003745318352059925,0.0,0.0,0.2193877551020408,0.0,0.0,0.0,0.0,0.0,0.0,0.0,0.0,0.0,0.0,0.11475409836065574],"F1 score by cluster":[0.0502283105022831,0.1519086973632428,0.09822646657571624,0.03783102143757881,0.0,0.0,0.4875491480996068,0.0,0.1016949152542373,0.012539184952978056,0.056745182012847964,0.020761245674740483,0.19804134929270947,0.007246376811594203,0.0,0.0,0.0889348500517063,0.0,0.0,0.0,0.0,0.0,0.0,0.0,0.0,0.0,0.0,0.16470588235294117],"confusion_matrix":[[22,174,16,30,0,0,16,0,89,3,162,5,36,1,0,0,66,0,0,0,0,0,0,0,0,0,0,1],[9,193,0,14,0,0,13,0,122,0,139,2,46,0,0,0,68,0,0,1,0,0,0,0,0,0,0,1],[55,155,36,64,0,1,0,1,53,4,144,4,30,3,0,0,50,0,0,0,0,0,0,0,0,0,0,1],[15,158,2,15,0,0,2,0,73,2,143,2,32,0,0,0,59,0,0,1,0,0,0,0,0,0,0,0],[18,159,16,29,0,0,2,0,69,1,97,1,20,2,0,0,37,0,0,0,0,0,0,0,0,0,0,0],[15,143,5,24,0,0,0,1,62,3,147,2,8,0,0,0,48,0,0,0,0,0,0,0,0,0,0,0],[3,31,1,3,0,0,186,0,39,0,36,0,57,0,0,0,19,0,0,0,0,0,0,0,0,0,0,1],[19,72,11,22,0,0,1,0,26,5,79,3,25,0,0,0,44,0,0,1,0,0,0,0,0,0,0,1],[4,67,10,5,0,0,8,0,72,1,41,0,39,1,0,0,25,0,0,0,0,0,0,0,0,0,0,4],[9,74,5,11,0,0,0,0,43,2,70,1,26,0,0,0,40,0,0,2,0,0,0,0,0,0,0,0],[6,82,2,2,0,0,14,0,54,2,53,1,18,0,0,0,29,0,0,0,0,0,0,0,0,0,0,0],[5,45,2,5,0,0,20,0,52,0,47,3,47,0,0,0,21,0,0,2,0,0,0,0,0,0,0,0],[3,18,0,0,0,0,34,0,36,1,11,1,91,0,0,0,49,0,0,1,0,0,0,0,0,0,0,0],[8,78,1,8,0,0,13,0,57,0,59,0,25,1,0,0,13,0,0,0,0,0,0,0,0,0,0,4],[12,65,11,19,0,0,12,0,34,2,51,2,4,1,0,0,18,0,0,0,0,0,0,0,0,0,0,1],[9,66,3,7,0,0,4,0,27,1,52,2,14,0,0,0,17,0,0,0,0,0,0,0,0,0,0,0],[5,18,0,3,0,0,17,0,35,0,21,1,52,0,0,0,43,0,0,1,0,0,0,0,0,0,0,0],[3,41,3,4,0,0,7,0,29,2,28,1,9,0,0,0,9,0,0,0,0,0,0,0,0,0,0,0],[3,30,2,2,0,0,10,0,32,1,22,0,19,0,0,0,14,0,0,0,0,0,0,0,0,0,0,2],[1,39,0,3,0,0,7,0,25,2,16,1,13,0,0,0,11,0,0,0,0,0,0,0,0,0,0,0],[4,43,0,3,0,0,6,0,20,0,25,0,11,0,0,0,16,0,0,1,0,0,0,0,0,0,0,0],[6,33,0,0,0,0,1,0,19,0,24,0,15,0,0,0,16,0,0,1,0,0,0,0,0,0,0,0],[5,28,3,4,0,0,0,0,12,2,35,0,3,0,0,0,14,0,0,0,0,0,0,0,0,0,0,1],[3,15,0,4,0,0,6,0,9,0,24,5,9,0,0,0,7,0,0,0,0,0,0,0,0,0,0,0],[5,39,0,2,0,0,1,0,9,0,29,1,6,0,0,0,8,0,0,0,0,0,0,0,0,0,0,0],[5,29,0,5,0,1,1,0,13,2,28,1,3,0,0,0,12,0,0,0,0,0,0,0,0,0,0,0],[0,23,0,0,0,0,5,0,14,0,15,0,10,0,0,0,15,0,0,1,0,0,0,0,0,0,0,0],[3,15,3,1,0,0,1,0,14,0,7,1,6,0,0,0,3,0,0,0,0,0,0,0,0,0,0,7]]}