{"Accuracy":0.1270861833105335,"Precision":0.09313439293817313,"Recall":0.1270861833105335,"F1 Score":0.07467816506532225,"Adjusted Rand Index":0.027935653962322837,"Precision by cluster":[0.0,0.16090985678180286,0.1415838189921152,0.11202635914332784,0.0,0.15,0.2972972972972973,0.20238095238095238,0.07888040712468193,0.0823045267489712,0.15017064846416384,0.125,0.1891891891891892,0.0,0.0,0.0,0.07526881720430108,0.0,0.0,0.0,0.0,0.0,0.0,0.0625,0.0,0.0,0.0,0.3333333333333333],"Recall by cluster":[0.0,0.32372881355932204,0.7,0.1328125,0.0,0.04390243902439024,0.03089887640449438,0.05120481927710843,0.11231884057971014,0.06872852233676977,0.16356877323420074,0.003937007874015748,0.051470588235294115,0.0,0.0,0.0,0.5355191256830601,0.0,0.0,0.0,0.0,0.0,0.0,0.01098901098901099,0.0,0.0,0.0,0.03076923076923077],"F1 score by cluster":[0.0,0.21496904895891952,0.23552894211576847,0.12153708668453976,0.0,0.06792452830188679,0.05597964376590331,0.08173076923076923,0.09267563527653214,0.0749063670411985,0.15658362989323843,0.007633587786259542,0.08092485549132948,0.0,0.0,0.0,0.13198653198653199,0.0,0.0,0.0,0.0,0.0,0.0,0.018691588785046728,0.0,0.0,0.0,0.056338028169014086],"confusion_matrix":[[0,111,307,55,0,9,2,12,22,20,27,0,4,0,0,0,87,0,0,0,0,0,0,0,0,0,0,0],[2,191,131,62,0,4,3,4,17,22,32,0,6,0,0,0,116,0,0,0,0,0,0,0,0,0,0,0],[2,47,413,34,0,16,0,7,4,8,11,0,2,0,0,0,45,0,0,0,0,0,0,1,0,0,0,0],[1,81,219,68,0,13,1,6,1,24,24,0,4,0,0,0,68,0,0,0,0,0,0,2,0,0,0,0],[0,62,256,39,0,11,1,5,3,16,17,0,2,0,0,0,49,0,0,0,0,0,0,1,0,0,0,0],[0,66,208,50,0,18,0,7,2,14,6,0,0,0,0,0,36,0,0,0,0,0,0,3,0,0,0,0],[0,51,43,18,0,2,11,0,125,3,12,0,5,0,0,0,86,0,0,0,0,0,0,0,0,0,0,0],[0,16,236,19,0,5,0,17,1,4,4,0,0,0,0,0,29,0,0,0,0,0,0,1,0,0,0,0],[1,43,76,18,0,1,1,3,31,4,11,0,0,0,0,0,84,0,0,0,0,0,0,0,0,0,0,3],[2,38,131,32,0,5,0,2,4,20,9,2,1,0,0,0,44,0,0,0,0,0,0,1,0,0,0,0],[1,63,45,34,0,5,2,1,10,8,44,1,2,0,0,0,52,0,0,0,0,0,0,1,0,0,0,0],[1,52,63,20,0,4,1,2,23,8,8,1,11,0,0,0,58,0,0,0,0,0,0,2,0,0,0,0],[2,10,33,6,0,0,5,1,39,5,8,1,14,0,0,0,148,0,0,0,0,0,0,0,0,0,0,0],[0,63,56,17,0,3,3,2,17,11,12,0,7,0,0,0,47,0,0,0,0,0,0,3,0,0,0,1],[0,38,113,13,0,5,2,2,9,4,6,0,4,0,0,0,19,0,0,0,0,0,0,0,0,0,0,0],[5,31,143,14,0,9,1,1,2,10,7,0,0,0,0,0,18,0,0,0,0,0,0,0,0,0,0,0],[1,18,25,8,0,0,0,1,21,4,6,1,0,0,0,0,98,0,0,0,0,0,0,0,0,0,0,0],[2,28,55,10,0,1,1,2,6,4,5,0,2,0,0,0,30,0,0,0,0,0,0,0,0,0,0,0],[1,21,57,6,0,1,1,1,13,6,7,0,1,0,0,0,41,0,0,0,0,0,0,0,0,0,0,0],[0,36,19,12,0,0,0,1,7,6,9,0,2,0,0,0,25,0,0,0,0,0,0,0,0,0,0,0],[0,34,39,8,0,2,1,1,6,16,4,0,1,0,0,0,22,0,0,0,0,0,0,0,0,0,0,0],[1,13,37,11,0,1,1,1,5,5,7,0,2,0,0,0,31,0,0,0,0,0,0,0,0,0,0,0],[0,13,47,9,0,2,0,2,0,6,2,0,0,0,0,0,10,0,0,0,0,0,0,0,0,0,0,0],[0,16,40,8,0,0,0,2,8,1,2,2,1,0,0,0,10,0,0,0,0,0,0,1,0,0,0,0],[0,16,39,18,0,1,0,0,1,0,1,0,1,0,0,0,6,0,0,0,0,0,0,0,0,0,0,0],[0,5,51,6,0,2,0,1,0,9,1,0,0,0,0,0,8,0,0,0,0,0,0,0,0,0,0,0],[1,14,17,8,0,0,0,0,4,4,7,0,0,0,0,0,23,0,0,0,0,0,0,0,0,0,0,0],[0,10,18,4,0,0,0,0,12,1,4,0,2,0,0,0,12,0,0,0,0,0,0,0,0,0,0,2]],"epoch_accuracies":[[0.10277689115863389,0.11262596324836989,0.12119830377091788,0.13113857097259587,0.13200492453604487,0.13442159500250786,0.13820619214810087,0.13861657015183987,0.14103324061830286,0.14417947198030184,0.14668733755870686,0.15079111759609684,0.15635401942455884,0.15407414162600885,0.15667320231635584,0.16009301901418083,0.16054899457389085,0.16565592084264283,0.16519994528293283,0.16834617664493184,0.16506315261501983,0.17390907847339382,0.17231316401440883,0.1755961880443208,0.1753682002644658,0.17614335871597284,0.17682732205553783,0.1752314075965528,0.17979116319365282,0.1833477725593908],[0.10369357045143639,0.11395348837209303,0.1012311901504788,0.10437756497948017,0.10957592339261286,0.10109439124487005,0.10779753761969904,0.10492476060191519,0.10437756497948017,0.09685362517099863,0.09753761969904241,0.11805745554035568,0.12161422708618332,0.10725034199726402,0.12831737346101232,0.1238030095759234,0.14281805745554035,0.1359781121751026,0.14322845417236663,0.1213406292749658,0.12243502051983585,0.1173734610123119,0.11928864569083447,0.12038303693570451,0.1476060191518468,0.12147742818057455,0.15198358413132695,0.1476060191518468,0.1484268125854993,0.1265389876880985]]}