{"Accuracy":0.11709986320109439,"Precision":0.06469995491455222,"Recall":0.11709986320109439,"F1 Score":0.05475199132162496,"Adjusted Rand Index":0.01322385852958849,"Precision by cluster":[0.20454545454545456,0.0,0.09367886534757486,0.0,0.05263157894736842,0.0,0.4762979683972912,0.0,0.0663265306122449,0.0,0.0,0.07142857142857142,0.12138728323699421,0.0,0.0,0.0,0.0,0.0,0.0,0.0,0.0,0.0,0.0,0.0,0.0,0.0,0.0,0.0],"Recall by cluster":[0.013996889580093312,0.0,0.8756137479541735,0.0,0.0022522522522522522,0.0,0.5222772277227723,0.0,0.04180064308681672,0.0,0.0,0.09195402298850575,0.2625,0.0,0.0,0.0,0.0,0.0,0.0,0.0,0.0,0.0,0.0,0.0,0.0,0.0,0.0,0.0],"F1 score by cluster":[0.026200873362445413,0.0,0.16925023726668775,0.0,0.004319654427645789,0.0,0.4982290436835891,0.0,0.05128205128205128,0.0,0.0,0.08040201005025126,0.16600790513833993,0.0,0.0,0.0,0.0,0.0,0.0,0.0,0.0,0.0,0.0,0.0,0.0,0.0,0.0,0.0],"confusion_matrix":[[9,0,540,0,1,4,16,0,20,0,0,21,32,0,0,0,0,0,0,0,0,0,0,0,0,0,0,0],[4,0,536,0,4,2,9,0,11,0,0,19,45,1,0,0,0,0,0,0,0,0,0,0,0,0,0,0],[2,3,535,0,0,5,3,0,27,0,0,16,20,0,0,0,0,0,0,0,0,0,0,0,0,0,0,0],[4,0,441,0,0,0,3,0,7,0,0,20,15,0,0,0,0,0,0,0,0,0,0,0,0,0,0,0],[3,0,400,0,1,0,4,0,17,0,0,7,12,0,0,0,0,0,0,0,0,0,0,0,0,0,0,0],[2,0,413,0,1,0,0,0,2,0,0,8,10,0,0,0,0,0,0,0,0,0,0,0,0,0,0,0],[2,1,129,0,0,0,211,0,3,0,0,27,31,0,0,0,0,0,0,0,0,0,0,0,0,0,0,0],[0,1,275,0,0,0,1,0,10,0,0,15,10,0,0,0,0,0,0,0,0,0,0,0,0,0,0,0],[1,0,216,0,3,0,10,0,13,0,0,23,43,1,0,0,1,0,0,0,0,0,0,0,0,0,0,0],[2,0,246,0,0,2,2,0,4,0,0,10,15,0,0,0,1,0,0,0,0,0,0,0,0,0,0,0],[1,1,220,0,1,2,17,0,2,0,0,10,22,0,0,0,0,0,0,0,0,0,0,0,0,0,0,0],[2,0,165,0,1,0,19,0,7,0,0,24,42,1,0,0,0,0,0,0,0,0,0,0,0,0,0,0],[0,1,101,0,0,0,38,0,1,0,0,36,63,0,0,0,0,0,0,0,0,0,0,0,0,0,0,0],[1,0,182,0,1,2,25,0,15,0,0,9,10,0,0,0,0,0,0,0,0,0,0,0,0,0,0,0],[4,0,180,0,1,0,5,0,10,0,0,7,7,0,0,0,1,0,0,0,0,0,0,0,0,0,0,0],[1,0,197,0,0,1,1,0,3,0,0,9,12,0,0,0,0,0,0,0,0,0,0,0,0,0,0,0],[0,2,88,0,0,0,25,0,0,0,0,12,46,0,0,0,0,0,0,0,0,0,0,0,0,0,0,0],[0,0,94,0,1,0,9,0,4,0,0,7,3,0,0,0,1,0,0,0,0,0,0,0,0,0,0,0],[0,0,91,0,1,0,12,0,8,0,0,2,14,0,0,0,0,0,0,0,0,0,0,0,0,0,0,0],[2,0,87,0,1,0,9,0,1,0,0,5,13,1,0,0,0,0,0,0,0,0,0,0,0,0,0,0],[1,1,96,0,0,0,5,0,0,0,0,8,13,0,0,0,1,0,0,0,0,0,0,0,0,0,0,0],[1,1,95,0,0,0,5,0,3,0,0,7,15,0,0,0,1,0,0,0,0,0,0,0,0,0,0,0],[1,0,103,0,1,0,0,0,6,0,0,2,3,0,0,0,0,0,0,0,0,0,0,0,0,0,0,0],[0,0,64,0,0,0,7,0,2,0,0,12,8,0,0,0,0,0,0,0,0,0,0,0,0,0,0,0],[0,0,77,0,1,0,1,0,2,0,0,2,2,0,0,0,0,0,0,0,0,0,0,0,0,0,0,0],[1,0,60,0,0,1,0,0,1,0,0,3,0,0,0,0,0,0,0,0,0,0,0,0,0,0,0,0],[0,0,51,0,0,0,2,0,2,0,0,8,6,1,0,0,1,0,0,0,0,0,0,0,0,0,0,0],[0,0,29,0,0,0,4,0,15,0,0,7,7,0,0,0,0,0,0,0,0,0,0,0,0,0,0,0]]}