{"Accuracy":0.06826265389876882,"Precision":0.12375347847219537,"Recall":0.06826265389876882,"F1 Score":0.032444284945519174,"Adjusted Rand Index":0.013205483513451233,"Precision by cluster":[0.13559322033898305,0.09353000335232987,0.35714285714285715,0.056451612903225805,0.0,0.0,0.6666666666666666,0.0,0.05747126436781609,0.07317073170731707,0.03705509507557289,0.3333333333333333,0.2,0.08196721311475409,0.0,0.0,0.04860267314702309,0.0,0.0,0.0,0.0,0.0,0.0,0.0,0.0,0.0,0.0,0.5],"Recall by cluster":[0.012441679626749611,0.4421553090332805,0.008183306055646482,0.014285714285714285,0.0,0.0,0.0049504950495049506,0.0,0.1607717041800643,0.0425531914893617,0.2753623188405797,0.0038314176245210726,0.0125,0.061224489795918366,0.0,0.0,0.23121387283236994,0.0,0.0,0.0,0.0,0.0,0.0,0.0,0.0,0.0,0.0,0.016129032258064516],"F1 score by cluster":[0.022792022792022793,0.15439955727725513,0.016,0.02280130293159609,0.0,0.0,0.009828009828009828,0.0,0.0846740050804403,0.053811659192825115,0.06532015470562956,0.007575757575757576,0.023529411764705882,0.07009345794392523,0.0,0.0,0.08032128514056225,0.0,0.0,0.0,0.0,0.0,0.0,0.0,0.0,0.0,0.0,0.03125],"confusion_matrix":[[8,263,3,13,0,0,0,0,40,18,216,0,1,20,0,0,60,0,0,1,0,0,0,0,0,0,0,0],[3,279,0,16,0,1,0,0,41,15,175,0,2,19,0,0,78,0,0,2,0,0,0,0,0,0,0,0],[11,234,5,17,0,0,0,0,15,11,230,1,2,20,0,0,64,0,0,1,0,0,0,0,0,0,0,0],[3,227,0,7,0,0,0,0,15,16,154,0,1,8,0,0,56,0,0,3,0,0,0,0,0,0,0,0],[4,199,1,13,0,0,0,0,12,9,153,0,0,13,0,0,39,0,0,1,0,0,0,0,0,0,0,0],[1,187,0,10,0,0,0,0,4,9,172,0,1,5,0,0,45,0,0,2,0,0,0,0,0,0,0,0],[0,71,0,1,0,0,2,0,251,2,49,0,1,3,0,0,24,0,0,0,0,0,0,0,0,0,0,0],[9,139,0,4,0,0,0,0,8,8,100,0,1,3,0,0,40,0,0,0,0,0,0,0,0,0,0,0],[1,136,0,7,0,0,0,0,50,1,64,0,1,15,0,0,36,0,0,0,0,0,0,0,0,0,0,0],[1,116,1,1,0,0,0,0,11,12,90,0,0,7,0,0,41,0,0,2,0,0,0,0,0,0,0,0],[0,135,0,3,0,0,0,0,36,2,76,0,0,2,0,0,22,0,0,0,0,0,0,0,0,0,0,0],[1,103,0,2,0,0,0,0,57,6,47,1,2,8,0,0,33,0,0,1,0,0,0,0,0,0,0,0],[0,78,2,0,0,0,0,0,84,7,12,1,3,0,0,0,52,0,1,0,0,0,0,0,0,0,0,0],[3,103,0,0,0,0,0,0,36,3,65,0,0,15,0,0,19,0,0,0,0,0,0,0,0,0,0,1],[4,85,1,4,0,0,0,0,14,3,75,0,0,5,0,0,24,0,0,0,0,0,0,0,0,0,0,0],[2,96,0,6,0,0,0,0,7,5,81,0,0,3,0,0,24,0,0,0,0,0,0,0,0,0,0,0],[0,55,0,0,0,0,0,0,55,9,13,0,0,1,0,0,40,0,0,0,0,0,0,0,0,0,0,0],[2,56,0,1,0,0,0,0,14,0,29,0,0,6,0,0,11,0,0,0,0,0,0,0,0,0,0,0],[2,51,0,4,0,0,0,0,23,4,25,0,0,2,0,0,17,0,0,0,0,0,0,0,0,0,0,0],[1,59,0,0,0,0,0,0,21,3,25,0,0,0,0,0,10,0,0,0,0,0,0,0,0,0,0,0],[1,52,0,3,0,0,0,0,15,3,28,0,0,8,0,0,15,0,0,0,0,0,0,0,0,0,0,0],[0,55,0,0,0,0,0,0,20,3,31,0,0,1,0,0,18,0,0,0,0,0,0,0,0,0,0,0],[2,49,0,2,0,0,0,0,1,6,41,0,0,2,0,0,12,0,0,1,0,0,0,0,0,0,0,0],[0,34,0,3,0,0,1,0,10,3,21,0,0,4,0,0,17,0,0,0,0,0,0,0,0,0,0,0],[0,40,0,4,0,0,0,0,4,2,26,0,0,1,0,0,8,0,0,0,0,0,0,0,0,0,0,0],[0,33,0,1,0,0,0,0,0,0,23,0,0,2,0,0,7,0,0,0,0,0,0,0,0,0,0,0],[0,36,0,0,0,0,0,0,7,4,15,0,0,2,0,0,7,0,0,0,0,0,0,0,0,0,0,0],[0,12,1,2,0,0,0,0,19,0,15,0,0,8,0,0,4,0,0,0,0,0,0,0,0,0,0,1]]}