{"Accuracy":0.19644322845417236,"Precision":0.1703256528246828,"Recall":0.19644322845417236,"F1 Score":0.1394556120191057,"Adjusted Rand Index":0.04031910910078117,"Precision by cluster":[0.1223021582733813,0.17746113989637305,0.2826086956521739,0.12389770723104056,0.1,0.20754716981132076,0.5036855036855037,0.174,0.36363636363636365,0.2222222222222222,0.16623376623376623,0.1864406779661017,0.20916905444126074,0.0,0.0,0.0,0.16981132075471697,0.0,0.0,0.0,0.0,0.2857142857142857,0.0,0.3333333333333333,0.0,0.0,0.0,0.3333333333333333],"Recall by cluster":[0.025185185185185185,0.4683760683760684,0.47587354409317806,0.5653923541247485,0.0022624434389140274,0.075,0.5099502487562189,0.26851851851851855,0.028070175438596492,0.013029315960912053,0.2379182156133829,0.04721030042918455,0.5488721804511278,0.0,0.0,0.0,0.05027932960893855,0.0,0.0,0.0,0.0,0.017391304347826087,0.0,0.02,0.0,0.0,0.0,0.0967741935483871],"F1 score by cluster":[0.04176904176904177,0.2573978393612024,0.3546187228766274,0.20325497287522604,0.004424778761061947,0.11018363939899833,0.5067985166872683,0.2111650485436893,0.05211726384364821,0.024615384615384615,0.19571865443425077,0.07534246575342465,0.3029045643153527,0.0,0.0,0.0,0.07758620689655173,0.0,0.0,0.0,0.0,0.03278688524590164,0.0,0.03773584905660377,0.0,0.0,0.0,0.15],"confusion_matrix":[[17,149,97,227,1,15,20,63,2,4,34,4,35,1,0,0,4,0,0,0,0,0,0,0,0,0,0,2],[9,274,12,180,0,4,13,8,1,2,33,2,44,1,0,0,2,0,0,0,0,0,0,0,0,0,0,0],[11,65,286,139,1,18,1,45,1,2,14,1,16,1,0,0,0,0,0,0,0,0,0,0,0,0,0,0],[12,82,22,281,0,15,1,41,0,3,18,2,18,0,0,0,1,0,0,0,0,1,0,0,0,0,0,0],[6,61,134,144,1,10,2,55,2,0,10,0,17,0,0,0,0,0,0,0,0,0,0,0,0,0,0,0],[6,73,37,209,0,33,1,55,0,0,11,1,11,0,0,0,3,0,0,0,0,0,0,0,0,0,0,0],[6,57,10,55,0,0,205,0,1,0,15,4,45,1,0,0,3,0,0,0,0,0,0,0,0,0,0,0],[7,14,105,80,0,6,2,87,0,0,7,1,15,0,0,0,0,0,0,0,0,0,0,0,0,0,0,0],[11,56,46,52,2,2,12,8,8,0,21,0,48,0,0,0,13,0,0,0,0,1,0,0,0,0,0,5],[6,51,40,138,0,15,2,20,0,4,7,3,20,0,0,0,1,0,0,0,0,0,0,0,0,0,0,0],[2,85,2,60,0,2,22,6,0,0,64,1,22,1,0,0,2,0,0,0,0,0,0,0,0,0,0,0],[5,67,4,64,0,0,16,5,0,0,10,11,46,0,0,0,3,0,0,0,0,0,0,2,0,0,0,0],[1,33,0,47,0,0,25,3,1,1,6,2,146,0,0,0,1,0,0,0,0,0,0,0,0,0,0,0],[6,97,10,49,0,1,19,0,0,0,21,11,19,0,0,0,2,0,0,0,0,0,0,0,0,0,0,3],[6,48,54,66,0,7,11,15,1,1,6,1,12,0,0,0,0,0,0,0,0,0,0,0,0,0,0,1],[5,29,31,76,1,12,1,28,0,0,8,0,10,0,0,0,0,0,0,0,0,1,0,0,0,0,0,0],[4,39,1,39,0,0,13,0,0,0,9,1,62,0,0,0,9,0,0,0,0,2,0,0,0,0,0,0],[1,35,17,45,0,1,8,9,2,0,7,1,7,0,0,0,0,0,0,0,0,0,0,2,0,0,0,1],[2,32,28,27,1,1,6,6,2,0,11,0,18,0,0,0,8,0,0,0,0,0,0,0,0,0,0,0],[2,33,3,31,1,0,9,0,0,0,19,0,17,0,0,0,1,0,0,0,0,0,0,0,0,0,0,0],[2,52,2,25,1,0,3,0,0,0,10,0,12,0,0,0,0,0,0,0,0,0,0,0,0,0,0,0],[2,24,2,52,0,1,4,3,0,0,13,0,12,0,0,0,0,0,0,0,0,2,0,0,0,0,0,0],[3,8,20,38,0,7,0,14,0,0,5,1,3,0,0,0,0,0,0,0,0,0,0,0,0,0,0,0],[4,16,6,30,0,2,8,1,0,0,5,10,16,0,0,0,0,0,0,0,0,0,0,2,0,0,0,0],[2,19,5,42,0,3,0,5,0,0,3,2,5,0,0,0,0,0,0,0,0,0,0,0,0,0,0,0],[1,9,26,25,0,4,0,18,0,0,4,0,5,0,0,0,0,0,0,0,0,0,0,0,0,0,0,0],[0,23,2,31,0,0,1,2,0,1,11,0,10,0,0,0,0,0,0,0,0,0,0,0,0,0,0,0],[0,13,10,16,1,0,2,3,1,0,3,0,7,0,0,0,0,0,0,0,0,0,0,0,0,0,0,6]]}