{"Accuracy":0.09794801641586867,"Precision":0.09256836138512547,"Recall":0.09794801641586867,"F1 Score":0.06403906170627927,"Adjusted Rand Index":0.014365357552731,"Precision by cluster":[0.09467455621301775,0.0734341252699784,0.10131386861313868,0.09550561797752809,0.07692307692307693,0.08040201005025126,0.5815602836879432,0.0,0.060240963855421686,0.0,0.08196721311475409,0.08333333333333333,0.21212121212121213,0.05970149253731343,0.0,0.0,0.06126126126126126,0.0,0.0,0.0,0.0,0.0,0.0,0.0,0.0,0.0,0.0,0.28],"Recall by cluster":[0.024883359253499222,0.05388272583201268,0.5679214402618658,0.17346938775510204,0.0022522522522522522,0.03669724770642202,0.20297029702970298,0.0,0.09646302250803858,0.0,0.036231884057971016,0.0038314176245210726,0.029166666666666667,0.04897959183673469,0.0,0.0,0.3930635838150289,0.0,0.0,0.0,0.0,0.0,0.0,0.0,0.0,0.0,0.0,0.11290322580645161],"F1 score by cluster":[0.03940886699507389,0.062157221206581355,0.17195242814667988,0.12318840579710146,0.00437636761487965,0.050393700787401574,0.30091743119266057,0.0,0.07416563658838071,0.0,0.05025125628140704,0.007326007326007326,0.05128205128205128,0.053811659192825115,0.0,0.0,0.10600155884645363,0.0,0.0,0.0,0.0,0.0,0.0,0.0,0.0,0.0,0.0,0.16091954022988506],"confusion_matrix":[[16,33,340,92,0,23,6,0,27,0,5,1,0,27,0,0,71,0,0,0,0,0,0,0,0,0,0,2],[22,34,332,76,3,18,3,1,19,0,12,3,3,20,0,0,85,0,0,0,0,0,0,0,0,0,0,0],[19,35,347,84,1,22,1,0,10,0,13,0,0,12,0,0,65,0,0,0,0,0,0,0,0,0,0,2],[13,32,257,85,1,13,0,0,7,1,12,0,2,8,0,0,59,0,0,0,0,0,0,0,0,0,0,0],[12,24,238,71,1,9,0,2,7,0,9,1,2,14,0,0,54,0,0,0,0,0,0,0,0,0,0,0],[9,18,245,75,1,16,0,0,3,0,8,1,1,16,0,0,43,0,0,0,0,0,0,0,0,0,0,0],[3,20,67,20,0,11,82,0,150,0,2,0,2,8,0,0,39,0,0,0,0,0,0,0,0,0,0,0],[7,29,160,47,1,7,0,0,5,0,3,1,1,1,0,0,50,0,0,0,0,0,0,0,0,0,0,0],[4,20,141,27,1,7,2,0,30,0,2,1,4,11,0,0,57,0,0,0,0,0,0,0,0,0,0,4],[6,18,140,45,0,3,0,1,4,0,6,0,0,7,0,0,52,0,0,0,0,0,0,0,0,0,0,0],[12,15,111,38,1,9,6,0,22,0,10,0,2,7,0,0,43,0,0,0,0,0,0,0,0,0,0,0],[8,24,91,14,0,10,1,0,33,1,5,1,6,9,0,0,58,0,0,0,0,0,0,0,0,0,0,0],[0,33,45,6,0,1,10,0,42,0,0,1,7,0,0,0,95,0,0,0,0,0,0,0,0,0,0,0],[8,19,111,20,1,11,12,0,18,0,5,1,0,12,0,0,22,0,0,0,0,0,0,0,0,0,0,5],[7,7,118,33,0,4,0,0,9,0,4,0,0,4,0,0,28,0,0,0,0,0,0,0,0,0,0,1],[3,14,127,32,2,9,1,0,3,0,2,0,0,5,0,0,26,0,0,0,0,0,0,0,0,0,0,0],[1,13,40,3,0,1,2,0,38,0,4,1,1,1,0,0,68,0,0,0,0,0,0,0,0,0,0,0],[1,9,59,16,0,1,2,0,9,0,0,0,0,10,0,0,12,0,0,0,0,0,0,0,0,0,0,0],[3,7,61,7,0,4,1,1,14,0,1,0,0,2,0,0,24,0,0,0,0,0,0,0,0,0,0,3],[3,13,50,11,0,2,4,0,13,0,2,0,0,2,0,0,19,0,0,0,0,0,0,0,0,0,0,0],[2,8,45,15,0,4,1,0,6,1,3,0,0,10,0,0,30,0,0,0,0,0,0,0,0,0,0,0],[2,12,50,15,0,1,3,0,4,0,6,0,0,1,0,0,34,0,0,0,0,0,0,0,0,0,0,0],[2,3,69,18,0,5,0,0,1,0,4,0,0,4,0,0,10,0,0,0,0,0,0,0,0,0,0,0],[2,5,44,3,0,2,2,0,9,0,0,0,0,3,0,0,23,0,0,0,0,0,0,0,0,0,0,0],[0,5,52,15,0,1,1,0,1,1,0,0,0,0,0,0,9,0,0,0,0,0,0,0,0,0,0,0],[3,2,36,11,0,2,0,0,0,0,1,0,0,2,0,0,8,0,0,0,0,0,0,0,0,0,0,1],[0,6,27,9,0,3,0,0,3,0,2,0,1,1,0,0,19,0,0,0,0,0,0,0,0,0,0,0],[1,5,22,2,0,0,1,0,11,0,1,0,1,4,0,0,7,0,0,0,0,0,0,0,0,0,0,7]]}