{"Accuracy":0.11203830369357046,"Precision":0.0615842231329231,"Recall":0.11203830369357046,"F1 Score":0.06415095025777136,"Adjusted Rand Index":0.015955045986477474,"Precision by cluster":[0.09983361064891846,0.038461538461538464,0.0867093105899076,0.08515130190007038,0.0,0.0,0.43037974683544306,0.08108108108108109,0.0,0.07692307692307693,0.0,0.0,0.09450171821305842,0.0,0.0,0.0,0.08461538461538462,0.0,0.0,0.0,0.0,0.0,0.0,0.0,0.0,0.0,0.0,0.3],"Recall by cluster":[0.09584664536741214,0.0017035775127768314,0.4073455759599332,0.22960151802656548,0.0,0.0,0.5513513513513514,0.00911854103343465,0.0,0.0031645569620253164,0.0,0.0,0.6179775280898876,0.0,0.0,0.0,0.05913978494623656,0.0,0.0,0.0,0.0,0.0,0.0,0.0,0.0,0.0,0.0,0.15789473684210525],"F1 score by cluster":[0.097799511002445,0.0032626427406199023,0.1429827131555816,0.12422997946611909,0.0,0.0,0.4834123222748815,0.01639344262295082,0.0,0.0060790273556231,0.0,0.0,0.16393442622950818,0.0,0.0,0.0,0.06962025316455696,0.0,0.0,0.0,0.0,0.0,0.0,0.0,0.0,0.0,0.0,0.20689655172413793],"confusion_matrix":[[60,2,261,132,0,0,22,3,0,1,0,2,126,0,0,0,16,0,0,0,0,0,0,0,0,0,0,1],[39,1,282,95,0,0,21,3,0,2,0,0,137,0,0,0,6,0,0,0,0,0,0,0,0,0,0,1],[72,0,244,168,0,0,1,5,1,0,0,1,98,0,0,0,9,0,0,0,0,0,0,0,0,0,0,0],[42,1,234,121,0,0,3,4,0,1,0,1,112,0,0,0,8,0,0,0,0,0,0,0,0,0,0,0],[35,2,225,94,0,0,4,2,0,1,0,1,67,0,0,0,8,0,0,0,0,0,0,0,0,0,0,1],[49,1,213,103,0,0,0,3,0,0,0,1,62,0,0,0,7,0,0,0,0,0,0,0,0,0,0,0],[11,0,56,29,0,0,204,0,0,0,0,0,68,0,0,0,2,0,0,0,0,0,0,0,0,0,0,0],[23,1,109,91,0,0,2,3,0,2,0,1,89,0,0,0,8,0,0,0,0,0,0,0,0,0,0,0],[23,0,129,30,0,0,25,2,0,0,0,0,76,0,0,0,2,0,0,0,0,0,0,0,0,0,0,11],[23,1,142,60,0,0,3,3,1,1,0,1,74,0,0,0,7,0,0,0,0,0,0,0,0,0,0,0],[26,2,91,70,0,1,16,0,0,0,0,0,65,0,0,0,6,0,0,0,0,0,0,0,0,0,0,0],[11,2,65,38,0,0,36,0,0,0,0,0,92,0,0,0,2,0,0,0,0,0,0,0,0,0,0,0],[8,0,17,13,0,0,55,1,0,3,0,1,165,0,0,0,4,0,0,0,0,0,0,0,0,0,0,0],[23,2,114,39,0,0,22,2,0,0,0,0,59,0,0,0,1,0,0,0,0,0,0,0,0,0,0,6],[27,2,69,46,0,0,8,0,1,1,0,1,40,0,0,0,5,0,0,0,0,0,0,0,0,0,0,1],[25,0,101,50,0,0,0,0,0,0,0,0,51,0,0,0,4,0,0,0,0,0,0,0,0,0,0,0],[8,0,27,32,0,0,17,0,0,0,0,0,91,0,0,0,11,0,0,0,0,0,0,0,0,0,0,0],[16,0,63,18,0,0,6,0,0,0,0,0,23,0,0,0,1,0,0,0,0,0,0,0,0,0,0,0],[9,2,47,21,0,0,6,0,1,0,0,0,38,0,0,0,5,0,0,0,0,0,0,0,0,0,0,0],[6,2,39,22,0,0,5,1,0,0,0,0,35,0,0,0,3,0,0,0,0,0,0,0,0,0,0,0],[3,0,55,15,0,0,3,0,0,0,0,0,36,0,0,0,1,0,0,0,0,0,0,0,0,0,0,0],[15,2,29,27,0,0,3,0,0,0,0,1,37,0,0,0,0,0,0,0,0,0,0,0,0,0,0,0],[8,0,52,30,0,0,1,0,1,0,0,0,11,0,0,0,4,0,0,0,0,0,0,0,0,0,0,0],[7,0,29,13,0,0,6,0,0,0,0,0,28,0,0,0,3,0,0,0,0,0,0,0,0,0,0,0],[15,1,40,22,0,0,0,4,0,1,0,0,14,0,0,0,4,0,0,0,0,0,0,0,0,0,0,0],[11,0,41,20,0,0,0,1,0,0,0,0,9,0,0,0,2,0,0,0,0,0,0,0,0,0,0,0],[5,2,15,15,0,0,2,0,0,0,0,0,32,0,0,0,1,0,0,0,0,0,0,0,0,0,0,0],[1,0,25,7,0,0,3,0,1,0,0,0,11,0,0,0,0,0,0,0,0,0,0,0,0,0,0,9]]}