{"Accuracy":0.12393980848153215,"Precision":0.09051643150582935,"Recall":0.12393980848153215,"F1 Score":0.0729582620775748,"Adjusted Rand Index":0.01439380404247201,"Precision by cluster":[0.08333333333333333,0.10499325236167341,0.15463917525773196,0.07888249794576828,0.0,0.14285714285714285,0.37362637362637363,0.0,0.18181818181818182,0.09090909090909091,0.0,0.12280701754385964,0.09724047306176084,0.0,0.0,0.0,0.0659025787965616,0.0,0.0,0.0,0.0,0.0,0.0,0.0,0.0,0.0,0.0,0.75],"Recall by cluster":[0.02177293934681182,0.6164817749603804,0.07364975450081833,0.19591836734693877,0.0,0.009174311926605505,0.5891089108910891,0.0,0.03858520900321544,0.0035460992907801418,0.0,0.02681992337164751,0.30833333333333335,0.0,0.0,0.0,0.1329479768786127,0.0,0.0,0.0,0.0,0.0,0.0,0.0,0.0,0.0,0.0,0.04838709677419355],"F1 score by cluster":[0.0345252774352651,0.17942804428044282,0.09977827050997783,0.11247803163444639,0.0,0.017241379310344827,0.457252641690682,0.0,0.0636604774535809,0.006825938566552901,0.0,0.0440251572327044,0.14785214785214784,0.0,0.0,0.0,0.08812260536398467,0.0,0.0,0.0,0.0,0.0,0.0,0.0,0.0,0.0,0.0,0.09090909090909091],"confusion_matrix":[[14,351,35,121,0,3,26,2,2,0,0,5,60,0,0,0,24,0,0,0,0,0,0,0,0,0,0,0],[16,389,19,91,0,4,21,0,3,0,1,5,60,0,0,0,22,0,0,0,0,0,0,0,0,0,0,0],[22,275,45,176,0,2,9,3,6,1,0,6,44,1,0,0,21,0,0,0,0,0,0,0,0,0,0,0],[14,280,17,96,0,0,7,0,1,2,2,2,46,0,0,0,23,0,0,0,0,0,0,0,0,0,0,0],[10,245,26,95,0,2,5,0,3,1,0,1,36,0,0,0,20,0,0,0,0,0,0,0,0,0,0,0],[11,254,19,106,0,4,0,0,0,1,0,2,19,0,0,0,20,0,0,0,0,0,0,0,0,0,0,0],[3,92,4,21,0,1,238,0,0,0,0,1,35,0,0,0,9,0,0,0,0,0,0,0,0,0,0,0],[9,134,20,82,0,1,4,0,1,1,1,3,30,0,0,0,26,0,0,0,0,0,0,0,0,0,0,0],[6,155,10,37,0,1,28,2,12,0,0,2,41,0,0,0,16,0,0,0,0,0,0,0,0,0,0,1],[8,153,11,56,0,1,7,0,0,1,0,2,30,0,0,0,13,0,0,0,0,0,0,0,0,0,0,0],[2,181,7,27,0,2,23,1,0,0,0,4,23,0,0,0,6,0,0,0,0,0,0,0,0,0,0,0],[2,121,10,23,0,1,39,0,1,1,0,7,44,0,0,0,12,0,0,0,0,0,0,0,0,0,0,0],[2,68,0,7,0,0,60,0,2,0,0,2,74,0,0,0,25,0,0,0,0,0,0,0,0,0,0,0],[3,140,10,32,0,0,33,0,7,0,0,3,14,0,0,0,3,0,0,0,0,0,0,0,0,0,0,0],[7,107,14,48,0,3,9,0,4,1,0,0,16,0,0,0,6,0,0,0,0,0,0,0,0,0,0,0],[9,115,12,48,0,0,3,0,0,0,0,2,24,0,0,0,11,0,0,0,0,0,0,0,0,0,0,0],[1,54,1,11,0,0,43,0,0,0,0,2,38,0,0,0,23,0,0,0,0,0,0,0,0,0,0,0],[3,73,6,13,0,0,11,0,1,0,0,0,9,0,0,0,3,0,0,0,0,0,0,0,0,0,0,0],[6,61,4,14,0,0,17,0,4,0,0,0,12,0,0,0,10,0,0,0,0,0,0,0,0,0,0,0],[0,68,1,10,0,0,16,0,2,0,0,0,15,0,0,0,7,0,0,0,0,0,0,0,0,0,0,0],[0,78,2,10,0,0,8,0,1,0,0,1,16,0,0,0,9,0,0,0,0,0,0,0,0,0,0,0],[3,57,1,19,0,1,9,0,3,1,0,1,18,0,0,0,15,0,0,0,0,0,0,0,0,0,0,0],[3,66,9,24,0,0,0,2,1,0,0,0,6,0,0,0,5,0,0,0,0,0,0,0,0,0,0,0],[3,44,3,7,0,2,9,0,1,0,0,2,16,0,0,0,6,0,0,0,0,0,0,0,0,0,0,0],[2,55,1,15,0,0,2,1,0,0,0,1,5,0,0,0,3,0,0,0,0,0,0,0,0,0,0,0],[6,31,3,17,0,0,0,0,1,0,0,0,6,0,0,0,2,0,0,0,0,0,0,0,0,0,0,0],[1,35,0,6,0,0,2,0,0,1,0,2,16,0,0,0,8,0,0,0,0,0,0,0,0,0,0,0],[2,23,1,5,0,0,8,0,10,0,0,1,8,0,0,0,1,0,0,0,0,0,0,0,0,0,0,3]]}