{"Accuracy":0.11751025991792066,"Precision":0.06547862994507316,"Recall":0.11751025991792066,"F1 Score":0.05489113270622209,"Adjusted Rand Index":0.01674387973438521,"Precision by cluster":[0.08597285067873303,0.16666666666666666,0.10167757774140752,0.09482758620689655,0.0,0.0,0.340625,0.0,0.13253012048192772,0.0,0.0,0.07740585774058577,0.07462686567164178,0.0,0.0,0.0,0.0625,0.0,0.0,0.0,0.0,0.0,0.0,0.0,0.0,0.0,0.0,0.0],"Recall by cluster":[0.03035143769968051,0.005110732538330494,0.8297161936560935,0.020872865275142316,0.0,0.0,0.5891891891891892,0.0,0.03691275167785235,0.0,0.0,0.15040650406504066,0.20599250936329588,0.0,0.0,0.0,0.043010752688172046,0.0,0.0,0.0,0.0,0.0,0.0,0.0,0.0,0.0,0.0,0.0],"F1 score by cluster":[0.0448642266824085,0.009917355371900827,0.18115545835611446,0.03421461897356143,0.0,0.0,0.4316831683168317,0.0,0.05774278215223097,0.0,0.0,0.10220994475138122,0.10956175298804781,0.0,0.0,0.0,0.050955414012738856,0.0,0.0,0.0,0.0,0.0,0.0,0.0,0.0,0.0,0.0,0.0],"confusion_matrix":[[19,3,461,13,0,0,29,0,7,0,0,25,63,0,0,0,6,0,0,0,0,0,0,0,0,0,0,0],[42,3,397,9,0,0,37,0,3,0,0,33,53,0,0,0,10,0,0,0,0,0,0,0,0,0,0,0],[9,0,497,9,0,0,6,0,9,0,0,27,35,0,0,0,7,0,0,0,0,0,0,0,0,0,0,0],[17,0,407,11,0,0,4,0,3,0,0,33,45,0,0,0,7,0,0,0,0,0,0,0,0,0,0,0],[10,0,358,4,0,0,4,0,6,0,0,19,35,0,0,0,4,0,0,0,0,0,0,0,0,0,0,0],[6,0,369,7,0,0,3,0,5,0,0,15,31,0,0,0,3,0,0,0,0,0,0,0,0,0,0,0],[4,0,97,0,0,0,218,0,1,0,0,23,20,0,0,0,7,0,0,0,0,0,0,0,0,0,0,0],[5,0,239,5,0,0,7,0,2,0,0,20,41,0,0,0,10,0,0,0,0,0,0,0,0,0,0,0],[15,3,169,4,0,0,40,0,11,0,0,17,35,0,0,0,4,0,0,0,0,0,0,0,0,0,0,0],[10,1,226,6,0,0,8,0,2,0,0,22,34,0,0,0,7,0,0,0,0,0,0,0,0,0,0,0],[9,4,182,10,0,0,21,0,2,0,0,18,25,0,0,0,6,0,0,0,0,0,0,0,0,0,0,0],[6,0,116,5,0,0,45,0,2,0,0,37,30,0,0,0,5,0,0,0,0,0,0,0,0,0,0,0],[7,0,47,2,0,0,77,0,0,0,0,66,55,0,0,0,13,0,0,0,0,0,0,0,0,0,0,0],[10,0,180,2,0,0,28,0,6,0,0,16,23,0,0,0,3,0,0,0,0,0,0,0,0,0,0,0],[4,1,146,2,0,0,13,0,3,0,0,9,18,0,0,0,5,0,0,0,0,0,0,0,0,0,0,0],[4,0,179,4,0,0,2,1,2,0,0,15,22,0,0,0,2,0,0,0,0,0,0,0,0,0,0,0],[2,0,73,4,0,0,32,0,3,0,0,23,41,0,0,0,8,0,0,0,0,0,0,0,0,0,0,0],[9,0,87,2,0,0,10,0,2,0,0,6,9,0,0,0,2,0,0,0,0,0,0,0,0,0,0,0],[5,1,80,4,0,0,12,0,0,0,0,7,16,0,0,0,4,0,0,0,0,0,0,0,0,0,0,0],[6,1,69,2,0,0,9,0,0,0,0,7,18,0,0,0,1,0,0,0,0,0,0,0,0,0,0,0],[6,0,70,2,0,0,9,0,0,0,0,9,14,0,0,0,3,0,0,0,0,0,0,0,0,0,0,0],[3,1,68,3,0,0,6,0,2,0,0,5,21,0,0,0,5,0,0,0,0,0,0,0,0,0,0,0],[3,0,89,3,0,0,1,0,0,0,0,3,8,0,0,0,0,0,0,0,0,0,0,0,0,0,0,0],[2,0,50,0,0,0,8,0,0,0,0,8,15,0,0,0,3,0,0,0,0,0,0,0,0,0,0,0],[2,0,84,3,0,0,2,0,1,0,0,3,5,0,0,0,1,0,0,0,0,0,0,0,0,0,0,0],[2,0,77,0,0,0,1,0,1,0,0,1,2,0,0,0,0,0,0,0,0,0,0,0,0,0,0,0],[4,0,37,0,0,0,4,0,0,0,0,6,19,0,0,0,2,0,0,0,0,0,0,0,0,0,0,0],[0,0,34,0,0,0,4,0,10,0,0,5,4,0,0,0,0,0,0,0,0,0,0,0,0,0,0,0]]}