{"Accuracy":0.14404924760601914,"Precision":0.12726940220273525,"Recall":0.14404924760601914,"F1 Score":0.12150579625102399,"Adjusted Rand Index":0.027818746847186153,"Precision by cluster":[0.10081112398609501,0.15082382762991128,0.2212962962962963,0.10176991150442478,0.06756756756756757,0.12156862745098039,0.5091383812010444,0.12318840579710146,0.13218390804597702,0.0958904109589041,0.08554913294797688,0.23684210526315788,0.17045454545454544,0.10080645161290322,0.0,0.0,0.07426856714178545,0.0,0.0,0.0,0.0,0.0,0.0,0.0,0.0,0.0,0.0,0.42105263157894735],"Recall by cluster":[0.13530326594090203,0.18858954041204437,0.3911620294599018,0.14081632653061224,0.01126126126126126,0.07110091743119266,0.48267326732673266,0.05448717948717949,0.07395498392282958,0.04964539007092199,0.26811594202898553,0.06896551724137931,0.125,0.10204081632653061,0.0,0.0,0.5722543352601156,0.0,0.0,0.0,0.0,0.0,0.0,0.0,0.0,0.0,0.0,0.12903225806451613],"F1 score by cluster":[0.11553784860557768,0.1676056338028169,0.2826729745712596,0.11815068493150685,0.019305019305019305,0.08972503617945007,0.49555273189326554,0.07555555555555556,0.09484536082474226,0.06542056074766354,0.12971078001752848,0.10682492581602374,0.14423076923076922,0.10141987829614604,0.0,0.0,0.13147410358565736,0.0,0.0,0.0,0.0,0.0,0.0,0.0,0.0,0.0,0.0,0.19753086419753085],"confusion_matrix":[[87,76,103,67,8,32,13,17,14,8,76,5,10,31,1,0,95,0,0,0,0,0,0,0,0,0,0,0],[75,119,35,54,0,13,13,4,23,18,108,6,8,30,0,0,124,0,0,1,0,0,0,0,0,0,0,0],[62,37,239,72,15,34,2,17,5,7,45,4,5,13,1,0,51,0,0,0,0,0,0,1,0,0,0,1],[90,52,48,69,5,20,1,5,6,18,85,4,12,11,0,0,63,0,1,0,0,0,0,0,0,0,0,0],[67,49,103,45,5,22,1,11,6,7,53,0,6,17,0,0,51,0,0,0,0,0,0,0,0,0,0,1],[71,52,68,74,6,31,1,12,4,10,44,2,4,16,0,0,41,0,0,0,0,0,0,0,0,0,0,0],[23,19,13,8,1,0,195,0,9,2,26,5,8,13,0,0,82,0,0,0,0,0,0,0,0,0,0,0],[36,12,115,41,8,7,1,17,2,6,27,1,4,0,0,0,34,0,1,0,0,0,0,0,0,0,0,0],[25,30,47,16,5,12,8,3,23,4,27,0,4,9,0,0,94,0,1,0,0,0,0,0,0,0,0,3],[33,25,47,38,3,14,1,10,6,14,35,3,2,7,0,0,44,0,0,0,0,0,0,0,0,0,0,0],[29,44,8,12,1,7,18,0,8,9,74,3,8,3,0,0,51,0,1,0,0,0,0,0,0,0,0,0],[23,28,8,13,0,3,20,3,6,4,37,18,23,14,0,0,60,0,0,0,0,0,0,0,0,0,0,1],[19,14,4,6,0,1,24,1,7,2,10,8,30,1,0,0,113,0,0,0,0,0,0,0,0,0,0,0],[23,37,15,16,1,7,25,2,16,2,37,0,7,25,1,0,29,0,0,0,0,0,0,0,0,0,0,2],[28,22,52,22,4,9,8,3,3,2,20,1,3,6,0,0,31,0,0,0,0,0,0,0,0,0,0,1],[37,22,49,30,2,12,1,9,0,3,20,2,6,6,0,0,25,0,0,0,0,0,0,0,0,0,0,0],[9,5,6,4,2,0,13,1,8,0,14,1,9,1,0,0,99,0,1,0,0,0,0,0,0,0,0,0],[10,16,17,10,0,4,9,2,3,1,16,0,2,9,0,0,20,0,0,0,0,0,0,0,0,0,0,0],[14,12,17,7,2,4,5,4,6,4,10,0,3,0,0,0,38,0,0,0,0,0,0,0,0,0,0,2],[14,21,7,7,0,3,8,2,2,4,14,1,3,2,0,0,31,0,0,0,0,0,0,0,0,0,0,0],[7,24,4,10,0,2,2,5,4,1,15,1,2,8,0,0,40,0,0,0,0,0,0,0,0,0,0,0],[19,10,6,11,2,1,4,0,2,6,14,4,5,3,0,0,40,0,1,0,0,0,0,0,0,0,0,0],[17,14,26,17,2,3,0,2,0,5,15,0,1,4,0,0,10,0,0,0,0,0,0,0,0,0,0,0],[13,11,7,6,0,2,5,0,2,1,7,5,2,8,0,0,23,0,1,0,0,0,0,0,0,0,0,0],[12,17,7,10,1,5,1,3,1,5,12,0,1,2,0,0,7,0,0,1,0,0,0,0,0,0,0,0],[10,5,23,2,1,3,0,4,0,3,6,0,0,4,0,0,5,0,0,0,0,0,0,0,0,0,0,0],[9,8,2,5,0,2,1,0,1,0,13,1,5,3,0,0,21,0,0,0,0,0,0,0,0,0,0,0],[1,8,4,6,0,2,3,1,7,0,5,1,3,2,0,0,11,0,0,0,0,0,0,0,0,0,0,8]]}