{"Accuracy":0.1594857064697032,"Precision":0.07298594490932969,"Recall":0.1594857064697032,"F1 Score":0.08674430471079146,"Adjusted Rand Index":0.02732741106230693,"Precision by cluster":[0.09736842105263158,0.13908959537572255,0.1681374825824431,0.10922330097087378,0.0,0.0,0.3159379407616361,0.0,0.23076923076923078,0.0,0.0,0.0,0.14492753623188406,0.0,0.0,0.0,0.0,0.0,0.0,0.0,0.0,0.0,0.0,0.0,0.0,0.0,0.0,0.0],"Recall by cluster":[0.11708860759493671,0.5978260869565217,0.6188034188034188,0.08555133079847908,0.0,0.0,0.5879265091863517,0.0,0.020134228187919462,0.0,0.0,0.0,0.2702702702702703,0.0,0.0,0.0,0.0,0.0,0.0,0.0,0.0,0.0,0.0,0.0,0.0,0.0,0.0,0.0],"F1 score by cluster":[0.10632183908045977,0.2256740914419695,0.26442658875091307,0.09594882729211088,0.0,0.0,0.41100917431192663,0.0,0.037037037037037035,0.0,0.0,0.0,0.18867924528301888,0.0,0.0,0.0,0.0,0.0,0.0,0.0,0.0,0.0,0.0,0.0,0.0,0.0,0.0,0.0],"confusion_matrix":[[74,240,207,48,0,0,35,0,3,0,0,0,25,0,0,0,0,0,0,0,0,0,0,0,0,0,0,0],[64,385,106,22,0,0,34,0,0,0,0,0,33,0,0,0,0,0,0,0,0,0,0,0,0,0,0,0],[57,108,362,28,0,0,12,0,2,0,0,0,16,0,0,0,0,0,0,0,0,0,0,0,0,0,0,0],[80,219,156,45,0,0,5,0,0,0,0,0,21,0,0,0,0,0,0,0,0,0,0,0,0,0,0,0],[49,128,196,24,0,0,4,0,2,0,0,0,8,0,0,0,0,0,0,0,0,0,0,0,0,0,0,0],[54,167,176,27,0,0,6,0,1,0,0,0,13,0,0,0,0,0,0,0,0,0,0,0,0,0,0,0],[21,86,27,7,0,0,224,0,1,0,0,0,15,0,0,0,0,0,0,0,0,0,0,0,0,0,0,0],[33,57,169,32,0,0,8,0,0,0,0,0,22,0,0,0,0,0,0,0,0,0,0,0,0,0,0,0],[22,119,75,12,0,0,34,0,6,0,0,0,30,0,0,0,0,0,0,0,0,0,0,0,0,0,0,0],[35,113,107,18,0,0,3,0,0,0,0,0,28,0,0,0,0,0,0,0,0,0,0,0,0,0,0,0],[27,160,34,9,0,0,29,0,0,0,0,0,13,0,0,0,0,0,0,0,0,0,0,0,0,0,0,0],[19,95,34,13,0,0,46,0,0,0,0,0,22,0,0,0,0,0,0,0,0,0,0,0,0,0,0,0],[16,61,14,15,0,0,83,0,0,0,0,0,70,0,0,0,0,0,0,0,0,0,0,0,0,0,0,0],[26,125,47,6,0,0,32,0,3,0,0,0,17,0,0,0,0,0,0,0,0,0,0,0,0,0,0,0],[24,76,79,7,0,0,17,0,0,0,0,0,13,0,0,0,0,0,0,0,0,0,0,0,0,0,0,0],[19,75,78,14,0,0,8,0,1,0,0,0,8,0,0,0,0,0,0,0,0,0,0,0,0,0,0,0],[13,53,10,18,0,0,37,0,0,0,0,0,48,0,0,0,0,0,0,0,0,0,0,0,0,0,0,0],[13,60,32,9,0,0,9,0,0,0,0,0,8,0,0,0,0,0,0,0,0,0,0,0,0,0,0,0],[14,59,33,4,0,0,15,0,0,0,0,0,15,0,0,0,0,0,0,0,0,0,0,0,0,0,0,0],[11,67,21,4,0,0,19,0,0,0,0,0,16,0,0,0,0,0,0,0,0,0,0,0,0,0,0,0],[16,61,9,7,0,0,14,0,0,0,0,0,7,0,0,0,0,0,0,0,0,0,0,0,0,0,0,0],[10,50,18,6,0,0,6,0,0,0,0,0,12,0,0,0,0,0,0,0,0,0,0,0,0,0,0,0],[17,30,35,10,0,0,1,0,0,0,0,0,0,0,0,0,0,0,0,0,0,0,0,0,0,0,0,0],[12,36,21,6,0,0,14,0,0,0,0,0,5,0,0,0,0,0,0,0,0,0,0,0,0,0,0,0],[7,50,21,12,0,0,3,0,0,0,0,0,5,0,0,0,0,0,0,0,0,0,0,0,0,0,0,0],[13,20,49,3,0,0,1,0,0,0,0,0,5,0,0,0,0,0,0,0,0,0,0,0,0,0,0,0],[7,45,14,5,0,0,4,0,0,0,0,0,7,0,0,0,0,0,0,0,0,0,0,0,0,0,0,0],[7,23,23,1,0,0,6,0,7,0,0,0,1,0,0,0,0,0,0,0,0,0,0,0,0,0,0,0]],"epoch_accuracies":[[0.0786593707250342,0.09863201094391245,0.10164158686730507,0.10528955768353854,0.10579115367077063,0.10802553579571364,0.11203830369357046,0.1113999088007296,0.11769265845873234,0.11805745554035568,0.12211582307341541,0.12352941176470589,0.1265389876880985,0.12425900592795258,0.128499772001824,0.13337893296853626,0.13082535339717283,0.13451892384860922,0.13388052895576835,0.13903328773369814,0.1384404924760602,0.13985408116735065,0.1397172822617419,0.1394892840857273,0.14231646146830826,0.1429092567259462,0.1454172366621067,0.14582763337893298,0.14751481988144094,0.1476060191518468],[0.1131172206264533,0.11667350567637806,0.11626316509369443,0.11380112159759267,0.1192723293667077,0.11694706606483381,0.11626316509369443,0.11667350567637806,0.12529065791273425,0.1380112159759267,0.14006291888934483,0.13595951306250856,0.13883189714129393,0.14143072083162359,0.14266174257967446,0.1452605662700041,0.14225140199699082,0.1458076870469156,0.14936397209684038,0.14826973054301737,0.1447134454930926,0.14567090685268774,0.1470387087949665,0.15305703734099302,0.1515524552044864,0.15579264122555053,0.1537409383121324,0.15456161947749966,0.15675010258514568,0.1577075639447408]]}