{"Accuracy":0.09794801641586867,"Precision":0.100473583337271,"Recall":0.09794801641586867,"F1 Score":0.0779229070243887,"Adjusted Rand Index":0.01296755776896714,"Precision by cluster":[0.10628019323671498,0.11651179413867048,0.18282988871224165,0.1111111111111111,0.16666666666666666,0.09210526315789473,0.25359712230215825,0.18181818181818182,0.0975609756097561,0.037914691943127965,0.059734513274336286,0.06666666666666667,0.10256410256410256,0.0353448275862069,0.0,0.0,0.06767676767676768,0.018018018018018018,0.047619047619047616,0.02857142857142857,0.022727272727272728,0.03875968992248062,0.0,0.0,0.0,0.0,0.0,0.2702702702702703],"Recall by cluster":[0.035541195476575124,0.2676518883415435,0.19458544839255498,0.03731343283582089,0.01580135440180587,0.1431818181818182,0.3810810810810811,0.011940298507462687,0.025157232704402517,0.028169014084507043,0.1018867924528302,0.003816793893129771,0.02973977695167286,0.17982456140350878,0.0,0.0,0.432258064516129,0.017391304347826087,0.015267175572519083,0.007692307692307693,0.008849557522123894,0.041666666666666664,0.0,0.0,0.0,0.0,0.0,0.13157894736842105],"F1 score by cluster":[0.053268765133171914,0.16235059760956175,0.1885245901639344,0.055865921787709494,0.0288659793814433,0.11209964412811388,0.3045356371490281,0.022408963585434174,0.04,0.03232323232323232,0.07531380753138076,0.007220216606498195,0.04610951008645533,0.059077809798270896,0.0,0.0,0.11703056768558952,0.017699115044247787,0.023121387283236993,0.012121212121212121,0.012738853503184714,0.040160642570281124,0.0,0.0,0.0,0.0,0.0,0.17699115044247787],"confusion_matrix":[[22,130,64,13,4,73,31,2,7,12,50,2,4,107,1,4,47,8,5,3,3,11,0,5,5,0,1,5],[9,163,27,9,0,42,45,0,8,18,57,2,5,101,1,1,78,6,2,6,4,8,0,9,3,0,4,1],[30,83,115,18,6,75,13,5,2,16,23,1,0,115,2,6,35,10,3,3,1,7,1,11,6,1,1,2],[10,114,38,20,0,53,25,1,4,20,35,3,3,101,1,3,58,10,0,4,5,13,3,12,0,0,0,0],[18,88,50,18,7,41,18,2,3,15,28,1,1,83,0,3,34,9,1,1,2,12,1,4,3,0,0,0],[12,101,25,13,4,63,21,0,2,13,39,1,0,88,1,0,23,9,0,4,4,5,0,7,2,0,3,0],[3,38,7,5,0,13,141,0,5,3,7,0,13,26,0,1,87,5,4,3,4,1,0,4,0,0,0,0],[22,49,54,11,3,39,5,4,5,19,16,2,0,42,0,2,29,6,1,0,2,8,2,8,2,0,2,2],[8,52,29,5,1,16,18,1,8,9,9,1,7,45,0,0,74,10,3,2,2,4,1,4,0,0,1,8],[8,65,26,10,3,35,8,2,2,8,15,0,1,46,0,0,34,4,3,0,1,9,0,4,0,0,0,0],[6,74,15,4,0,18,20,0,5,4,27,0,3,40,0,0,25,4,3,3,2,5,2,4,0,0,1,0],[3,39,16,4,1,21,26,0,5,7,10,1,9,36,1,1,63,3,1,2,1,1,1,7,0,0,2,1],[2,32,27,0,1,15,38,0,5,6,8,0,8,14,0,0,100,0,4,0,1,4,0,3,0,0,1,0],[5,51,9,6,0,13,30,0,2,6,14,0,2,41,0,1,29,0,2,0,0,4,2,3,2,0,0,6],[8,43,27,6,3,27,14,0,0,8,14,0,2,47,0,1,16,2,2,0,1,7,0,2,1,0,1,0],[3,38,18,7,1,23,10,1,1,12,16,1,0,37,3,0,24,2,0,0,2,2,0,2,0,0,0,0],[2,20,4,2,1,7,15,0,3,3,6,0,4,9,0,1,67,4,3,0,0,2,2,0,0,0,0,0],[8,22,5,0,0,5,10,0,2,3,4,0,1,26,1,0,15,2,0,1,0,6,1,1,1,0,0,1],[5,22,16,2,1,13,8,0,1,2,6,0,3,13,0,0,28,4,2,0,1,1,0,2,1,0,0,0],[2,23,4,4,0,8,18,0,1,3,9,0,4,20,1,0,24,1,0,1,2,3,1,0,1,0,0,0],[4,24,7,0,1,6,10,0,0,2,11,0,0,18,0,0,23,1,1,0,1,2,0,0,0,0,2,0],[1,25,14,3,0,17,5,0,1,2,7,0,2,14,0,0,19,2,0,1,0,5,0,2,0,0,0,0],[2,24,8,5,2,12,4,1,1,5,7,0,0,24,0,1,5,4,0,0,0,2,0,0,2,0,1,0],[2,17,5,4,0,15,7,2,3,5,4,0,2,15,0,0,23,0,2,0,0,1,0,0,1,0,0,0],[5,14,3,4,0,7,3,0,0,3,12,0,0,21,0,1,8,1,0,1,3,1,0,0,0,0,1,0],[6,18,9,4,2,12,2,1,1,3,6,0,0,10,0,0,4,1,0,0,0,1,0,2,0,0,0,1],[0,17,3,1,0,8,7,0,3,4,10,0,3,8,0,0,9,1,0,0,0,2,0,0,1,0,0,0],[1,13,4,2,1,7,4,0,2,0,2,0,1,13,0,0,9,2,0,0,2,2,0,0,1,0,0,10]],"epoch_accuracies":[[0.1051023665131549,0.11449546304318088,0.12402535224111988,0.13528794856595686,0.14723450823035886,0.15111030048789384,0.15836031188728283,0.16474396972322283,0.17491222470475581,0.19228489352970682,0.20687611144042678,0.22547991427659478,0.25963248369887376,0.3210979891477817,0.4107427841867676],[0.09493844049247606,0.12216142270861834,0.1158686730506156,0.13666210670314638,0.13789329685362517,0.14336525307797537,0.12352941176470589,0.09767441860465116,0.10054719562243503,0.1131326949384405,0.11600547195622435,0.1039671682626539,0.10054719562243503,0.0908344733242134,0.09794801641586867]]}