{"Accuracy":0.12558139534883722,"Precision":0.08012443187323122,"Recall":0.12558139534883722,"F1 Score":0.08405675685477154,"Adjusted Rand Index":0.015478915419491,"Precision by cluster":[0.1040268456375839,0.12265834076717216,0.15254237288135594,0.09015025041736227,0.0,0.08333333333333333,0.4132841328413284,0.0,0.09836065573770492,0.0,0.020833333333333332,0.08450704225352113,0.08565989847715735,0.0,0.0,0.0,0.03636363636363636,0.0,0.0,0.0,0.0,0.0,0.0,0.0,0.0,0.0,0.0,0.25],"Recall by cluster":[0.09642301710730948,0.4358161648177496,0.088379705400982,0.22040816326530613,0.0,0.08486238532110092,0.5544554455445545,0.0,0.03858520900321544,0.0,0.007246376811594203,0.022988505747126436,0.5625,0.0,0.0,0.0,0.011560693641618497,0.0,0.0,0.0,0.0,0.0,0.0,0.0,0.0,0.0,0.0,0.016129032258064516],"F1 score by cluster":[0.10008071025020178,0.19143752175426385,0.11191709844559586,0.12796208530805686,0.0,0.08409090909090909,0.47357293868921774,0.0,0.05542725173210162,0.0,0.010752688172043012,0.03614457831325301,0.1486784140969163,0.0,0.0,0.0,0.017543859649122806,0.0,0.0,0.0,0.0,0.0,0.0,0.0,0.0,0.0,0.0,0.030303030303030304],"confusion_matrix":[[62,201,43,126,0,50,24,1,9,0,10,8,104,0,0,0,5,0,0,0,0,0,0,0,0,0,0,0],[54,275,24,90,0,33,16,0,8,1,7,1,119,0,0,0,3,0,0,0,0,0,0,0,0,0,0,0],[85,133,54,149,0,58,6,1,15,0,6,6,95,0,0,0,3,0,0,0,0,0,0,0,0,0,0,0],[37,177,23,108,0,24,4,0,4,0,13,2,95,0,0,0,3,0,0,0,0,0,0,0,0,0,0,0],[47,146,34,91,0,33,5,0,6,0,4,3,71,0,0,0,4,0,0,0,0,0,0,0,0,0,0,0],[46,146,22,104,0,37,0,0,3,0,8,8,59,0,0,0,3,0,0,0,0,0,0,0,0,0,0,0],[9,55,4,21,0,17,224,0,3,0,2,3,64,0,0,0,2,0,0,0,0,0,0,0,0,0,0,0],[25,77,21,75,0,11,2,0,4,1,4,4,81,0,0,0,6,0,0,0,0,0,0,0,0,0,0,1],[24,99,14,34,0,13,21,0,12,1,3,2,86,0,0,0,2,0,0,0,0,0,0,0,0,0,0,0],[22,84,12,59,0,23,4,0,2,0,7,4,63,0,0,0,2,0,0,0,0,0,0,0,0,0,0,0],[14,122,9,45,0,11,20,0,0,0,2,1,51,0,0,0,1,0,0,0,0,0,0,0,0,0,0,0],[16,73,9,27,0,12,30,0,5,1,2,6,79,1,0,0,0,0,0,0,0,0,0,0,0,0,0,0],[7,39,0,6,0,1,46,0,0,0,2,4,135,0,0,0,0,0,0,0,0,0,0,0,0,0,0,0],[21,79,10,34,0,18,30,0,13,0,4,3,33,0,0,0,0,0,0,0,0,0,0,0,0,0,0,0],[24,63,19,38,0,15,6,0,3,0,1,2,38,0,0,0,4,0,0,0,0,0,0,0,0,0,0,2],[15,73,16,44,0,21,3,0,1,0,5,2,41,0,0,0,3,0,0,0,0,0,0,0,0,0,0,0],[5,31,0,5,0,2,35,0,1,0,2,3,87,0,0,0,2,0,0,0,0,0,0,0,0,0,0,0],[14,39,4,13,0,9,9,0,4,0,5,1,21,0,0,0,0,0,0,0,0,0,0,0,0,0,0,0],[9,34,4,19,0,5,14,0,6,1,1,0,35,0,0,0,0,0,0,0,0,0,0,0,0,0,0,0],[8,46,1,9,0,6,13,0,1,0,0,0,33,0,0,0,2,0,0,0,0,0,0,0,0,0,0,0],[7,54,4,10,0,7,6,0,1,0,2,0,34,0,0,0,0,0,0,0,0,0,0,0,0,0,0,0],[8,37,9,14,0,4,6,0,2,0,1,1,45,0,0,0,1,0,0,0,0,0,0,0,0,0,0,0],[6,35,7,28,0,9,0,1,2,0,2,2,19,0,0,0,5,0,0,0,0,0,0,0,0,0,0,0],[8,28,0,10,0,9,8,0,4,0,1,1,24,0,0,0,0,0,0,0,0,0,0,0,0,0,0,0],[5,37,4,12,0,4,1,1,0,0,1,1,18,0,0,0,1,0,0,0,0,0,0,0,0,0,0,0],[8,17,5,16,0,6,0,0,1,0,0,1,10,0,0,0,2,0,0,0,0,0,0,0,0,0,0,0],[6,28,0,5,0,3,2,0,0,0,1,0,25,0,0,0,1,0,0,0,0,0,0,0,0,0,0,0],[4,14,2,6,0,3,7,0,12,0,0,2,11,0,0,0,0,0,0,0,0,0,0,0,0,0,0,1]]}