{"Accuracy":0.11751025991792066,"Precision":0.10130590438779197,"Recall":0.11751025991792066,"F1 Score":0.06267625920146662,"Adjusted Rand Index":0.015471125974149295,"Precision by cluster":[0.07894736842105263,0.0,0.10185441461389427,0.1037567084078712,0.0,0.0,0.44206008583690987,0.08333333333333333,0.06896551724137931,1.0,0.0,0.0,0.08829568788501027,0.0,0.0,0.0,0.043243243243243246,0.0,0.0,0.0,0.0,0.0,0.0,0.0,0.0,0.0,0.0,0.2857142857142857],"Recall by cluster":[0.038338658146964855,0.0,0.6143572621035058,0.11005692599620494,0.0,0.0,0.5567567567567567,0.0364741641337386,0.006711409395973154,0.0031645569620253164,0.0,0.0,0.6441947565543071,0.0,0.0,0.0,0.043010752688172046,0.0,0.0,0.0,0.0,0.0,0.0,0.0,0.0,0.0,0.0,0.14035087719298245],"F1 score by cluster":[0.05161290322580645,0.0,0.17473884140550808,0.10681399631675875,0.0,0.0,0.49282296650717705,0.0507399577167019,0.012232415902140673,0.006309148264984227,0.0,0.0,0.15530474040632053,0.0,0.0,0.0,0.0431266846361186,0.0,0.0,0.0,0.0,0.0,0.0,0.0,0.0,0.0,0.0,0.18823529411764706],"confusion_matrix":[[24,2,346,50,0,0,22,15,4,0,0,2,146,0,0,0,14,0,0,0,0,0,0,0,0,0,0,1],[31,0,317,41,0,0,21,17,0,0,0,0,148,0,0,0,11,0,0,0,0,0,0,0,0,0,0,1],[23,0,368,54,0,0,2,15,7,0,0,1,114,0,0,0,15,0,0,0,0,0,0,0,0,0,0,0],[26,0,286,58,0,0,3,12,0,0,0,3,120,0,0,0,19,0,0,0,0,0,0,0,0,0,0,0],[19,0,274,42,0,0,4,8,1,0,0,1,83,0,0,0,7,0,0,0,0,0,0,0,0,0,0,1],[20,0,288,39,0,0,1,9,0,0,0,1,71,0,0,0,10,0,0,0,0,0,0,0,0,0,0,0],[5,1,73,8,0,0,206,0,0,0,0,1,68,0,0,0,8,0,0,0,0,0,0,0,0,0,0,0],[14,0,145,41,0,0,3,12,1,0,0,1,105,0,0,0,7,0,0,0,0,0,0,0,0,0,0,0],[15,0,140,12,0,0,23,4,2,0,0,1,82,0,0,0,9,0,0,0,0,0,0,0,0,0,0,10],[12,0,172,19,0,0,3,7,2,1,0,2,95,0,0,0,3,0,0,0,0,0,0,0,0,0,0,0],[15,4,129,26,0,1,16,8,0,0,0,0,71,0,0,0,7,0,0,0,0,0,0,0,0,0,0,0],[13,0,80,16,0,0,33,1,0,0,0,0,98,0,0,0,5,0,0,0,0,0,0,0,0,0,0,0],[5,1,17,10,0,0,51,0,0,0,0,2,172,0,0,0,9,0,0,0,0,0,0,0,0,0,0,0],[8,0,144,15,0,0,20,4,1,0,0,0,64,0,0,0,6,0,0,0,0,0,0,0,0,0,0,6],[10,1,104,21,0,0,8,3,1,0,0,1,46,0,0,0,5,0,0,0,0,0,0,0,0,0,0,1],[15,0,124,16,0,0,0,8,4,0,0,1,58,0,0,0,5,0,0,0,0,0,0,0,0,0,0,0],[6,0,40,11,0,0,19,1,0,0,0,0,101,0,0,0,8,0,0,0,0,0,0,0,0,0,0,0],[6,1,77,7,0,0,6,3,1,0,0,0,24,0,0,0,2,0,0,0,0,0,0,0,0,0,0,0],[6,1,61,8,0,0,4,0,1,0,0,0,42,0,0,0,6,0,0,0,0,0,0,0,0,0,0,0],[2,2,44,12,0,0,3,3,1,0,0,0,40,0,0,0,6,0,0,0,0,0,0,0,0,0,0,0],[1,0,62,10,0,0,4,1,0,0,0,0,35,0,0,0,0,0,0,0,0,0,0,0,0,0,0,0],[8,1,48,5,0,0,4,1,1,0,0,0,39,0,0,0,7,0,0,0,0,0,0,0,0,0,0,0],[2,0,71,11,0,0,1,0,0,0,0,0,17,0,0,0,5,0,0,0,0,0,0,0,0,0,0,0],[4,0,39,3,0,0,6,0,0,0,0,0,30,0,0,0,4,0,0,0,0,0,0,0,0,0,0,0],[4,0,57,10,0,0,0,6,0,0,0,0,23,0,0,0,1,0,0,0,0,0,0,0,0,0,0,0],[3,0,55,9,0,0,0,4,0,0,0,0,12,0,0,0,1,0,0,0,0,0,0,0,0,0,0,0],[3,1,25,5,0,0,1,1,0,0,0,0,33,0,0,0,3,0,0,0,0,0,0,0,0,0,0,0],[4,0,27,0,0,0,2,1,2,0,0,0,11,0,0,0,2,0,0,0,0,0,0,0,0,0,0,8]]}