{"Accuracy":0.17031463748290013,"Precision":0.1308034717690478,"Recall":0.17031463748290013,"F1 Score":0.1314617069061469,"Adjusted Rand Index":0.03819909250397947,"Precision by cluster":[0.11811023622047244,0.15676449534717252,0.21887966804979253,0.12509090909090909,0.12598425196850394,0.17777777777777778,0.3132530120481928,0.18250950570342206,0.16326530612244897,0.06593406593406594,0.1279527559055118,0.17,0.14285714285714285,0.05166051660516605,0.0,0.0,0.15789473684210525,0.0,0.0,0.0,0.0,0.03260869565217391,0.0,0.20512820512820512,0.0,0.0,0.0,0.34375],"Recall by cluster":[0.024154589371980676,0.35436893203883496,0.34991708126036486,0.33992094861660077,0.037914691943127965,0.08869179600886919,0.6161137440758294,0.15434083601286175,0.0972644376899696,0.02197802197802198,0.23897058823529413,0.26356589147286824,0.04979253112033195,0.058333333333333334,0.0,0.0,0.2631578947368421,0.0,0.0,0.0,0.0,0.025423728813559324,0.0,0.08333333333333333,0.0,0.0,0.0,0.18333333333333332],"F1 score by cluster":[0.040106951871657755,0.2173697270471464,0.2693044033184429,0.18288144603934078,0.058287795992714025,0.11834319526627218,0.41533546325878595,0.1672473867595819,0.1219047619047619,0.03296703296703297,0.16666666666666666,0.2066869300911854,0.07384615384615385,0.0547945205479452,0.0,0.0,0.19736842105263158,0.0,0.0,0.0,0.0,0.02857142857142857,0.0,0.11851851851851852,0.0,0.0,0.0,0.2391304347826087],"confusion_matrix":[[15,136,106,136,11,24,35,29,6,12,38,13,3,32,0,0,12,0,0,0,0,9,0,2,0,0,0,2],[11,219,23,86,10,10,53,9,23,7,63,28,4,35,0,0,21,0,1,0,0,11,0,3,0,0,0,1],[12,68,211,114,18,27,11,56,8,7,15,15,4,17,2,0,9,0,0,0,0,5,0,2,0,0,0,2],[8,101,40,172,11,17,23,16,11,7,37,23,7,15,1,0,11,0,0,0,0,6,0,0,0,0,0,0],[7,83,96,96,16,12,19,14,12,3,16,16,2,17,0,0,5,0,0,0,0,2,0,5,0,0,0,1],[9,87,77,132,7,40,5,14,7,5,26,12,2,10,0,0,13,0,0,0,0,5,0,0,0,0,0,0],[1,50,9,20,1,0,260,0,5,3,22,22,4,11,0,0,11,0,0,0,0,2,0,1,0,0,0,0],[9,14,96,79,3,16,9,48,3,6,3,6,3,3,0,0,5,0,0,0,0,4,0,4,0,0,0,0],[6,56,43,33,5,6,44,8,32,5,13,16,6,16,0,0,27,0,0,0,0,5,0,0,0,0,0,8],[5,62,29,79,6,10,8,11,5,6,8,11,5,8,0,0,13,0,0,0,0,5,0,1,0,0,0,1],[4,72,7,31,1,3,37,2,5,2,65,12,1,16,0,0,7,0,0,0,0,6,0,1,0,0,0,0],[2,53,11,34,1,0,44,1,6,0,11,68,2,12,0,0,6,0,0,0,0,3,0,4,0,0,0,0],[2,23,3,13,1,0,91,1,5,3,15,48,12,0,0,0,20,0,0,0,0,3,0,1,0,0,0,0],[5,63,13,26,3,1,36,1,6,2,27,24,2,14,0,0,10,0,0,0,0,4,0,0,0,0,0,3],[5,43,44,39,5,7,11,7,5,3,8,13,1,12,0,0,9,0,0,0,0,1,0,0,0,0,0,1],[7,25,39,55,8,13,7,17,1,6,10,11,2,8,0,0,7,0,0,0,0,3,0,1,0,0,0,0],[1,12,7,18,1,1,35,1,8,4,13,13,6,2,0,0,45,0,0,0,0,3,0,1,0,0,0,0],[3,32,13,18,2,3,11,5,6,1,16,6,2,7,0,0,4,0,0,0,0,1,0,0,0,0,0,1],[2,17,28,17,1,3,20,3,12,1,10,5,1,3,0,0,18,0,0,0,0,4,0,0,0,0,0,1],[1,25,3,14,0,1,12,0,4,1,28,5,4,3,0,0,5,0,0,0,0,2,0,1,0,0,0,0],[1,38,5,19,0,1,18,0,3,2,9,4,2,7,0,0,8,0,0,0,0,0,0,1,0,0,0,0],[1,23,8,27,6,0,14,0,4,1,13,8,4,3,0,0,3,0,0,0,0,3,0,0,0,0,0,0],[3,27,16,24,2,12,0,10,3,1,3,3,1,4,0,0,3,0,0,0,0,0,0,2,0,0,0,0],[1,11,6,20,3,7,9,1,3,1,8,9,0,6,0,0,3,0,0,0,0,0,0,8,0,0,0,0],[1,16,3,27,1,4,4,2,0,1,12,3,0,2,0,0,1,0,0,0,0,1,0,0,0,0,0,0],[3,15,17,22,3,6,2,6,0,0,6,0,1,1,0,0,1,0,0,0,0,1,0,0,0,0,0,0],[0,17,1,20,1,0,9,0,7,1,11,6,2,2,0,0,5,0,0,0,0,2,0,0,0,0,0,0],[2,9,10,4,0,1,3,1,6,0,2,0,1,5,0,0,3,0,0,0,0,1,0,1,0,0,0,11]],"epoch_accuracies":[[0.11805207240891888,0.13642788746523185,0.14044047239067986,0.13943732615931786,0.14732570334230086,0.14901281291322785,0.15421093429392185,0.15849710455519583,0.15904427522684783,0.16082257990971685,0.16150654324928185,0.16159773836122385,0.16392321371574484,0.16661346951803382,0.16784460352925082,0.16916693265240984,0.17067165199945283,0.17372668824950982,0.17450184670101682,0.17764807806301583,0.17956317541379782,0.17819524873466783,0.18033833386530482,0.1824358214399708,0.1811134923168118,0.18576444302585382,0.1832109798914778,0.18480689435046282,0.18471569923852083,0.18407733345492683],[0.1409028727770178,0.1409028727770178,0.12694938440492476,0.12544459644322845,0.12229822161422708,0.13761969904240767,0.11162790697674418,0.14240766073871408,0.14158686730506156,0.15690834473324214,0.14965800273597812,0.17017783857729138,0.17031463748290013,0.1573187414500684,0.16785225718194255,0.17209302325581396,0.1679890560875513,0.17496580027359782,0.17770177838577292,0.17428180574555405,0.17058823529411765,0.18235294117647058,0.17140902872777017,0.17688098495212037,0.1789329685362517,0.17181942544459644,0.17086183310533515,0.17113543091655267,0.16073871409028728,0.1689466484268126]]}