{"Accuracy":0.059917920656634746,"Precision":0.07422903279211218,"Recall":0.059917920656634746,"F1 Score":0.04399066676774892,"Adjusted Rand Index":0.010752513256930286,"Precision by cluster":[0.12641083521444696,0.11235955056179775,0.11797752808988764,0.10087719298245613,0.0,0.07066381156316917,0.0,0.125,0.04819277108433735,0.06329113924050633,0.0425531914893617,0.07142857142857142,0.3333333333333333,0.07421875,0.0,0.0,0.03874269005847953,0.0,0.0,0.0,0.0,0.0,0.0,0.0,0.0,0.0,0.0,0.5],"Recall by cluster":[0.08709175738724728,0.1109350237717908,0.03436988543371522,0.04693877551020408,0.0,0.07568807339449542,0.0,0.003205128205128205,0.10289389067524116,0.01773049645390071,0.2463768115942029,0.0038314176245210726,0.004166666666666667,0.07755102040816327,0.0,0.0,0.6127167630057804,0.0,0.0,0.0,0.0,0.0,0.0,0.0,0.0,0.0,0.0,0.03225806451612903],"F1 score by cluster":[0.10313075506445672,0.11164274322169059,0.053231939163498096,0.06406685236768803,0.0,0.07308970099667775,0.0,0.00625,0.06564102564102564,0.027700831024930747,0.07257203842049093,0.007272727272727273,0.00823045267489712,0.07584830339321358,0.0,0.0,0.07287727741491921,0.0,0.0,0.0,0.0,0.0,0.0,0.0,0.0,0.0,0.0,0.06060606060606061],"confusion_matrix":[[56,62,17,23,0,40,0,1,31,7,172,1,1,28,0,0,204,0,0,0,0,0,0,0,0,0,0,0],[41,70,16,22,0,53,1,0,25,11,131,0,0,24,0,0,236,0,1,0,0,0,0,0,0,0,0,0],[37,47,21,28,0,36,0,1,12,3,205,2,0,28,0,0,191,0,0,0,0,0,0,0,0,0,0,0],[34,41,10,23,0,35,0,1,8,7,123,0,0,11,0,0,197,0,0,0,0,0,0,0,0,0,0,0],[32,50,14,11,0,41,0,1,4,6,118,0,0,23,0,0,143,0,0,0,0,0,0,0,0,0,0,1],[31,52,15,23,0,33,0,0,2,6,122,1,0,13,0,0,138,0,0,0,0,0,0,0,0,0,0,0],[7,13,1,1,0,13,0,0,239,1,36,0,0,7,0,0,86,0,0,0,0,0,0,0,0,0,0,0],[28,18,7,8,0,12,0,1,5,7,77,0,0,2,0,0,147,0,0,0,0,0,0,0,0,0,0,0],[15,22,7,16,0,15,1,0,32,0,46,2,0,17,1,0,136,0,1,0,0,0,0,0,0,0,0,0],[20,20,13,4,0,12,0,0,6,5,74,0,0,11,0,0,117,0,0,0,0,0,0,0,0,0,0,0],[17,31,2,4,0,26,0,0,26,1,68,0,0,3,0,0,98,0,0,0,0,0,0,0,0,0,0,0],[9,16,2,7,0,13,0,0,36,3,42,1,0,13,0,0,119,0,0,0,0,0,0,0,0,0,0,0],[3,3,3,2,0,3,0,0,50,3,8,0,1,0,0,0,164,0,0,0,0,0,0,0,0,0,0,0],[12,28,2,8,0,19,0,0,33,1,49,2,0,19,0,0,71,0,0,0,0,0,0,0,0,0,0,1],[18,25,8,10,0,10,0,1,9,1,51,0,0,6,0,0,76,0,0,0,0,0,0,0,0,0,0,0],[18,16,7,13,0,28,0,0,6,3,58,1,0,4,0,0,70,0,0,0,0,0,0,0,0,0,0,0],[0,4,4,1,0,4,0,0,41,1,10,0,0,1,0,0,106,0,1,0,0,0,0,0,0,0,0,0],[7,12,4,2,0,7,1,0,10,1,24,2,0,9,0,0,40,0,0,0,0,0,0,0,0,0,0,0],[8,8,2,3,0,8,0,1,19,2,20,0,0,5,0,0,52,0,0,0,0,0,0,0,0,0,0,0],[3,16,2,5,0,7,0,0,19,1,15,0,0,2,0,0,48,0,1,0,0,0,0,0,0,0,0,0],[11,16,3,1,0,10,0,0,10,3,19,1,0,8,0,0,43,0,0,0,0,0,0,0,0,0,0,0],[6,7,3,1,0,4,0,0,11,2,22,0,0,2,0,0,70,0,0,0,0,0,0,0,0,0,0,0],[10,15,3,1,0,10,0,1,1,1,31,0,0,3,0,0,40,0,0,0,0,0,0,0,0,0,0,0],[5,6,2,3,0,7,1,0,8,1,10,0,0,7,0,0,43,0,0,0,0,0,0,0,0,0,0,0],[6,9,5,2,0,9,0,0,2,2,20,0,0,2,0,0,28,0,0,0,0,0,0,0,0,0,0,0],[4,7,2,1,0,5,0,0,0,0,23,0,0,2,0,0,22,0,0,0,0,0,0,0,0,0,0,0],[3,5,1,3,0,4,0,0,3,0,14,0,0,1,0,0,37,0,0,0,0,0,0,0,0,0,0,0],[2,4,2,2,0,3,0,0,16,0,10,1,1,5,0,0,14,0,0,0,0,0,0,0,0,0,0,2]]}