{"Accuracy":0.16019151846785226,"Precision":0.07613956750529632,"Recall":0.16019151846785226,"F1 Score":0.09201657109886205,"Adjusted Rand Index":0.02970037458836448,"Precision by cluster":[0.08930323846908735,0.13535684987694832,0.1691240242844753,0.10666666666666667,0.0,0.14450867052023122,0.41412213740458015,0.0,0.0,0.0,0.0,0.0,0.1504,0.0,0.0,0.0,0.0,0.0,0.0,0.0,0.0,0.0,0.0,0.0,0.0,0.0,0.0,0.0],"Recall by cluster":[0.14942528735632185,0.5536912751677853,0.639344262295082,0.05084745762711865,0.0,0.05952380952380952,0.5266990291262136,0.0,0.0,0.0,0.0,0.0,0.38524590163934425,0.0,0.0,0.0,0.0,0.0,0.0,0.0,0.0,0.0,0.0,0.0,0.0,0.0,0.0,0.0],"F1 score by cluster":[0.11179361179361179,0.21753460777851022,0.2674897119341564,0.06886657101865136,0.0,0.08431703204047218,0.4636752136752137,0.0,0.0,0.0,0.0,0.0,0.21634062140391255,0.0,0.0,0.0,0.0,0.0,0.0,0.0,0.0,0.0,0.0,0.0,0.0,0.0,0.0,0.0],"confusion_matrix":[[91,203,217,19,0,15,28,0,0,0,0,0,36,0,0,0,0,0,0,0,0,0,0,0,0,0,0,0],[86,330,88,17,0,17,18,0,0,0,0,0,40,0,0,0,0,0,0,0,0,0,0,0,0,0,0,0],[65,101,390,13,0,16,5,0,0,0,0,0,20,0,0,0,0,0,0,0,0,0,0,0,0,0,0,0],[75,176,156,24,0,16,1,0,0,0,0,0,24,0,0,0,0,0,0,0,0,0,0,0,0,0,0,0],[67,125,222,12,0,9,5,0,0,0,0,0,17,0,0,0,0,0,0,0,0,0,0,0,0,0,0,0],[74,140,153,14,0,25,1,0,0,0,0,0,13,0,0,0,0,0,0,0,0,0,0,0,0,0,0,0],[36,70,31,3,0,5,217,0,0,0,0,0,50,0,0,0,0,0,0,0,0,0,0,0,0,0,0,0],[50,34,226,16,0,2,2,0,0,0,0,0,14,0,0,0,0,0,0,0,0,0,0,0,0,0,0,0],[29,113,94,3,0,4,21,0,0,0,0,0,43,0,0,0,0,0,0,0,0,0,0,0,0,0,0,0],[53,117,82,15,0,10,0,0,0,0,0,0,29,0,0,0,0,0,0,0,0,0,0,0,0,0,0,0],[46,135,30,12,0,7,15,0,0,0,0,0,17,0,0,0,0,0,0,0,0,0,0,0,0,0,0,0],[41,87,42,6,0,5,38,0,0,0,0,0,40,0,0,0,0,0,0,0,0,0,0,0,0,0,0,0],[33,57,14,3,0,1,42,0,0,0,0,0,94,0,0,0,0,0,0,0,0,0,0,0,0,0,0,0],[36,125,49,7,0,5,24,0,0,0,0,0,19,0,0,0,0,0,0,0,0,0,0,0,0,0,0,0],[26,60,83,2,0,5,16,0,0,0,0,0,13,0,0,0,0,0,0,0,0,0,0,0,0,0,0,0],[36,49,89,9,0,5,3,0,0,0,0,0,8,0,0,0,0,0,0,0,0,0,0,0,0,0,0,0],[18,63,12,6,0,0,20,0,0,0,0,0,58,0,0,0,0,0,0,0,0,0,0,0,0,0,0,0],[24,59,43,4,0,5,7,0,0,0,0,0,5,0,0,0,0,0,0,0,0,0,0,0,0,0,0,0],[18,50,44,4,0,1,11,0,0,0,0,0,14,0,0,0,0,0,0,0,0,0,0,0,0,0,0,0],[13,54,9,5,0,3,10,0,0,0,0,0,11,0,0,0,0,0,0,0,0,0,0,0,0,0,0,0],[19,68,20,8,0,2,9,0,0,0,0,0,8,0,0,0,0,0,0,0,0,0,0,0,0,0,0,0],[19,40,30,5,0,1,7,0,0,0,0,0,17,0,0,0,0,0,0,0,0,0,0,0,0,0,0,0],[13,27,38,2,0,5,0,0,0,0,0,0,0,0,0,0,0,0,0,0,0,0,0,0,0,0,0,0],[11,31,23,4,0,1,13,0,0,0,0,0,11,0,0,0,0,0,0,0,0,0,0,0,0,0,0,0],[12,49,33,3,0,3,2,0,0,0,0,0,5,0,0,0,0,0,0,0,0,0,0,0,0,0,0,0],[12,15,48,2,0,2,2,0,0,0,0,0,2,0,0,0,0,0,0,0,0,0,0,0,0,0,0,0],[12,36,17,7,0,1,2,0,0,0,0,0,12,0,0,0,0,0,0,0,0,0,0,0,0,0,0,0],[4,24,23,0,0,2,5,0,0,0,0,0,5,0,0,0,0,0,0,0,0,0,0,0,0,0,0,0]],"epoch_accuracies":[[0.08285075919930691,0.0978979526697369,0.1056951347407779,0.1055583420728649,0.1113492316811819,0.11344671925584789,0.11431307281929688,0.11987597464775888,0.12206465733436687,0.12548447403219187,0.12607724225981487,0.13031781496511788,0.13496876567415986,0.13478637545027586,0.13861657015183987,0.14080525283844786,0.13993889927499886,0.14158041128995486,0.14536500843554787,0.14390588664447584,0.14313072819296885,0.14664174000273586,0.14572978888331586,0.14686972778259086,0.14855683735351785,0.14851123979754685,0.15015275181250284,0.15389175140212485,0.15010715425653184,0.15079111759609684],[0.11532147742818058,0.11436388508891929,0.11545827633378933,0.12065663474692202,0.1332421340629275,0.12366621067031464,0.12749658002735978,0.140218878248974,0.14500683994528044,0.1411764705882353,0.14856361149110808,0.14870041039671683,0.15321477428180574,0.1538987688098495,0.15266757865937072,0.15006839945280437,0.15294117647058825,0.1506155950752394,0.15362517099863202,0.15198358413132695,0.15663474692202461,0.1558139534883721,0.15772913816689466,0.1588235294117647,0.1570451436388509,0.15718194254445964,0.15540355677154583,0.1615595075239398,0.1570451436388509,0.1573187414500684]]}