{"Accuracy":0.1357045143638851,"Precision":0.14181941804260378,"Recall":0.1357045143638851,"F1 Score":0.08623317078707447,"Adjusted Rand Index":0.02090193903184207,"Precision by cluster":[0.04854368932038835,0.1181770005299417,0.16069221260815822,0.088715953307393,1.0,0.07482993197278912,0.3802588996763754,0.0,0.14102564102564102,0.0625,0.02702702702702703,0.1,0.08811881188118811,0.0,0.0,0.0,0.038461538461538464,0.0,0.0,0.0,0.0,0.0,0.0,0.0,0.0,0.0,0.0,0.5833333333333334],"Recall by cluster":[0.007776049766718507,0.35340729001584786,0.425531914893617,0.23265306122448978,0.0022522522522522522,0.07568807339449542,0.5816831683168316,0.0,0.03536977491961415,0.0035460992907801418,0.0036231884057971015,0.02681992337164751,0.37083333333333335,0.0,0.0,0.0,0.028901734104046242,0.0,0.0,0.0,0.0,0.0,0.0,0.0,0.0,0.0,0.0,0.11290322580645161],"F1 score by cluster":[0.013404825737265416,0.17712470214455917,0.23328847016599372,0.12845070422535212,0.0044943820224719105,0.07525655644241733,0.4598825831702544,0.0,0.056555269922879174,0.006711409395973154,0.006389776357827476,0.04229607250755287,0.1424,0.0,0.0,0.0,0.033003300330033,0.0,0.0,0.0,0.0,0.0,0.0,0.0,0.0,0.0,0.0,0.1891891891891892],"confusion_matrix":[[5,172,170,128,0,51,27,1,3,0,5,5,65,0,0,0,11,0,0,0,0,0,0,0,0,0,0,0],[12,223,116,117,0,36,20,1,4,1,4,7,82,0,0,0,8,0,0,0,0,0,0,0,0,0,0,0],[14,89,260,99,0,51,10,0,11,0,1,5,64,0,0,0,7,0,0,0,0,0,0,0,0,0,0,0],[10,134,111,114,0,36,8,0,2,1,2,5,54,0,0,0,13,0,0,0,0,0,0,0,0,0,0,0],[8,111,128,103,1,31,5,0,1,1,2,3,41,0,0,0,7,0,0,0,0,0,0,0,0,0,0,2],[5,110,124,113,0,33,1,0,0,2,5,2,34,0,0,0,7,0,0,0,0,0,0,0,0,0,0,0],[2,43,32,22,0,19,235,0,0,0,1,2,44,0,0,0,4,0,0,0,0,0,0,0,0,0,0,0],[6,76,88,60,0,14,5,0,3,3,1,1,43,0,0,0,12,0,0,0,0,0,0,0,0,0,0,0],[3,87,54,46,0,13,28,0,11,1,1,2,61,0,0,0,3,0,0,0,0,0,0,0,0,0,0,1],[3,67,73,59,0,21,3,0,1,1,2,5,38,0,0,0,9,0,0,0,0,0,0,0,0,0,0,0],[0,106,39,52,0,14,20,0,0,1,1,1,41,0,0,0,1,0,0,0,0,0,0,0,0,0,0,0],[3,59,38,31,0,21,42,0,3,0,2,7,50,0,0,0,5,0,0,0,0,0,0,0,0,0,0,0],[2,50,11,11,0,2,59,0,0,0,1,6,89,0,0,0,9,0,0,0,0,0,0,0,0,0,0,0],[5,64,44,43,0,16,32,0,9,0,4,6,19,0,0,0,2,0,0,0,0,0,0,0,0,0,0,1],[5,58,67,35,0,11,8,0,5,1,0,2,16,0,0,0,7,0,0,0,0,0,0,0,0,0,0,0],[2,57,57,54,0,16,2,0,0,1,1,2,28,0,0,0,4,0,0,0,0,0,0,0,0,0,0,0],[1,36,10,11,0,1,40,0,2,0,0,0,67,0,0,0,5,0,0,0,0,0,0,0,0,0,0,0],[1,36,19,21,0,14,10,0,3,0,0,0,13,0,0,0,2,0,0,0,0,0,0,0,0,0,0,0],[1,40,14,19,0,7,14,0,4,1,1,0,23,0,0,0,3,0,0,0,0,0,0,0,0,0,0,1],[3,46,16,14,0,3,14,0,3,0,1,1,16,0,0,0,2,0,0,0,0,0,0,0,0,0,0,0],[2,54,15,22,0,2,7,0,0,0,1,0,22,0,0,0,0,0,0,0,0,0,0,0,0,0,0,0],[0,40,23,17,0,2,7,0,2,0,0,2,31,0,0,0,4,0,0,0,0,0,0,0,0,0,0,0],[6,24,32,32,0,6,0,1,1,0,0,0,13,0,0,0,1,0,0,0,0,0,0,0,0,0,0,0],[1,27,14,14,0,6,10,0,2,0,0,3,13,0,0,0,3,0,0,0,0,0,0,0,0,0,0,0],[0,31,21,19,0,3,2,0,0,0,0,1,8,0,0,0,0,0,0,0,0,0,0,0,0,0,0,0],[0,13,27,12,0,5,0,0,1,2,0,0,5,0,0,0,1,0,0,0,0,0,0,0,0,0,0,0],[3,20,7,11,0,4,2,0,1,0,1,0,21,1,0,0,0,0,0,0,0,0,0,0,0,0,0,0],[0,14,8,6,0,3,7,0,6,0,0,2,9,0,0,0,0,0,0,0,0,0,0,0,0,0,0,7]]}