{"Accuracy":0.18782489740082078,"Precision":0.15084627504269899,"Recall":0.18782489740082078,"F1 Score":0.14002666920212045,"Adjusted Rand Index":0.04699845625292943,"Precision by cluster":[0.08928571428571429,0.17660818713450294,0.17253948967193194,0.12152133580705009,0.056338028169014086,0.17701863354037267,0.5472779369627507,0.17028985507246377,0.3113207547169811,0.15517241379310345,0.13370473537604458,0.20207253886010362,0.2385496183206107,0.0,0.0,0.0,0.2222222222222222,0.0,0.0,0.0,0.0,0.1,0.0,0.38095238095238093,0.0,0.0,0.0,0.4],"Recall by cluster":[0.007407407407407408,0.25811965811965815,0.7088186356073212,0.2635814889336016,0.00904977375565611,0.12954545454545455,0.47512437810945274,0.14506172839506173,0.11578947368421053,0.029315960912052116,0.35687732342007433,0.16738197424892703,0.4699248120300752,0.0,0.0,0.0,0.2011173184357542,0.0,0.0,0.0,0.0,0.008695652173913044,0.0,0.16,0.0,0.0,0.0,0.0967741935483871],"F1 score by cluster":[0.013679890560875513,0.20972222222222223,0.2775244299674267,0.16634920634920636,0.015594541910331383,0.14960629921259844,0.5086551264980027,0.15666666666666668,0.16879795396419436,0.049315068493150684,0.1945288753799392,0.18309859154929578,0.31645569620253167,0.0,0.0,0.0,0.21114369501466276,0.0,0.0,0.0,0.0,0.016,0.0,0.22535211267605634,0.0,0.0,0.0,0.15584415584415584],"confusion_matrix":[[5,72,269,93,12,43,18,32,11,6,63,13,24,0,0,0,9,0,1,0,0,1,0,2,0,0,0,1],[8,151,83,148,5,25,11,7,2,5,86,14,30,0,0,0,9,0,0,0,0,0,0,1,0,0,0,0],[2,36,426,54,2,14,1,19,3,4,24,6,7,0,0,0,1,0,0,0,0,2,0,0,0,0,0,0],[7,56,162,131,7,24,1,31,2,4,39,7,14,0,0,0,8,0,0,0,0,1,0,3,0,0,0,0],[3,45,246,53,4,19,1,32,7,2,15,4,11,0,0,0,0,0,0,0,0,0,0,0,0,0,0,0],[1,29,191,79,5,57,0,30,0,0,29,9,6,0,0,0,2,0,1,0,0,0,0,1,0,0,0,0],[2,37,26,27,0,4,191,1,4,2,28,16,53,1,0,0,10,0,0,0,0,0,0,0,0,0,0,0],[3,23,200,27,0,3,3,47,0,0,8,3,6,0,0,0,1,0,0,0,0,0,0,0,0,0,0,0],[3,21,79,22,6,3,9,4,33,0,32,3,37,0,0,0,24,0,1,0,0,1,0,2,0,0,0,5],[1,29,141,47,4,21,1,12,0,9,17,5,13,0,0,0,7,0,0,0,0,0,0,0,0,0,0,0],[3,34,31,38,1,11,22,4,1,1,96,3,16,0,0,0,7,0,0,0,0,1,0,0,0,0,0,0],[3,37,31,37,1,10,9,0,1,3,16,39,35,0,0,0,4,0,0,0,0,0,0,7,0,0,0,0],[2,25,16,28,1,2,14,5,2,7,21,7,125,0,0,0,11,0,0,0,0,0,0,0,0,0,0,0],[5,53,40,28,1,13,16,0,2,1,39,14,12,0,0,0,8,0,0,0,0,1,0,3,0,0,0,2],[1,22,116,25,2,13,8,6,4,4,9,6,10,1,0,0,1,0,0,0,0,0,0,1,0,0,0,0],[1,17,102,28,1,14,2,13,0,0,10,5,5,0,0,0,0,0,0,0,0,1,0,3,0,0,0,0],[0,28,11,14,1,0,10,2,8,3,23,4,39,0,0,0,36,0,0,0,0,0,0,0,0,0,0,0],[0,22,40,24,2,6,6,6,3,0,10,4,10,0,0,0,0,0,0,0,0,0,0,2,0,0,0,1],[1,15,49,7,5,2,5,5,10,0,18,0,11,0,0,0,13,0,0,0,0,0,0,1,0,0,0,0],[0,13,13,19,3,6,8,0,1,1,34,3,13,0,0,0,2,0,0,0,0,0,0,0,0,0,0,0],[1,30,12,19,1,5,2,0,3,1,19,3,8,0,0,0,2,0,1,0,0,0,0,0,0,0,0,0],[0,19,17,30,2,2,3,1,2,0,28,1,7,0,0,0,2,0,0,0,0,1,0,0,0,0,0,0],[2,4,52,15,0,5,0,10,0,1,8,1,1,0,0,0,0,0,0,0,0,0,0,0,0,0,0,0],[1,6,11,13,3,4,6,1,0,1,5,19,11,0,0,0,3,0,0,0,0,0,0,16,0,0,0,0],[0,10,25,30,1,6,0,1,0,1,5,3,3,0,0,0,1,0,0,0,0,0,0,0,0,0,0,0],[0,4,56,11,0,5,0,4,0,0,8,0,4,0,0,0,0,0,0,0,0,0,0,0,0,0,0,0],[1,9,6,24,0,4,1,1,0,2,22,1,9,0,0,0,1,0,0,0,0,0,0,0,0,0,0,0],[0,8,18,7,1,1,1,2,7,0,6,0,4,0,0,0,0,0,0,0,0,1,0,0,0,0,0,6]]}