{"Accuracy":0.13132694938440492,"Precision":0.05516610346776767,"Recall":0.13132694938440492,"F1 Score":0.06971854439303045,"Adjusted Rand Index":0.01723202002988156,"Precision by cluster":[0.10402999062792877,0.14087301587301587,0.10284850012603983,0.05714285714285714,0.0,0.0,0.32786885245901637,0.0,0.0,0.0,0.0,0.0,0.16156462585034015,0.0,0.0,0.0,0.0,0.0,0.0,0.0,0.0,0.0,0.0,0.0,0.0,0.0,0.0,0.0],"Recall by cluster":[0.1825657894736842,0.23240589198036007,0.7259786476868327,0.008385744234800839,0.0,0.0,0.5194805194805194,0.0,0.0,0.0,0.0,0.0,0.35984848484848486,0.0,0.0,0.0,0.0,0.0,0.0,0.0,0.0,0.0,0.0,0.0,0.0,0.0,0.0,0.0],"F1 score by cluster":[0.1325373134328358,0.17541692402717726,0.18017222344888498,0.014625228519195612,0.0,0.0,0.4020100502512563,0.0,0.0,0.0,0.0,0.0,0.22300469483568075,0.0,0.0,0.0,0.0,0.0,0.0,0.0,0.0,0.0,0.0,0.0,0.0,0.0,0.0,0.0],"confusion_matrix":[[111,85,354,6,0,0,22,0,0,0,0,0,30,0,0,0,0,0,0,0,0,0,0,0,0,0,0,0],[97,142,294,9,0,0,24,0,0,0,0,0,45,0,0,0,0,0,0,0,0,0,0,0,0,0,0,0],[67,58,408,2,0,0,7,0,0,0,0,0,20,0,0,0,0,0,0,0,0,0,0,0,0,0,0,0],[74,54,318,4,0,0,7,0,0,0,0,0,20,0,0,0,0,0,0,0,0,0,0,0,0,0,0,0],[67,62,302,7,0,0,7,0,0,0,0,0,18,0,0,0,0,0,0,0,0,0,0,0,0,0,0,0],[60,53,339,2,0,0,2,0,0,0,0,0,13,0,0,0,0,0,0,0,0,0,0,0,0,0,0,0],[36,28,81,2,0,0,200,0,0,0,0,0,38,0,0,0,0,0,0,0,0,0,0,0,0,0,0,0],[50,25,238,2,0,0,7,0,0,0,0,0,20,0,0,0,0,0,0,0,0,0,0,0,0,0,0,0],[49,69,126,3,0,0,31,0,0,0,0,0,32,0,0,0,0,0,0,0,0,0,0,0,0,0,0,0],[45,31,167,5,0,0,6,0,0,0,0,0,18,0,0,0,0,0,0,0,0,0,0,0,0,0,0,0],[41,38,123,4,0,0,31,0,0,0,0,0,25,0,0,0,0,0,0,0,0,0,0,0,0,0,0,0],[43,38,94,1,0,0,40,0,0,0,0,0,35,0,0,0,0,0,0,0,0,0,0,0,0,0,0,0],[30,23,38,5,0,0,73,0,0,0,0,0,95,0,0,0,0,0,0,0,0,0,0,0,0,0,0,0],[37,37,123,1,0,0,36,0,0,0,0,0,23,0,0,0,0,0,0,0,0,0,0,0,0,0,0,0],[40,29,131,0,0,0,13,0,0,0,0,0,15,0,0,0,0,0,0,0,0,0,0,0,0,0,0,0],[20,26,137,2,0,0,7,0,0,0,0,0,8,0,0,0,0,0,0,0,0,0,0,0,0,0,0,0],[21,42,47,1,0,0,29,0,0,0,0,0,57,0,0,0,0,0,0,0,0,0,0,0,0,0,0,0],[23,27,71,2,0,0,7,0,0,0,0,0,7,0,0,0,0,0,0,0,0,0,0,0,0,0,0,0],[23,23,55,2,0,0,9,0,0,0,0,0,16,0,0,0,0,0,0,0,0,0,0,0,0,0,0,0],[14,16,54,3,0,0,8,0,0,0,0,0,10,0,0,0,0,0,0,0,0,0,0,0,0,0,0,0],[19,25,63,0,0,0,14,0,0,0,0,0,7,0,0,0,0,0,0,0,0,0,0,0,0,0,0,0],[17,16,71,1,0,0,4,0,0,0,0,0,14,0,0,0,0,0,0,0,0,0,0,0,0,0,0,0],[21,12,75,1,0,0,0,0,0,0,0,0,2,0,0,0,0,0,0,0,0,0,0,0,0,0,0,0],[7,11,40,1,0,0,11,0,0,0,0,0,10,0,0,0,0,0,0,0,0,0,0,0,0,0,0,0],[22,7,52,1,0,0,2,0,0,0,0,0,2,0,0,0,0,0,0,0,0,0,0,0,0,0,0,0],[11,8,70,0,0,0,1,0,0,0,0,0,0,0,0,0,0,0,0,0,0,0,0,0,0,0,0,0],[17,8,53,2,0,0,6,0,0,0,0,0,5,0,0,0,0,0,0,0,0,0,0,0,0,0,0,0],[5,15,43,1,0,0,6,0,0,0,0,0,3,0,0,0,0,0,0,0,0,0,0,0,0,0,0,0]],"epoch_accuracies":[[0.08535862477771192,0.1036888422780539,0.10678947608408189,0.1075190369796179,0.11194199990880489,0.1085221832109799,0.11030048789384889,0.11080206100952988,0.1113948292371529,0.1116228170170079,0.11340112169987689,0.11207879257671789,0.11549860927454289,0.11413068259541288,0.11631936528202089,0.11832565774474488,0.11914641375222289,0.12142629155077288,0.11928320642013589,0.12010396242761388,0.12347818156946788,0.12507409602845287,0.12261182800601887,0.12366057179335188,0.12566686425607587,0.12872190050613286,0.12785554694268386,0.13113857097259587,0.13474077789430486,0.13104737586065388],[0.10889192886456908,0.10615595075239398,0.10998632010943912,0.10971272229822161,0.11108071135430916,0.11053351573187414,0.10889192886456908,0.10984952120383037,0.10848153214774282,0.10834473324213406,0.11121751025991793,0.1079343365253078,0.11080711354309165,0.11436388508891929,0.11354309165526676,0.11614227086183311,0.11833105335157319,0.11518467852257182,0.12051983584131327,0.12435020519835842,0.1238030095759234,0.1277701778385773,0.1228454172366621,0.12831737346101232,0.12407660738714091,0.1270861833105335,0.12790697674418605,0.11764705882352941,0.13036935704514363,0.13132694938440492]]}