{"Accuracy":0.07113543091655267,"Precision":0.10088800555421017,"Recall":0.07113543091655267,"F1 Score":0.03600588809398743,"Adjusted Rand Index":0.014203435120453542,"Precision by cluster":[0.11564625850340136,0.09776751347190146,0.21428571428571427,0.07627118644067797,0.0,0.0,0.6666666666666666,0.0,0.052054794520547946,0.0761904761904762,0.04565980933266432,0.0,0.17391304347826086,0.059233449477351915,0.1111111111111111,0.0,0.05541972290138549,0.0,0.0,0.2,0.0,0.0,0.0,0.0,0.0,0.0,0.0,0.0],"Recall by cluster":[0.026438569206842923,0.40253565768621236,0.004909983633387889,0.018367346938775512,0.0,0.0,0.009900990099009901,0.0,0.12218649517684887,0.028368794326241134,0.32971014492753625,0.0,0.03333333333333333,0.06938775510204082,0.009302325581395349,0.0,0.3930635838150289,0.0,0.0,0.008403361344537815,0.0,0.0,0.0,0.0,0.0,0.0,0.0,0.0],"F1 score by cluster":[0.043037974683544304,0.15732424899349645,0.0096,0.029605263157894735,0.0,0.0,0.01951219512195122,0.0,0.07300672430355427,0.041343669250646,0.08021154693697664,0.0,0.055944055944055944,0.06390977443609022,0.017167381974248927,0.0,0.09714285714285714,0.0,0.0,0.016129032258064516,0.0,0.0,0.0,0.0,0.0,0.0,0.0,0.0],"confusion_matrix":[[17,242,4,16,0,0,0,0,38,8,195,0,3,39,1,0,80,0,0,0,0,0,0,0,0,0,0,0],[11,254,0,7,0,0,0,0,29,16,170,0,3,29,0,0,112,0,0,0,0,0,0,0,0,0,0,0],[12,230,3,16,0,0,0,0,15,5,207,0,2,37,6,0,78,0,0,0,0,0,0,0,0,0,0,0],[15,201,0,9,0,1,0,0,9,8,152,0,4,13,0,0,77,0,0,1,0,0,0,0,0,0,0,0],[14,190,2,10,0,4,0,0,9,7,139,0,2,17,1,0,48,0,0,1,0,0,0,0,0,0,0,0],[11,175,0,11,0,0,0,0,4,5,157,0,0,13,0,0,59,0,0,0,0,0,0,0,0,0,1,0],[3,69,0,0,0,0,4,0,234,1,46,0,1,9,0,0,37,0,0,0,0,0,0,0,0,0,0,0],[9,102,3,11,0,0,0,0,5,5,111,0,0,3,2,0,60,0,0,0,0,0,0,0,0,0,0,1],[5,104,0,4,0,1,0,0,38,1,71,0,4,17,2,0,62,0,0,1,0,0,0,0,0,0,0,1],[4,95,0,10,0,0,0,0,8,8,98,0,0,8,0,0,51,0,0,0,0,0,0,0,0,0,0,0],[2,103,0,0,0,0,1,0,29,0,91,0,1,5,0,0,44,0,0,0,0,0,0,0,0,0,0,0],[5,83,0,2,0,1,0,0,37,4,42,0,4,13,1,0,69,0,0,0,0,0,0,0,0,0,0,0],[1,56,0,1,0,0,0,0,64,5,20,1,8,0,0,0,84,0,0,0,0,0,0,0,0,0,0,0],[3,95,0,0,0,0,0,0,40,2,64,0,0,17,1,0,23,0,0,0,0,0,0,0,0,0,0,0],[6,78,0,2,1,1,0,0,10,1,68,0,0,10,2,0,36,0,0,0,0,0,0,0,0,0,0,0],[4,91,0,2,0,1,0,0,4,5,78,0,0,5,0,0,34,0,0,0,0,0,0,0,0,0,0,0],[1,33,0,0,0,0,0,0,48,3,15,0,4,1,0,0,68,0,0,0,0,0,0,0,0,0,0,0],[4,44,1,1,0,0,1,0,11,1,30,0,2,10,1,0,13,0,0,0,0,0,0,0,0,0,0,0],[1,47,0,2,0,0,0,0,21,5,24,0,2,3,0,0,22,0,0,0,0,0,0,0,0,0,0,1],[3,46,0,2,0,0,0,0,21,2,22,0,0,2,0,0,20,0,0,1,0,0,0,0,0,0,0,0],[2,49,0,1,0,0,0,0,9,1,26,0,0,8,0,0,28,0,0,1,0,0,0,0,0,0,0,0],[4,40,0,0,0,0,0,0,11,4,30,0,2,2,0,0,35,0,0,0,0,0,0,0,0,0,0,0],[3,41,1,2,0,0,0,0,1,4,44,0,0,5,1,0,13,0,0,0,0,0,0,0,0,0,0,1],[1,38,0,3,0,0,0,0,10,0,13,0,1,6,0,0,21,0,0,0,0,0,0,0,0,0,0,0],[2,31,0,1,0,0,0,0,3,3,27,0,0,3,0,0,15,0,0,0,0,0,0,0,0,0,0,0],[2,23,0,2,0,0,0,0,0,0,23,0,0,4,0,0,12,0,0,0,0,0,0,0,0,0,0,0],[2,26,0,0,0,0,0,0,3,1,19,0,1,2,0,0,17,0,0,0,0,0,0,0,0,0,0,0],[0,12,0,3,0,0,0,0,19,0,11,0,2,6,0,0,9,0,0,0,0,0,0,0,0,0,0,0]]}