{"Accuracy":0.17482900136798907,"Precision":0.13611170545223297,"Recall":0.17482900136798907,"F1 Score":0.12479295436649285,"Adjusted Rand Index":0.03682342114295811,"Precision by cluster":[0.08638743455497382,0.14426083072800358,0.19288389513108614,0.1430260047281324,0.04,0.15384615384615385,0.4259634888438134,0.2894736842105263,0.20512820512820512,0.18518518518518517,0.15503875968992248,0.1441717791411043,0.2345132743362832,0.05405405405405406,0.0,0.0,0.14485981308411214,0.0,0.0,0.0,0.0,0.0,0.0,0.125,0.0,0.0,0.0,0.2222222222222222],"Recall by cluster":[0.055,0.5277777777777778,0.5282051282051282,0.23772102161100198,0.002232142857142857,0.06542056074766354,0.5454545454545454,0.030726256983240222,0.02702702702702703,0.03436426116838488,0.14336917562724014,0.1821705426356589,0.21370967741935484,0.00847457627118644,0.0,0.0,0.35428571428571426,0.0,0.0,0.0,0.0,0.0,0.0,0.1,0.0,0.0,0.0,0.15873015873015872],"F1 score by cluster":[0.06720977596741344,0.2265871623991582,0.2825788751714678,0.17859778597785977,0.004228329809725159,0.09180327868852459,0.4783599088838269,0.05555555555555555,0.04776119402985075,0.057971014492753624,0.148975791433892,0.16095890410958905,0.22362869198312235,0.014652014652014652,0.0,0.0,0.20563847429519072,0.0,0.0,0.0,0.0,0.0,0.0,0.1111111111111111,0.0,0.0,0.0,0.18518518518518517],"confusion_matrix":[[33,180,157,78,0,20,27,4,5,6,24,24,9,3,0,0,23,0,0,1,0,0,0,5,0,0,0,1],[33,323,43,59,0,11,12,1,1,4,23,26,23,6,0,0,40,0,0,1,0,1,0,4,0,0,0,1],[34,108,309,49,9,13,2,2,3,2,7,12,5,0,0,0,19,0,0,0,0,1,0,4,0,0,0,6],[38,175,81,121,1,18,2,3,0,2,22,19,3,3,0,0,17,0,0,0,0,0,0,4,0,0,0,0],[32,125,161,47,1,16,1,2,8,3,10,10,7,4,0,0,12,0,0,1,0,1,0,1,0,0,0,6],[32,135,115,72,2,28,1,2,1,3,10,8,1,2,0,0,9,0,0,0,0,0,0,7,0,0,0,0],[4,78,12,17,1,1,210,0,1,0,9,19,8,2,0,0,19,0,0,0,0,0,0,2,0,0,0,2],[10,31,209,44,3,13,3,11,3,2,4,5,3,0,0,0,12,0,0,0,0,0,0,4,0,0,0,1],[12,73,70,17,2,5,17,1,8,4,6,13,17,2,0,0,39,0,0,0,0,0,0,4,0,0,0,6],[17,106,65,45,0,7,1,2,0,10,5,6,9,1,0,0,14,0,0,0,0,1,0,2,0,0,0,0],[11,118,16,24,0,0,26,1,1,2,40,12,7,0,0,0,20,0,0,0,0,0,0,1,0,0,0,0],[17,68,21,24,0,3,24,2,2,0,4,47,17,1,0,0,14,0,0,0,0,0,0,11,0,0,0,3],[3,41,8,15,0,3,41,1,0,4,3,35,53,0,0,0,35,0,0,0,0,0,0,6,0,0,0,0],[6,116,15,16,1,0,27,0,2,0,7,13,5,2,0,0,15,0,0,0,0,0,0,5,0,0,0,6],[16,59,50,32,3,5,13,1,1,0,5,11,3,3,0,0,4,0,0,0,0,0,0,1,0,0,0,2],[10,54,63,40,0,7,4,1,0,2,5,4,3,0,0,0,4,0,0,0,0,1,0,1,0,0,0,0],[4,35,8,13,0,2,22,0,0,4,5,10,9,0,0,0,62,0,0,1,0,0,0,0,0,0,0,0],[11,63,23,12,0,0,6,0,0,0,7,7,4,1,0,1,7,0,0,0,0,0,0,0,0,0,0,0],[8,42,28,7,1,4,7,0,2,0,8,1,6,0,0,0,20,0,0,0,0,0,0,0,0,0,0,1],[5,42,8,12,0,0,15,0,0,1,10,9,9,1,0,0,11,0,0,0,0,0,0,1,0,0,0,0],[9,60,6,10,0,0,5,0,1,1,8,7,4,1,0,0,8,0,0,0,0,0,0,0,0,0,0,0],[7,37,14,16,0,1,8,1,0,0,13,12,8,0,0,0,10,0,0,0,0,0,0,1,0,0,0,0],[7,28,49,19,1,6,0,1,0,1,2,1,1,0,0,0,0,0,0,0,0,0,0,0,0,0,0,0],[9,26,11,10,0,3,11,0,0,0,2,6,4,2,0,0,6,0,0,0,0,0,0,10,0,0,0,0],[4,41,15,19,0,7,1,1,0,0,2,0,1,0,0,0,1,0,0,0,0,0,0,2,0,0,0,0],[6,28,32,12,0,3,0,1,0,2,2,1,0,1,0,0,1,0,0,0,0,0,0,1,0,0,0,0],[2,27,3,12,0,3,2,0,0,1,15,3,5,2,0,0,5,0,0,0,0,0,0,2,0,0,0,0],[2,20,10,4,0,3,5,0,0,0,0,5,2,0,0,0,1,0,0,0,0,0,0,1,0,0,0,10]],"epoch_accuracies":[[0.11700332862158588,0.13738543614062287,0.14244676485340385,0.14732570334230086,0.15256942227896586,0.15165747115954584,0.15521408052528385,0.15858829966713783,0.16168893347316585,0.16337604304409284,0.16105056768957185,0.16196251880899185,0.16611189640235283,0.16966850576809084,0.16798139619716385,0.16825498153298984,0.16930372532032284,0.17299712735397382,0.17386348091742282,0.17632574893985684,0.17600656604805984,0.17609776116000184,0.17860562673840683,0.1821166385481738,0.1822990287720578,0.17915279741005882,0.1830741872235648,0.18549085769002782,0.18599243080570882,0.18425972367881083],[0.1228454172366621,0.12968536251709986,0.126812585499316,0.11928864569083447,0.1295485636114911,0.14897400820793433,0.1292749658002736,0.14856361149110808,0.14952120383036935,0.14952120383036935,0.159781121751026,0.1615595075239398,0.153077975376197,0.15923392612859097,0.16073871409028728,0.15554035567715457,0.16279069767441862,0.1573187414500684,0.16552667578659372,0.1719562243502052,0.16826265389876882,0.1575923392612859,0.1707250341997264,0.1679890560875513,0.16648426812585498,0.16333789329685364,0.1694938440492476,0.17387140902872777,0.1744186046511628,0.16963064295485636]]}