{"Accuracy":0.13296853625170998,"Precision":0.1264463449129882,"Recall":0.13296853625170998,"F1 Score":0.10089544678296529,"Adjusted Rand Index":0.02030338401216353,"Precision by cluster":[0.11940298507462686,0.12093788564376799,0.2607655502392344,0.07894736842105263,0.06896551724137931,0.125,0.4771689497716895,0.16560509554140126,0.09850107066381156,0.1,0.07670850767085077,0.22580645161290322,0.14507772020725387,0.12,0.0,0.0,0.0686835650040883,0.0,0.0,0.0,0.0,0.0,0.0,0.0,0.0,0.0,0.0,0.46153846153846156],"Recall by cluster":[0.024883359253499222,0.4659270998415214,0.1783960720130933,0.14081632653061224,0.0045045045045045045,0.0022935779816513763,0.5173267326732673,0.08333333333333333,0.14790996784565916,0.01773049645390071,0.19927536231884058,0.02681992337164751,0.11666666666666667,0.061224489795918366,0.0,0.0,0.48554913294797686,0.0,0.0,0.0,0.0,0.0,0.0,0.0,0.0,0.0,0.0,0.0967741935483871],"F1 score by cluster":[0.04118404118404118,0.19203135205747876,0.2118561710398445,0.10117302052785923,0.008456659619450317,0.0045045045045045045,0.49643705463182897,0.11087420042643924,0.11825192802056556,0.030120481927710843,0.1107754279959718,0.04794520547945205,0.12933025404157045,0.08108108108108109,0.0,0.0,0.12034383954154727,0.0,0.0,0.0,0.0,0.0,0.0,0.0,0.0,0.0,0.0,0.16],"confusion_matrix":[[16,224,46,108,2,0,16,16,49,3,58,0,9,17,0,0,79,0,0,0,0,0,0,0,0,0,0,0],[5,294,14,53,1,0,13,2,50,6,69,3,8,10,0,0,103,0,0,0,0,0,0,0,0,0,0,0],[10,165,109,139,5,1,2,26,17,2,47,5,10,10,0,0,62,0,0,0,0,0,0,0,0,0,0,1],[21,183,13,69,2,2,2,6,12,7,81,2,11,7,0,0,71,0,1,0,0,0,0,0,0,0,0,0],[6,173,31,74,2,1,2,13,24,6,47,0,5,8,0,0,52,0,0,0,0,0,0,0,0,0,0,0],[12,205,18,71,1,1,0,10,13,6,41,1,4,11,0,0,42,0,0,0,0,0,0,0,0,0,0,0],[4,60,9,17,0,0,209,1,19,1,12,1,17,4,0,0,50,0,0,0,0,0,0,0,0,0,0,0],[7,58,38,81,2,0,1,26,9,2,29,2,7,0,0,0,50,0,0,0,0,0,0,0,0,0,0,0],[5,84,19,19,3,0,9,3,46,1,22,0,8,8,0,0,81,0,1,0,0,0,0,0,0,0,0,2],[7,98,15,43,0,0,3,8,13,5,30,1,5,3,0,0,51,0,0,0,0,0,0,0,0,0,0,0],[3,113,2,12,0,0,19,1,20,2,55,0,5,2,0,0,42,0,0,0,0,0,0,0,0,0,0,0],[3,73,4,8,1,0,21,3,25,2,23,7,26,6,0,0,59,0,0,0,0,0,0,0,0,0,0,0],[1,32,3,4,1,0,34,2,18,1,11,4,28,0,0,0,101,0,0,0,0,0,0,0,0,0,0,0],[5,89,9,6,0,0,28,0,22,1,34,1,7,15,0,0,26,0,0,0,0,0,0,0,0,0,0,2],[4,69,21,37,1,0,7,8,14,1,18,1,2,1,0,0,30,0,0,0,0,0,0,0,0,0,0,1],[4,85,17,42,0,1,2,5,6,2,21,0,4,5,0,0,30,0,0,0,0,0,0,0,0,0,0,0],[2,16,4,6,0,0,19,1,21,0,9,0,10,1,0,0,84,0,0,0,0,0,0,0,0,0,0,0],[4,49,9,5,0,0,9,2,9,0,9,0,1,6,0,0,16,0,0,0,0,0,0,0,0,0,0,0],[1,36,9,9,2,1,8,3,16,0,8,0,3,1,0,0,30,0,0,0,0,0,0,0,0,0,0,1],[1,44,1,7,1,0,10,3,10,0,16,1,5,0,0,0,20,0,0,0,0,0,0,0,0,0,0,0],[2,50,4,3,0,0,6,2,10,0,13,0,3,5,0,0,27,0,0,0,0,0,0,0,0,0,0,0],[3,36,3,9,1,0,3,1,13,1,14,1,6,1,0,0,36,0,0,0,0,0,0,0,0,0,0,0],[2,47,6,20,2,1,0,3,4,0,16,0,0,2,0,0,13,0,0,0,0,0,0,0,0,0,0,0],[1,34,5,2,0,0,7,3,7,0,4,1,5,1,0,0,23,0,0,0,0,0,0,0,0,0,0,0],[1,46,0,11,1,0,1,2,3,1,12,0,0,0,0,0,7,0,0,0,0,0,0,0,0,0,0,0],[2,26,4,14,1,0,0,6,3,0,4,0,0,0,0,0,6,0,0,0,0,0,0,0,0,0,0,0],[2,23,1,4,0,0,1,0,5,0,10,0,3,1,0,0,21,0,0,0,0,0,0,0,0,0,0,0],[0,19,4,1,0,0,6,1,9,0,4,0,1,0,0,0,11,0,0,0,0,0,0,0,0,0,0,6]]}