{"Accuracy":0.14979480164158687,"Precision":0.1229681550810359,"Recall":0.14979480164158687,"F1 Score":0.11260090590330382,"Adjusted Rand Index":0.022739492483234817,"Precision by cluster":[0.09411764705882353,0.1213164944508228,0.19978165938864628,0.09621621621621622,0.10344827586206896,0.11290322580645161,0.494279176201373,0.17857142857142858,0.11977715877437325,0.06796116504854369,0.12236286919831224,0.20689655172413793,0.14573991031390135,0.1016949152542373,0.0,0.0,0.10633946830265849,0.0,0.0,0.0,0.0,0.0,0.0,0.0,0.0,0.0,0.0,0.3157894736842105],"Recall by cluster":[0.03732503888024884,0.5023771790808241,0.2995090016366612,0.1816326530612245,0.006756756756756757,0.016055045871559634,0.5346534653465347,0.016025641025641024,0.1382636655948553,0.04964539007092199,0.10507246376811594,0.06896551724137931,0.2708333333333333,0.07346938775510205,0.0,0.0,0.30057803468208094,0.0,0.0,0.0,0.0,0.0,0.0,0.0,0.0,0.0,0.0,0.1935483870967742],"F1 score by cluster":[0.053452115812917596,0.19543773119605426,0.23968565815324164,0.12579505300353358,0.012684989429175475,0.028112449799196786,0.5136741973840666,0.029411764705882353,0.12835820895522387,0.05737704918032787,0.11306042884990253,0.10344827586206896,0.18950437317784258,0.08530805687203792,0.0,0.0,0.15709969788519637,0.0,0.0,0.0,0.0,0.0,0.0,0.0,0.0,0.0,0.0,0.24],"confusion_matrix":[[24,235,101,100,3,5,14,6,33,13,23,2,30,24,0,0,30,0,0,0,0,0,0,0,0,0,0,0],[13,317,42,61,1,1,10,0,38,19,23,6,27,16,0,0,57,0,0,0,0,0,0,0,0,0,0,0],[30,160,183,113,4,11,4,5,19,10,12,4,19,11,2,0,21,0,0,0,0,0,0,0,0,0,0,3],[19,209,43,89,5,3,2,2,12,21,25,8,10,8,1,0,33,0,0,0,0,0,0,0,0,0,0,0],[24,172,73,77,3,4,4,2,20,13,9,1,11,15,0,0,14,0,0,0,0,0,0,0,0,0,0,2],[15,197,55,74,0,7,0,0,16,19,16,1,9,13,0,0,14,0,0,0,0,0,0,0,0,0,0,0],[4,61,22,13,1,0,216,0,14,2,7,1,37,7,0,0,19,0,0,0,0,0,0,0,0,0,0,0],[15,69,97,68,1,6,1,5,6,8,5,6,5,2,0,0,17,0,0,0,0,0,0,0,0,0,0,1],[13,92,20,25,2,5,12,2,43,5,5,1,28,10,0,0,40,0,0,0,0,0,0,0,0,0,0,8],[18,108,35,47,2,2,3,1,8,14,8,0,15,3,0,0,18,0,0,0,0,0,0,0,0,0,0,0],[6,136,7,14,1,1,19,0,16,10,29,3,17,1,0,0,16,0,0,0,0,0,0,0,0,0,0,0],[9,88,18,15,0,0,20,0,15,4,9,18,37,9,0,0,18,0,0,0,0,0,0,0,0,0,0,1],[4,54,12,9,0,0,28,0,7,6,3,12,65,0,0,0,40,0,0,0,0,0,0,0,0,0,0,0],[4,99,17,20,0,1,26,0,18,5,9,2,10,18,1,0,11,0,0,0,0,0,0,0,0,0,0,4],[7,75,40,36,1,4,6,2,10,1,7,5,3,2,0,0,13,0,0,0,0,0,0,0,0,0,0,3],[8,85,32,45,3,7,3,1,4,3,9,1,9,4,0,0,10,0,0,0,0,0,0,0,0,0,0,0],[1,26,8,6,0,0,23,1,14,4,2,2,33,1,0,0,52,0,0,0,0,0,0,0,0,0,0,0],[2,58,14,11,0,0,9,0,7,3,2,0,4,5,1,0,3,0,0,0,0,0,0,0,0,0,0,0],[4,39,19,8,1,2,8,0,13,7,1,0,14,1,1,0,7,0,0,0,0,0,0,0,0,0,0,3],[2,46,6,11,0,0,10,0,6,5,9,3,12,1,0,0,8,0,0,0,0,0,0,0,0,0,0,0],[4,60,4,6,0,0,3,0,8,6,7,2,9,7,0,0,9,0,0,0,0,0,0,0,0,0,0,0],[5,47,7,15,0,0,4,0,8,8,4,1,17,2,0,0,10,0,0,0,0,0,0,0,0,0,0,0],[5,40,14,27,0,2,0,0,6,6,4,0,2,5,0,0,4,0,0,0,0,0,0,0,0,0,0,1],[3,34,10,5,0,0,6,1,6,3,0,7,6,5,0,0,7,0,0,0,0,0,0,0,0,0,0,0],[7,37,6,16,0,1,1,0,2,7,2,0,3,2,0,0,1,0,0,0,0,0,0,0,0,0,0,0],[2,25,21,10,0,0,0,0,2,0,2,0,0,2,0,0,2,0,0,0,0,0,0,0,0,0,0,0],[6,24,3,2,1,0,1,0,6,4,4,0,8,1,0,0,11,0,0,0,0,0,0,0,0,0,0,0],[1,20,7,2,0,0,4,0,2,0,1,1,6,2,0,0,4,0,0,0,0,0,0,0,0,0,0,12]]}