{"Accuracy":0.1409028727770178,"Precision":0.11119969281082663,"Recall":0.1409028727770178,"F1 Score":0.1116492597498788,"Adjusted Rand Index":0.018961304110147344,"Precision by cluster":[0.0891089108910891,0.12992357436801882,0.2397743300423131,0.11345646437994723,0.0,0.12790697674418605,0.5399239543726235,0.0,0.11755725190839694,0.11650485436893204,0.11368015414258188,0.152,0.17314487632508835,0.10144927536231885,0.0,0.0,0.0743801652892562,0.0,0.0,0.0,0.0,0.0,0.0,0.0,0.0,0.0,0.0,0.0],"Recall by cluster":[0.2967032967032967,0.3640856672158155,0.2920962199312715,0.08775510204081632,0.0,0.07221006564551423,0.37270341207349084,0.0,0.23839009287925697,0.043478260869565216,0.2177121771217712,0.084070796460177,0.1975806451612903,0.026022304832713755,0.0,0.0,0.05389221556886228,0.0,0.0,0.0,0.0,0.0,0.0,0.0,0.0,0.0,0.0,0.0],"F1 score by cluster":[0.13705583756345177,0.19150779896013864,0.26336173508907823,0.09896432681242807,0.0,0.09230769230769231,0.4409937888198758,0.0,0.1574642126789366,0.0633245382585752,0.14936708860759493,0.10826210826210826,0.18455743879472694,0.04142011834319527,0.0,0.0,0.0625,0.0,0.0,0.0,0.0,0.0,0.0,0.0,0.0,0.0,0.0,0.0],"confusion_matrix":[[189,148,85,39,0,26,13,3,41,8,46,12,12,12,0,0,3,0,0,0,0,0,0,0,0,0,0,0],[164,221,11,24,0,13,10,0,60,8,52,10,18,8,0,0,7,0,0,0,0,0,0,1,0,0,0,0],[195,73,170,36,0,35,0,0,11,5,28,10,12,0,0,0,7,0,0,0,0,0,0,0,0,0,0,0],[168,136,15,43,0,24,1,0,13,5,64,5,9,1,0,0,6,0,0,0,0,0,0,0,0,0,0,0],[163,102,76,28,0,20,0,0,8,4,18,2,8,2,0,0,7,0,0,0,0,0,0,0,0,0,0,0],[168,112,44,38,0,33,1,0,10,4,28,4,3,4,0,0,8,0,0,0,0,0,0,0,0,0,0,0],[38,57,3,12,0,1,142,0,71,0,17,11,19,3,0,0,7,0,0,0,0,0,0,0,0,0,0,0],[131,39,82,15,0,13,0,0,9,9,13,1,9,1,0,0,6,0,0,0,0,0,0,0,0,0,0,0],[77,76,28,6,0,7,4,0,77,6,15,5,12,3,0,0,7,0,0,0,0,0,0,0,0,0,0,0],[89,70,21,22,0,14,0,0,16,12,19,5,7,0,0,0,1,0,0,0,0,0,0,0,0,0,0,0],[59,89,2,7,0,4,15,0,19,3,59,1,8,3,0,0,2,0,0,0,0,0,0,0,0,0,0,0],[60,37,9,7,0,3,8,0,35,2,13,19,22,4,0,0,7,0,0,0,0,0,0,0,0,0,0,0],[40,37,1,1,0,1,18,0,60,7,9,6,49,0,0,0,19,0,0,0,0,0,0,0,0,0,0,0],[53,88,11,7,0,7,17,0,25,2,23,7,21,7,0,0,1,0,0,0,0,0,0,0,0,0,0,0],[75,50,37,16,0,12,5,0,9,0,14,8,12,4,0,0,1,0,0,0,0,0,0,0,0,0,0,0],[82,35,31,14,0,8,3,0,3,0,15,1,6,3,0,0,2,0,0,0,0,0,0,0,0,0,0,0],[36,30,2,3,0,1,5,0,54,10,5,0,10,2,0,0,9,0,0,0,0,0,0,0,0,0,0,0],[26,43,11,6,0,3,4,0,11,2,10,4,10,4,0,0,1,0,0,0,0,0,0,0,0,0,0,0],[46,31,24,3,0,4,2,0,30,0,7,2,7,2,0,0,3,0,0,0,0,0,0,0,0,0,0,0],[29,44,2,7,0,1,5,0,16,2,9,3,10,0,0,0,3,0,0,0,0,0,0,0,0,0,0,0],[28,30,4,4,0,1,3,0,13,4,8,1,5,2,0,0,2,0,0,0,0,0,0,0,0,0,0,0],[35,27,2,10,0,2,1,0,21,3,11,0,3,0,0,0,5,0,0,0,0,0,0,0,0,0,0,0],[35,19,14,7,0,11,0,0,1,3,7,0,0,1,0,0,0,0,0,0,0,0,0,0,0,0,0,0],[35,24,1,2,0,3,2,0,8,0,2,3,4,1,0,0,3,0,0,0,0,0,0,0,0,0,0,0],[31,30,5,8,0,3,0,0,3,1,11,2,1,0,0,0,0,0,0,0,0,0,0,0,0,0,0,0],[39,17,11,3,0,6,0,0,2,2,5,1,1,0,0,0,0,0,0,0,0,0,0,0,0,0,0,0],[21,26,1,8,0,1,2,0,7,1,7,0,5,1,0,0,2,0,0,0,0,0,0,0,0,0,0,0],[9,10,6,3,0,1,2,0,22,0,4,2,0,1,0,0,2,0,0,0,0,0,0,0,0,0,0,0]],"epoch_accuracies":[[0.1042816105056769,0.1114404267931239,0.11481464593497788,0.11668414572978889,0.12703479093520587,0.13314486343531987,0.14007569194291186,0.14053166750262186,0.14673293511467786,0.14632255711093886,0.14983356892070585,0.15507728785737085,0.15553326341708085,0.15772194610368884,0.15790433632757284,0.16059459212986185,0.15977383612238383,0.16323925037617984,0.16141534813733985,0.16738862796954082,0.16364962837991884,0.16524554283890383,0.16757101819342482,0.16985089599197484,0.17103643244722083,0.17208517623455383,0.17354429802562582,0.17450184670101682,0.17618895627194384,0.17468423692490082],[0.09794801641586867,0.11012311901504789,0.1106703146374829,0.10807113543091655,0.12393980848153215,0.11887824897400821,0.09781121751025992,0.11436388508891929,0.09644322845417237,0.08864569083447332,0.10287277701778386,0.09480164158686731,0.09493844049247606,0.08673050615595075,0.10807113543091655,0.09521203830369357,0.10465116279069768,0.10861833105335157,0.10642954856361149,0.10369357045143639,0.10916552667578659,0.12640218878248974,0.09945280437756499,0.10875512995896033,0.11053351573187414,0.09699042407660739,0.11094391244870042,0.11887824897400821,0.11450068399452805,0.14281805745554035]]}