{"Accuracy":0.09767441860465116,"Precision":0.09136517674394426,"Recall":0.09767441860465116,"F1 Score":0.07811651987255644,"Adjusted Rand Index":0.008367514644961225,"Precision by cluster":[0.09449465899753492,0.10344827586206896,0.09720176730486009,0.0893970893970894,0.0,0.0918580375782881,0.5233644859813084,0.1,0.07792207792207792,0.125,0.06930693069306931,0.0,0.2,0.07834101382488479,0.0,0.0,0.05868945868945869,0.0,0.0,0.0,0.0,0.0,0.0,0.0,0.0,0.0,0.0,0.0],"Recall by cluster":[0.17884914463452567,0.04754358161648178,0.2160392798690671,0.17551020408163265,0.0,0.10091743119266056,0.27722772277227725,0.019230769230769232,0.05787781350482315,0.0035460992907801418,0.10144927536231885,0.0,0.09166666666666666,0.06938775510204082,0.0,0.0,0.5953757225433526,0.0,0.0,0.0,0.0,0.0,0.0,0.0,0.0,0.0,0.0,0.0],"F1 score by cluster":[0.12365591397849462,0.06514657980456026,0.1340782122905028,0.1184573002754821,0.0,0.09617486338797815,0.36245954692556637,0.03225806451612903,0.06642066420664207,0.006896551724137931,0.08235294117647059,0.0,0.12571428571428572,0.0735930735930736,0.0,0.0,0.10684647302904564,0.0,0.0,0.0,0.0,0.0,0.0,0.0,0.0,0.0,0.0,0.0],"confusion_matrix":[[115,33,131,104,0,48,11,7,8,1,37,1,6,28,0,0,113,0,0,0,0,0,0,0,0,0,0,0],[97,30,133,80,0,53,5,5,5,2,43,0,10,24,0,0,144,0,0,0,0,0,0,0,0,0,0,0],[125,34,132,94,0,49,3,5,7,0,46,0,4,17,0,0,95,0,0,0,0,0,0,0,0,0,0,0],[93,24,115,86,0,25,0,3,5,0,37,0,5,7,0,0,90,0,0,0,0,0,0,0,0,0,0,0],[91,20,81,79,0,42,1,6,4,0,27,0,1,18,0,0,74,0,0,0,0,0,0,0,0,0,0,0],[84,18,96,85,0,44,0,2,1,0,21,1,1,18,0,0,65,0,0,0,0,0,0,0,0,0,0,0],[36,10,22,12,0,11,112,2,72,0,11,0,9,8,0,0,99,0,0,0,0,0,0,0,0,0,0,0],[60,13,72,45,0,12,1,6,2,0,18,0,5,1,0,0,77,0,0,0,0,0,0,0,0,0,0,0],[50,9,59,26,0,16,2,3,18,1,8,0,3,12,0,0,104,0,0,0,0,0,0,0,0,0,0,0],[46,8,57,44,0,24,0,2,0,1,17,0,3,7,0,0,73,0,0,0,0,0,0,0,0,0,0,0],[57,9,39,32,1,19,10,1,9,0,28,0,6,3,0,0,62,0,0,0,0,0,0,0,0,0,0,0],[38,10,31,20,0,11,10,1,8,0,13,0,11,9,0,0,99,0,0,0,0,0,0,0,0,0,0,0],[16,8,17,6,0,1,14,1,13,0,2,0,22,1,0,0,139,0,0,0,0,0,0,0,0,0,0,0],[32,12,41,25,0,24,15,1,12,2,18,0,4,17,0,0,42,0,0,0,0,0,0,0,0,0,0,0],[42,7,56,34,0,14,0,2,7,0,11,0,0,3,0,0,39,0,0,0,0,0,0,0,0,0,0,0],[44,9,49,45,0,16,1,2,2,0,12,0,2,3,0,0,39,0,0,0,0,0,0,0,0,0,0,0],[13,0,12,6,0,3,8,1,16,0,4,0,6,1,0,0,103,0,0,0,0,0,0,0,0,0,0,0],[22,2,25,14,0,9,5,0,4,0,5,0,0,12,0,0,21,0,0,0,0,0,0,0,0,0,0,0],[22,1,17,16,0,8,2,3,7,0,4,0,1,3,0,0,44,0,0,0,0,0,0,0,0,0,0,0],[22,4,20,16,0,2,4,2,8,0,1,0,3,2,0,0,35,0,0,0,0,0,0,0,0,0,0,0],[12,3,28,15,0,9,2,0,2,0,10,0,1,9,0,0,34,0,0,0,0,0,0,0,0,0,0,0],[21,7,19,12,0,3,2,1,4,0,7,0,1,2,0,0,49,0,0,0,0,0,0,0,0,0,0,0],[15,2,36,20,0,11,0,2,0,1,9,0,0,4,0,0,16,0,0,0,0,0,0,0,0,0,0,0],[14,4,20,7,0,6,3,0,2,0,2,0,5,3,1,0,26,0,0,0,0,0,0,0,0,0,0,0],[18,8,20,13,0,5,0,0,1,0,2,0,0,1,0,0,17,0,0,0,0,0,0,0,0,0,0,0],[14,3,12,10,0,7,0,2,0,0,6,0,0,1,0,0,11,0,0,0,0,0,0,0,0,0,0,0],[13,1,10,8,0,3,1,0,1,0,5,0,0,1,0,0,28,0,0,0,0,0,0,0,0,0,0,0],[5,1,8,8,0,4,2,0,13,0,0,1,1,2,0,0,17,0,0,0,0,0,0,0,0,0,0,0]]}