{"Accuracy":0.0826265389876881,"Precision":0.08763531543391527,"Recall":0.0826265389876881,"F1 Score":0.06575449170678922,"Adjusted Rand Index":0.01357727101968723,"Precision by cluster":[0.09077809798270893,0.06552706552706553,0.08448030374940674,0.0967741935483871,0.02564102564102564,0.09574468085106383,0.5730994152046783,0.0,0.048728813559322036,0.1388888888888889,0.04395604395604396,0.04666666666666667,0.12987012987012986,0.056,0.1,0.0,0.07038123167155426,0.0,0.0,0.0,0.0,0.0,0.0,0.0,0.0,0.0,0.0,0.0],"Recall by cluster":[0.09797822706065319,0.10935023771790808,0.29132569558101473,0.030612244897959183,0.0022522522522522522,0.020642201834862386,0.24257425742574257,0.0,0.07395498392282958,0.01773049645390071,0.21739130434782608,0.02681992337164751,0.08333333333333333,0.02857142857142857,0.004651162790697674,0.0,0.2774566473988439,0.0,0.0,0.0,0.0,0.0,0.0,0.0,0.0,0.0,0.0,0.0],"F1 score by cluster":[0.09424083769633508,0.08194774346793349,0.1309786607799853,0.046511627906976744,0.004140786749482402,0.033962264150943396,0.3408695652173913,0.0,0.05874840357598978,0.031446540880503145,0.07312614259597806,0.0340632603406326,0.10152284263959391,0.03783783783783784,0.008888888888888889,0.0,0.11228070175438597,0.0,0.0,0.0,0.0,0.0,0.0,0.0,0.0,0.0,0.0,0.0],"confusion_matrix":[[63,89,210,15,1,8,5,0,21,7,136,23,10,13,1,0,41,0,0,0,0,0,0,0,0,0,0,0],[56,69,221,8,10,11,4,0,18,2,124,18,14,12,0,0,64,0,0,0,0,0,0,0,0,0,0,0],[82,99,178,15,3,9,2,0,7,0,157,7,7,7,1,0,37,0,0,0,0,0,0,0,0,0,0,0],[66,77,141,15,2,9,0,0,9,2,126,4,8,5,0,0,26,0,0,0,0,0,0,0,0,0,0,0],[47,62,152,13,1,9,0,1,9,2,98,13,4,8,1,0,24,0,0,0,0,0,0,0,0,0,0,0],[42,52,155,14,7,9,0,0,4,3,107,4,2,10,0,0,27,0,0,0,0,0,0,0,0,0,0,0],[14,33,43,1,0,3,98,0,129,0,29,6,14,5,0,0,29,0,0,0,0,0,0,0,0,0,0,0],[48,61,84,9,0,4,0,0,5,3,66,0,3,1,1,0,27,0,0,0,0,0,0,0,0,0,0,0],[21,44,100,2,3,1,3,0,23,0,30,13,12,10,2,0,46,0,0,0,0,0,0,0,0,0,0,1],[29,49,87,4,2,1,0,0,7,5,63,3,3,6,1,0,22,0,0,0,0,0,0,0,0,0,0,0],[24,40,76,8,1,6,7,0,22,1,60,6,5,2,0,0,18,0,0,0,0,0,0,0,0,0,0,0],[15,41,52,2,1,4,5,0,29,1,39,7,16,5,0,0,44,0,0,0,0,0,0,0,0,0,0,0],[11,51,31,4,0,0,13,0,41,2,10,1,20,0,0,0,56,0,0,0,0,0,0,0,0,0,0,0],[15,39,71,3,1,6,13,0,21,2,43,11,2,7,1,0,10,0,0,0,0,0,0,0,0,0,0,0],[23,25,79,6,0,2,1,0,9,1,42,6,3,2,1,0,15,0,0,0,0,0,0,0,0,0,0,0],[22,34,78,10,2,4,1,0,3,0,43,4,2,2,1,0,18,0,0,0,0,0,0,0,0,0,0,0],[7,21,25,2,0,0,2,0,40,1,14,1,10,2,0,0,48,0,0,0,0,0,0,0,0,0,0,0],[7,25,38,1,0,2,3,0,8,0,14,4,1,8,0,0,8,0,0,0,0,0,0,0,0,0,0,0],[12,14,37,1,2,1,1,0,19,2,15,2,3,3,0,0,16,0,0,0,0,0,0,0,0,0,0,0],[13,24,32,2,0,0,3,0,13,0,17,3,2,0,0,0,10,0,0,0,0,0,0,0,0,0,0,0],[7,14,42,4,0,0,2,1,6,0,18,4,1,5,0,0,21,0,0,0,0,0,0,0,0,0,0,0],[16,27,28,3,0,0,3,0,5,0,22,1,6,0,0,0,17,0,0,0,0,0,0,0,0,0,0,0],[16,13,41,1,0,2,0,0,0,1,29,3,0,0,0,0,10,0,0,0,0,0,0,0,0,0,0,0],[6,14,32,3,0,0,3,0,5,0,7,0,3,3,0,0,17,0,0,0,0,0,0,0,0,0,0,0],[12,12,25,6,3,1,1,0,1,1,18,0,1,0,0,0,4,0,0,0,0,0,0,0,0,0,0,0],[5,12,19,0,0,0,0,0,0,0,21,2,0,3,0,0,4,0,0,0,0,0,0,0,0,0,0,0],[8,7,15,1,0,1,0,0,4,0,13,2,2,1,0,0,17,0,0,0,0,0,0,0,0,0,0,0],[7,5,15,2,0,1,1,0,14,0,4,2,0,5,0,0,6,0,0,0,0,0,0,0,0,0,0,0]]}