{"Accuracy":0.14991109287375187,"Precision":0.10227017988825572,"Recall":0.14991109287375187,"F1 Score":0.08871758313802404,"Adjusted Rand Index":0.02673291931079123,"Precision by cluster":[0.06896551724137931,0.15180102915951973,0.12981045376220562,0.10284463894967177,0.1,0.0,0.5091324200913242,0.17391304347826086,0.05128205128205128,0.0,0.0,0.4,0.12689901697944594,0.15384615384615385,0.0,0.0,0.0,0.0,0.0,0.0,0.0,0.0,0.0,0.0,0.0,0.0,0.0,0.0],"Recall by cluster":[0.046357615894039736,0.3089005235602094,0.7325769854132901,0.0951417004048583,0.002386634844868735,0.0,0.5425790754257908,0.03773584905660377,0.02181818181818182,0.0,0.0,0.00847457627118644,0.5503875968992248,0.022813688212927757,0.0,0.0,0.0,0.0,0.0,0.0,0.0,0.0,0.0,0.0,0.0,0.0,0.0,0.0],"F1 score by cluster":[0.055445544554455446,0.20356526739505462,0.22054159551110028,0.09884332281808622,0.004662004662004662,0.0,0.525323910482921,0.06201550387596899,0.030612244897959183,0.0,0.0,0.016597510373443983,0.20624546114742193,0.039735099337748346,0.0,0.0,0.0,0.0,0.0,0.0,0.0,0.0,0.0,0.0,0.0,0.0,0.0,0.0],"confusion_matrix":[[28,103,330,46,0,0,9,8,10,0,0,0,69,1,0,0,0,0,0,0,0,0,0,0,0,0,0,0],[40,177,217,50,0,0,8,4,19,0,0,0,57,1,0,0,0,0,0,0,0,0,0,0,0,0,0,0],[31,34,452,27,0,0,2,8,3,0,0,1,59,0,0,0,0,0,0,0,0,0,0,0,0,0,0,0],[36,74,272,47,0,0,2,3,5,0,0,0,55,0,0,0,0,0,0,0,0,0,0,0,0,0,0,0],[23,57,258,31,1,0,4,5,4,0,0,0,35,1,0,0,0,0,0,0,0,0,0,0,0,0,0,0],[31,38,295,37,0,0,1,4,5,0,0,0,25,1,0,0,0,0,0,0,0,0,0,0,0,0,0,0],[9,41,61,7,0,0,223,0,4,0,0,0,66,0,0,0,0,0,0,0,0,0,0,0,0,0,0,0],[10,30,209,17,0,0,3,12,2,0,0,0,34,0,0,0,1,0,0,0,0,0,0,0,0,0,0,0],[16,60,98,16,0,0,9,0,6,0,0,0,58,12,0,0,0,0,0,0,0,0,0,0,0,0,0,0],[17,43,162,30,0,0,4,5,5,0,0,0,46,0,0,0,0,0,0,0,0,0,0,0,0,0,0,0],[21,71,105,20,1,0,17,3,3,0,0,0,34,0,0,0,0,0,0,0,0,0,0,0,0,0,0,0],[15,33,71,6,1,0,23,1,5,0,0,2,77,2,0,0,0,0,0,0,0,0,0,0,0,0,0,0],[13,38,20,5,0,0,29,1,7,0,0,2,142,0,0,0,1,0,0,0,0,0,0,0,0,0,0,0],[16,45,123,10,0,0,31,0,1,0,0,0,31,6,0,0,0,0,0,0,0,0,0,0,0,0,0,0],[10,32,121,13,2,0,12,2,4,0,0,0,29,2,0,0,0,0,0,0,0,0,0,0,0,0,0,0],[7,32,126,16,0,0,3,4,4,0,0,0,20,0,0,0,0,0,0,0,0,0,0,0,0,0,0,0],[7,29,22,4,1,0,20,2,6,0,0,0,86,0,0,0,0,0,0,0,0,0,0,0,0,0,0,0],[6,23,71,8,1,0,4,1,3,0,0,0,22,0,0,0,0,0,0,0,0,0,0,0,0,0,0,0],[10,35,53,4,2,0,7,2,7,0,0,0,24,1,0,0,0,0,0,0,0,0,0,0,0,0,0,0],[5,34,39,8,0,0,4,0,2,0,0,0,17,0,0,0,0,0,0,0,0,0,0,0,0,0,0,0],[9,28,46,11,1,0,3,1,1,0,0,0,27,1,0,0,0,0,0,0,0,0,0,0,0,0,0,0],[7,26,42,6,0,0,3,0,3,0,0,0,32,0,0,0,1,0,0,0,0,0,0,0,0,0,0,0],[9,13,70,7,0,0,0,2,2,0,0,0,5,0,0,0,0,0,0,0,0,0,0,0,0,0,0,0],[9,7,42,3,0,0,8,0,0,0,0,0,19,0,0,0,0,0,0,0,0,0,0,0,0,0,0,0],[7,16,53,11,0,0,1,1,0,0,0,0,11,0,0,0,0,0,0,0,0,0,0,0,0,0,0,0],[4,10,61,7,0,0,1,0,1,0,0,0,5,0,0,0,0,0,0,0,0,0,0,0,0,0,0,0],[5,25,33,8,0,0,1,0,4,0,0,0,25,0,0,0,0,0,0,0,0,0,0,0,0,0,0,0],[5,12,30,2,0,0,6,0,1,0,0,0,9,11,0,0,0,0,0,0,0,0,0,0,0,0,0,0]],"epoch_accuracies":{"train":[0.06994665085951393,0.0985819160093019,0.10897815877068989,0.1079750125393279,0.11020929278190689,0.11289954858419589,0.11850804796862888,0.12124390132688888,0.13100177830468288,0.12867630295016186],"val":[0.11162790697674418,0.13378932968536253,0.12421340629274966,0.11764705882352941,0.13556771545827634,0.13009575923392613,0.14705882352941177,0.13926128590971273,0.13775649794801642,0.15362517099863202]}}