{"Accuracy":0.15157318741450068,"Precision":0.1283812711728044,"Recall":0.15157318741450068,"F1 Score":0.12192484709107762,"Adjusted Rand Index":0.031095492960628697,"Precision by cluster":[0.09046454767726161,0.15206611570247933,0.25,0.10853355426677713,0.0,0.1272264631043257,0.45542168674698796,0.27044025157232704,0.09427609427609428,0.1111111111111111,0.0893970893970894,0.12,0.16025641025641027,0.09302325581395349,0.0,0.0,0.07939914163090128,0.0,0.0,0.0,0.0,0.0,0.0,0.4,0.0,0.0,0.0,0.38095238095238093],"Recall by cluster":[0.06045751633986928,0.30514096185737977,0.3559322033898305,0.2706611570247934,0.0,0.1182033096926714,0.4609756097560976,0.12427745664739884,0.10408921933085502,0.019230769230769232,0.3233082706766917,0.02531645569620253,0.18867924528301888,0.015873015873015872,0.0,0.0,0.3756345177664975,0.0,0.0,0.0,0.0,0.0,0.0,0.017857142857142856,0.0,0.0,0.0,0.16326530612244897],"F1 score by cluster":[0.07247796278158668,0.2029784886927744,0.2937062937062937,0.15493790656416323,0.0,0.12254901960784313,0.4581818181818182,0.1702970297029703,0.0989399293286219,0.03278688524590164,0.14006514657980457,0.041811846689895474,0.1733102253032929,0.02711864406779661,0.0,0.0,0.13108945969884853,0.0,0.0,0.0,0.0,0.0,0.0,0.03418803418803419,0.0,0.0,0.0,0.22857142857142856],"confusion_matrix":[[37,105,91,121,0,38,18,19,15,8,86,1,20,3,0,0,47,0,0,0,0,0,0,0,0,0,0,3],[26,184,14,90,0,20,15,2,21,1,126,1,19,6,0,0,77,0,0,0,0,0,0,0,0,0,0,1],[48,35,210,108,0,47,4,31,13,3,34,6,17,1,0,0,32,0,0,0,0,0,0,0,0,0,0,1],[34,86,21,131,0,23,5,9,13,6,92,1,14,2,0,0,47,0,0,0,0,0,0,0,0,0,0,0],[23,62,101,79,0,41,3,12,12,1,39,2,9,5,0,0,36,0,0,0,0,0,0,0,0,0,0,1],[31,83,47,116,1,50,4,6,5,4,43,2,6,0,0,0,25,0,0,0,0,0,0,0,0,0,0,0],[8,33,5,25,0,6,189,0,20,2,38,2,25,2,0,0,55,0,0,0,0,0,0,0,0,0,0,0],[14,22,108,67,0,17,2,43,12,5,15,3,9,0,0,0,29,0,0,0,0,0,0,0,0,0,0,0],[21,33,28,20,0,11,3,2,28,5,32,0,11,4,0,0,66,0,0,0,0,0,0,0,0,0,0,5],[23,53,42,52,0,20,3,8,9,6,42,0,12,2,0,0,40,0,0,0,0,0,0,0,0,0,0,0],[7,57,3,29,0,9,12,1,9,1,86,1,11,1,0,0,38,0,0,0,0,0,0,1,0,0,0,0],[18,45,5,32,0,9,30,0,7,0,20,6,22,3,0,0,40,0,0,0,0,0,0,0,0,0,0,0],[1,25,0,7,0,1,39,0,20,1,21,2,50,0,0,0,98,0,0,0,0,0,0,0,0,0,0,0],[18,41,6,32,0,17,18,1,18,0,55,3,10,4,0,0,28,0,0,0,0,0,0,0,0,0,0,1],[11,27,36,35,0,14,11,4,10,0,27,3,15,2,0,0,19,0,0,0,0,0,0,1,0,0,0,0],[16,37,28,63,0,15,3,5,13,2,22,2,6,1,0,0,18,0,0,0,0,0,0,0,0,0,0,0],[7,25,0,10,0,2,15,0,16,3,26,2,17,0,0,0,74,0,0,0,0,0,0,0,0,0,0,0],[8,29,17,25,0,8,11,2,10,0,23,0,3,0,0,0,16,0,0,0,0,0,0,0,0,0,0,0],[6,27,17,10,0,5,2,1,16,1,15,0,3,1,0,0,30,0,0,0,0,0,0,0,0,0,0,1],[6,25,1,11,0,1,1,1,6,0,19,0,6,0,0,0,18,0,0,0,0,0,0,0,0,0,0,0],[5,44,3,18,0,2,5,0,8,1,8,3,3,1,0,0,23,0,0,0,0,0,0,0,0,0,0,0],[7,31,4,22,0,2,6,0,7,1,18,1,3,1,0,0,25,0,0,0,0,0,0,0,0,0,0,0],[13,13,17,27,0,13,0,3,1,1,12,1,2,3,0,0,7,0,0,0,0,0,0,0,0,0,0,0],[8,28,2,17,0,5,12,1,3,0,16,6,2,1,0,0,9,0,0,0,0,0,0,2,0,0,0,0],[5,26,3,28,0,4,2,3,2,1,15,1,7,0,0,0,6,0,0,0,0,0,0,0,0,0,0,0],[3,16,22,15,0,9,0,5,0,1,8,1,4,0,0,0,8,0,0,0,0,0,0,1,0,0,0,0],[3,12,2,9,0,2,1,0,1,0,19,0,5,0,0,0,14,0,0,0,0,0,0,0,0,0,0,0],[2,6,7,8,0,2,1,0,2,0,5,0,1,0,0,0,7,0,0,0,0,0,0,0,0,0,0,8]],"epoch_accuracies":[[0.11463225571109388,0.14021248461082486,0.14846564224157585,0.15384615384615385,0.15626282431261684,0.15826911677534083,0.15986503123432583,0.15995622634626783,0.16205371392093385,0.16474396972322283,0.16501755505904883,0.16396881127171584,0.16574711595458483,0.16802699375313485,0.16802699375313485,0.17144681045095983,0.17222196890246683,0.17258674935023482,0.17117322511513383,0.17404587114130682,0.17491222470475581,0.1753682002644658,0.17728329761524783,0.17833204140258083,0.18070311431307282,0.17951757785782682,0.18042952897724682,0.18006474852947882,0.1821166385481738,0.1823902238839998],[0.12968536251709986,0.10492476060191519,0.06880984952120384,0.07400820793433653,0.08604651162790698,0.07920656634746923,0.08057455540355678,0.11491108071135431,0.06853625170998633,0.08590971272229822,0.106703146374829,0.12968536251709986,0.1250341997264022,0.13885088919288646,0.1238030095759234,0.14555403556771546,0.12872777017783857,0.1362517099863201,0.14076607387140902,0.15376196990424076,0.1466484268125855,0.15294117647058825,0.13529411764705881,0.14213406292749658,0.15800273597811218,0.1347469220246238,0.14145006839945282,0.14829001367989056,0.16374829001367988,0.14897400820793433]]}