{"Accuracy":0.15745554035567716,"Precision":0.08288900722364015,"Recall":0.15745554035567716,"F1 Score":0.08664228783764255,"Adjusted Rand Index":0.02791524040186155,"Precision by cluster":[0.07331378299120235,0.13206214689265536,0.17422680412371133,0.124,0.0,0.07547169811320754,0.379182156133829,0.0,0.3333333333333333,0.0,0.0,0.0,0.13145539906103287,0.0,0.0,0.0,0.0,0.0,0.0,0.0,0.0,0.0,0.0,0.0,0.0,0.0,0.0,0.0],"Recall by cluster":[0.041736227045075125,0.6254180602006689,0.5898778359511344,0.1712707182320442,0.0,0.009111617312072893,0.5,0.0,0.0035971223021582736,0.0,0.0,0.0,0.4163568773234201,0.0,0.0,0.0,0.0,0.0,0.0,0.0,0.0,0.0,0.0,0.0,0.0,0.0,0.0,0.0],"F1 score by cluster":[0.05319148936170213,0.21807580174927113,0.26900119379228016,0.14385150812064965,0.0,0.016260162601626018,0.4312896405919662,0.0,0.0071174377224199285,0.0,0.0,0.0,0.19982158786797502,0.0,0.0,0.0,0.0,0.0,0.0,0.0,0.0,0.0,0.0,0.0,0.0,0.0,0.0,0.0],"confusion_matrix":[[25,242,202,62,0,5,20,0,0,0,0,0,43,0,0,0,0,0,0,0,0,0,0,0,0,0,0,0],[18,374,62,48,0,3,22,0,0,0,0,0,71,0,0,0,0,0,0,0,0,0,0,0,0,0,0,0],[29,112,338,56,0,8,6,0,0,0,0,0,24,0,0,0,0,0,0,0,0,0,0,0,0,0,0,0],[31,228,136,93,0,6,2,0,0,0,0,0,47,0,0,0,0,0,0,0,0,0,0,0,0,0,0,0],[23,145,190,46,0,6,3,0,0,0,0,0,22,0,0,0,0,0,0,0,0,0,0,0,0,0,0,0],[29,184,146,67,0,4,1,0,0,0,0,0,8,0,0,0,0,0,0,0,0,0,0,0,0,0,0,0],[9,102,20,18,0,1,204,0,0,0,0,0,54,0,0,0,0,0,0,0,0,0,0,0,0,0,0,0],[13,49,187,32,0,1,4,0,0,0,0,0,22,0,0,0,0,0,0,0,0,0,0,0,0,0,0,0],[13,117,60,10,0,1,32,0,1,0,0,0,44,0,0,0,0,0,0,0,0,0,0,0,0,0,0,0],[22,109,89,44,0,4,2,0,0,0,0,0,27,0,0,0,0,0,0,0,0,0,0,0,0,0,0,0],[10,153,23,37,0,1,24,0,0,0,0,0,33,0,0,0,0,0,0,0,0,0,0,0,0,0,0,0],[13,90,24,19,1,0,27,0,0,0,0,0,51,0,0,0,0,0,0,0,0,0,0,0,0,0,0,0],[17,65,7,9,0,1,58,0,0,0,0,0,112,0,0,0,0,0,0,0,0,0,0,0,0,0,0,0],[8,119,33,22,0,0,28,0,0,0,0,0,34,0,0,0,0,0,0,0,0,0,0,0,0,0,0,0],[11,97,83,21,0,4,13,0,0,0,0,0,18,0,0,0,0,0,0,0,0,0,0,0,0,0,0,0],[18,86,79,18,0,3,4,0,0,0,0,0,21,0,0,0,0,0,0,0,0,0,0,0,0,0,0,0],[7,56,9,10,0,0,25,0,0,0,0,0,64,0,0,0,0,0,0,0,0,0,0,0,0,0,0,0],[10,69,28,12,0,0,9,0,1,0,0,0,16,0,0,0,0,0,0,0,0,0,0,0,0,0,0,0],[1,57,42,10,0,0,11,0,0,0,0,0,22,0,0,0,0,0,0,0,0,0,0,0,0,0,0,0],[2,68,12,19,0,0,15,0,0,0,0,0,23,0,0,0,0,0,0,0,0,0,0,0,0,0,0,0],[3,53,8,10,0,1,8,0,1,0,0,0,19,0,0,0,0,0,0,0,0,0,0,0,0,0,0,0],[6,51,12,18,0,0,2,0,0,0,0,0,23,0,0,0,0,0,0,0,0,0,0,0,0,0,0,0],[6,38,39,16,0,1,0,0,0,0,0,0,7,0,0,0,0,0,0,0,0,0,0,0,0,0,0,0],[7,30,13,9,0,2,9,0,0,0,0,0,15,0,0,0,0,0,0,0,0,0,0,0,0,0,0,0],[6,49,11,17,0,0,1,0,0,0,0,0,8,0,0,0,0,0,0,0,0,0,0,0,0,0,0,0],[2,21,51,7,0,1,1,0,0,0,0,0,4,0,0,0,0,0,0,0,0,0,0,0,0,0,0,0],[1,43,6,14,0,0,4,0,0,0,0,0,16,0,0,0,0,0,0,0,0,0,0,0,0,0,0,0],[1,25,30,6,0,0,3,0,0,0,0,0,4,0,0,0,0,0,0,0,0,0,0,0,0,0,0,0]],"epoch_accuracies":[[0.08257717386348092,0.1020929278190689,0.10318726916237289,0.1054215494049519,0.10624230541242989,0.11198759746477589,0.11349231681181889,0.11764169440517988,0.12457252291277188,0.12872190050613286,0.13077379052482788,0.13601750946149285,0.13802380192421687,0.14016688705485386,0.14417947198030184,0.14189959418175185,0.14363230130864985,0.14773608134603985,0.14723450823035886,0.14796406912589485,0.14782727645798185,0.14905841046919885,0.14992476403264784,0.14987916647667684,0.15129269071177784,0.14773608134603985,0.14978797136473485,0.15165747115954584,0.15111030048789384,0.15699238520815284],[0.10697674418604651,0.11135430916552667,0.10971272229822161,0.11450068399452805,0.11299589603283174,0.11545827633378933,0.12831737346101232,0.13296853625170998,0.13679890560875513,0.14254445964432286,0.1476060191518468,0.1448700410396717,0.15006839945280437,0.14993160054719562,0.14965800273597812,0.15006839945280437,0.1518467852257182,0.1518467852257182,0.15198358413132695,0.15622435020519837,0.1560875512995896,0.15444596443228453,0.15595075239398085,0.15663474692202461,0.15225718194254445,0.15622435020519837,0.15622435020519837,0.15636114911080712,0.15718194254445964,0.16142270861833105]]}