{"Accuracy":0.1945280437756498,"Precision":0.17473780531210922,"Recall":0.1945280437756498,"F1 Score":0.15263156981459822,"Adjusted Rand Index":0.046311489663341206,"Precision by cluster":[0.09578544061302682,0.1743119266055046,0.26808100289296044,0.1431693989071038,0.04918032786885246,0.17870722433460076,0.5307262569832403,0.14192949907235622,0.38095238095238093,0.09205020920502092,0.20179372197309417,0.20754716981132076,0.24053452115812918,0.1111111111111111,0.0,0.0,0.21428571428571427,0.0,0.5,0.0,0.0,0.08333333333333333,0.0,0.3888888888888889,0.0,0.0,0.0,0.5],"Recall by cluster":[0.037037037037037035,0.5196581196581197,0.46256239600665555,0.2635814889336016,0.006787330316742082,0.10681818181818181,0.472636815920398,0.4722222222222222,0.11228070175438597,0.14332247557003258,0.16728624535315986,0.04721030042918455,0.40601503759398494,0.004201680672268907,0.0,0.0,0.15083798882681565,0.0,0.007042253521126761,0.0,0.0,0.10434782608695652,0.0,0.07,0.0,0.0,0.0,0.04838709677419355],"F1 score by cluster":[0.053418803418803416,0.26105624731644483,0.33943833943833945,0.18555240793201133,0.011928429423459244,0.1337126600284495,0.5,0.21825962910128388,0.17344173441734417,0.11210191082802548,0.18292682926829268,0.07692307692307693,0.3020979020979021,0.008097165991902834,0.0,0.0,0.17704918032786884,0.0,0.013888888888888888,0.0,0.0,0.09266409266409266,0.0,0.11864406779661017,0.0,0.0,0.0,0.08823529411764706],"confusion_matrix":[[25,163,104,91,11,32,20,102,6,48,20,5,22,1,0,0,5,0,0,0,0,18,0,1,0,0,0,1],[28,304,18,87,3,7,8,26,2,39,15,2,27,2,0,0,7,0,0,0,0,8,0,1,0,0,1,0],[20,68,278,45,4,14,2,124,2,21,8,2,4,0,0,0,0,0,0,0,0,9,0,0,0,0,0,0],[20,108,28,131,2,22,1,107,1,39,13,2,7,0,0,0,3,0,0,0,0,13,0,0,0,0,0,0],[15,61,114,57,3,26,1,112,6,21,4,3,10,0,0,0,2,0,0,0,0,7,0,0,0,0,0,0],[13,80,47,84,1,47,0,117,0,26,6,2,4,0,0,0,3,0,0,0,0,8,0,2,0,0,0,0],[9,67,9,31,1,2,190,3,2,12,7,5,49,1,0,0,7,0,0,0,0,6,0,1,0,0,0,0],[8,26,81,26,0,7,1,153,0,10,3,0,6,0,0,0,1,0,0,0,0,2,0,0,0,0,0,0],[9,53,54,15,9,7,11,11,32,15,9,1,26,2,0,0,25,0,1,0,0,3,0,0,0,0,0,2],[18,61,44,43,2,17,1,53,0,44,5,0,10,0,0,0,3,0,0,0,0,6,0,0,0,0,0,0],[15,103,4,29,2,6,23,8,0,13,45,2,13,1,0,0,3,0,0,0,0,2,0,0,0,0,0,0],[6,81,9,24,0,5,11,17,1,11,7,11,38,0,0,0,3,0,0,0,0,7,0,2,0,0,0,0],[4,54,3,12,1,1,15,13,0,36,4,2,108,0,0,0,8,0,0,0,0,5,0,0,0,0,0,0],[13,98,10,28,1,3,17,7,3,18,12,4,13,1,0,0,4,0,0,0,0,3,0,3,0,0,0,0],[9,46,61,25,4,12,9,33,3,12,2,3,7,0,0,0,2,0,0,0,0,1,0,0,0,0,0,0],[7,38,36,24,1,15,3,56,0,7,3,0,5,0,0,0,0,0,0,0,0,7,0,0,0,0,0,0],[4,41,5,14,0,2,13,3,3,20,3,1,34,0,0,0,27,0,0,0,0,9,0,0,0,0,0,0],[3,37,19,19,1,5,6,19,4,7,6,2,7,0,0,0,0,0,0,0,0,0,0,1,0,0,0,0],[4,27,33,5,6,4,5,12,6,8,7,0,10,0,0,0,13,0,1,0,0,1,0,0,0,0,0,0],[7,36,3,12,1,2,8,2,1,10,17,1,9,0,0,0,4,0,0,0,0,3,0,0,0,0,0,0],[0,54,4,12,1,2,3,0,2,11,4,0,7,1,0,0,2,0,0,0,0,4,0,0,0,0,0,0],[3,29,7,26,1,1,3,4,2,12,8,0,7,0,0,0,0,0,0,0,0,12,0,0,0,0,0,0],[6,16,21,13,0,8,0,26,0,3,4,0,1,0,0,0,0,0,0,0,0,1,0,0,0,0,0,0],[2,20,6,14,0,6,5,13,0,9,3,3,11,0,0,0,1,0,0,0,0,0,0,7,0,0,0,0],[5,24,5,18,1,4,0,17,0,6,0,2,2,0,0,0,1,0,0,0,0,1,0,0,0,0,0,0],[4,13,26,8,2,3,0,25,0,3,1,0,4,0,0,0,0,0,0,0,0,3,0,0,0,0,0,0],[2,23,2,17,1,3,1,5,0,13,5,0,6,0,0,0,2,0,0,0,0,1,0,0,0,0,0,0],[2,13,6,5,2,0,1,10,8,4,2,0,2,0,0,0,0,0,0,0,0,4,0,0,0,0,0,3]]}