{"Accuracy":0.12216142270861834,"Precision":0.08333902553748956,"Recall":0.12216142270861834,"F1 Score":0.06867927658972826,"Adjusted Rand Index":0.017175249333495415,"Precision by cluster":[0.1201923076923077,0.13636363636363635,0.10038022813688213,0.10012836970474968,0.0,0.06818181818181818,0.4543524416135881,0.08620689655172414,0.037037037037037035,0.0,0.0,0.0,0.09906001446131597,0.16666666666666666,0.0,0.0,0.05759162303664921,0.0,0.0,0.0,0.0,0.0,0.0,0.0,0.0,0.0,0.0,0.25],"Recall by cluster":[0.037257824143070044,0.015228426395939087,0.6567164179104478,0.15694164989939638,0.0,0.02027027027027027,0.535,0.015384615384615385,0.0038314176245210726,0.0,0.0,0.0,0.5805084745762712,0.004016064257028112,0.0,0.0,0.06962025316455696,0.0,0.0,0.0,0.0,0.0,0.0,0.0,0.0,0.0,0.0,0.125],"F1 score by cluster":[0.05688282138794084,0.0273972602739726,0.1741424802110818,0.12225705329153605,0.0,0.03125,0.49138920780711826,0.02610966057441253,0.006944444444444444,0.0,0.0,0.0,0.1692402717726992,0.00784313725490196,0.0,0.0,0.06303724928366762,0.0,0.0,0.0,0.0,0.0,0.0,0.0,0.0,0.0,0.0,0.16666666666666666],"confusion_matrix":[[25,9,420,73,0,16,20,6,2,0,0,0,80,2,0,0,15,0,0,0,0,0,0,0,0,0,0,3],[19,9,332,51,0,21,17,7,0,1,0,0,115,0,0,0,18,0,0,0,0,0,0,0,0,0,0,1],[13,1,396,78,0,8,2,2,3,2,0,2,86,1,0,0,7,0,0,0,0,0,0,0,0,0,0,2],[10,2,293,78,0,6,1,10,0,0,0,1,84,0,0,0,12,0,0,0,0,0,0,0,0,0,0,0],[15,0,296,60,0,6,2,3,2,1,0,1,40,0,0,0,9,0,0,0,0,0,0,0,0,0,0,2],[9,4,304,57,0,9,1,5,1,0,0,0,45,0,0,0,9,0,0,0,0,0,0,0,0,0,0,0],[7,2,82,14,0,4,214,1,0,0,0,1,68,1,0,0,6,0,0,0,0,0,0,0,0,0,0,0],[9,0,185,41,0,4,2,5,2,0,0,0,66,0,0,0,10,0,0,0,0,0,0,0,0,0,0,1],[4,4,130,21,0,5,13,3,1,0,0,0,66,0,0,0,8,0,0,0,0,0,0,0,0,0,0,6],[9,2,158,35,0,7,0,5,0,0,0,2,58,0,0,0,7,0,0,0,0,0,0,0,0,0,0,0],[9,8,141,32,0,9,24,1,0,1,0,0,47,0,0,0,10,0,0,0,0,0,0,0,0,0,0,0],[8,4,135,15,0,3,24,0,2,1,0,0,78,0,0,0,6,0,0,0,0,0,0,0,0,0,0,0],[7,4,24,17,0,2,34,0,0,0,0,1,137,0,0,0,10,0,0,0,0,0,0,0,0,0,0,0],[7,1,138,16,0,5,24,1,6,0,0,0,44,1,0,0,5,0,0,0,0,0,0,0,0,0,0,1],[6,4,140,17,0,3,12,2,1,0,0,0,37,0,0,0,3,0,0,0,0,0,0,0,0,0,0,1],[9,2,135,28,0,1,4,0,0,0,0,0,37,0,0,0,1,0,0,0,0,0,0,0,0,0,0,1],[5,1,38,9,0,0,25,0,2,0,0,0,67,0,0,0,11,0,0,0,0,0,0,0,0,0,0,0],[2,1,96,13,0,0,11,0,0,0,0,0,22,0,0,0,4,0,0,0,0,0,0,0,0,0,0,1],[4,2,58,13,0,2,4,0,2,0,0,0,33,0,0,0,6,0,0,0,0,0,0,0,0,0,0,2],[10,2,53,19,0,2,14,0,0,1,0,0,28,0,0,0,7,0,0,0,0,0,0,0,0,0,0,0],[5,0,60,18,0,5,5,3,0,0,0,0,28,0,0,0,5,0,0,0,0,0,0,0,0,0,0,0],[7,2,54,13,0,0,4,0,1,0,0,0,37,0,0,0,4,0,0,0,0,0,0,0,0,0,0,0],[1,1,61,10,0,4,0,1,0,0,0,0,6,1,0,0,1,0,0,0,0,0,0,0,0,0,0,0],[2,0,49,9,0,4,4,1,1,0,0,0,26,0,0,0,2,0,0,0,0,0,0,0,0,0,0,0],[3,0,45,15,0,0,1,1,0,0,0,1,14,0,0,0,2,0,0,0,0,0,0,0,0,0,0,0],[1,0,54,12,0,2,1,1,0,0,0,0,5,0,0,0,4,0,0,0,0,0,0,0,0,0,0,0],[2,1,37,13,0,2,3,0,0,0,0,0,22,0,0,0,8,0,0,0,0,0,0,0,0,0,0,0],[0,0,31,2,0,2,5,0,1,0,0,0,7,0,0,0,1,0,0,0,0,0,0,0,0,0,0,7]]}