{"Accuracy":0.18454172366621066,"Precision":0.15229235948876169,"Recall":0.18454172366621066,"F1 Score":0.13977861179246737,"Adjusted Rand Index":0.04858951441518125,"Precision by cluster":[0.16129032258064516,0.1939799331103679,0.23170731707317074,0.10988200589970501,0.13636363636363635,0.1381118881118881,0.4735632183908046,0.10786516853932585,0.2875,0.11409395973154363,0.1529126213592233,0.15666666666666668,0.2118491921005386,0.25,0.0,0.0,0.2247191011235955,0.0,0.0,0.0,0.0,0.0,0.0,0.0,0.0,0.0,0.0,0.0],"Recall by cluster":[0.014814814814814815,0.29743589743589743,0.5374376039933444,0.29979879275653926,0.006787330316742082,0.17954545454545454,0.5124378109452736,0.2962962962962963,0.08070175438596491,0.05537459283387622,0.2342007434944238,0.2017167381974249,0.44360902255639095,0.004201680672268907,0.0,0.0,0.22346368715083798,0.0,0.0,0.0,0.0,0.0,0.0,0.0,0.0,0.0,0.0,0.0],"F1 score by cluster":[0.027137042062415198,0.23481781376518218,0.3238095238095238,0.16082029141932003,0.01293103448275862,0.15612648221343872,0.4922341696535245,0.15815485996705106,0.12602739726027398,0.07456140350877193,0.18502202643171806,0.17636022514071295,0.2867557715674362,0.008264462809917356,0.0,0.0,0.22408963585434175,0.0,0.0,0.0,0.0,0.0,0.0,0.0,0.0,0.0,0.0,0.0],"confusion_matrix":[[10,78,143,139,4,69,23,91,5,14,34,24,32,0,0,0,8,0,0,0,0,0,0,0,0,0,0,1],[2,174,25,157,0,35,13,45,3,10,58,20,33,0,0,0,10,0,0,0,0,0,0,0,0,0,0,0],[3,35,323,72,0,43,3,71,1,9,15,12,12,1,0,0,1,0,0,0,0,0,0,0,0,0,0,0],[6,50,51,149,0,52,1,116,0,16,17,11,21,0,0,0,7,0,0,0,0,0,0,0,0,0,0,0],[4,34,170,60,3,35,6,74,5,9,10,11,18,1,0,0,2,0,0,0,0,0,0,0,0,0,0,0],[4,34,77,90,1,79,2,106,0,7,13,15,7,0,0,0,5,0,0,0,0,0,0,0,0,0,0,0],[4,24,18,42,1,9,206,6,1,3,25,13,43,0,0,0,7,0,0,0,0,0,0,0,0,0,0,0],[1,7,137,32,0,16,4,96,1,2,7,6,14,0,0,0,1,0,0,0,0,0,0,0,0,0,0,0],[2,45,60,24,4,12,16,11,23,4,16,5,37,0,0,0,26,0,0,0,0,0,0,0,0,0,0,0],[2,26,60,72,1,43,2,45,0,17,6,10,13,1,0,0,9,0,0,0,0,0,0,0,0,0,0,0],[4,50,9,60,1,17,24,10,1,3,63,4,19,0,0,0,4,0,0,0,0,0,0,0,0,0,0,0],[0,46,15,32,0,15,14,16,0,2,5,47,36,0,0,0,5,0,0,0,0,0,0,0,0,0,0,0],[0,21,1,28,0,0,27,13,1,10,8,24,118,0,0,0,15,0,0,0,0,0,0,0,0,0,0,0],[6,56,12,50,1,9,21,9,4,6,27,17,11,1,0,0,8,0,0,0,0,0,0,0,0,0,0,0],[2,27,70,38,1,25,11,24,5,3,6,6,9,0,0,0,1,0,0,0,0,0,0,0,0,0,0,1],[2,16,53,40,1,23,1,41,0,3,5,7,8,0,0,0,2,0,0,0,0,0,0,0,0,0,0,0],[0,17,5,24,0,3,19,5,3,4,8,3,48,0,0,0,40,0,0,0,0,0,0,0,0,0,0,0],[2,21,21,24,1,12,8,20,4,2,6,8,7,0,0,0,0,0,0,0,0,0,0,0,0,0,0,0],[2,19,33,13,0,7,5,11,5,1,12,2,19,0,0,0,13,0,0,0,0,0,0,0,0,0,0,0],[1,19,5,22,0,7,8,5,2,4,24,6,10,0,0,0,3,0,0,0,0,0,0,0,0,0,0,0],[0,35,2,27,0,8,4,1,2,3,12,3,8,0,0,0,2,0,0,0,0,0,0,0,0,0,0,0],[3,14,4,44,0,6,5,10,1,3,11,4,7,0,0,0,3,0,0,0,0,0,0,0,0,0,0,0],[1,3,32,21,0,12,0,18,0,2,5,2,1,0,0,0,2,0,0,0,0,0,0,0,0,0,0,0],[0,8,9,15,1,10,9,6,0,1,2,28,9,0,0,0,2,0,0,0,0,0,0,0,0,0,0,0],[0,8,10,32,0,11,0,11,0,4,3,3,3,0,0,0,1,0,0,0,0,0,0,0,0,0,0,0],[0,5,33,15,1,8,0,20,1,1,3,1,4,0,0,0,0,0,0,0,0,0,0,0,0,0,0,0],[1,17,3,26,0,3,1,4,0,4,9,6,6,0,0,0,1,0,0,0,0,0,0,0,0,0,0,0],[0,8,13,8,1,3,2,5,12,2,2,2,4,0,0,0,0,0,0,0,0,0,0,0,0,0,0,0]]}