{"Accuracy":0.15688688277937354,"Precision":0.07951535897000706,"Recall":0.15688688277937354,"F1 Score":0.08410734044369818,"Adjusted Rand Index":0.0263527223427534,"Precision by cluster":[0.08620689655172414,0.12761506276150628,0.1697936210131332,0.1111111111111111,0.0,0.0,0.3754646840148699,0.0,0.4,0.0,0.0,0.0,0.15637860082304528,0.0,0.0,0.0,0.0,0.0,0.0,0.0,0.0,0.0,0.0,0.0,0.0,0.0,0.0,0.0],"Recall by cluster":[0.08156606851549755,0.6245733788395904,0.6135593220338983,0.10119047619047619,0.0,0.0,0.543010752688172,0.0,0.006825938566552901,0.0,0.0,0.0,0.43846153846153846,0.0,0.0,0.0,0.0,0.0,0.0,0.0,0.0,0.0,0.0,0.0,0.0,0.0,0.0,0.0],"F1 score by cluster":[0.08382229673093043,0.2119281991893457,0.2659808963997061,0.1059190031152648,0.0,0.0,0.44395604395604393,0.0,0.013422818791946308,0.0,0.0,0.0,0.23053589484327602,0.0,0.0,0.0,0.0,0.0,0.0,0.0,0.0,0.0,0.0,0.0,0.0,0.0,0.0,0.0],"confusion_matrix":[[50,246,207,42,0,0,28,0,1,0,0,0,39,0,0,0,0,0,0,0,0,0,0,0,0,0,0,0],[48,366,73,32,0,0,22,0,0,0,0,0,45,0,0,0,0,0,0,0,0,0,0,0,0,0,0,0],[48,122,362,32,0,0,1,0,0,0,0,0,25,0,0,0,0,0,0,0,0,0,0,0,0,0,0,0],[58,211,153,51,0,0,4,0,0,0,0,0,27,0,0,0,0,0,0,0,0,0,0,0,0,0,0,0],[39,152,200,30,0,0,5,0,0,0,0,0,15,0,0,0,0,0,0,0,0,0,0,0,0,0,0,0],[53,178,171,33,0,0,3,0,0,0,0,0,13,0,0,0,0,0,0,0,0,0,0,0,0,0,0,0],[8,85,30,10,0,0,202,0,0,0,0,0,37,0,0,0,0,0,0,0,0,0,0,0,0,0,0,0],[20,69,191,32,0,0,3,0,0,0,0,0,25,0,0,0,0,0,0,0,0,0,0,0,0,0,0,0],[27,112,76,10,0,0,22,0,2,0,0,0,44,0,0,0,0,0,0,0,0,0,0,0,0,0,0,0],[24,114,97,28,0,0,3,0,0,0,0,0,18,0,0,0,0,0,0,0,0,0,0,0,0,0,0,0],[16,140,22,17,0,0,26,0,0,0,0,0,27,0,0,0,0,0,0,0,0,0,0,0,0,0,0,0],[17,92,35,14,0,0,35,0,0,0,0,0,57,0,0,0,0,0,0,0,0,0,0,0,0,0,0,0],[7,66,7,12,0,0,54,0,0,0,0,0,114,0,0,0,0,0,0,0,0,0,0,0,0,0,0,0],[16,147,42,11,0,0,24,0,1,0,0,0,21,0,0,0,0,0,0,0,0,0,0,0,0,0,0,0],[20,93,92,11,0,0,8,0,0,0,0,0,11,0,0,0,0,0,0,0,0,0,0,0,0,0,0,0],[23,77,82,16,0,0,4,0,0,0,0,0,11,0,0,0,0,0,0,0,0,0,0,0,0,0,0,0],[11,72,12,13,0,0,28,0,0,0,0,0,62,0,0,0,0,0,0,0,0,0,0,0,0,0,0,0],[14,74,42,5,0,0,16,0,0,0,0,0,13,0,0,0,0,0,0,0,0,0,0,0,0,0,0,0],[9,56,29,4,0,0,12,0,0,0,0,0,24,0,0,0,0,0,0,0,0,0,0,0,0,0,0,0],[4,60,16,11,0,0,12,0,0,0,0,0,18,0,0,0,0,0,0,0,0,0,0,0,0,0,0,0],[8,75,16,4,0,0,2,0,0,0,0,0,12,0,0,0,0,0,0,0,0,0,0,0,0,0,0,0],[10,50,19,7,0,0,2,0,0,0,0,0,18,0,0,0,0,0,0,0,0,0,0,0,0,0,0,0],[16,40,50,8,0,0,1,0,0,0,0,0,3,0,0,0,0,0,0,0,0,0,0,0,0,0,0,0],[7,39,18,5,0,0,10,0,0,0,0,0,19,0,0,0,0,0,0,0,0,0,0,0,0,0,0,0],[5,40,22,10,0,0,1,0,0,0,0,0,5,0,0,0,0,0,0,0,0,0,0,0,0,0,0,0],[13,27,42,6,0,0,1,0,0,0,0,0,5,0,0,0,0,0,0,0,0,0,0,0,0,0,0,0],[5,45,8,3,0,0,5,0,0,0,0,0,14,0,0,0,0,0,0,0,0,0,0,0,0,0,0,0],[4,20,18,2,0,0,4,0,1,0,0,0,7,0,0,0,0,0,0,0,0,0,0,0,0,0,0,0]],"epoch_accuracies":[[0.08773369813041496,0.10383036935704515,0.10319197446420429,0.10971272229822161,0.1106703146374829,0.11285909712722299,0.12138622891016872,0.12202462380300957,0.12539899680802555,0.12808937528499773,0.1292749658002736,0.1332421340629275,0.13588691290469676,0.13798449612403102,0.14122207022343822,0.1429548563611491,0.1443684450524396,0.1466484268125855,0.14386684906520747,0.14468764249886001,0.1459188326493388,0.14965800273597812,0.14810761513907889,0.14856361149110808,0.1498860009119927,0.1484268125854993,0.15047879616963064,0.15093479252165984,0.14970360237118102,0.15467396260829913],[0.10778279305156613,0.11899876897825194,0.11653672548215019,0.11270688004376966,0.11598960470523868,0.11681028587060593,0.1362330734509643,0.12693202024346875,0.13363424976063465,0.14348242374504172,0.14621802762959923,0.14772260976610588,0.1515524552044864,0.1571604431678293,0.15442483928327178,0.15469839967172752,0.15196279578717,0.15182601559294215,0.1553823006428669,0.15811790452742444,0.15401449870058814,0.15702366297360143,0.1560662016140063,0.1553823006428669,0.15633976200246205,0.15456161947749966,0.1548351798659554,0.15415127889481603,0.1560662016140063,0.1560662016140063]]}