{"Accuracy":0.11012311901504789,"Precision":0.08935229088734702,"Recall":0.11012311901504789,"F1 Score":0.07201495202790216,"Adjusted Rand Index":0.017670869045775625,"Precision by cluster":[0.06896551724137931,0.07506702412868632,0.0955595026642984,0.09256559766763849,0.0,0.043478260869565216,0.5053475935828877,0.15555555555555556,0.12345679012345678,0.16666666666666666,0.07692307692307693,0.0,0.1411764705882353,0.068,0.0,0.0,0.05500381970970206,0.0,0.0,0.0,0.0,0.0,0.0,0.0,0.0,0.0,0.0,0.3125],"Recall by cluster":[0.006220839813374806,0.044374009508716325,0.4402618657937807,0.25918367346938775,0.0,0.006880733944954129,0.46782178217821785,0.022435897435897436,0.03215434083601286,0.0035460992907801418,0.0036231884057971015,0.0,0.3,0.06938775510204082,0.0,0.0,0.4161849710982659,0.0,0.0,0.0,0.0,0.0,0.0,0.0,0.0,0.0,0.0,0.08064516129032258],"F1 score by cluster":[0.011412268188302425,0.055776892430278883,0.15703444249854057,0.1364124597207304,0.0,0.011881188118811881,0.48586118251928023,0.0392156862745098,0.05102040816326531,0.006944444444444444,0.006920415224913495,0.0,0.192,0.06868686868686869,0.0,0.0,0.09716599190283401,0.0,0.0,0.0,0.0,0.0,0.0,0.0,0.0,0.0,0.0,0.1282051282051282],"confusion_matrix":[[4,29,285,142,0,6,13,3,3,0,1,1,32,30,0,0,92,0,0,0,0,0,0,0,0,0,0,2],[2,28,291,106,1,12,9,1,6,0,1,1,30,27,0,0,116,0,0,0,0,0,0,0,0,0,0,0],[9,39,269,159,0,1,3,4,9,0,2,1,17,20,1,0,76,0,0,0,0,0,0,0,0,0,0,1],[5,26,203,127,1,5,1,2,2,1,2,0,18,13,1,0,83,0,0,0,0,0,0,0,0,0,0,0],[4,26,208,96,0,4,2,3,5,1,1,0,5,19,0,0,69,0,0,0,0,0,0,0,0,0,0,1],[4,17,223,105,0,3,0,6,2,1,0,1,5,13,0,0,56,0,0,0,0,0,0,0,0,0,0,0],[4,12,49,29,0,3,189,1,2,0,0,0,60,13,0,0,42,0,0,0,0,0,0,0,0,0,0,0],[3,21,120,77,1,2,1,7,2,2,1,0,14,0,0,0,61,0,0,0,0,0,0,0,0,0,0,0],[1,15,125,27,0,4,6,1,10,0,0,3,35,9,1,0,69,0,0,0,0,0,0,0,0,0,0,5],[0,13,113,78,0,3,3,3,0,1,0,0,9,10,0,0,49,0,0,0,0,0,0,0,0,0,0,0],[5,16,97,53,0,2,15,0,4,0,1,0,21,10,0,0,52,0,0,0,0,0,0,0,0,0,0,0],[1,20,63,34,0,4,19,2,2,0,0,0,37,12,0,0,67,0,0,0,0,0,0,0,0,0,0,0],[1,12,31,11,0,2,26,1,0,0,0,1,72,0,0,0,83,0,0,0,0,0,0,0,0,0,0,0],[0,11,99,33,0,5,23,1,9,0,0,1,15,17,1,0,29,0,0,0,0,0,0,0,0,0,0,1],[1,14,100,41,1,2,5,2,3,0,0,0,8,8,0,0,30,0,0,0,0,0,0,0,0,0,0,0],[2,6,108,54,0,3,1,2,0,0,0,0,10,6,0,0,32,0,0,0,0,0,0,0,0,0,0,0],[2,6,25,11,0,0,19,0,0,0,0,0,37,1,0,0,72,0,0,0,0,0,0,0,0,0,0,0],[1,11,51,13,0,0,8,0,1,0,0,0,5,11,0,0,18,0,0,0,0,0,0,0,0,0,0,0],[0,3,43,17,0,1,6,2,5,0,1,0,11,4,1,0,34,0,0,0,0,0,0,0,0,0,0,0],[0,10,37,21,0,0,8,0,1,0,0,0,16,3,0,0,23,0,0,0,0,0,0,0,0,0,0,0],[1,4,40,21,0,1,3,0,3,0,0,1,11,10,0,0,30,0,0,0,0,0,0,0,0,0,0,0],[1,10,32,26,0,1,4,2,2,0,0,0,14,2,0,0,34,0,0,0,0,0,0,0,0,0,0,0],[1,7,58,26,0,0,0,0,1,0,1,0,3,3,0,0,16,0,0,0,0,0,0,0,0,0,0,0],[1,2,36,8,0,1,5,0,1,0,0,0,10,3,0,0,26,0,0,0,0,0,0,0,0,0,0,0],[2,6,38,21,0,1,1,2,0,0,0,0,3,0,0,0,11,0,0,0,0,0,0,0,0,0,0,0],[3,2,31,16,0,1,0,0,0,0,1,0,0,2,0,0,9,0,0,0,0,0,0,0,0,0,0,1],[0,6,23,10,0,2,1,0,0,0,0,0,7,1,0,0,21,0,0,0,0,0,0,0,0,0,0,0],[0,1,17,10,0,0,3,0,8,0,1,0,5,3,0,0,9,0,0,0,0,0,0,0,0,0,0,5]]}