{"Accuracy":0.10164158686730507,"Precision":0.0729941433127547,"Recall":0.10164158686730507,"F1 Score":0.04676366313884243,"Adjusted Rand Index":0.0119715265946055,"Precision by cluster":[0.3333333333333333,0.0,0.08330261702911905,0.0,0.0,0.0,0.4780361757105943,0.0,0.04081632653061224,0.0,0.0,0.08069458631256383,0.1375,0.03225806451612903,0.0,0.0,0.0,0.0,0.0,0.0,0.0,0.0,0.0,0.0,0.0,0.0,0.0,0.02926829268292683],"Recall by cluster":[0.001564945226917058,0.0,0.8071428571428572,0.0,0.0,0.0,0.45232273838630804,0.0,0.025974025974025976,0.0,0.0,0.2915129151291513,0.043824701195219126,0.004166666666666667,0.0,0.0,0.0,0.0,0.0,0.0,0.0,0.0,0.0,0.0,0.0,0.0,0.0,0.1016949152542373],"F1 score by cluster":[0.003115264797507788,0.0,0.15101904443701972,0.0,0.0,0.0,0.4648241206030151,0.0,0.031746031746031744,0.0,0.0,0.1264,0.06646525679758308,0.007380073800738007,0.0,0.0,0.0,0.0,0.0,0.0,0.0,0.0,0.0,0.0,0.0,0.0,0.0,0.045454545454545456],"confusion_matrix":[[1,0,528,0,0,0,21,0,22,0,0,40,6,3,0,0,0,0,0,0,0,0,0,0,0,0,0,18],[0,0,501,0,0,0,10,0,14,0,0,72,6,3,0,0,1,0,0,0,0,0,0,0,0,0,0,13],[0,0,452,0,0,0,2,0,32,0,0,37,2,4,0,0,0,0,0,0,0,0,0,0,0,0,0,31],[0,0,444,0,0,0,2,0,13,0,0,35,4,1,0,0,0,0,0,0,0,0,0,0,0,0,0,10],[0,0,340,0,0,0,4,0,20,0,0,27,6,2,0,0,0,0,0,0,0,0,0,0,0,0,0,18],[0,0,370,0,0,0,0,0,12,0,0,13,2,6,0,0,0,0,0,0,0,0,0,0,0,0,0,6],[0,0,131,0,0,0,185,0,1,0,0,86,4,0,0,0,0,0,0,0,0,0,0,0,0,0,0,2],[0,0,276,0,0,0,2,0,5,0,0,41,3,1,0,0,0,0,0,0,0,0,0,0,0,0,0,7],[0,0,205,0,0,0,13,0,8,0,0,60,4,1,0,0,0,0,0,0,0,0,0,0,0,0,0,17],[0,0,243,0,0,0,1,0,5,0,0,35,1,2,0,0,0,0,0,0,0,0,0,0,0,0,0,5],[0,0,221,0,0,0,12,0,7,0,0,30,2,1,0,0,0,0,0,0,0,0,0,0,0,0,0,2],[0,0,159,0,0,0,18,0,7,0,0,79,0,1,0,0,0,0,0,0,0,0,0,0,0,0,0,7],[0,0,80,0,0,0,32,0,0,0,0,127,11,0,0,0,1,0,0,0,0,0,0,0,0,0,0,0],[0,0,161,0,0,0,16,0,7,0,0,39,4,1,0,0,0,0,0,0,0,0,0,0,0,0,0,12],[0,0,175,0,0,0,7,0,6,0,0,30,0,3,0,0,0,0,0,0,0,0,0,0,0,0,0,11],[0,0,171,0,0,0,1,0,12,0,0,13,0,0,0,0,0,0,0,0,0,0,0,0,0,0,0,4],[1,0,94,0,0,0,15,0,1,0,0,62,6,0,0,0,0,0,0,0,0,0,0,0,0,0,0,1],[0,0,101,0,0,0,10,0,5,0,0,10,3,0,0,0,1,0,0,0,0,0,0,0,0,0,0,5],[0,0,97,0,0,0,5,0,2,0,0,22,3,0,0,0,0,0,0,0,0,0,0,0,0,0,0,6],[0,0,89,0,0,0,8,0,1,0,0,19,0,0,0,0,0,0,0,0,0,0,0,0,0,0,0,3],[0,0,87,0,0,0,7,0,2,0,0,21,4,1,0,0,0,0,0,0,0,0,0,0,0,0,0,1],[0,0,103,0,0,0,1,0,0,0,0,22,1,0,0,0,0,0,0,0,0,0,0,0,0,0,0,4],[0,0,90,0,0,0,1,0,2,0,0,4,2,0,0,0,0,0,0,0,0,0,0,0,0,0,0,1],[0,0,65,0,0,0,9,0,6,0,0,23,0,0,0,0,0,0,0,0,0,0,0,0,0,0,0,2],[0,0,83,0,0,0,0,0,4,0,0,4,2,1,0,0,0,0,0,0,0,0,0,0,0,0,0,3],[0,0,70,0,0,0,1,0,1,0,0,5,1,0,0,0,0,0,0,0,0,0,0,0,0,0,0,7],[1,0,48,0,0,0,2,0,0,0,0,15,3,0,0,0,0,0,0,0,0,0,0,0,0,0,0,3],[0,0,42,0,0,0,2,0,1,0,0,8,0,0,0,0,0,0,0,0,0,0,0,0,0,0,0,6]]}