{"Accuracy":0.1540355677154583,"Precision":0.08883629905827466,"Recall":0.1540355677154583,"F1 Score":0.09973673746760353,"Adjusted Rand Index":0.028582385135944226,"Precision by cluster":[0.10404624277456648,0.14523809523809525,0.17797101449275363,0.0872093023255814,0.11194029850746269,0.09319899244332494,0.3669201520912547,0.09859154929577464,0.14814814814814814,0.0,0.0,0.0,0.1456859971711457,0.0,0.0,0.0,0.0,0.0,0.0,0.0,0.0,0.0,0.0,0.0,0.0,0.0,0.0,0.0],"Recall by cluster":[0.10827067669172932,0.4927302100161551,0.5229982964224872,0.15,0.03588516746411483,0.08061002178649238,0.5092348284960422,0.02147239263803681,0.039735099337748346,0.0,0.0,0.0,0.4087301587301587,0.0,0.0,0.0,0.0,0.0,0.0,0.0,0.0,0.0,0.0,0.0,0.0,0.0,0.0,0.0],"F1 score by cluster":[0.10611643330876934,0.22434718646561236,0.2655709342560554,0.11029411764705882,0.05434782608695652,0.08644859813084112,0.4265193370165746,0.03526448362720403,0.06266318537859007,0.0,0.0,0.0,0.21480709071949947,0.0,0.0,0.0,0.0,0.0,0.0,0.0,0.0,0.0,0.0,0.0,0.0,0.0,0.0,0.0],"confusion_matrix":[[72,210,181,91,10,37,21,5,2,0,0,0,36,0,0,0,0,0,0,0,0,0,0,0,0,0,0,0],[40,305,64,70,7,43,23,4,5,0,0,3,55,0,0,0,0,0,0,0,0,0,0,0,0,0,0,0],[50,75,307,59,17,32,8,10,5,0,0,0,24,0,0,0,0,0,0,0,0,0,0,0,0,0,0,0],[44,157,125,75,8,38,5,7,3,0,0,0,38,0,0,0,0,0,0,0,0,0,0,0,0,0,0,0],[42,96,148,57,15,28,9,4,5,0,0,0,14,0,0,0,0,0,0,0,0,0,0,0,0,0,0,0],[44,121,140,73,11,37,6,5,9,0,0,1,12,0,0,0,0,0,0,0,0,0,0,0,0,0,0,0],[16,50,27,26,3,10,193,2,1,0,0,0,50,1,0,0,0,0,0,0,0,0,0,0,0,0,0,0],[37,39,151,40,7,20,6,7,3,0,0,1,15,0,0,0,0,0,0,0,0,0,0,0,0,0,0,0],[36,91,46,22,11,11,26,2,12,0,0,0,44,1,0,0,0,0,0,0,0,0,0,0,0,0,0,0],[28,92,75,29,5,23,6,3,0,0,0,1,24,0,0,0,0,0,0,0,0,0,0,0,0,0,0,0],[25,133,27,29,1,13,28,3,3,0,0,0,24,0,0,0,0,0,0,0,0,0,0,0,0,0,0,0],[31,67,32,17,4,5,35,2,4,0,0,0,39,2,0,0,0,0,0,0,0,0,0,0,0,0,0,0],[13,51,9,22,0,2,50,0,1,0,0,1,103,0,0,0,0,0,0,0,0,0,0,0,0,0,0,0],[32,85,36,26,3,12,23,0,8,0,0,2,26,0,0,0,0,0,0,0,0,0,0,0,0,0,0,1],[26,54,76,29,4,9,8,3,4,0,0,0,11,0,0,0,0,0,0,0,0,0,0,0,0,0,0,1],[24,51,69,31,7,19,4,3,0,0,0,0,11,0,0,0,0,0,0,0,0,0,0,0,0,0,0,0],[11,67,8,18,0,1,29,1,0,0,0,0,58,0,0,0,0,0,0,0,0,0,0,0,0,0,0,0],[16,44,29,11,7,5,6,2,0,0,0,0,11,0,0,0,0,0,0,0,0,0,0,0,0,0,0,0],[11,34,21,9,4,6,4,0,2,0,0,0,24,0,0,0,0,0,0,0,0,0,0,0,0,0,0,0],[6,47,12,13,1,6,7,0,1,0,0,0,22,0,0,0,0,0,0,0,0,0,0,0,0,0,0,0],[11,55,12,16,0,8,9,0,1,0,0,0,7,0,0,0,0,0,0,0,0,0,0,0,0,0,0,0],[16,33,13,15,2,2,6,3,0,0,0,0,18,0,0,0,0,0,0,0,0,0,0,0,0,0,0,0],[16,19,32,16,1,4,0,1,0,0,0,0,2,1,0,0,0,0,0,0,0,0,0,0,0,0,0,0],[22,16,14,15,1,6,10,1,0,0,0,0,14,0,0,0,0,0,0,0,0,0,0,0,0,0,0,0],[7,38,20,19,2,6,0,0,1,0,0,0,9,0,0,0,0,0,0,0,0,0,0,0,0,0,0,0],[9,23,30,14,1,10,0,2,1,0,0,1,1,0,0,0,0,0,0,0,0,0,0,0,0,0,0,0],[3,33,10,13,0,3,3,1,0,0,0,0,13,0,0,0,0,0,0,0,0,0,0,0,0,0,0,0],[4,14,11,5,2,1,1,0,10,0,0,0,2,0,0,0,0,0,0,0,0,0,0,0,0,0,0,0]],"epoch_accuracies":[[0.05950481054215494,0.1013177693675619,0.1087501709908349,0.11910081619625187,0.12206465733436687,0.12138069399480188,0.13127536364050887,0.13250649765172587,0.13578952168163785,0.14185399662578085,0.13898135059960787,0.14440745976015684,0.14983356892070585,0.15352697095435686,0.15288860517076286,0.15995622634626783,0.15908987278281883,0.16287446992841184,0.16337604304409284,0.16652227440609182,0.16807259130910585,0.17313392002188682,0.17732889517121883,0.17769367561898683,0.1828917969996808,0.18649400392138982,0.18681318681318682,0.1934704299849528,0.1941999908804888,0.2004012584925448],[0.11436388508891929,0.11805745554035568,0.13734610123119015,0.14254445964432286,0.14035567715458278,0.13789329685362517,0.14432284541723667,0.14651162790697675,0.14952120383036935,0.1493844049247606,0.1478796169630643,0.15102599179206566,0.15075239398084817,0.15294117647058825,0.15047879616963064,0.15280437756497947,0.1533515731874145,0.1538987688098495,0.1545827633378933,0.15622435020519837,0.15540355677154583,0.15663474692202461,0.15417236662106704,0.1595075239398085,0.15595075239398085,0.15786593707250343,0.15772913816689466,0.15649794801641587,0.1545827633378933,0.1540355677154583]]}