{"Accuracy":0.13283173734610124,"Precision":0.09558701125308357,"Recall":0.13283173734610124,"F1 Score":0.09325130111170116,"Adjusted Rand Index":0.019295066107854184,"Precision by cluster":[0.10438144329896908,0.13679890560875513,0.15520282186948853,0.07424593967517401,0.14285714285714285,0.09126984126984126,0.4024604569420035,0.0,0.16326530612244897,0.16666666666666666,0.0,0.042735042735042736,0.08338762214983714,0.0,0.0,0.0,0.029850746268656716,0.0,0.0,0.0,0.0,0.0,0.0,0.0,0.0,0.0,0.0,0.22857142857142856],"Recall by cluster":[0.12597200622083982,0.31695721077654515,0.28805237315875615,0.0653061224489796,0.015765765765765764,0.21100917431192662,0.5668316831683168,0.0,0.02572347266881029,0.0035460992907801418,0.0,0.019157088122605363,0.5333333333333333,0.0,0.0,0.0,0.023121387283236993,0.0,0.0,0.0,0.0,0.0,0.0,0.0,0.0,0.0,0.0,0.12903225806451613],"F1 score by cluster":[0.11416490486257928,0.19111323459149546,0.2017191977077364,0.06948968512486428,0.028397565922920892,0.12742382271468145,0.47070914696813976,0.0,0.044444444444444446,0.006944444444444444,0.0,0.026455026455026454,0.14422535211267606,0.0,0.0,0.0,0.026058631921824105,0.0,0.0,0.0,0.0,0.0,0.0,0.0,0.0,0.0,0.0,0.16494845360824742],"confusion_matrix":[[81,131,118,43,7,109,24,1,3,0,0,8,109,0,0,0,9,0,0,0,0,0,0,0,0,0,0,0],[54,200,81,46,4,80,17,1,4,1,0,6,128,0,0,0,9,0,0,0,0,0,0,0,0,0,0,0],[72,67,176,30,9,125,6,0,8,0,0,7,101,0,0,0,6,0,0,0,0,0,0,0,0,0,0,4],[77,95,92,32,1,69,6,1,1,0,0,9,97,0,0,0,10,0,0,0,0,0,0,0,0,0,0,0],[47,99,88,40,7,68,5,0,3,0,0,6,70,0,0,0,8,0,0,0,0,0,0,0,0,0,0,3],[60,87,87,34,6,92,1,0,0,1,0,6,52,0,0,0,10,0,0,0,0,0,0,0,0,0,0,0],[17,33,20,1,1,36,229,0,2,1,0,5,58,0,0,0,1,0,0,0,0,0,0,0,0,0,0,0],[63,33,64,15,1,38,3,0,0,0,0,7,73,0,0,0,13,0,0,0,0,0,0,0,0,0,0,2],[22,77,40,16,1,30,21,0,8,0,0,3,84,0,0,0,6,0,0,0,0,0,0,0,0,0,0,3],[34,45,56,21,1,45,5,0,1,1,0,4,61,0,0,0,8,0,0,0,0,0,0,0,0,0,0,0],[25,87,27,23,0,30,20,0,0,1,0,4,55,0,0,0,4,0,0,0,0,0,0,0,0,0,0,0],[23,48,23,12,0,35,38,0,1,0,0,5,67,1,0,0,7,0,0,0,0,0,0,0,0,0,0,1],[15,25,4,3,0,4,46,0,0,0,0,12,128,0,0,0,3,0,0,0,0,0,0,0,0,0,0,0],[19,53,29,18,2,44,29,0,3,0,0,7,34,0,0,0,1,0,0,0,0,0,0,0,0,0,0,6],[22,41,49,15,2,30,8,0,1,0,0,1,39,0,0,0,4,0,0,0,0,0,0,0,0,0,0,3],[24,47,46,21,1,35,4,0,0,0,0,3,40,0,0,0,3,0,0,0,0,0,0,0,0,0,0,0],[12,19,7,2,0,6,37,0,0,0,0,5,81,0,0,0,4,0,0,0,0,0,0,0,0,0,0,0],[10,28,13,8,0,24,10,0,2,0,0,2,20,0,0,0,2,0,0,0,0,0,0,0,0,0,0,0],[3,32,12,9,2,10,13,0,1,1,0,0,38,0,0,0,3,0,0,0,0,0,0,0,0,0,0,4],[12,38,8,5,0,12,15,0,0,0,0,1,24,0,0,0,4,0,0,0,0,0,0,0,0,0,0,0],[9,53,9,3,0,13,6,0,0,0,0,0,31,0,0,0,1,0,0,0,0,0,0,0,0,0,0,0],[17,24,18,4,0,7,5,0,1,0,0,2,46,0,0,0,3,0,0,0,0,0,0,0,0,0,0,1],[18,24,21,10,2,16,0,1,1,0,0,0,18,0,0,0,5,0,0,0,0,0,0,0,0,0,0,0],[8,17,8,4,0,14,9,0,2,0,0,7,22,0,0,0,2,0,0,0,0,0,0,0,0,0,0,0],[11,22,12,10,1,10,2,0,0,0,0,0,15,0,0,0,2,0,0,0,0,0,0,0,0,0,0,0],[11,7,16,3,1,13,0,0,1,0,0,2,9,0,0,0,3,0,0,0,0,0,0,0,0,0,0,0],[6,17,4,3,0,8,3,0,1,0,0,3,24,0,0,0,2,0,0,0,0,0,0,0,0,0,0,0],[4,13,6,0,0,5,7,0,5,0,0,2,11,0,0,0,1,0,0,0,0,0,0,0,0,0,0,8]]}