{"Accuracy":0.12612859097127224,"Precision":0.07870238456751824,"Recall":0.12612859097127224,"F1 Score":0.06747939082596252,"Adjusted Rand Index":0.019578314457469853,"Precision by cluster":[0.10462287104622871,0.18666666666666668,0.10793334991295697,0.10526315789473684,0.0,0.125,0.30350665054413545,0.16666666666666666,0.05759162303664921,0.0,0.0,0.045454545454545456,0.0794351279788173,0.0,0.0,0.0,0.0,0.0,0.0,0.0,0.0,0.0,0.0,0.0,0.0,0.0,0.0,0.0],"Recall by cluster":[0.06408345752608048,0.07106598984771574,0.7197346600331676,0.0925553319919517,0.0,0.0045045045045045045,0.6275,0.006153846153846154,0.0421455938697318,0.0,0.0,0.0036231884057971015,0.3813559322033898,0.0,0.0,0.0,0.0,0.0,0.0,0.0,0.0,0.0,0.0,0.0,0.0,0.0,0.0,0.0],"F1 score by cluster":[0.07948243992606285,0.10294117647058823,0.18771626297577854,0.09850107066381156,0.0,0.008695652173913044,0.4091279543602282,0.011869436201780416,0.048672566371681415,0.0,0.0,0.006711409395973154,0.13148283418553688,0.0,0.0,0.0,0.0,0.0,0.0,0.0,0.0,0.0,0.0,0.0,0.0,0.0,0.0,0.0],"confusion_matrix":[[43,22,422,38,0,0,33,1,26,0,0,3,81,0,0,0,2,0,0,0,0,0,0,0,0,0,0,0],[68,42,288,41,0,2,50,0,8,0,0,3,88,0,0,0,1,0,0,0,0,0,0,0,0,0,0,0],[17,8,434,24,0,0,11,0,27,0,0,1,80,0,0,0,1,0,0,0,0,0,0,0,0,0,0,0],[23,9,313,46,0,0,9,4,7,0,0,4,80,0,0,0,2,0,0,0,0,0,0,0,0,0,0,0],[29,13,295,30,0,2,9,1,17,0,0,0,40,0,0,0,1,0,0,0,0,0,0,0,0,0,0,0],[16,5,332,27,0,2,5,0,7,0,0,2,48,0,0,0,0,0,0,0,0,0,0,0,0,0,0,0],[11,6,85,9,0,0,251,0,3,0,0,0,34,0,0,0,1,0,0,0,0,0,0,0,0,0,0,0],[9,2,212,19,0,1,14,2,12,1,0,2,51,0,0,0,0,0,0,0,0,0,0,0,0,0,0,0],[22,14,118,14,0,0,38,0,11,0,0,0,44,0,0,0,0,0,0,0,0,0,0,0,0,0,0,0],[12,4,175,21,0,0,8,0,7,0,0,1,53,0,0,0,2,0,0,0,0,0,0,0,0,0,0,0],[31,15,137,12,0,1,40,0,4,0,0,0,42,0,0,0,0,0,0,0,0,0,0,0,0,0,0,0],[21,14,116,10,0,3,53,0,4,0,0,1,54,0,0,0,0,0,0,0,0,0,0,0,0,0,0,0],[8,5,36,10,0,0,86,0,0,0,0,1,90,0,0,0,0,0,0,0,0,0,0,0,0,0,0,0],[11,8,134,13,0,0,38,1,10,0,0,1,33,0,0,0,0,0,0,0,0,0,0,0,0,0,0,0],[10,6,134,13,0,1,21,1,8,0,0,0,31,0,0,0,1,0,0,0,0,0,0,0,0,0,0,0],[11,2,148,14,0,0,9,0,4,0,0,0,30,0,0,0,0,0,0,0,0,0,0,0,0,0,0,0],[1,7,33,10,0,0,47,1,2,0,0,0,57,0,0,0,0,0,0,0,0,0,0,0,0,0,0,0],[8,6,82,15,0,0,16,0,3,0,0,0,20,0,0,0,0,0,0,0,0,0,0,0,0,0,0,0],[6,10,59,4,0,0,18,0,4,0,0,1,23,0,0,0,1,0,0,0,0,0,0,0,0,0,0,0],[11,7,53,18,0,0,24,1,0,0,0,0,22,0,0,0,0,0,0,0,0,0,0,0,0,0,0,0],[13,8,58,15,0,0,12,0,2,0,0,0,21,0,0,0,0,0,0,0,0,0,0,0,0,0,0,0],[5,2,64,3,0,0,13,0,4,0,0,1,30,0,0,0,0,0,0,0,0,0,0,0,0,0,0,0],[2,2,67,2,0,1,0,0,4,0,0,0,8,0,0,0,0,0,0,0,0,0,0,0,0,0,0,0],[6,1,54,2,0,1,8,0,3,1,0,0,22,0,0,0,0,0,0,0,0,0,0,0,0,0,0,0],[3,1,52,7,0,0,2,0,2,0,0,1,14,0,0,0,0,0,0,0,0,0,0,0,0,0,0,0],[3,2,56,7,0,1,1,0,2,0,0,0,8,0,0,0,0,0,0,0,0,0,0,0,0,0,0,0],[7,3,39,10,0,0,5,0,0,0,0,0,23,0,0,0,1,0,0,0,0,0,0,0,0,0,0,0],[4,1,25,3,0,1,6,0,10,0,0,0,6,0,0,0,0,0,0,0,0,0,0,0,0,0,0,0]]}