{"Accuracy":0.07823827109834496,"Precision":0.0778629897717173,"Recall":0.07823827109834496,"F1 Score":0.04413313480082489,"Adjusted Rand Index":0.012302759698627968,"Precision by cluster":[0.08950733358405416,0.12312312312312312,0.3333333333333333,0.06765327695560254,0.14285714285714285,0.0,0.0,0.17142857142857143,0.047619047619047616,0.0,0.06682577565632458,0.0,0.0,0.09859154929577464,0.0,0.0,0.0794392523364486,0.0,0.030048076923076924,0.0,0.0,0.0,0.0,0.0,0.0,0.0,0.0,0.25],"Recall by cluster":[0.37898089171974525,0.06949152542372881,0.05326460481099656,0.13250517598343686,0.002304147465437788,0.0,0.0,0.01675977653631285,0.0031446540880503146,0.0,0.509090909090909,0.0,0.0,0.027559055118110236,0.0,0.0,0.10119047619047619,0.0,0.16891891891891891,0.0,0.0,0.0,0.0,0.0,0.0,0.0,0.0,0.017857142857142856],"F1 score by cluster":[0.1448128993002738,0.08884073672806067,0.09185185185185185,0.08957312806158152,0.0045351473922902496,0.0,0.0,0.030534351145038167,0.0058997050147492625,0.0,0.11814345991561181,0.0,0.0,0.043076923076923075,0.0,0.0,0.08900523560209424,0.0,0.05102040816326531,0.0,0.0,0.0,0.0,0.0,0.0,0.0,0.0,0.03333333333333333],"confusion_matrix":[[238,30,3,114,0,0,0,2,0,0,179,0,0,8,0,0,10,0,44,0,0,0,0,0,0,0,0,0],[192,41,1,52,0,0,0,0,0,0,242,0,0,7,0,0,13,0,42,0,0,0,0,0,0,0,0,0],[260,12,31,128,0,0,0,14,0,0,107,0,0,3,0,0,7,0,20,0,0,0,0,0,0,0,0,0],[181,34,0,64,0,0,0,0,1,0,172,0,0,1,0,0,15,0,15,0,0,0,0,0,0,0,0,0],[173,17,8,88,1,0,0,4,0,0,110,0,0,3,0,0,12,0,18,0,0,0,0,0,0,0,0,0],[170,12,1,72,0,0,0,1,0,0,146,0,0,5,0,0,10,0,7,0,0,0,0,0,0,0,0,0],[83,9,1,12,0,0,0,0,3,0,57,0,0,1,0,0,7,0,188,0,0,0,0,0,0,0,0,0],[178,10,12,65,0,0,0,6,0,0,53,0,0,2,0,0,12,0,20,0,0,0,0,0,0,0,0,0],[105,17,11,25,2,0,0,3,1,0,86,0,0,3,0,0,9,0,53,0,0,0,0,0,0,0,0,3],[95,18,4,49,0,0,0,0,1,0,94,0,0,2,0,0,11,0,10,0,0,0,0,0,0,0,0,0],[75,7,0,12,0,0,0,0,1,0,140,0,0,2,0,0,3,0,35,0,0,0,0,0,0,0,0,0],[93,17,0,21,0,0,0,0,1,0,66,0,0,5,0,0,19,0,39,0,0,0,0,0,0,0,0,0],[85,6,0,2,0,0,0,0,4,0,44,0,0,0,0,0,21,0,89,0,0,0,0,0,0,0,0,0],[82,10,1,23,0,0,0,0,1,0,91,0,0,7,0,0,4,0,35,0,0,0,0,0,0,0,0,0],[88,15,8,44,0,0,1,1,1,0,48,0,0,4,0,0,5,0,19,0,0,0,0,0,0,0,0,0],[87,10,0,52,0,0,0,0,1,0,58,0,0,1,0,0,4,0,14,0,0,0,0,0,0,0,0,0],[52,8,0,2,0,0,0,0,1,0,35,0,0,0,0,0,17,0,53,0,0,0,0,0,0,0,0,0],[42,9,3,13,0,0,0,1,0,0,56,0,0,2,0,0,1,0,19,0,0,0,0,0,0,0,0,0],[63,4,3,11,3,0,0,1,1,0,35,0,0,1,0,0,1,0,25,0,0,0,0,0,0,0,0,0],[33,12,0,7,0,0,0,0,0,0,51,0,0,2,0,0,5,0,20,0,0,0,0,0,0,0,0,0],[41,10,0,8,0,0,0,0,1,0,41,0,0,4,0,0,3,0,8,0,0,0,0,0,0,0,0,0],[51,4,0,11,0,0,0,0,1,0,29,0,0,1,0,0,3,0,19,0,0,0,0,0,0,0,0,0],[43,3,2,10,0,0,0,0,0,0,30,0,0,1,0,0,2,0,1,0,0,0,0,0,0,0,0,0],[36,0,0,12,0,0,0,0,0,0,13,0,0,3,0,0,8,0,14,0,0,0,0,0,0,0,0,0],[33,8,0,12,0,0,0,0,0,0,34,0,0,1,0,0,7,0,2,0,0,0,0,0,0,0,0,0],[41,5,1,24,0,0,0,2,0,0,26,0,0,1,0,0,1,0,5,0,0,0,0,0,0,0,0,0],[24,4,0,7,0,0,0,0,0,0,32,0,0,0,0,0,2,0,14,0,0,0,0,0,0,0,0,0],[15,1,3,6,1,0,0,0,2,0,20,0,0,1,0,0,2,0,4,0,0,0,0,0,0,0,0,1]],"epoch_accuracies":[[0.10442316461468308,0.10802553579571364,0.11554947560419516,0.12836297309621522,0.1337437300501596,0.13903328773369814,0.14272685818513453,0.14532603739170086,0.14833561331509348,0.1521203830369357,0.15645234838121294,0.15617875056999544,0.1567715458276334,0.15886912904696762,0.1592795257637939,0.15896032831737347,0.16310989512083904,0.16434108527131783,0.16443228454172368,0.16689466484268126,0.1650250797993616,0.16529867761057912,0.16817145462836297,0.1702234382124943,0.17040583675330598,0.17154582763337894,0.17177382580939352,0.17300501595987233,0.17437300501595987,0.17574099407204744],[0.10012310217480509,0.10956093557652852,0.12187115305703734,0.11995623033784708,0.13883189714129393,0.12364929558199973,0.11215975926685816,0.09068526877308165,0.07016823963890029,0.08165777595404186,0.0723567227465463,0.08466694022705512,0.07509232663110382,0.05101901244699768,0.04869374914512379,0.06866365750239366,0.06032006565449323,0.09191629052113254,0.06852687730816578,0.08863356585966352,0.06018328546026536,0.04937765011626317,0.08261523731363699,0.07755437012720558,0.07755437012720558,0.05443851730269457,0.05785802215839146,0.0808370947886746,0.10354260703050198,0.08329913828477636]]}