{"Accuracy":0.16183310533515732,"Precision":0.0789574642406984,"Recall":0.16183310533515732,"F1 Score":0.09149938185733601,"Adjusted Rand Index":0.03155145921914747,"Precision by cluster":[0.08921438082556592,0.13521330441070137,0.19316969050160085,0.0979020979020979,0.0,0.08333333333333333,0.42322834645669294,0.0,0.12121212121212122,0.0,0.0,0.0,0.1309823677581864,0.0,0.0,0.0,0.0,0.0,0.0,0.0,0.0,0.0,0.0,0.0,0.0,0.0,0.0,0.0],"Recall by cluster":[0.10876623376623376,0.6285714285714286,0.5973597359735974,0.10789980732177264,0.0,0.0022123893805309734,0.5321782178217822,0.0,0.013651877133105802,0.0,0.0,0.0,0.4581497797356828,0.0,0.0,0.0,0.0,0.0,0.0,0.0,0.0,0.0,0.0,0.0,0.0,0.0,0.0,0.0],"F1 score by cluster":[0.0980248719824433,0.2225528116631955,0.29193548387096774,0.10265811182401467,0.0,0.004310344827586207,0.47149122807017546,0.0,0.024539877300613498,0.0,0.0,0.0,0.20372184133202742,0.0,0.0,0.0,0.0,0.0,0.0,0.0,0.0,0.0,0.0,0.0,0.0,0.0,0.0,0.0],"confusion_matrix":[[67,240,205,47,0,1,20,0,2,0,0,0,34,0,0,0,0,0,0,0,0,0,0,0,0,0,0,0],[52,374,54,42,0,2,15,0,0,0,0,0,56,0,0,0,0,0,0,0,0,0,0,0,0,0,0,0],[61,103,362,43,0,0,4,0,1,0,0,0,32,0,0,0,0,0,0,0,0,0,0,0,0,0,0,0],[73,233,124,56,0,0,0,0,0,0,0,0,33,0,0,0,0,0,0,0,0,0,0,0,0,0,0,0],[54,145,175,29,0,0,2,0,3,0,0,0,27,0,0,0,0,0,0,0,0,0,0,0,0,0,0,0],[65,171,148,51,0,1,1,0,0,0,0,0,15,0,0,0,0,0,0,0,0,0,0,0,0,0,0,0],[21,86,21,17,0,2,215,0,0,0,0,0,42,0,0,0,0,0,0,0,0,0,0,0,0,0,0,0],[38,42,191,41,0,0,2,0,0,0,0,0,23,0,0,0,0,0,0,0,0,0,0,0,0,0,0,0],[18,121,55,9,0,0,23,0,4,0,0,0,63,0,0,0,0,0,0,0,0,0,0,0,0,0,0,0],[26,112,75,30,0,2,1,0,1,0,0,0,33,0,0,0,0,0,0,0,0,0,0,0,0,0,0,0],[24,152,22,17,0,1,16,0,0,0,0,0,27,0,0,0,0,0,0,0,0,0,0,0,0,0,0,0],[29,93,39,9,0,0,35,0,1,0,0,0,70,0,0,0,0,0,0,0,0,0,0,0,0,0,0,0],[12,49,3,14,0,0,45,0,0,0,0,0,104,0,0,0,0,0,0,0,0,0,0,0,0,0,0,0],[29,119,28,16,0,0,24,0,5,0,0,0,30,0,0,0,0,0,0,0,0,0,0,0,0,0,0,0],[32,76,75,12,0,3,9,0,1,0,0,0,24,0,0,0,0,0,0,0,0,0,0,0,0,0,0,0],[30,59,71,21,0,0,5,0,0,0,0,0,7,0,0,0,0,0,0,0,0,0,0,0,0,0,0,0],[6,49,6,16,0,0,26,0,0,0,0,0,59,0,0,0,0,0,0,0,0,0,0,0,0,0,0,0],[17,70,29,11,0,0,15,0,1,0,0,0,20,0,0,0,0,0,0,0,0,0,0,0,0,0,0,0],[6,65,32,11,0,0,10,0,1,0,0,0,22,0,0,0,0,0,0,0,0,0,0,0,0,0,0,0],[7,76,12,9,0,0,12,0,0,0,0,0,20,0,0,0,0,0,0,0,0,0,0,0,0,0,0,0],[5,71,6,7,0,0,6,0,1,0,0,0,8,0,0,0,0,0,0,0,0,0,0,0,0,0,0,0],[18,49,15,13,0,0,5,0,0,0,0,0,14,0,0,0,0,0,0,0,0,0,0,0,0,0,0,0],[16,39,31,6,0,0,1,0,0,0,0,0,2,0,0,0,0,0,0,0,0,0,0,0,0,0,0,0],[12,29,16,11,0,0,11,0,0,0,0,0,9,0,0,0,0,0,0,0,0,0,0,0,0,0,0,0],[12,47,24,18,0,0,0,0,0,0,0,0,4,0,0,0,0,0,0,0,0,0,0,0,0,0,0,0],[10,27,34,8,0,0,1,0,0,0,0,0,3,0,0,0,0,0,0,0,0,0,0,0,0,0,0,0],[5,45,8,5,0,0,2,0,0,0,0,0,9,0,0,0,0,0,0,0,0,0,0,0,0,0,0,0],[6,24,13,3,0,0,2,0,12,0,0,0,4,0,0,0,0,0,0,0,0,0,0,0,0,0,0,0]],"epoch_accuracies":[[0.07929414983356892,0.1012265742556199,0.11089325612147188,0.11080206100952988,0.11381149970361588,0.12160868177465688,0.12553007158816287,0.13195932698007387,0.13177693675618987,0.13300807076740687,0.13651908257717385,0.13510555834207286,0.14103324061830286,0.14176280151383885,0.14276594774520085,0.14527381332360587,0.14518261821166387,0.14595777666317086,0.14901281291322785,0.14851123979754685,0.14787287401395285,0.15079111759609684,0.14933199580502485,0.15357256851032786,0.15261501983493686,0.15411973918197985,0.15571565364096485,0.15494049518945785,0.15530527563722585,0.15744836076786284],[0.11805745554035568,0.11491108071135431,0.1277701778385773,0.12640218878248974,0.13392612859097128,0.14131326949384404,0.1411764705882353,0.14049247606019152,0.14076607387140902,0.14883720930232558,0.14418604651162792,0.1439124487004104,0.15020519835841314,0.15129958960328319,0.1538987688098495,0.1540355677154583,0.15321477428180574,0.15253077975376197,0.15540355677154583,0.1560875512995896,0.15376196990424076,0.1511627906976744,0.15690834473324214,0.160328317373461,0.1573187414500684,0.15909712722298222,0.15937072503419972,0.16019151846785226,0.16060191518467853,0.15786593707250343]]}