{"Accuracy":0.12202462380300957,"Precision":0.07334416740114194,"Recall":0.12202462380300957,"F1 Score":0.07798751170233939,"Adjusted Rand Index":0.019369427879105287,"Precision by cluster":[0.11775043936731107,0.1394736842105263,0.1035490605427975,0.08567691301504252,0.0,0.045454545454545456,0.39759036144578314,0.08163265306122448,0.0,0.06818181818181818,0.0,0.0,0.10740072202166065,0.0,0.0,0.0,0.05122950819672131,0.0,0.0,0.0,0.0,0.0,0.0,0.0,0.0,0.0,0.0,0.2],"Recall by cluster":[0.09985096870342772,0.08967851099830795,0.41127694859038144,0.2635814889336016,0.0,0.0022522522522522522,0.5775,0.012307692307692308,0.0,0.02120141342756184,0.0,0.0,0.5042372881355932,0.0,0.0,0.0,0.15822784810126583,0.0,0.0,0.0,0.0,0.0,0.0,0.0,0.0,0.0,0.0,0.125],"F1 score by cluster":[0.10806451612903226,0.10916580844490216,0.16544362908605736,0.12931885488647582,0.0,0.004291845493562232,0.4709480122324159,0.0213903743315508,0.0,0.03234501347708895,0.0,0.0,0.17708333333333334,0.0,0.0,0.0,0.07739938080495357,0.0,0.0,0.0,0.0,0.0,0.0,0.0,0.0,0.0,0.0,0.15384615384615385],"confusion_matrix":[[67,41,253,155,0,3,24,5,1,8,6,1,64,0,0,0,39,0,0,0,0,0,0,0,0,0,0,4],[39,53,193,128,0,4,26,8,0,5,3,0,90,0,0,0,41,0,0,0,0,0,0,0,0,0,0,1],[66,13,248,146,0,2,3,2,2,11,3,2,71,0,0,0,30,0,0,0,0,0,0,0,0,0,0,4],[37,23,174,131,0,0,4,7,0,7,3,0,65,0,0,0,46,0,0,0,0,0,0,0,0,0,0,0],[39,27,187,111,0,2,4,3,1,7,2,1,34,0,0,0,17,0,0,0,0,0,0,0,0,0,0,2],[32,19,207,107,0,1,2,3,0,6,0,3,36,0,0,0,28,0,0,0,0,0,0,0,0,0,0,0],[16,18,45,28,0,0,231,0,0,1,1,1,46,0,0,0,13,0,0,0,0,0,0,0,0,0,0,0],[31,7,111,79,0,1,4,4,2,9,2,2,47,0,0,0,24,0,0,0,0,0,0,0,0,0,0,2],[21,18,88,33,0,1,26,3,0,2,0,0,45,0,0,0,17,0,0,0,0,0,0,0,0,0,0,7],[17,8,114,68,0,0,1,1,0,6,0,0,48,0,0,0,20,0,0,0,0,0,0,0,0,0,0,0],[22,24,69,71,0,3,27,0,0,2,0,0,42,0,0,0,22,0,0,0,0,0,0,0,0,0,0,0],[19,17,83,39,0,1,33,0,1,2,3,0,63,0,0,0,15,0,0,0,0,0,0,0,0,0,0,0],[4,8,11,19,0,0,45,0,0,2,3,1,119,0,0,0,24,0,0,0,0,0,0,0,0,0,0,0],[23,9,86,41,0,0,33,0,4,2,3,0,36,0,0,0,9,0,0,0,0,0,0,0,0,0,0,3],[20,10,85,48,0,0,16,2,2,1,1,1,30,0,0,0,9,0,0,0,0,0,0,0,0,0,0,1],[24,9,75,56,0,0,5,1,0,1,1,0,30,0,0,0,15,0,0,0,0,0,0,0,0,0,0,1],[8,9,16,12,0,0,28,0,1,1,0,0,58,0,0,0,25,0,0,0,0,0,0,0,0,0,0,0],[16,5,54,31,0,1,14,1,0,1,0,0,19,0,0,0,7,0,0,0,0,0,0,0,0,0,0,1],[4,11,35,25,0,0,10,1,2,2,0,0,25,0,0,0,9,0,0,0,0,0,0,0,0,0,0,2],[8,8,29,32,0,1,15,0,0,2,0,0,21,0,0,0,20,0,0,0,0,0,0,0,0,0,0,0],[7,17,30,32,0,0,5,2,0,3,1,0,23,0,0,0,9,0,0,0,0,0,0,0,0,0,0,0],[14,6,29,22,0,0,6,1,1,0,0,0,27,0,0,0,16,0,0,0,0,0,0,0,0,0,0,0],[5,3,39,25,0,1,0,1,0,1,1,0,6,0,0,0,4,0,0,0,0,0,0,0,0,0,0,0],[5,2,42,17,0,0,7,0,1,0,0,0,22,0,0,0,2,0,0,0,0,0,0,0,0,0,0,0],[7,3,23,24,0,0,2,1,0,1,1,1,10,0,0,0,9,0,0,0,0,0,0,0,0,0,0,0],[9,2,31,23,0,1,1,2,0,2,0,0,7,0,0,0,2,0,0,0,0,0,0,0,0,0,0,0],[4,8,18,19,0,0,4,1,0,2,0,0,18,0,0,0,14,0,0,0,0,0,0,0,0,0,0,0],[5,2,20,7,0,0,5,0,1,1,0,0,6,0,0,0,2,0,0,0,0,0,0,0,0,0,0,7]]}