{"Accuracy":0.1662106703146375,"Precision":0.13934868778610213,"Recall":0.1662106703146375,"F1 Score":0.10619266951024516,"Adjusted Rand Index":0.03675273642448928,"Precision by cluster":[0.1164021164021164,0.1860920666013712,0.15151515151515152,0.10909090909090909,0.25,0.11891891891891893,0.4895287958115183,0.15315315315315314,0.14285714285714285,0.3333333333333333,0.0,0.2,0.1592356687898089,0.0,0.0,0.0,0.13942307692307693,0.0,0.0,0.0,0.0,0.0,0.0,0.0,0.0,0.0,0.0,0.3181818181818182],"Recall by cluster":[0.03259259259259259,0.3247863247863248,0.7237936772046589,0.289738430583501,0.013574660633484163,0.05,0.4651741293532338,0.05246913580246913,0.007017543859649123,0.003257328990228013,0.0,0.012875536480686695,0.5639097744360902,0.0,0.0,0.0,0.16201117318435754,0.0,0.0,0.0,0.0,0.0,0.0,0.0,0.0,0.0,0.0,0.11290322580645161],"F1 score by cluster":[0.05092592592592592,0.23661270236612703,0.25057603686635943,0.15850302696752888,0.02575107296137339,0.0704,0.4770408163265306,0.07816091954022988,0.013377926421404682,0.0064516129032258064,0.0,0.024193548387096774,0.24834437086092714,0.0,0.0,0.0,0.14987080103359174,0.0,0.0,0.0,0.0,0.0,0.0,0.0,0.0,0.0,0.0,0.16666666666666666],"confusion_matrix":[[22,94,296,129,5,19,24,6,2,0,0,1,63,1,0,0,12,0,0,0,0,0,0,0,0,0,0,1],[15,190,120,153,0,15,9,5,2,0,0,1,55,0,0,0,20,0,0,0,0,0,0,0,0,0,0,0],[9,36,435,53,3,13,1,8,0,0,0,2,35,1,0,0,4,0,0,0,0,0,0,0,0,0,0,1],[14,49,214,144,0,11,2,16,0,0,0,1,35,0,0,0,11,0,0,0,0,0,0,0,0,0,0,0],[11,31,273,57,6,16,2,10,1,0,0,0,30,0,0,0,4,0,0,0,0,0,0,0,0,0,0,1],[7,39,232,91,2,22,3,16,0,0,0,1,21,0,0,0,6,0,0,0,0,0,0,0,0,0,0,0],[11,39,44,38,1,4,187,0,0,0,0,1,69,0,0,0,7,0,0,0,0,0,0,0,0,0,0,1],[4,15,228,24,0,5,3,17,0,0,0,1,25,0,0,0,2,0,0,0,0,0,0,0,0,0,0,0],[10,39,97,31,0,3,11,1,2,0,0,0,67,0,0,0,18,0,0,0,0,0,0,0,0,0,0,6],[6,26,143,74,1,9,2,8,0,1,0,0,26,0,0,0,11,0,0,0,0,0,0,0,0,0,0,0],[14,84,33,71,0,3,22,1,0,0,0,1,27,0,0,0,13,0,0,0,0,0,0,0,0,0,0,0],[9,40,57,34,0,4,16,2,0,0,0,3,66,0,0,0,2,0,0,0,0,0,0,0,0,0,0,0],[5,20,14,35,0,1,21,1,2,0,0,0,150,0,0,0,17,0,0,0,0,0,0,0,0,0,0,0],[14,68,45,47,1,7,15,0,0,2,0,1,31,0,0,0,4,0,0,0,0,0,0,0,0,0,0,3],[7,25,118,34,3,8,7,2,1,0,0,0,20,1,0,0,3,0,0,0,0,0,0,0,0,0,0,0],[4,18,108,38,1,9,0,6,0,0,0,1,15,0,0,0,2,0,0,0,0,0,0,0,0,0,0,0],[5,23,15,21,0,2,14,1,0,0,0,0,69,0,0,0,29,0,0,0,0,0,0,0,0,0,0,0],[3,21,63,20,1,5,8,1,1,0,0,0,11,0,0,0,1,0,0,0,0,0,0,0,0,0,0,1],[3,29,53,13,0,2,6,2,2,0,0,0,22,0,0,0,10,0,0,0,0,0,0,0,0,0,0,0],[5,30,11,34,0,3,8,0,1,0,0,0,19,0,0,0,5,0,0,0,0,0,0,0,0,0,0,0],[0,37,20,25,0,2,3,1,0,0,0,0,12,0,0,0,6,0,0,0,0,0,0,0,0,0,0,1],[4,12,34,36,0,1,7,1,0,0,0,0,13,0,0,0,7,0,0,0,0,0,0,0,0,0,0,0],[1,2,62,22,0,5,0,3,0,0,0,0,2,0,0,0,2,0,0,0,0,0,0,0,0,0,0,0],[0,9,35,12,0,5,9,2,0,0,0,0,25,0,0,0,3,0,0,0,0,0,0,0,0,0,0,0],[2,6,35,29,0,6,0,0,0,0,0,1,7,0,0,0,0,0,0,0,0,0,0,0,0,0,0,0],[3,3,57,17,0,3,0,0,0,0,0,0,8,0,0,0,1,0,0,0,0,0,0,0,0,0,0,0],[0,21,6,34,0,2,1,1,0,0,0,0,10,0,0,0,6,0,0,0,0,0,0,0,0,0,0,0],[1,15,23,4,0,0,1,0,0,0,0,0,9,0,0,0,2,0,0,0,0,0,0,0,0,0,0,7]]}