{"Accuracy":0.07551299589603283,"Precision":0.13403738836571857,"Recall":0.07551299589603283,"F1 Score":0.034888712655245346,"Adjusted Rand Index":0.013549429937664571,"Precision by cluster":[0.109375,0.09666136724960255,0.3333333333333333,0.02702702702702703,0.0,0.15384615384615385,1.0,0.0,0.056074766355140186,0.10526315789473684,0.052601486563750716,0.09090909090909091,0.21428571428571427,0.02564102564102564,0.015384615384615385,0.0,0.05747126436781609,0.0,0.0,0.03508771929824561,0.0,0.0,0.0,0.0,0.0,0.0,0.0,0.0],"Recall by cluster":[0.04354587869362364,0.48177496038034867,0.014729950900163666,0.0020408163265306124,0.0,0.0045871559633027525,0.0049504950495049506,0.0,0.13504823151125403,0.0070921985815602835,0.3333333333333333,0.0038314176245210726,0.0125,0.012244897959183673,0.004651162790697674,0.0,0.3468208092485549,0.0,0.0,0.01680672268907563,0.0,0.0,0.0,0.0,0.0,0.0,0.0,0.0],"F1 score by cluster":[0.06229143492769744,0.16101694915254236,0.02821316614420063,0.003795066413662239,0.0,0.008908685968819599,0.009852216748768473,0.0,0.07924528301886792,0.013289036544850499,0.0908641975308642,0.007352941176470588,0.023622047244094488,0.016574585635359115,0.007142857142857143,0.0,0.09860312243221035,0.0,0.0,0.022727272727272728,0.0,0.0,0.0,0.0,0.0,0.0,0.0,0.0],"confusion_matrix":[[28,313,4,5,0,2,0,1,38,2,155,2,0,20,3,0,64,0,0,6,0,0,0,0,0,0,0,0],[16,304,0,4,0,0,0,0,30,1,152,1,0,10,6,0,98,0,2,7,0,0,0,0,0,0,0,0],[38,267,9,5,0,1,0,0,15,0,182,1,1,20,13,0,58,0,0,1,0,0,0,0,0,0,0,0],[20,216,1,1,0,0,0,0,8,3,154,0,0,4,4,0,70,0,0,9,0,0,0,0,0,0,0,0],[17,233,3,5,0,1,0,0,9,1,110,0,1,8,5,0,44,0,0,7,0,0,0,0,0,0,0,0],[17,215,0,2,0,2,0,0,2,1,141,0,0,4,1,0,46,0,0,5,0,0,0,0,0,0,0,0],[6,85,0,0,0,0,2,0,235,1,39,0,0,1,2,0,32,0,0,1,0,0,0,0,0,0,0,0],[15,144,6,0,0,1,0,0,5,1,94,1,0,2,4,0,38,0,0,1,0,0,0,0,0,0,0,0],[10,133,1,1,0,2,0,0,42,0,51,1,1,7,5,0,54,0,1,2,0,0,0,0,0,0,0,0],[9,128,0,1,0,2,0,0,9,2,83,0,0,4,3,0,40,0,0,1,0,0,0,0,0,0,0,0],[4,111,0,0,0,0,0,0,31,0,92,0,0,2,0,0,33,0,0,3,0,0,0,0,0,0,0,0],[6,102,0,0,0,0,0,0,46,0,42,1,2,7,2,0,51,0,0,2,0,0,0,0,0,0,0,0],[3,67,0,1,0,0,0,0,62,2,16,1,3,0,0,0,84,0,0,1,0,0,0,0,0,0,0,0],[7,110,1,1,0,0,0,0,34,0,55,1,3,3,3,0,27,0,0,0,0,0,0,0,0,0,0,0],[6,104,0,2,0,0,0,0,15,0,51,0,0,7,1,0,28,0,0,1,0,0,0,0,0,0,0,0],[11,106,0,2,0,0,0,0,4,2,63,1,0,2,1,0,30,0,0,2,0,0,0,0,0,0,0,0],[2,40,0,0,0,1,0,0,50,0,18,0,1,1,0,0,60,0,0,0,0,0,0,0,0,0,0,0],[3,60,1,0,0,0,0,0,10,0,24,0,0,2,3,0,15,0,0,1,0,0,0,0,0,0,0,0],[8,52,0,2,0,1,0,0,25,0,17,0,0,0,2,0,21,0,0,0,0,0,0,0,0,0,0,0],[6,46,1,0,0,0,0,0,17,0,26,0,1,0,0,0,20,0,0,2,0,0,0,0,0,0,0,0],[4,57,0,1,0,0,0,0,11,0,21,0,0,3,0,0,26,0,0,2,0,0,0,0,0,0,0,0],[2,45,0,0,0,0,0,0,14,1,32,0,0,1,1,0,32,0,0,0,0,0,0,0,0,0,0,0],[6,52,0,0,0,0,0,0,1,0,41,0,0,0,2,0,13,0,0,1,0,0,0,0,0,0,0,0],[5,39,0,2,0,0,0,0,9,1,16,0,1,3,1,0,15,0,1,0,0,0,0,0,0,0,0,0],[0,39,0,0,0,0,0,0,2,1,28,1,0,3,0,0,10,0,0,1,0,0,0,0,0,0,0,0],[2,37,0,2,0,0,0,0,0,0,17,0,0,0,1,0,7,0,0,0,0,0,0,0,0,0,0,0],[4,22,0,0,0,0,0,0,5,0,18,0,0,0,1,0,20,0,0,1,0,0,0,0,0,0,0,0],[1,18,0,0,0,0,0,0,20,0,11,0,0,3,1,0,8,0,0,0,0,0,0,0,0,0,0,0]]}