{"Accuracy":0.12202462380300957,"Precision":0.06217608028743529,"Recall":0.12202462380300957,"F1 Score":0.05954495278486618,"Adjusted Rand Index":0.014732572091028778,"Precision by cluster":[0.1383399209486166,0.07079646017699115,0.09505494505494505,0.0,0.0,0.0,0.40425531914893614,0.0,0.07407407407407407,0.0,0.0,0.10596026490066225,0.11650485436893204,0.0,0.0,0.0,0.08333333333333333,0.0,0.0,0.0,0.0,0.0,0.0,0.0,0.0,0.0,0.0,0.10344827586206896],"Recall by cluster":[0.05443234836702955,0.012678288431061807,0.8494271685761048,0.0,0.0,0.0,0.5643564356435643,0.0,0.006430868167202572,0.0,0.0,0.06130268199233716,0.3,0.0,0.0,0.0,0.017341040462427744,0.0,0.0,0.0,0.0,0.0,0.0,0.0,0.0,0.0,0.0,0.14516129032258066],"F1 score by cluster":[0.078125,0.021505376344086023,0.17097677483116455,0.0,0.0,0.0,0.47107438016528924,0.0,0.011834319526627219,0.0,0.0,0.07766990291262135,0.16783216783216784,0.0,0.0,0.0,0.028708133971291867,0.0,0.0,0.0,0.0,0.0,0.0,0.0,0.0,0.0,0.0,0.12080536912751678],"confusion_matrix":[[35,4,523,0,0,0,24,0,1,0,0,15,34,0,0,0,0,0,0,0,0,0,0,0,0,0,0,7],[19,8,516,0,1,0,20,0,0,0,0,12,50,0,0,0,2,0,0,0,0,0,0,0,0,0,0,3],[22,9,519,0,0,0,8,0,4,0,0,7,29,0,0,0,1,0,0,0,0,0,0,0,0,0,0,12],[18,5,419,0,0,0,6,0,3,0,0,8,27,0,0,0,1,0,0,0,0,0,0,0,0,0,0,3],[19,6,383,0,0,0,6,0,3,0,0,4,14,0,0,0,1,0,0,0,0,0,0,0,0,0,0,8],[12,2,401,0,0,0,0,0,0,0,0,5,14,0,0,0,0,0,0,0,0,0,0,0,0,0,0,2],[6,4,126,0,0,0,228,0,0,0,0,2,37,0,0,0,0,0,0,0,0,0,0,0,0,0,0,1],[4,8,266,0,0,0,2,0,1,0,0,9,20,0,0,0,0,0,0,0,0,0,0,0,0,0,0,2],[17,9,199,0,0,0,21,0,2,0,0,8,42,0,0,0,3,0,0,0,0,0,0,0,0,0,0,10],[6,2,238,0,0,0,3,0,0,0,0,5,23,0,0,0,3,0,0,0,0,0,0,0,0,0,0,2],[16,5,204,0,0,0,20,0,0,0,0,5,25,0,0,0,1,0,0,0,0,0,0,0,0,0,0,0],[13,6,144,0,0,0,36,0,0,0,0,16,40,0,0,0,4,0,0,0,0,0,0,0,0,0,0,2],[3,8,89,0,0,0,53,0,0,0,0,13,72,0,0,0,2,0,0,0,0,0,0,0,0,0,0,0],[11,3,178,0,0,0,29,0,3,0,0,6,9,0,0,0,1,0,0,0,0,0,0,0,0,0,0,5],[4,4,181,0,0,0,7,0,0,0,0,2,10,0,0,0,0,0,0,0,0,0,0,0,0,0,0,7],[5,2,191,0,0,0,2,0,0,0,0,5,14,0,0,0,2,0,0,0,0,0,0,0,0,0,0,3],[2,9,71,0,0,0,35,0,0,0,0,5,48,0,0,0,3,0,0,0,0,0,0,0,0,0,0,0],[8,2,89,0,0,0,11,0,1,0,0,2,5,0,0,0,0,0,0,0,0,0,0,0,0,0,0,1],[6,3,83,0,0,0,12,0,0,0,0,0,16,0,0,0,3,0,0,0,0,0,0,0,0,0,0,5],[5,1,84,0,0,0,13,0,0,0,0,1,15,0,0,0,0,0,0,0,0,0,0,0,0,0,0,0],[6,0,90,0,0,0,8,0,0,0,0,1,14,0,0,0,6,0,0,0,0,0,0,0,0,0,0,0],[4,4,90,0,0,0,5,0,1,0,0,4,18,0,0,0,1,0,0,0,0,0,0,0,0,0,0,1],[5,1,103,0,0,0,0,0,0,0,0,1,4,0,0,0,0,0,0,0,0,0,0,0,0,0,0,2],[2,5,60,0,0,0,6,0,2,0,0,3,15,0,0,0,0,0,0,0,0,0,0,0,0,0,0,0],[0,0,80,0,0,0,2,0,0,0,0,1,2,0,0,0,0,0,0,0,0,0,0,0,0,0,0,0],[3,0,56,0,0,0,0,0,0,0,0,3,2,0,0,0,1,0,0,0,0,0,0,0,0,0,0,1],[1,2,48,0,0,0,1,0,1,0,0,5,11,0,0,0,1,0,0,0,0,0,0,0,0,0,0,1],[1,1,29,0,0,0,6,0,5,0,0,3,8,0,0,0,0,0,0,0,0,0,0,0,0,0,0,9]]}