{"Accuracy":0.1595075239398085,"Precision":0.07159762387054178,"Recall":0.1595075239398085,"F1 Score":0.08621289623107942,"Adjusted Rand Index":0.030264124996935017,"Precision by cluster":[0.11224489795918367,0.1342434584755404,0.16849199663016007,0.11479028697571744,0.0,0.07954545454545454,0.3759124087591241,0.0,0.0,0.0,0.0,0.0,0.1292270531400966,0.0,0.0,0.0,0.0,0.0,0.0,0.0,0.0,0.0,0.0,0.0,0.0,0.0,0.0,0.0],"Recall by cluster":[0.048458149779735685,0.5949579831932773,0.6711409395973155,0.11063829787234042,0.0,0.030634573304157548,0.544973544973545,0.0,0.0,0.0,0.0,0.0,0.4037735849056604,0.0,0.0,0.0,0.0,0.0,0.0,0.0,0.0,0.0,0.0,0.0,0.0,0.0,0.0,0.0],"F1 score by cluster":[0.06769230769230769,0.21905940594059406,0.26936026936026936,0.11267605633802817,0.0,0.044233807266982623,0.4449244060475162,0.0,0.0,0.0,0.0,0.0,0.19579139981701738,0.0,0.0,0.0,0.0,0.0,0.0,0.0,0.0,0.0,0.0,0.0,0.0,0.0,0.0,0.0],"confusion_matrix":[[33,255,244,52,0,23,25,0,0,0,0,0,49,0,0,0,0,0,0,0,0,0,0,0,0,0,0,0],[20,354,90,31,0,18,20,0,0,0,0,0,62,0,0,0,0,0,0,0,0,0,0,0,0,0,0,0],[19,96,400,26,0,21,3,0,0,0,0,0,31,0,0,0,0,0,0,0,0,0,0,0,0,0,0,0],[19,177,161,52,0,22,7,0,0,0,0,0,32,0,0,0,0,0,0,0,0,0,0,0,0,0,0,0],[15,128,229,22,0,10,7,0,0,0,0,0,22,0,0,0,0,0,0,0,0,0,0,0,0,0,0,0],[20,182,187,38,0,14,3,0,0,0,0,0,13,0,0,0,0,0,0,0,0,0,0,0,0,0,0,0],[6,90,24,12,0,2,206,0,0,0,0,0,38,0,0,0,0,0,0,0,0,0,0,0,0,0,0,0],[10,46,211,21,0,6,2,0,0,0,0,0,35,0,0,0,0,0,0,0,0,0,0,0,0,0,0,0],[14,107,87,14,0,2,22,0,0,0,0,0,54,0,0,0,0,0,0,0,0,0,0,0,0,0,0,0],[13,101,97,24,0,4,4,0,0,0,0,0,37,0,0,0,0,0,0,0,0,0,0,0,0,0,0,0],[10,157,34,17,0,8,19,0,0,0,0,0,28,0,0,0,0,0,0,0,0,0,0,0,0,0,0,0],[9,110,41,12,0,5,37,0,0,0,0,0,69,0,0,0,0,0,0,0,0,0,0,0,0,0,0,0],[9,64,9,12,0,0,64,0,0,0,0,0,107,0,0,0,0,0,0,0,0,0,0,0,0,0,0,0],[10,121,44,13,0,9,29,0,0,0,0,0,29,0,0,0,0,0,0,0,0,0,0,0,0,0,0,0],[21,69,85,9,0,6,11,0,0,0,0,0,23,0,0,0,0,0,0,0,0,0,0,0,0,0,0,0],[13,62,100,17,0,8,3,0,0,0,0,0,9,0,0,0,0,0,0,0,0,0,0,0,0,0,0,0],[6,49,18,10,0,3,35,0,0,0,0,0,54,0,0,0,0,0,0,0,0,0,0,0,0,0,0,0],[2,64,30,8,0,3,9,0,0,0,0,0,14,0,0,0,0,0,0,0,0,0,0,0,0,0,0,0],[6,46,33,3,0,1,6,0,0,0,0,0,17,0,0,0,0,0,0,0,0,0,0,0,0,0,0,0],[4,54,18,6,0,3,2,0,0,0,0,0,16,0,0,0,0,0,0,0,0,0,0,0,0,0,0,0],[6,65,14,5,0,1,8,0,0,0,0,0,17,0,0,0,0,0,0,0,0,0,0,0,0,0,0,0],[9,41,30,9,0,3,8,0,0,0,0,0,20,0,0,0,0,0,0,0,0,0,0,0,0,0,0,0],[4,37,46,9,0,1,1,0,0,0,0,0,4,0,0,0,0,0,0,0,0,0,0,0,0,0,0,0],[3,43,17,5,0,1,12,0,0,0,0,0,16,0,0,0,0,0,0,0,0,0,0,0,0,0,0,0],[7,38,24,15,0,0,0,0,0,0,0,0,9,0,0,0,0,0,0,0,0,0,0,0,0,0,0,0],[1,29,56,4,0,1,0,0,0,0,0,0,2,0,0,0,0,0,0,0,0,0,0,0,0,0,0,0],[1,36,10,4,0,1,2,0,0,0,0,0,15,0,0,0,0,0,0,0,0,0,0,0,0,0,0,0],[4,16,35,3,0,0,3,0,0,0,0,0,6,0,0,0,0,0,0,0,0,0,0,0,0,0,0,0]],"epoch_accuracies":[[0.07961333272536592,0.10305047649445989,0.1057863298527199,0.11130363412521088,0.11403948748347088,0.11759609684920888,0.12265742556198987,0.12758196160685786,0.12995303451734988,0.13168574164424787,0.13661027768911585,0.13665587524508685,0.14094204550636086,0.14053166750262186,0.14244676485340385,0.14395148420044684,0.14522821576763487,0.14577538643928686,0.14490903287583787,0.14568419132734486,0.14563859377137386,0.15074552004012584,0.15256942227896586,0.14987916647667684,0.15234143449911083,0.15006155670056084,0.15361816606629886,0.15101910537595184,0.15247822716702386,0.15220464183119783],[0.11354309165526676,0.11792065663474692,0.12845417236662107,0.13283173734610124,0.13392612859097128,0.1384404924760602,0.13980848153214775,0.1448700410396717,0.14801641586867306,0.146374829001368,0.15129958960328319,0.14705882352941177,0.1484268125854993,0.15280437756497947,0.15444596443228453,0.15663474692202461,0.1567715458276334,0.15595075239398085,0.15690834473324214,0.15567715458276335,0.15567715458276335,0.15827633378932968,0.15499316005471955,0.15595075239398085,0.15636114911080712,0.1595075239398085,0.15663474692202461,0.16073871409028728,0.15909712722298222,0.15841313269493845]]}