{"Accuracy":0.11887824897400821,"Precision":0.09263179391252452,"Recall":0.11887824897400821,"F1 Score":0.08104032395843953,"Adjusted Rand Index":0.01552970740120415,"Precision by cluster":[0.09848484848484848,0.09369422962522309,0.21180555555555555,0.06593406593406594,0.0,0.0,0.45010183299389,0.0,0.07468123861566485,0.09090909090909091,0.0762987012987013,0.2127659574468085,0.15384615384615385,0.06,0.0,0.0,0.07364975450081833,0.0,0.0,0.0,0.0,0.0,0.0,0.0,0.0,0.0,0.0,0.34375],"Recall by cluster":[0.02021772939346812,0.49920760697305866,0.09983633387888707,0.024489795918367346,0.0,0.0,0.5470297029702971,0.0,0.26366559485530544,0.014184397163120567,0.17028985507246377,0.038314176245210725,0.175,0.024489795918367346,0.0,0.0,0.26011560693641617,0.0,0.0,0.0,0.0,0.0,0.0,0.0,0.0,0.0,0.0,0.1774193548387097],"F1 score by cluster":[0.03354838709677419,0.15777610818933133,0.135706340378198,0.03571428571428571,0.0,0.0,0.49385474860335193,0.0,0.11639460610361958,0.024539877300613498,0.10538116591928251,0.06493506493506493,0.16374269005847952,0.034782608695652174,0.0,0.0,0.11479591836734694,0.0,0.0,0.0,0.0,0.0,0.0,0.0,0.0,0.0,0.0,0.23404255319148937],"confusion_matrix":[[13,345,39,13,0,3,19,0,89,2,53,1,18,9,0,0,39,0,0,0,0,0,0,0,0,0,0,0],[7,315,11,11,0,1,12,0,142,3,52,2,18,9,0,0,48,0,0,0,0,0,0,0,0,0,0,0],[26,273,61,36,0,10,6,0,55,5,60,3,10,16,0,0,47,0,0,0,0,0,0,0,0,0,0,3],[7,278,11,12,0,4,3,0,61,2,54,4,13,3,0,0,38,0,0,0,0,0,0,0,0,0,0,0],[10,230,24,11,0,3,4,0,66,6,47,0,6,7,0,0,28,0,0,0,0,0,0,0,0,0,0,2],[7,256,13,13,0,0,1,1,54,3,51,2,4,11,0,0,20,0,0,0,0,0,0,0,0,0,0,0],[4,71,10,2,0,1,221,0,37,1,8,2,24,2,0,0,21,0,0,0,0,0,0,0,0,0,0,0],[11,162,22,21,0,2,1,0,22,4,26,3,6,1,0,0,30,0,0,0,0,0,0,0,0,0,0,1],[3,122,6,6,0,2,18,0,82,0,18,1,11,4,0,0,33,0,0,0,0,0,0,0,0,0,0,5],[7,152,10,12,0,1,3,0,31,4,19,0,8,5,0,0,30,0,0,0,0,0,0,0,0,0,0,0],[2,122,3,3,0,0,19,0,50,0,47,0,13,0,0,0,17,0,0,0,0,0,0,0,0,0,0,0],[2,91,3,5,0,0,23,0,46,1,20,10,28,5,0,0,26,0,0,0,0,0,0,0,0,0,0,1],[1,69,1,1,0,0,39,0,29,1,4,6,42,1,0,0,46,0,0,0,0,0,0,0,0,0,0,0],[2,101,13,1,0,0,26,0,53,0,21,0,7,6,0,0,12,0,0,0,0,0,0,0,0,0,0,3],[5,106,15,10,0,1,7,0,31,2,15,2,4,2,0,0,13,0,0,0,0,0,0,0,0,0,0,2],[3,124,9,7,0,2,2,0,26,3,24,0,4,3,0,0,17,0,0,0,0,0,0,0,0,0,0,0],[3,41,1,0,0,0,29,0,28,0,3,3,19,1,0,0,45,0,0,0,0,0,0,0,0,0,0,0],[2,57,7,1,0,0,9,0,24,0,10,0,2,2,0,0,5,0,0,0,0,0,0,0,0,0,0,0],[2,43,7,2,0,0,13,0,27,1,7,0,3,1,0,0,19,0,0,0,0,0,0,0,0,0,0,3],[1,55,0,2,0,0,10,0,29,1,5,1,7,0,0,0,8,0,0,0,0,0,0,0,0,0,0,0],[1,58,2,2,0,0,5,0,23,1,10,2,4,3,0,0,14,0,0,0,0,0,0,0,0,0,0,0],[1,51,3,1,0,0,4,0,25,1,15,1,9,1,0,0,16,0,0,0,0,0,0,0,0,0,0,0],[4,59,4,4,0,1,0,0,18,1,14,0,0,1,0,0,9,0,0,0,0,0,0,0,0,0,0,1],[3,44,2,0,0,0,8,0,14,2,1,3,6,3,0,0,7,0,0,0,0,0,0,0,0,0,0,0],[2,51,1,0,0,0,1,0,8,0,15,0,0,1,0,0,6,0,0,0,0,0,0,0,0,0,0,0],[2,37,6,4,0,1,1,0,8,0,3,0,0,2,0,0,2,0,0,0,0,0,0,0,0,0,0,0],[1,30,0,1,0,1,2,0,12,0,9,0,3,1,0,0,11,0,0,0,0,0,0,0,0,0,0,0],[0,19,4,1,0,0,5,0,8,0,5,1,4,0,0,0,4,0,0,0,0,0,0,0,0,0,0,11]]}