{"Accuracy":0.13926128590971273,"Precision":0.06929154939148935,"Recall":0.13926128590971273,"F1 Score":0.07149923030423547,"Adjusted Rand Index":0.01998422138782967,"Precision by cluster":[0.0,0.178743961352657,0.11290661070304302,0.1,0.0,0.04081632653061224,0.41594827586206895,0.0,0.0641025641025641,0.0,0.0,0.14285714285714285,0.14504504504504503,0.0,0.0,0.0,0.0,0.0,0.0,0.0,0.0,0.0,0.0,0.0,0.0,0.0,0.0,0.0],"Recall by cluster":[0.0,0.11764705882352941,0.8805237315875614,0.045714285714285714,0.0,0.004866180048661801,0.5119363395225465,0.0,0.03257328990228013,0.0,0.0,0.06015037593984962,0.5649122807017544,0.0,0.0,0.0,0.0,0.0,0.0,0.0,0.0,0.0,0.0,0.0,0.0,0.0,0.0,0.0],"F1 score by cluster":[0.0,0.14189837008628955,0.20014880952380953,0.06274509803921569,0.0,0.008695652173913044,0.4589774078478002,0.0,0.04319654427645788,0.0,0.0,0.08465608465608465,0.23082437275985662,0.0,0.0,0.0,0.0,0.0,0.0,0.0,0.0,0.0,0.0,0.0,0.0,0.0,0.0,0.0],"confusion_matrix":[[0,52,466,19,0,9,19,0,14,0,0,4,58,0,0,0,0,0,0,0,0,0,0,0,0,0,0,0],[0,74,356,52,0,10,17,0,23,0,0,7,90,0,0,0,0,0,0,0,0,0,0,0,0,0,0,0],[0,10,538,10,0,0,3,0,4,0,0,4,42,0,0,0,0,0,0,0,0,0,0,0,0,0,0,0],[0,25,400,24,0,1,2,0,7,0,0,11,55,0,0,0,0,0,0,0,0,0,0,0,0,0,0,0],[0,24,362,8,0,1,3,0,6,0,0,1,44,0,0,0,0,0,0,0,0,0,0,0,0,0,0,0],[0,12,354,11,0,2,1,0,2,0,0,2,27,0,0,0,0,0,0,0,0,0,0,0,0,0,0,0],[0,12,95,2,0,0,193,0,5,0,0,5,65,0,0,0,0,0,0,0,0,0,0,0,0,0,0,0],[0,6,283,3,0,0,2,0,1,0,0,1,47,0,0,0,0,0,0,0,0,0,0,0,0,0,0,0],[0,36,162,13,0,2,22,0,10,0,0,3,59,0,0,0,0,0,0,0,0,0,0,0,0,0,0,0],[0,7,191,12,0,3,0,0,1,0,0,6,35,0,0,0,0,0,0,0,0,0,0,0,0,0,0,0],[0,26,157,13,0,5,30,0,9,0,0,7,24,0,0,0,0,0,0,0,0,0,0,0,0,0,0,0],[0,12,132,3,0,2,26,0,6,0,0,16,69,0,0,0,0,0,0,0,0,0,0,0,0,0,0,0],[0,11,44,3,0,0,44,0,11,0,0,11,161,0,0,0,0,0,0,0,0,0,0,0,0,0,0,0],[0,15,149,6,0,2,13,0,7,0,0,2,34,0,0,0,0,0,0,0,0,0,0,0,0,0,0,0],[0,6,181,6,0,1,8,0,1,0,0,1,35,0,0,0,0,0,0,0,0,0,0,0,0,0,0,0],[0,6,184,5,0,0,2,0,2,0,0,2,21,0,0,0,0,0,0,0,0,0,0,0,0,0,0,0],[0,10,49,3,0,1,15,0,9,0,0,8,74,0,0,0,0,0,0,0,0,0,0,0,0,0,0,0],[0,9,90,9,0,1,13,0,5,0,0,3,14,0,0,0,0,0,0,0,0,0,0,0,0,0,0,0],[0,12,69,3,0,2,7,0,3,0,0,2,26,0,0,0,0,0,0,0,0,0,0,0,0,0,0,0],[0,9,48,5,0,3,12,0,2,0,0,2,27,0,0,0,0,0,0,0,0,0,0,0,0,0,0,0],[0,13,60,9,0,1,8,0,7,0,0,1,18,0,0,0,0,0,0,0,0,0,0,0,0,0,0,0],[0,7,61,5,0,0,3,0,8,0,0,4,24,0,0,0,0,0,0,0,0,0,0,0,0,0,0,0],[0,3,76,3,0,0,0,0,0,0,0,1,5,0,0,0,0,0,0,0,0,0,0,0,0,0,0,0],[0,3,46,0,0,0,12,0,5,0,0,4,14,0,0,0,0,0,0,0,0,0,0,0,0,0,0,0],[0,8,72,7,0,2,3,0,2,0,0,0,7,0,0,0,0,0,0,0,0,0,0,0,0,0,0,0],[0,2,77,3,0,0,1,0,2,0,0,2,8,0,0,0,0,0,0,0,0,0,0,0,0,0,0,0],[0,2,39,3,0,0,1,0,1,0,0,2,22,0,0,0,0,0,0,0,0,0,0,0,0,0,0,0],[0,2,24,0,0,1,4,0,3,0,0,0,5,0,0,0,0,0,0,0,0,0,0,0,0,0,0,0]]}