{"Accuracy":0.11504787961696307,"Precision":0.0951404704557862,"Recall":0.11504787961696307,"F1 Score":0.08277856771379775,"Adjusted Rand Index":0.01877856589796017,"Precision by cluster":[0.08695652173913043,0.10890104425658877,0.2082018927444795,0.07130124777183601,0.0,0.07692307692307693,0.4198895027624309,0.2,0.073541842772612,0.0,0.04986149584487535,0.125,0.1486146095717884,0.04242424242424243,0.0,0.0,0.06423357664233577,0.0,0.0,0.0,0.0,0.0,0.0,0.0,0.0,0.0,0.0,0.2692307692307692],"Recall by cluster":[0.04043545878693624,0.347068145800317,0.10801963993453355,0.08163265306122448,0.0,0.0022935779816513763,0.5643564356435643,0.003205128205128205,0.2797427652733119,0.0,0.1956521739130435,0.007662835249042145,0.24583333333333332,0.02857142857142857,0.0,0.0,0.2543352601156069,0.0,0.0,0.0,0.0,0.0,0.0,0.0,0.0,0.0,0.0,0.11290322580645161],"F1 score by cluster":[0.055201698513800426,0.16578349735049205,0.14224137931034483,0.07611798287345385,0.0,0.004454342984409799,0.4815205913410771,0.006309148264984227,0.11646586345381527,0.0,0.07947019867549669,0.01444043321299639,0.18524332810047095,0.03414634146341464,0.0,0.0,0.10256410256410256,0.0,0.0,0.0,0.0,0.0,0.0,0.0,0.0,0.0,0.0,0.1590909090909091],"confusion_matrix":[[26,197,42,50,0,1,22,1,106,2,107,0,21,17,0,0,50,0,0,0,0,0,0,0,0,0,0,1],[13,219,13,33,0,0,16,0,160,0,81,1,28,14,0,0,53,0,0,0,0,0,0,0,0,0,0,0],[51,119,66,106,0,3,5,0,56,1,100,4,19,24,0,0,56,0,0,0,0,0,0,0,0,0,0,1],[26,151,15,40,0,0,7,0,67,1,106,1,18,7,0,0,51,0,0,0,0,0,0,0,0,0,0,0],[19,156,25,46,0,1,5,1,66,1,70,0,11,12,0,0,30,0,0,0,0,0,0,0,0,0,0,1],[24,141,13,46,0,1,0,0,57,0,98,0,11,17,0,0,28,0,0,0,0,0,0,0,0,0,0,0],[5,35,9,9,0,0,228,0,40,0,25,0,22,9,0,0,22,0,0,0,0,0,0,0,0,0,0,0],[20,82,27,42,0,1,3,1,25,0,58,0,15,1,0,0,36,0,0,0,0,0,0,0,0,0,0,1],[12,74,7,16,0,0,17,0,87,0,29,0,23,6,0,0,36,0,0,0,0,0,0,0,0,0,0,4],[15,88,10,32,0,0,2,0,31,0,50,0,8,4,0,0,42,0,0,0,0,0,0,0,0,0,0,0],[9,95,3,7,0,1,20,0,55,0,54,0,13,1,0,0,18,0,0,0,0,0,0,0,0,0,0,0],[6,56,4,12,0,1,30,0,49,0,30,2,38,7,0,0,25,0,0,0,0,0,0,0,0,0,0,1],[4,40,2,2,0,0,46,0,37,0,13,1,59,0,0,0,36,0,0,0,0,0,0,0,0,0,0,0],[8,65,14,11,0,0,29,0,56,0,33,1,8,7,0,0,10,0,0,0,0,0,0,0,0,0,0,3],[12,68,15,25,0,1,6,0,31,0,28,0,6,3,0,0,18,0,0,0,0,0,0,0,0,0,0,2],[12,67,10,18,0,0,3,2,28,0,49,0,9,5,0,0,21,0,0,0,0,0,0,0,0,0,0,0],[0,23,2,3,0,1,36,0,31,0,5,1,25,2,0,0,44,0,0,0,0,0,0,0,0,0,0,0],[3,39,11,3,0,0,9,0,29,0,10,0,4,3,0,0,8,0,0,0,0,0,0,0,0,0,0,0],[6,35,5,8,0,0,13,0,24,1,11,0,6,1,0,0,14,0,0,0,0,0,0,0,0,0,0,4],[3,29,0,5,0,0,15,0,27,0,19,2,7,2,0,0,10,0,0,0,0,0,0,0,0,0,0,0],[2,48,3,3,0,0,6,0,23,0,12,0,13,5,0,0,10,0,0,0,0,0,0,0,0,0,0,0],[3,42,3,4,0,0,7,0,25,0,17,0,9,0,0,0,18,0,0,0,0,0,0,0,0,0,0,0],[4,32,6,15,0,0,0,0,16,0,25,0,0,4,0,0,13,0,0,0,0,0,0,0,0,0,0,1],[5,21,5,5,0,0,10,0,16,0,6,2,8,3,0,0,12,0,0,0,0,0,0,0,0,0,0,0],[2,37,0,6,0,0,1,0,9,0,18,0,3,3,0,0,6,0,0,0,0,0,0,0,0,0,0,0],[3,20,3,13,0,1,0,0,8,0,8,1,1,5,0,0,3,0,0,0,0,0,0,0,0,0,0,0],[5,18,0,0,0,0,1,0,14,0,15,0,7,1,0,0,10,0,0,0,0,0,0,0,0,0,0,0],[1,14,4,1,0,1,6,0,10,0,6,0,5,2,0,0,5,0,0,0,0,0,0,0,0,0,0,7]]}