{"Accuracy":0.1277701778385773,"Precision":0.0842091323406813,"Recall":0.1277701778385773,"F1 Score":0.07697788310507084,"Adjusted Rand Index":0.018441705818314225,"Precision by cluster":[0.10822510822510822,0.193717277486911,0.10369206598586017,0.09576138147566719,0.0,0.10596026490066225,0.4078014184397163,0.12121212121212122,0.028037383177570093,0.04,0.0,0.02040816326530612,0.10621761658031088,0.0,0.0,0.0,0.05555555555555555,0.0,0.0,0.0,0.0,0.0,0.0,0.0,0.0,0.0,0.0,0.19047619047619047],"Recall by cluster":[0.07451564828614009,0.06260575296108291,0.6567164179104478,0.1227364185110664,0.0,0.036036036036036036,0.575,0.012307692307692308,0.011494252873563218,0.0035335689045936395,0.0,0.0036231884057971015,0.5211864406779662,0.0,0.0,0.0,0.02531645569620253,0.0,0.0,0.0,0.0,0.0,0.0,0.0,0.0,0.0,0.0,0.14285714285714285],"F1 score by cluster":[0.088261253309797,0.09462915601023018,0.1791044776119403,0.10758377425044091,0.0,0.05378151260504202,0.47717842323651455,0.0223463687150838,0.016304347826086956,0.006493506493506494,0.0,0.006153846153846154,0.17647058823529413,0.0,0.0,0.0,0.034782608695652174,0.0,0.0,0.0,0.0,0.0,0.0,0.0,0.0,0.0,0.0,0.16326530612244897],"confusion_matrix":[[50,20,401,67,0,14,24,1,16,5,0,2,60,0,0,0,7,0,0,0,0,0,0,0,0,0,0,4],[35,37,283,61,0,28,27,5,5,3,0,2,98,0,0,0,6,0,0,0,0,0,0,0,0,0,0,1],[50,3,396,41,0,7,4,4,17,3,0,7,65,0,0,0,3,0,0,0,0,0,0,0,0,0,0,3],[28,8,301,61,0,7,2,5,5,1,0,2,70,0,0,0,7,0,0,0,0,0,0,0,0,0,0,0],[30,10,284,50,0,6,3,0,11,1,0,4,32,0,0,0,3,0,0,0,0,0,0,0,0,0,0,3],[20,5,305,41,0,16,2,2,3,0,0,4,41,0,0,0,5,0,0,0,0,0,0,0,0,0,0,0],[18,2,77,13,0,3,230,0,2,1,0,3,50,0,0,0,1,0,0,0,0,0,0,0,0,0,0,0],[19,2,197,29,0,0,4,4,9,4,0,2,52,0,0,0,2,0,0,0,0,0,0,0,0,0,0,1],[26,10,111,22,0,2,24,1,3,0,0,0,52,0,0,0,3,0,0,0,0,0,0,0,0,0,0,7],[16,5,173,21,0,4,1,0,4,1,0,2,50,0,0,0,6,0,0,0,0,0,0,0,0,0,0,0],[27,15,124,30,0,10,28,1,2,1,0,0,42,0,0,0,2,0,0,0,0,0,0,0,0,0,0,0],[16,9,120,18,0,8,32,0,1,1,0,1,68,0,0,0,1,0,0,0,0,0,0,0,0,0,0,1],[13,3,31,12,0,2,45,0,0,2,0,4,123,0,0,0,1,0,0,0,0,0,0,0,0,0,0,0],[12,4,129,18,0,6,24,1,1,0,0,3,43,0,0,0,1,0,0,0,0,0,0,0,0,0,0,7],[11,6,139,11,0,4,15,2,4,1,0,3,28,0,0,0,0,0,0,0,0,0,0,0,0,0,0,2],[12,5,132,23,0,4,5,1,2,0,0,1,31,0,0,0,2,0,0,0,0,0,0,0,0,0,0,0],[8,7,33,10,0,0,26,0,1,0,0,2,66,0,0,0,4,0,0,0,0,0,0,0,0,0,0,1],[5,5,81,17,0,5,14,0,2,0,0,0,19,0,0,0,1,0,0,0,0,0,0,0,0,0,0,1],[5,8,60,8,0,2,10,0,3,0,0,0,24,0,0,0,4,0,0,0,0,0,0,0,0,0,0,2],[13,5,50,20,0,5,16,1,0,1,0,1,21,0,0,0,3,0,0,0,0,0,0,0,0,0,0,0],[10,8,58,13,0,3,6,2,2,0,0,0,23,0,0,0,4,0,0,0,0,0,0,0,0,0,0,0],[8,3,57,8,0,1,5,0,4,0,0,1,32,0,0,0,2,0,0,0,0,0,0,0,0,0,0,1],[4,1,60,8,0,4,0,1,2,0,0,0,6,0,0,0,0,0,0,0,0,0,0,0,0,0,0,0],[5,1,53,5,0,2,4,1,3,0,0,4,20,0,0,0,0,0,0,0,0,0,0,0,0,0,0,0],[5,4,48,9,0,2,2,0,2,0,0,1,9,0,0,0,0,0,0,0,0,0,0,0,0,0,0,0],[5,0,51,9,0,2,1,1,1,0,0,0,9,0,0,0,1,0,0,0,0,0,0,0,0,0,0,0],[8,3,38,12,0,3,4,0,0,0,0,0,17,0,0,0,3,0,0,0,0,0,0,0,0,0,0,0],[3,2,27,0,0,1,6,0,2,0,0,0,7,0,0,0,0,0,0,0,0,0,0,0,0,0,0,8]]}