{"Accuracy":0.12188782489740083,"Precision":0.08402174143214365,"Recall":0.12188782489740083,"F1 Score":0.07474338611579881,"Adjusted Rand Index":0.010747083199691499,"Precision by cluster":[0.10634920634920635,0.10337202874516307,0.14685314685314685,0.08398950131233596,0.0,0.2,0.4136690647482014,0.0,0.15625,0.0,0.042328042328042326,0.0,0.09838709677419355,0.0,0.0,0.0,0.0664451827242525,0.0,0.0,0.0,0.0,0.0,0.0,0.0,0.0,0.0,0.0,0.0],"Recall by cluster":[0.104199066874028,0.5927099841521395,0.03436988543371522,0.19591836734693877,0.0,0.009174311926605505,0.5693069306930693,0.0,0.03215434083601286,0.0,0.028985507246376812,0.0,0.25416666666666665,0.0,0.0,0.0,0.11560693641618497,0.0,0.0,0.0,0.0,0.0,0.0,0.0,0.0,0.0,0.0,0.0],"F1 score by cluster":[0.10526315789473684,0.17604142151094376,0.05570291777188329,0.11757501530924679,0.0,0.017543859649122806,0.4791666666666667,0.0,0.05333333333333334,0.0,0.034408602150537634,0.0,0.14186046511627906,0.0,0.0,0.0,0.08438818565400844,0.0,0.0,0.0,0.0,0.0,0.0,0.0,0.0,0.0,0.0,0.0],"confusion_matrix":[[67,320,27,121,0,2,23,0,1,0,13,2,43,0,0,0,24,0,0,0,0,0,0,0,0,0,0,0],[58,374,10,79,0,0,16,0,1,1,19,1,50,0,0,0,22,0,0,0,0,0,0,0,0,0,0,0],[95,241,21,154,0,1,8,0,9,1,24,1,43,0,0,0,13,0,0,0,0,0,0,0,0,0,0,0],[30,271,11,96,0,1,5,0,1,4,14,1,33,0,0,0,23,0,0,0,0,0,0,0,0,0,0,0],[49,230,10,95,0,0,4,0,4,0,14,1,22,0,0,0,15,0,0,0,0,0,0,0,0,0,0,0],[47,219,9,110,0,4,2,0,0,0,15,0,15,0,0,0,15,0,0,0,0,0,0,0,0,0,0,0],[17,97,3,18,0,2,230,0,1,0,1,0,29,0,0,0,6,0,0,0,0,0,0,0,0,0,0,0],[32,152,9,57,0,1,2,0,1,2,8,0,24,0,0,0,24,0,0,0,0,0,0,0,0,0,0,0],[26,166,3,34,0,0,19,0,10,0,2,0,37,0,0,0,14,0,0,0,0,0,0,0,0,0,0,0],[19,145,3,62,0,1,5,0,0,0,10,1,20,0,0,0,16,0,0,0,0,0,0,0,0,0,0,0],[12,178,2,35,0,0,22,0,0,0,8,0,15,0,0,0,4,0,0,0,0,0,0,0,0,0,0,0],[18,122,2,24,0,0,30,0,1,0,8,0,41,1,0,0,14,0,0,0,0,0,0,0,0,0,0,0],[3,101,0,6,0,0,50,0,0,0,1,0,61,0,0,0,18,0,0,0,0,0,0,0,0,0,0,0],[25,128,7,25,0,0,27,0,7,0,11,2,11,0,0,0,2,0,0,0,0,0,0,0,0,0,0,0],[22,99,11,44,0,0,8,0,4,1,7,1,11,0,0,0,7,0,0,0,0,0,0,0,0,0,0,0],[22,112,2,48,0,0,3,0,0,0,6,0,16,0,0,0,15,0,0,0,0,0,0,0,0,0,0,0],[0,70,0,4,0,1,38,0,0,0,4,0,36,0,0,0,20,0,0,0,0,0,0,0,0,0,0,0],[13,67,2,14,0,1,9,0,1,0,1,0,8,0,0,0,3,0,0,0,0,0,0,0,0,0,0,0],[7,65,4,9,0,1,13,0,4,2,2,0,14,0,0,0,7,0,0,0,0,0,0,0,0,0,0,0],[3,71,0,8,0,2,12,0,0,1,2,0,15,0,0,0,5,0,0,0,0,0,0,0,0,0,0,0],[8,79,0,7,0,0,6,0,0,0,3,0,15,1,0,0,6,0,0,0,0,0,0,0,0,0,0,0],[6,68,1,14,0,1,6,0,2,0,3,0,21,0,0,0,6,0,0,0,0,0,0,0,0,0,0,0],[10,62,2,23,0,2,0,0,1,0,4,0,4,0,0,0,8,0,0,0,0,0,0,0,0,0,0,0],[11,42,2,13,0,0,7,0,2,0,1,0,10,0,0,0,5,0,0,0,0,0,0,0,0,0,0,0],[8,46,0,18,0,0,2,0,0,0,3,0,6,0,0,0,2,0,0,0,0,0,0,0,0,0,0,0],[12,32,2,14,0,0,0,0,1,0,2,0,2,0,0,0,1,0,0,0,0,0,0,0,0,0,0,0],[3,40,0,6,0,0,2,0,0,1,2,0,12,0,0,0,5,0,0,0,0,0,0,0,0,0,0,0],[7,21,0,5,0,0,7,0,13,0,1,1,6,0,0,0,1,0,0,0,0,0,0,0,0,0,0,0]]}