{"Accuracy":0.15526675786593708,"Precision":0.13411987740438747,"Recall":0.15526675786593708,"F1 Score":0.12599212542332874,"Adjusted Rand Index":0.02873297158018859,"Precision by cluster":[0.12595419847328243,0.13900057438253877,0.19855595667870035,0.08849557522123894,0.07399103139013453,0.12244897959183673,0.51,0.1588447653429603,0.19310344827586207,0.12195121951219512,0.11989100817438691,0.26785714285714285,0.1551155115511551,0.09815950920245399,0.0,0.0,0.1073738680465718,0.0,0.0,0.0,0.0,0.0,0.0,0.0,0.0,0.0,0.0,0.45],"Recall by cluster":[0.05132192846034215,0.38351822503961963,0.36006546644844517,0.1836734693877551,0.07432432432432433,0.027522935779816515,0.504950495049505,0.14102564102564102,0.09003215434083602,0.05319148936170213,0.15942028985507245,0.05747126436781609,0.19583333333333333,0.0653061224489796,0.0,0.0,0.4797687861271676,0.0,0.0,0.0,0.0,0.0,0.0,0.0,0.0,0.0,0.0,0.14516129032258066],"F1 score by cluster":[0.07292817679558011,0.20404721753794267,0.2559627690517743,0.11944260119442601,0.07415730337078652,0.0449438202247191,0.5074626865671642,0.1494057724957555,0.12280701754385964,0.07407407407407407,0.1368584758942457,0.0946372239747634,0.1731123388581952,0.0784313725490196,0.0,0.0,0.17547568710359407,0.0,0.0,0.0,0.0,0.0,0.0,0.0,0.0,0.0,0.0,0.21951219512195122],"confusion_matrix":[[33,172,122,91,37,15,14,24,13,14,26,3,12,20,0,0,46,0,0,0,0,0,0,0,0,0,0,1],[28,242,42,90,26,4,11,8,16,13,38,3,25,15,0,0,69,0,1,0,0,0,0,0,0,0,0,0],[14,79,220,106,49,15,2,39,4,5,17,6,7,12,0,1,33,0,0,0,0,0,0,1,0,0,0,1],[22,124,58,90,46,10,1,16,6,14,40,3,15,6,0,0,37,0,2,0,0,0,0,0,0,0,0,0],[20,106,113,65,33,7,1,21,8,8,21,0,6,12,0,0,23,0,0,0,0,0,0,0,0,0,0,0],[21,114,61,104,35,12,0,17,5,10,19,1,5,12,0,0,18,0,2,0,0,0,0,0,0,0,0,0],[12,48,19,16,10,0,204,1,4,2,10,1,25,8,0,0,44,0,0,0,0,0,0,0,0,0,0,0],[5,31,116,39,31,2,1,44,1,3,12,0,3,0,0,0,23,0,1,0,0,0,0,0,0,0,0,0],[9,69,35,33,18,4,10,7,28,2,8,0,16,8,0,0,60,0,1,0,0,0,0,0,0,0,0,3],[15,50,40,64,23,2,1,13,4,15,11,2,7,6,0,0,29,0,0,0,0,0,0,0,0,0,0,0],[7,95,9,29,12,2,19,3,9,4,44,2,12,3,0,0,25,0,1,0,0,0,0,0,0,0,0,0],[7,65,19,19,16,1,21,4,4,5,12,15,34,11,0,0,28,0,0,0,0,0,0,0,0,0,0,0],[2,39,11,12,9,0,22,6,2,4,6,7,47,1,0,0,72,0,0,0,0,0,0,0,0,0,0,0],[10,83,16,24,9,1,24,2,7,1,19,1,9,16,0,0,19,0,0,0,0,0,0,0,0,0,0,4],[6,54,48,38,12,4,7,8,4,1,8,0,9,1,0,0,14,0,0,0,0,0,0,0,0,0,0,1],[11,49,53,43,14,5,2,11,0,3,8,0,5,5,0,0,15,0,0,0,0,0,0,0,0,0,0,0],[3,18,6,8,6,0,18,5,4,0,6,0,15,0,0,0,83,0,1,0,0,0,0,0,0,0,0,0],[6,37,17,13,3,2,8,3,0,2,8,1,2,6,0,0,11,0,0,0,0,0,0,0,0,0,0,0],[5,31,22,15,4,1,6,7,7,2,3,0,4,1,0,0,19,0,0,0,0,0,0,0,0,0,0,1],[4,39,5,15,9,1,10,3,1,3,6,1,8,0,0,0,14,0,0,0,0,0,0,0,0,0,0,0],[1,51,5,11,2,0,3,3,2,1,8,0,9,7,0,0,22,0,0,0,0,0,0,0,0,0,0,0],[3,33,8,16,8,2,4,4,3,2,7,2,12,1,0,0,23,0,0,0,0,0,0,0,0,0,0,0],[9,16,22,24,12,3,0,4,1,5,6,1,1,2,0,0,10,0,0,0,0,0,0,0,0,0,0,0],[2,26,9,9,5,1,6,6,3,2,1,5,6,4,0,0,8,0,0,0,0,0,0,0,0,0,0,0],[4,28,7,19,6,2,1,5,1,2,6,0,1,0,0,0,3,0,0,0,0,0,0,0,0,0,0,0],[1,14,15,13,6,2,0,8,0,0,3,0,0,2,0,0,2,0,0,0,0,0,0,0,0,0,0,0],[2,16,3,6,5,0,1,4,3,0,10,1,5,2,0,0,13,0,0,0,0,0,0,0,0,0,0,0],[0,12,7,5,0,0,3,1,5,0,4,1,3,2,0,0,10,0,0,0,0,0,0,0,0,0,0,9]]}