{"Accuracy":0.10574555403556772,"Precision":0.09874118332661629,"Recall":0.10574555403556772,"F1 Score":0.06308932195240152,"Adjusted Rand Index":0.01711599852857051,"Precision by cluster":[0.06153846153846154,0.11769759450171821,0.2365038560411311,0.09895833333333333,0.0,0.13725490196078433,0.3333333333333333,0.22727272727272727,0.29411764705882354,0.0,0.06297056810403832,0.0,0.058823529411764705,0.14285714285714285,0.0,0.0,0.06027397260273973,0.0,0.0,0.0,0.0,0.0,0.0,0.0,0.0,0.0,0.0,0.0],"Recall by cluster":[0.005934718100890208,0.45439469320066334,0.3082077051926298,0.11561866125760649,0.0,0.016548463356973995,0.002577319587628866,0.09740259740259741,0.017605633802816902,0.0,0.3524904214559387,0.0,0.003816793893129771,0.0321285140562249,0.0,0.0,0.6010928961748634,0.0,0.0,0.0,0.0,0.0,0.0,0.0,0.0,0.0,0.0,0.0],"F1 score by cluster":[0.010825439783491205,0.1869669054930058,0.2676363636363636,0.10664172123479888,0.0,0.029535864978902954,0.005115089514066497,0.13636363636363635,0.03322259136212625,0.0,0.10685249709639953,0.0,0.007168458781362007,0.05245901639344262,0.0,0.0,0.10956175298804781,0.0,0.0,0.0,0.0,0.0,0.0,0.0,0.0,0.0,0.0,0.0],"confusion_matrix":[[4,225,91,70,0,4,0,17,0,0,137,0,1,6,0,0,119,0,0,0,0,0,0,0,0,0,0,0],[7,274,14,23,0,0,0,2,4,0,141,0,1,4,0,0,133,0,0,0,0,0,0,0,0,0,0,0],[4,149,184,82,0,10,1,23,0,0,82,0,3,4,0,0,55,0,0,0,0,0,0,0,0,0,0,0],[5,184,28,57,0,2,0,6,0,0,140,0,0,3,0,0,68,0,0,0,0,0,0,0,0,0,0,0],[5,136,88,50,0,7,0,11,1,0,78,0,0,3,0,0,58,0,0,0,0,0,0,0,0,0,0,0],[7,160,60,50,0,7,0,7,0,0,79,0,0,6,0,0,47,0,0,0,0,0,0,0,0,0,0,0],[1,65,3,4,0,1,1,0,0,0,37,0,2,1,0,0,273,0,0,0,0,0,0,0,0,0,0,0],[2,71,65,32,0,4,0,30,0,0,54,0,2,2,0,0,46,0,0,0,0,0,0,0,0,0,0,0],[0,78,40,19,0,2,0,2,5,0,49,0,1,2,0,0,86,0,0,0,0,0,0,0,0,0,0,0],[2,116,36,38,0,3,0,5,0,0,50,0,0,2,0,0,60,0,0,0,0,0,0,0,0,0,0,0],[1,96,3,9,0,1,0,0,0,0,92,0,1,1,0,0,57,0,0,0,0,0,0,0,0,0,0,0],[3,82,6,11,0,0,0,1,3,0,53,0,0,0,0,0,110,0,0,0,0,0,0,0,0,0,0,0],[0,31,1,1,0,0,0,1,0,0,35,0,1,1,0,0,191,0,0,0,0,0,0,0,0,0,0,0],[6,87,14,10,0,0,0,1,0,0,57,0,2,8,0,0,64,0,0,0,0,0,0,0,0,0,0,0],[2,73,38,15,0,0,0,8,0,0,48,0,0,2,0,0,51,0,0,0,0,0,0,0,0,0,0,0],[1,60,19,40,0,1,0,5,0,0,39,0,1,2,0,0,32,0,0,0,0,0,0,0,0,0,0,0],[0,41,0,2,0,0,0,0,1,0,29,0,0,0,0,0,110,0,0,0,0,0,0,0,0,0,0,0],[1,58,13,9,0,1,0,1,1,0,30,0,0,4,0,0,28,0,0,0,0,0,0,0,0,0,0,0],[3,39,12,2,0,1,0,2,1,0,22,0,0,0,0,0,34,0,0,0,0,0,0,0,0,0,0,0],[1,35,1,5,0,0,0,1,0,0,26,0,0,0,0,0,27,0,0,0,0,0,0,0,0,0,0,0],[2,49,3,6,0,1,0,0,0,0,26,0,0,0,0,0,27,0,0,0,0,0,0,0,0,0,0,0],[0,37,3,5,0,1,0,0,0,0,35,0,0,1,0,0,35,0,0,0,0,0,0,0,0,0,0,0],[4,47,17,9,0,1,0,3,0,0,18,0,1,1,0,0,13,0,0,0,0,0,0,0,0,0,0,0],[1,41,0,7,0,1,0,1,1,0,14,0,0,1,0,0,40,0,0,0,0,0,0,0,0,0,0,0],[1,30,0,9,0,1,0,0,0,0,34,0,0,0,0,0,11,0,0,0,0,0,0,0,0,0,0,0],[2,30,21,7,0,0,1,4,0,0,9,0,0,1,0,0,4,0,0,0,0,0,0,0,0,0,0,0],[0,27,2,0,0,0,0,0,0,0,32,0,0,0,0,0,27,0,0,0,0,0,0,0,0,0,0,0],[0,7,16,4,1,2,0,1,0,0,15,0,1,1,0,0,19,0,0,0,0,0,0,0,0,0,0,0]],"epoch_accuracies":[[0.1013177693675619,0.1039624276138799,0.11207879257671789,0.12676120559937987,0.12990743696137888,0.13656468013314485,0.14103324061830286,0.14340431352879485,0.14582098399525786,0.15092791026400984,0.15297980028270486,0.15343577584241486,0.15553326341708085,0.15804112899548584,0.16123295791345585,0.16077698235374585,0.16095937257762985,0.16488076239113583,0.16661346951803382,0.16693265240983082,0.16716064018968582,0.16903013998449684,0.16934932287629384,0.16747982308148282,0.17021567643974284,0.17477543203684281,0.17317951757785782,0.17317951757785782,0.17500341981669781,0.17272354201814782],[0.1051983584131327,0.11422708618331054,0.11354309165526676,0.13132694938440492,0.12749658002735978,0.1225718194254446,0.11573187414500684,0.073187414500684,0.05759233926128591,0.08071135430916553,0.041997264021887824,0.07031463748290014,0.04801641586867305,0.07729138166894665,0.086593707250342,0.059644322845417236,0.07387140902872777,0.07523939808481532,0.06470588235294118,0.08303693570451437,0.05690834473324213,0.0987688098495212,0.09534883720930233,0.07250341997264022,0.07168262653898769,0.10109439124487005,0.08741450068399453,0.07948016415868674,0.08946648426812585,0.10259917920656635]]}