{"Accuracy":0.13869511694706607,"Precision":0.11253776547712983,"Recall":0.13869511694706607,"F1 Score":0.10358838067051043,"Adjusted Rand Index":0.031401544652442916,"Precision by cluster":[0.09753694581280788,0.1711229946524064,0.20799347471451876,0.09775967413441955,0.1111111111111111,0.10469314079422383,0.31869918699186994,0.2336448598130841,0.12240663900414937,0.1724137931034483,0.11478260869565217,0.05737704918032787,0.10686015831134564,0.07920792079207921,0.0,0.0,0.06693989071038252,0.0,0.0,0.0,0.0,0.0,0.0,0.08571428571428572,0.0,0.0,0.05172413793103448,0.0],"Recall by cluster":[0.15993537964458804,0.05387205387205387,0.44658493870402804,0.1893491124260355,0.0021691973969631237,0.0654627539503386,0.56,0.07739938080495357,0.1861198738170347,0.01730103806228374,0.2357142857142857,0.025179856115107913,0.30916030534351147,0.03187250996015936,0.0,0.0,0.2737430167597765,0.0,0.0,0.0,0.0,0.0,0.0,0.036585365853658534,0.0,0.0,0.037037037037037035,0.0],"F1 score by cluster":[0.1211750305997552,0.08194622279129321,0.2838063439065108,0.12894560107454667,0.00425531914893617,0.08055555555555556,0.40621761658031086,0.11627906976744186,0.1476846057571965,0.031446540880503145,0.1543859649122807,0.035,0.1588235294117647,0.045454545454545456,0.0,0.0,0.10757409440175632,0.0,0.0,0.0,0.0,0.0,0.0,0.05128205128205128,0.0,0.0,0.04316546762589928,0.0],"confusion_matrix":[[99,15,116,97,2,28,36,13,37,2,32,12,63,7,0,0,56,0,0,0,0,0,0,0,0,0,4,0],[97,32,23,110,1,25,25,2,34,1,82,7,57,10,0,0,76,0,0,0,0,0,0,3,0,0,9,0],[86,7,255,60,0,24,12,15,15,1,17,8,35,3,0,0,23,0,0,0,0,1,0,6,0,0,3,0],[78,10,74,96,2,26,16,5,17,3,39,12,63,3,0,0,53,0,0,0,0,0,0,4,0,0,6,0],[72,8,132,63,1,22,10,9,11,1,22,9,34,6,0,0,54,0,0,0,0,0,0,2,0,0,5,0],[71,7,100,96,0,29,6,9,9,3,27,8,20,8,0,0,42,0,0,0,0,0,0,3,0,0,5,0],[26,8,7,18,0,2,196,0,25,0,16,2,30,7,0,0,13,0,0,0,0,0,0,0,0,0,0,0],[29,2,118,31,0,10,12,25,8,1,16,7,38,0,0,0,21,0,0,0,0,0,0,3,0,0,2,0],[33,12,50,22,0,8,18,2,59,2,25,2,32,9,0,0,40,0,0,0,0,0,0,1,0,0,2,0],[52,5,53,45,0,11,5,2,12,5,17,9,31,3,0,0,36,0,0,0,0,0,0,1,0,0,2,0],[35,10,10,41,1,7,26,0,20,2,66,4,19,3,0,0,33,0,0,0,0,0,0,0,0,0,3,0],[43,7,7,34,0,10,53,2,22,0,12,7,46,6,0,0,25,0,0,0,0,0,0,3,0,0,1,0],[11,1,2,2,0,0,51,0,53,1,14,5,81,1,0,0,38,0,0,0,0,0,0,0,0,0,2,0],[36,14,11,44,0,7,33,1,17,0,33,2,21,8,0,0,24,0,0,0,0,0,0,0,0,0,0,0],[32,9,54,35,0,7,12,5,10,1,16,5,21,4,0,0,22,0,0,0,0,0,0,0,0,0,0,0],[30,1,63,46,0,11,6,2,7,1,12,4,17,1,0,0,15,0,0,0,0,0,0,3,0,0,1,0],[10,3,3,5,0,0,26,1,41,1,9,3,25,3,0,0,49,0,0,0,0,0,0,0,0,0,0,0],[23,6,16,21,0,6,7,2,9,1,17,4,13,4,0,0,6,0,0,0,0,0,0,2,0,0,2,0],[12,4,32,10,0,8,14,2,16,0,13,0,14,1,0,0,18,0,0,0,0,0,0,0,0,0,1,0],[16,6,3,11,0,3,13,1,11,1,22,1,13,5,0,0,10,0,0,0,0,0,0,0,0,0,2,0],[21,5,5,15,0,6,5,0,10,0,13,0,12,2,0,0,16,0,0,0,0,0,0,0,0,0,1,0],[19,2,7,10,0,2,7,0,12,0,17,2,21,0,0,0,13,0,0,0,0,0,0,0,0,0,0,0],[26,3,31,15,1,6,0,5,2,1,8,1,13,2,0,0,8,0,0,0,0,0,0,0,0,0,1,0],[12,3,5,8,1,3,10,0,5,0,3,6,7,1,0,0,14,0,0,0,0,0,0,3,0,0,1,0],[14,3,10,13,0,8,7,0,1,1,12,1,10,2,0,0,10,0,0,0,0,0,0,0,0,0,1,0],[16,1,23,14,0,4,1,3,2,0,1,0,4,0,0,0,1,0,0,0,0,0,0,0,0,0,1,0],[8,2,5,14,0,2,3,0,5,0,10,0,15,0,0,0,14,0,0,0,0,0,0,0,0,0,3,0],[8,1,11,6,0,2,5,1,12,0,4,1,3,2,0,0,2,0,0,0,0,0,0,1,0,0,0,0]],"epoch_accuracies":[[0.11969904240766074,0.14473324213406294,0.15098039215686274,0.15490196078431373,0.15750113999088008,0.16101231190150478,0.1615139078887369,0.16160510715914272,0.16680346557227543,0.1657090743274054,0.16671226630186958,0.16730506155950753,0.17031463748290013,0.16990424076607388,0.1714546283629731,0.17159142726858184,0.17104423164614682,0.17428180574555405,0.1727314181486548,0.17378020975832192,0.17774737802097584,0.17697218422252622,0.1759233926128591,0.18020975832193342,0.18057455540355677,0.1821705426356589,0.17961696306429548,0.18248974008207935,0.18449612403100776,0.18499772001823986],[0.12351251538777185,0.11229653946108603,0.12351251538777185,0.11366434140336479,0.10477362877855287,0.07454520585419232,0.07878539187525646,0.11612638489946656,0.07946929284639584,0.11462180276295993,0.11598960470523868,0.12556421830119,0.10778279305156613,0.13568595267405278,0.0983449596498427,0.09232663110381617,0.13431815073177403,0.12474353713582273,0.14348242374504172,0.1333606893721789,0.1282998221857475,0.11763096703597319,0.12953084393379838,0.14320886335658597,0.13719053481055943,0.14512378607577622,0.13978935850088908,0.12556421830119,0.12912050335111475,0.13842155655861033]]}