{"Accuracy":0.09575923392612859,"Precision":0.0897629308254753,"Recall":0.09575923392612859,"F1 Score":0.08252899304720418,"Adjusted Rand Index":0.013104556247067101,"Precision by cluster":[0.09259259259259259,0.11538461538461539,0.15639810426540285,0.08962264150943396,0.09254498714652956,0.08450704225352113,0.3067375886524823,0.09433962264150944,0.09215017064846416,0.0,0.05116959064327485,0.10294117647058823,0.10416666666666667,0.05263157894736842,0.03571428571428571,0.0392156862745098,0.065625,0.015151515151515152,0.018518518518518517,0.019753086419753086,0.017482517482517484,0.056179775280898875,0.009523809523809525,0.1,0.0,0.0,0.01639344262295082,0.0],"Recall by cluster":[0.1050080775444265,0.22167487684729065,0.1116751269035533,0.03544776119402985,0.16252821670428894,0.013636363636363636,0.46756756756756757,0.014925373134328358,0.08490566037735849,0.0,0.1320754716981132,0.026717557251908396,0.055762081784386616,0.09649122807017543,0.004310344827586207,0.029556650246305417,0.13548387096774195,0.017391304347826087,0.007633587786259542,0.06153846153846154,0.04424778761061947,0.041666666666666664,0.00909090909090909,0.018518518518518517,0.0,0.0,0.012987012987012988,0.0],"F1 score by cluster":[0.0984102952308857,0.15177065767284992,0.13030602171767028,0.05080213903743316,0.11793611793611794,0.023483365949119372,0.37044967880085655,0.02577319587628866,0.088379705400982,0.0,0.0737618545837724,0.04242424242424243,0.07263922518159806,0.06811145510835913,0.007692307692307693,0.033707865168539325,0.08842105263157894,0.016194331983805668,0.010810810810810811,0.029906542056074768,0.02506265664160401,0.04784688995215311,0.009302325581395349,0.03125,0.0,0.0,0.014492753623188406,0.0],"confusion_matrix":[[65,106,45,20,64,12,32,9,12,2,56,6,9,40,1,14,18,9,7,26,34,3,17,4,0,2,4,2],[62,135,22,21,40,3,31,1,26,1,68,6,4,30,1,5,26,24,1,51,29,8,0,0,1,1,9,3],[86,64,66,14,97,11,11,16,12,1,42,4,4,41,2,18,15,6,6,17,14,7,24,2,2,2,5,2],[57,101,27,19,69,6,20,2,17,3,50,3,9,24,1,10,19,8,1,40,28,12,4,0,1,0,5,0],[43,70,34,14,72,6,17,3,14,3,36,3,6,25,3,12,13,8,5,20,9,9,7,0,3,2,4,2],[57,72,36,15,48,6,13,3,9,5,40,5,5,25,1,13,13,6,4,22,24,3,8,0,2,2,3,0],[18,37,4,2,12,1,173,1,14,1,27,3,10,19,0,4,14,4,2,13,7,0,1,0,0,0,3,0],[38,38,34,8,60,5,6,5,14,2,32,5,5,13,5,12,11,5,3,9,7,3,7,2,1,2,2,1],[25,49,18,10,29,3,19,1,27,0,23,3,7,20,0,4,20,6,4,24,17,4,3,0,0,0,0,2],[26,57,17,16,33,1,9,0,12,0,23,1,4,16,0,6,11,7,2,18,10,5,3,0,4,1,2,0],[19,56,5,8,12,0,19,1,12,0,35,2,5,11,1,4,13,8,1,19,19,5,4,1,1,1,3,0],[20,33,6,4,22,1,32,0,18,1,24,7,17,15,5,3,12,5,4,13,10,4,1,2,0,0,3,0],[16,38,10,2,13,1,47,0,18,1,21,2,15,11,0,4,34,2,0,14,9,4,0,3,0,0,4,0],[22,38,10,5,13,1,27,1,6,0,22,1,7,22,0,5,11,5,1,11,11,1,3,1,0,1,3,0],[20,34,19,7,33,3,19,2,9,0,19,2,2,14,1,5,8,6,2,13,6,1,3,0,2,1,1,0],[20,39,10,7,34,2,5,2,4,0,20,4,0,10,1,6,7,3,2,10,8,1,8,0,0,0,0,0],[8,17,4,1,9,0,17,1,16,0,22,1,8,7,1,3,21,1,0,13,2,0,1,0,0,0,1,1],[10,21,8,1,11,2,10,0,4,0,16,2,3,8,1,0,2,2,1,6,3,3,1,0,0,0,0,0],[12,22,8,2,14,1,11,1,9,0,11,0,2,10,2,2,5,1,1,8,6,2,0,0,0,0,1,0],[5,23,3,6,9,0,13,1,8,1,17,0,3,7,0,2,7,3,1,8,6,2,0,0,0,0,3,2],[10,25,2,1,11,0,8,0,5,0,8,2,6,2,0,3,8,6,0,3,5,1,3,2,1,0,0,1],[11,13,2,5,14,1,9,0,7,0,12,0,5,6,1,2,13,1,1,8,2,5,1,0,0,0,0,1],[16,17,9,6,16,2,3,0,1,0,9,1,0,5,0,6,2,0,1,7,4,1,1,0,1,0,2,0],[4,20,7,6,7,1,5,0,4,0,13,4,4,8,0,1,5,1,0,9,3,1,1,2,0,1,0,1],[9,10,1,8,12,1,1,1,4,1,10,0,1,6,0,5,4,2,0,6,5,0,0,0,0,0,1,0],[9,13,10,3,8,1,3,2,0,1,9,0,0,5,1,2,2,0,2,5,2,1,2,1,1,0,0,0],[9,10,3,1,4,0,1,0,5,1,14,1,3,5,0,1,4,3,0,8,2,1,0,0,0,0,1,0],[5,12,2,0,12,0,3,0,6,0,5,0,0,13,0,1,2,0,2,4,4,2,2,0,0,0,1,0]],"epoch_accuracies":[[0.12192786466645388,0.14203638684966485,0.15019834936847384,0.16456157949933883,0.17650813916374083,0.18421412612283983,0.2022707582873558,0.22178651224294377,0.2556198987734257,0.3117960877296977,0.4164424786831426,0.5587068533126625,0.7238156034836533,0.8597875153891752,0.9388080798869181],[0.13160054719562245,0.14377564979480165,0.1079343365253078,0.12421340629274966,0.12735978112175103,0.11983584131326949,0.14746922024623804,0.13187414500683994,0.12558139534883722,0.11162790697674418,0.10820793433652531,0.11915184678522572,0.09206566347469221,0.09288645690834474,0.09575923392612859]]}