{"Accuracy":0.14158686730506156,"Precision":0.12746816530932878,"Recall":0.14158686730506156,"F1 Score":0.11527317001334,"Adjusted Rand Index":0.02605355887370652,"Precision by cluster":[0.10714285714285714,0.13916500994035785,0.23815028901734103,0.08502772643253234,0.10218978102189781,0.07865168539325842,0.4987012987012987,0.18840579710144928,0.11559139784946236,0.09289617486338798,0.07157894736842105,0.22580645161290322,0.16304347826086957,0.06369426751592357,0.0,0.0,0.0824524312896406,0.0,0.0,0.0,0.0,0.0,0.0,0.0,0.0,0.0,0.0,0.6153846153846154],"Recall by cluster":[0.041990668740279936,0.3328050713153724,0.337152209492635,0.18775510204081633,0.03153153153153153,0.016055045871559634,0.4752475247524752,0.08333333333333333,0.1382636655948553,0.06028368794326241,0.2463768115942029,0.02681992337164751,0.125,0.04081632653061224,0.0,0.0,0.4508670520231214,0.0,0.0,0.0,0.0,0.0,0.0,0.0,0.0,0.0,0.0,0.12903225806451613],"F1 score by cluster":[0.060335195530726256,0.19626168224299065,0.2791327913279133,0.11704834605597965,0.04819277108433735,0.02666666666666667,0.4866920152091255,0.11555555555555555,0.1259150805270864,0.07311827956989247,0.11092985318107668,0.04794520547945205,0.14150943396226415,0.04975124378109453,0.0,0.0,0.13941018766756033,0.0,0.0,0.0,0.0,0.0,0.0,0.0,0.0,0.0,0.0,0.21333333333333335],"confusion_matrix":[[27,146,89,116,13,16,11,13,35,16,74,1,5,18,0,0,62,0,1,0,0,0,0,0,0,0,0,0],[18,210,28,79,12,6,11,2,39,15,97,2,15,15,0,0,81,0,1,0,0,0,0,0,0,0,0,0],[21,71,206,123,11,9,1,19,18,5,60,1,6,12,0,0,47,0,0,0,0,0,0,0,0,0,0,1],[22,109,32,92,12,4,2,7,12,18,101,1,12,9,0,0,56,0,0,1,0,0,0,0,0,0,0,0],[16,100,85,77,14,6,3,7,13,13,60,0,4,10,0,0,35,0,0,0,0,0,0,0,0,0,1,0],[20,100,50,109,11,7,0,7,12,19,56,1,2,14,0,0,27,0,1,0,0,0,0,0,0,0,0,0],[7,35,16,11,1,3,192,0,26,5,29,1,16,7,0,0,54,0,1,0,0,0,0,0,0,0,0,0],[15,26,88,65,10,2,1,26,4,11,25,2,4,1,0,0,31,0,1,0,0,0,0,0,0,0,0,0],[13,57,32,28,9,2,7,2,43,2,32,0,7,8,0,0,67,0,1,0,0,0,0,0,0,0,0,1],[9,50,30,58,9,5,1,10,8,17,38,1,4,6,0,0,36,0,0,0,0,0,0,0,0,0,0,0],[8,86,6,21,5,3,18,1,12,4,68,0,9,2,0,0,32,0,0,1,0,0,0,0,0,0,0,0],[10,54,12,16,3,1,20,3,21,5,35,7,21,9,0,0,44,0,0,0,0,0,0,0,0,0,0,0],[4,38,4,12,0,0,26,1,12,6,17,4,30,1,0,0,81,0,3,0,0,0,0,0,0,0,1,0],[6,67,16,25,1,1,24,2,20,4,45,1,8,10,0,0,12,0,0,0,0,0,0,0,0,0,0,3],[5,40,46,48,4,4,5,5,11,3,17,0,4,2,0,0,20,0,1,0,0,0,0,0,0,0,0,0],[9,49,36,42,3,6,3,6,3,5,36,1,3,5,0,0,17,0,0,0,0,0,0,0,0,0,0,0],[4,16,7,5,5,0,17,2,17,2,11,1,7,1,0,0,78,0,0,0,0,0,0,0,0,0,0,0],[2,32,11,14,1,3,7,3,6,2,20,0,4,4,0,0,10,0,0,0,0,0,0,0,0,0,0,0],[3,24,17,13,1,1,6,2,12,3,13,0,1,2,0,0,30,0,0,0,0,0,0,0,0,0,0,0],[5,28,3,13,0,2,10,3,6,3,19,1,3,1,0,0,22,0,0,0,0,0,0,0,0,0,0,0],[3,45,4,8,0,0,3,2,10,3,15,0,3,8,0,0,20,0,1,0,0,0,0,0,0,0,0,0],[12,24,5,19,2,0,3,1,11,3,13,3,7,0,0,0,25,0,0,0,0,0,0,0,0,0,0,0],[5,20,16,32,1,3,0,3,4,5,13,0,0,2,0,0,12,0,0,0,0,0,0,0,0,0,0,0],[5,21,4,10,3,0,7,4,6,2,7,2,5,4,0,0,12,0,1,0,0,0,0,0,0,0,0,0],[1,23,3,17,2,3,1,1,1,9,18,0,0,1,0,0,5,0,0,0,0,0,0,0,0,0,0,0],[2,9,12,17,3,1,0,6,1,1,8,0,1,3,0,0,2,0,0,0,0,0,0,0,0,0,0,0],[0,15,1,9,1,0,1,0,3,2,17,0,1,0,1,0,20,0,0,0,0,0,0,0,0,0,0,0],[0,14,6,3,0,1,5,0,6,0,6,1,2,2,0,0,8,0,0,0,0,0,0,0,0,0,0,8]]}