{"Accuracy":0.14692202462380302,"Precision":0.11748323315046182,"Recall":0.14692202462380302,"F1 Score":0.12001797719620433,"Adjusted Rand Index":0.032152206386684874,"Precision by cluster":[0.08993288590604027,0.13327289211242066,0.18424962852897475,0.08609271523178808,0.1,0.09385113268608414,0.4543610547667343,0.12295081967213115,0.14644351464435146,0.1164021164021164,0.10222222222222223,0.226890756302521,0.13872832369942195,0.08552631578947369,0.0,0.0,0.09379727685325265,0.0,0.0,0.0,0.0,0.0,0.0,0.0,0.0,0.0,0.0,0.3],"Recall by cluster":[0.104199066874028,0.2329635499207607,0.40589198036006546,0.1326530612244898,0.02027027027027027,0.06651376146788991,0.5544554455445545,0.09615384615384616,0.11254019292604502,0.07801418439716312,0.25,0.10344827586206896,0.1,0.053061224489795916,0.0,0.0,0.3583815028901734,0.0,0.0,0.0,0.0,0.0,0.0,0.0,0.0,0.0,0.0,0.04838709677419355],"F1 score by cluster":[0.09654178674351585,0.1695501730103806,0.2534491568727644,0.10441767068273092,0.033707865168539325,0.07785234899328859,0.49944258639910816,0.1079136690647482,0.12727272727272726,0.09341825902335456,0.14511041009463724,0.14210526315789473,0.1162227602905569,0.0654911838790932,0.0,0.0,0.1486810551558753,0.0,0.0,0.0,0.0,0.0,0.0,0.0,0.0,0.0,0.0,0.08333333333333333],"confusion_matrix":[[67,100,145,80,7,32,19,17,24,20,57,6,7,17,0,0,44,0,0,0,0,0,0,1,0,0,0,0],[64,147,58,69,5,16,17,11,20,17,84,8,10,22,0,0,82,0,1,0,0,0,0,0,0,0,0,0],[66,49,248,63,9,34,3,46,9,6,32,7,5,6,0,0,26,0,0,0,0,0,0,1,0,0,0,1],[77,69,69,65,6,38,2,16,8,17,63,8,8,8,0,0,36,0,0,0,0,0,0,0,0,0,0,0],[54,66,115,55,9,28,5,23,10,13,35,1,4,9,0,0,17,0,0,0,0,0,0,0,0,0,0,0],[63,59,96,80,6,29,0,18,4,11,36,4,2,6,0,0,20,0,0,0,0,2,0,0,0,0,0,0],[22,38,15,9,6,3,224,2,8,2,21,7,8,11,0,0,28,0,0,0,0,0,0,0,0,0,0,0],[30,19,140,25,4,15,3,30,0,6,18,4,4,0,0,0,14,0,0,0,0,0,0,0,0,0,0,0],[25,48,46,20,3,12,16,6,35,4,20,1,13,9,0,0,52,0,0,0,0,0,0,0,0,0,0,1],[29,32,51,50,6,14,3,14,4,22,26,2,4,4,0,0,21,0,0,0,0,0,0,0,0,0,0,0],[22,64,11,22,1,4,19,3,11,12,69,2,8,4,0,0,24,0,0,0,0,0,0,0,0,0,0,0],[20,46,19,21,4,3,25,2,9,7,20,27,19,10,0,0,28,0,1,0,0,0,0,0,0,0,0,0],[9,39,12,8,2,3,35,1,12,4,15,16,24,1,0,0,59,0,0,0,0,0,0,0,0,0,0,0],[21,50,25,23,1,4,31,3,13,3,31,3,8,13,1,0,12,0,0,0,0,0,0,0,0,0,0,3],[22,32,64,19,2,12,8,8,4,4,18,3,5,4,0,0,9,0,0,0,0,0,0,0,0,0,0,1],[25,32,61,29,2,19,3,13,1,5,14,0,5,2,0,0,13,0,0,0,0,0,0,0,0,0,0,0],[15,16,8,5,0,2,22,1,17,0,10,3,11,1,0,0,62,0,0,0,0,0,0,0,0,0,0,0],[11,25,26,8,2,7,10,2,0,1,11,2,2,6,0,0,6,0,0,0,0,0,0,0,0,0,0,0],[12,19,18,9,3,5,9,7,11,1,10,0,3,0,0,0,20,0,0,0,0,0,0,0,0,0,0,1],[11,21,13,14,2,1,13,1,8,4,15,2,6,1,0,0,7,0,0,0,0,0,0,0,0,0,0,0],[7,36,9,10,0,3,5,2,5,3,14,1,3,8,0,0,19,0,0,0,0,0,0,0,0,0,0,0],[16,18,13,13,3,3,5,2,4,8,11,4,3,1,0,0,24,0,0,0,0,0,0,0,0,0,0,0],[19,13,30,20,2,5,0,3,1,8,9,1,0,0,0,0,5,0,0,0,0,0,0,0,0,0,0,0],[12,20,7,6,2,2,11,3,3,2,3,5,3,3,0,0,11,0,0,0,0,0,0,0,0,0,0,0],[13,14,8,15,1,8,1,3,1,7,8,1,1,0,0,0,4,0,0,0,0,0,0,0,0,0,0,0],[5,11,28,5,0,5,0,5,1,1,2,0,0,2,0,0,1,0,0,0,0,0,0,0,0,0,0,0],[6,12,5,8,2,1,1,2,2,1,14,0,2,2,0,0,13,0,0,0,0,0,0,0,0,0,0,0],[2,8,6,4,0,1,3,0,14,0,9,1,5,2,0,0,4,0,0,0,0,0,0,0,0,0,0,3]]}