{"Accuracy":0.11668946648426813,"Precision":0.11694454993093902,"Recall":0.11668946648426813,"F1 Score":0.07756268789326258,"Adjusted Rand Index":0.015023295493185583,"Precision by cluster":[0.275,0.09099018733273863,0.2265625,0.0948905109489051,0.0,0.25,0.3983193277310924,0.0,0.09153005464480875,0.0,0.055299539170506916,0.175,0.14375,0.0,0.0,0.0,0.06285714285714286,0.0,0.0,0.0,0.0,0.0,0.0,0.0,0.0,0.0,0.0,0.5],"Recall by cluster":[0.017107309486780714,0.4849445324881141,0.09492635024549918,0.053061224489795916,0.0,0.0022935779816513763,0.5866336633663366,0.0,0.21543408360128619,0.0,0.21739130434782608,0.05363984674329502,0.09583333333333334,0.0,0.0,0.0,0.2543352601156069,0.0,0.0,0.0,0.0,0.0,0.0,0.0,0.0,0.0,0.0,0.0967741935483871],"F1 score by cluster":[0.032210834553440704,0.15322984476715074,0.13379469434832755,0.06806282722513089,0.0,0.004545454545454545,0.4744744744744745,0.0,0.12847555129434324,0.0,0.0881704628949302,0.08211143695014662,0.115,0.0,0.0,0.0,0.10080183276059565,0.0,0.0,0.0,0.0,0.0,0.0,0.0,0.0,0.0,0.0,0.16216216216216217],"confusion_matrix":[[11,323,28,31,0,1,27,0,65,0,104,5,9,0,0,0,39,0,0,0,0,0,0,0,0,0,0,0],[1,306,15,14,0,0,18,0,102,0,98,4,18,0,0,0,55,0,0,0,0,0,0,0,0,0,0,0],[3,302,58,50,0,0,7,0,32,0,95,6,6,1,0,0,50,0,0,0,0,0,0,0,0,0,0,1],[4,248,7,26,0,1,7,0,31,0,103,4,10,0,0,0,49,0,0,0,0,0,0,0,0,0,0,0],[4,242,25,18,0,0,5,0,34,1,79,2,3,0,0,0,31,0,0,0,0,0,0,0,0,0,0,0],[5,256,6,19,0,1,1,0,30,0,89,2,5,0,0,0,22,0,0,0,0,0,0,0,0,0,0,0],[0,75,8,5,0,0,237,0,21,0,20,4,8,0,0,0,26,0,0,0,0,0,0,0,0,0,0,0],[1,140,20,20,0,0,4,0,14,0,59,3,7,0,0,0,44,0,0,0,0,0,0,0,0,0,0,0],[0,130,5,8,0,0,25,0,67,0,27,1,7,1,0,0,37,0,0,0,0,0,0,0,0,0,0,3],[1,152,7,14,0,0,4,0,17,0,47,0,5,0,0,0,35,0,0,0,0,0,0,0,0,0,0,0],[1,126,2,4,0,0,24,0,35,0,60,0,7,0,0,0,17,0,0,0,0,0,0,0,0,0,0,0],[1,102,5,6,0,0,32,0,27,1,29,14,14,0,0,0,30,0,0,0,0,0,0,0,0,0,0,0],[0,71,0,0,0,0,51,0,24,0,13,12,23,0,0,0,46,0,0,0,0,0,0,0,0,0,0,0],[1,103,13,5,0,0,29,0,41,0,36,3,2,0,0,0,12,0,0,0,0,0,0,0,0,0,0,0],[4,106,10,10,0,0,8,0,23,0,32,3,1,0,0,0,18,0,0,0,0,0,0,0,0,0,0,0],[1,131,5,12,0,1,2,0,12,1,31,0,5,1,0,0,22,0,0,0,0,0,0,0,0,0,0,0],[0,45,1,1,0,0,41,0,17,0,11,4,9,0,0,0,44,0,0,0,0,0,0,0,0,0,0,0],[0,60,10,2,0,0,10,0,17,0,10,0,1,0,0,0,9,0,0,0,0,0,0,0,0,0,0,0],[0,50,5,6,0,0,14,0,21,1,13,0,3,0,0,0,13,0,0,0,0,0,0,0,0,0,0,2],[0,44,0,2,0,0,15,0,22,0,23,1,2,0,0,0,10,0,0,0,0,0,0,0,0,0,0,0],[0,65,3,2,0,0,6,0,17,1,12,4,1,0,0,0,14,0,0,0,0,0,0,0,0,0,0,0],[0,57,4,2,0,0,8,0,15,0,17,1,1,0,0,0,23,0,0,0,0,0,0,0,0,0,0,0],[1,58,6,6,0,0,0,0,10,0,20,0,1,0,0,0,14,0,0,0,0,0,0,0,0,0,0,0],[1,37,3,1,0,0,9,0,10,0,8,5,5,0,0,0,14,0,0,0,0,0,0,0,0,0,0,0],[0,49,1,2,0,0,2,0,4,0,20,0,1,0,0,0,6,0,0,0,0,0,0,0,0,0,0,0],[0,31,5,6,0,0,0,1,6,0,11,0,1,0,0,0,5,0,0,0,0,0,0,0,0,0,0,0],[0,31,0,1,0,0,2,0,9,0,13,1,3,0,0,0,11,0,0,0,0,0,0,0,0,0,0,0],[0,23,4,1,0,0,7,0,9,0,5,1,2,0,0,0,4,0,0,0,0,0,0,0,0,0,0,6]]}