{"Accuracy":0.14309165526675788,"Precision":0.1328164806963389,"Recall":0.14309165526675788,"F1 Score":0.1129830824002929,"Adjusted Rand Index":0.024290919951740195,"Precision by cluster":[0.17582417582417584,0.12859383167799268,0.240625,0.09729064039408868,0.14893617021276595,0.10344827586206896,0.45213849287169044,0.14893617021276595,0.15432098765432098,0.08955223880597014,0.07074235807860262,0.19444444444444445,0.13592233009708737,0.0962566844919786,0.0,0.0,0.08295454545454546,0.0,0.0,0.0,0.0,0.0,0.0,0.0,0.0,0.0,0.0,0.4444444444444444],"Recall by cluster":[0.024883359253499222,0.3898573692551506,0.2520458265139116,0.16122448979591836,0.03153153153153153,0.04128440366972477,0.5495049504950495,0.04487179487179487,0.08038585209003216,0.0425531914893617,0.29347826086956524,0.05363984674329502,0.23333333333333334,0.07346938775510205,0.0,0.0,0.42196531791907516,0.0,0.0,0.0,0.0,0.0,0.0,0.0,0.0,0.0,0.0,0.06451612903225806],"F1 score by cluster":[0.043596730245231606,0.19339622641509435,0.24620303756994405,0.12135176651305683,0.05204460966542751,0.05901639344262295,0.4960893854748603,0.06896551724137931,0.10570824524312897,0.057692307692307696,0.11400422237860662,0.08408408408408409,0.17177914110429449,0.08333333333333333,0.0,0.0,0.13865147198480532,0.0,0.0,0.0,0.0,0.0,0.0,0.0,0.0,0.0,0.0,0.11267605633802817],"confusion_matrix":[[16,200,64,91,11,13,19,9,15,13,100,2,23,20,0,0,46,0,0,0,0,0,0,0,0,0,0,1],[6,246,21,55,8,3,13,2,16,16,123,4,25,23,0,0,70,0,0,0,0,0,0,0,0,0,0,0],[12,93,154,114,11,37,3,13,7,7,63,7,18,14,0,0,57,0,0,0,0,0,0,0,0,0,0,1],[8,139,27,79,2,7,4,2,3,14,121,6,20,8,0,0,50,0,0,0,0,0,0,0,0,0,0,0],[6,114,55,63,14,17,5,11,8,7,88,0,10,9,0,0,37,0,0,0,0,0,0,0,0,0,0,0],[6,130,27,88,13,18,0,3,4,12,74,2,12,14,0,0,33,0,0,0,0,0,0,0,0,0,0,0],[2,55,13,5,1,3,222,1,8,2,28,1,28,6,0,0,29,0,0,0,0,0,0,0,0,0,0,0],[2,40,76,51,7,12,3,14,2,13,37,6,9,0,0,0,40,0,0,0,0,0,0,0,0,0,0,0],[5,75,23,22,4,6,13,4,25,2,30,1,25,13,0,0,62,0,0,0,0,0,0,0,0,0,0,1],[7,74,20,42,3,5,3,6,4,12,48,1,9,8,0,0,40,0,0,0,0,0,0,0,0,0,0,0],[1,92,3,13,1,3,18,0,8,3,81,0,17,2,0,0,34,0,0,0,0,0,0,0,0,0,0,0],[1,61,7,15,3,2,28,2,5,3,34,14,40,11,0,0,35,0,0,0,0,0,0,0,0,0,0,0],[1,29,4,4,0,1,41,1,4,3,21,8,56,0,0,0,67,0,0,0,0,0,0,0,0,0,0,0],[2,81,12,14,0,1,28,0,11,2,43,2,12,18,0,0,18,0,0,0,0,0,0,0,0,0,0,1],[4,56,37,31,1,9,8,4,3,2,28,2,6,5,0,0,19,0,0,0,0,0,0,0,0,0,0,0],[3,65,25,35,2,11,2,5,1,3,38,2,8,3,0,0,21,0,0,0,0,0,0,0,0,0,0,0],[0,22,5,3,0,0,24,0,5,0,13,1,26,1,0,0,73,0,0,0,0,0,0,0,0,0,0,0],[2,38,9,8,1,0,8,3,1,1,23,0,5,7,0,0,13,0,0,0,0,0,0,0,0,0,0,0],[1,33,9,11,1,4,9,5,7,1,11,0,9,1,0,0,25,0,0,0,0,0,0,0,0,0,0,1],[0,40,4,8,2,2,12,0,2,2,22,1,8,1,0,0,15,0,0,0,0,0,0,0,0,0,0,0],[0,53,3,4,1,1,6,1,2,2,16,0,10,7,0,0,19,0,0,0,0,0,0,0,0,0,0,0],[3,34,3,5,0,1,5,2,5,4,17,2,17,4,0,0,26,0,0,0,0,0,0,0,0,0,0,0],[1,30,14,17,2,7,0,2,0,3,26,0,0,2,0,0,12,0,0,0,0,0,0,0,0,0,0,0],[1,24,5,6,2,0,10,1,2,1,11,6,3,7,0,0,14,0,0,0,0,0,0,0,0,0,0,0],[0,33,3,13,1,4,1,1,1,3,20,0,2,0,0,0,3,0,0,0,0,0,0,0,0,0,0,0],[1,19,10,12,2,3,0,2,1,1,8,1,3,1,0,0,2,0,0,0,0,0,0,0,0,0,0,0],[0,22,3,1,1,2,1,0,2,2,16,1,5,0,0,0,15,0,0,0,0,0,0,0,0,0,0,0],[0,15,4,2,0,2,5,0,10,0,5,2,6,2,0,0,5,0,0,0,0,0,0,0,0,0,0,4]]}