{"Accuracy":0.1582546847216523,"Precision":0.15626959637030657,"Recall":0.1582546847216523,"F1 Score":0.10451214692174203,"Adjusted Rand Index":0.027244075642151474,"Precision by cluster":[0.1076923076923077,0.13262032085561498,0.2188575361321404,0.1259259259259259,0.5,0.15789473684210525,0.5887850467289719,0.1891891891891892,0.1380952380952381,0.0,0.13978494623655913,0.06521739130434782,0.12983770287141075,0.0,0.0,0.0,0.11162790697674418,0.0,0.0,0.0,0.0,0.0,0.0,0.25,0.0,0.0,0.0,0.4],"Recall by cluster":[0.0112,0.6526315789473685,0.5162337662337663,0.2408906882591093,0.0022222222222222222,0.08588957055214724,0.15180722891566265,0.153125,0.08895705521472393,0.0,0.05019305019305019,0.012048192771084338,0.5,0.0,0.0,0.0,0.13636363636363635,0.0,0.0,0.0,0.0,0.0,0.0,0.031578947368421054,0.0,0.0,0.0,0.14492753623188406],"F1 score by cluster":[0.020289855072463767,0.22044444444444444,0.3073948767520541,0.16539263377345378,0.004424778761061947,0.11125827814569536,0.2413793103448276,0.1692573402417962,0.10820895522388059,0.0,0.07386363636363637,0.020338983050847456,0.20614469772051536,0.0,0.0,0.0,0.12276214833759591,0.0,0.0,0.0,0.0,0.0,0.0,0.056074766355140186,0.0,0.0,0.0,0.2127659574468085],"confusion_matrix":[[7,252,140,84,0,28,3,22,14,0,11,4,44,0,0,0,15,0,0,0,0,0,0,0,0,0,0,1],[3,372,31,64,1,7,2,6,6,0,11,4,45,0,0,0,16,0,0,0,0,0,0,1,0,0,0,1],[4,107,318,85,0,26,0,33,6,1,5,4,18,0,0,0,9,0,0,0,0,0,0,0,0,0,0,0],[3,220,71,119,0,18,0,14,4,0,4,1,23,0,0,0,17,0,0,0,0,0,0,0,0,0,0,0],[5,143,171,58,1,19,0,18,3,2,3,1,18,0,0,0,8,0,0,0,0,0,0,0,0,0,0,0],[9,158,109,116,0,42,0,24,2,0,5,4,12,0,0,0,8,0,0,0,0,0,0,0,0,0,0,0],[1,111,16,18,0,1,63,1,43,0,4,5,140,0,0,0,10,0,0,0,0,0,0,2,0,0,0,0],[5,43,133,30,0,19,0,49,4,0,2,2,23,0,0,0,7,0,0,0,0,0,0,2,0,0,0,1],[2,140,46,27,0,7,2,5,29,0,2,0,41,1,0,0,21,0,0,0,0,0,0,0,0,0,0,3],[1,113,49,57,0,23,0,11,1,0,1,2,24,0,0,0,5,0,0,0,0,0,0,0,0,0,0,0],[2,159,8,27,0,3,5,1,9,0,13,1,24,0,0,0,6,0,0,0,0,0,0,1,0,0,0,0],[3,105,16,14,0,2,7,4,9,0,2,3,72,0,0,0,12,0,0,0,0,0,0,0,0,0,0,0],[2,49,12,7,0,2,4,3,10,0,2,1,104,0,0,0,12,0,0,0,0,0,0,0,0,0,0,0],[1,142,18,23,0,7,3,4,7,0,2,1,39,0,0,0,5,0,0,0,0,0,0,1,0,0,0,6],[1,97,65,26,0,7,5,12,5,0,1,0,21,0,0,0,5,0,0,0,1,0,0,0,0,0,0,1],[1,61,63,49,0,13,1,15,2,0,2,0,12,0,0,0,6,0,0,0,0,0,0,0,0,0,0,0],[3,57,6,7,0,0,0,3,21,0,2,2,50,0,0,0,24,0,0,0,0,0,0,1,0,0,0,0],[0,61,20,11,0,6,5,2,6,0,3,0,8,0,0,0,2,0,0,0,0,0,0,0,0,0,0,0],[1,46,26,12,0,1,1,4,5,0,2,0,13,0,0,0,8,0,0,0,0,0,0,0,0,0,0,2],[0,71,7,11,0,5,1,2,3,0,3,1,12,0,0,0,5,0,0,0,0,0,0,0,0,0,0,0],[1,67,4,14,0,0,0,1,9,1,1,0,8,0,0,0,3,0,0,0,0,0,0,0,0,0,0,0],[2,49,17,15,0,4,1,0,1,0,4,2,17,0,0,0,2,0,0,0,0,0,0,1,0,0,0,0],[1,30,21,21,0,7,0,5,0,1,2,2,2,0,0,0,0,0,0,0,0,0,0,0,0,0,0,0],[1,29,17,10,0,5,3,3,5,0,1,6,10,0,0,0,2,0,0,0,0,0,0,3,0,0,0,0],[3,35,11,11,0,7,0,4,0,0,1,0,3,0,0,0,0,0,0,0,0,0,0,0,0,0,0,0],[2,29,34,11,0,6,0,8,1,0,1,0,2,0,0,0,0,0,0,0,0,0,0,0,0,0,0,0],[0,38,9,10,0,0,0,4,1,0,3,0,11,0,0,0,5,0,0,0,0,0,0,0,0,0,0,0],[1,21,15,8,0,1,1,1,4,0,0,0,5,0,0,0,2,0,0,0,0,0,0,0,0,0,0,10]],"epoch_accuracies":[[0.10155038759689923,0.11395348837209303,0.11568627450980393,0.12799817601459187,0.13565891472868216,0.1369813041495668,0.13725490196078433,0.13775649794801642,0.13912448700410396,0.13989968080255358,0.14304605563155495,0.14623803009575922,0.14920200638394893,0.15202918376652988,0.15636114911080712,0.15494756041951666,0.15699954400364796,0.16092111263109896,0.15786593707250343,0.16361149110807113,0.1674874601003192,0.16721386228910168,0.16552667578659372,0.16890104879160966,0.1707250341997264,0.17332421340629275,0.17104423164614682,0.17378020975832192,0.17423620611035112,0.17706338349293205],[0.09273697168649979,0.12036657092053071,0.11448502256873205,0.11667350567637806,0.0977978388729312,0.11831486800711256,0.1147585829571878,0.1209136916974422,0.10614143072083163,0.11790452742442895,0.11366434140336479,0.0808370947886746,0.09246341129804404,0.09136916974422103,0.09451511421146218,0.12857338257420325,0.12187115305703734,0.12241827383394885,0.13719053481055943,0.14334564355081383,0.12679524004924086,0.12583777868964574,0.13254000820681167,0.12474353713582273,0.16030638763507044,0.12501709752427848,0.14662836821228287,0.1441663247161811,0.13773765558747095,0.15921214608124742]]}