{"Accuracy":0.12051983584131327,"Precision":0.055060919891868454,"Recall":0.12051983584131327,"F1 Score":0.05628743935857828,"Adjusted Rand Index":0.018386847307201665,"Precision by cluster":[0.10638297872340426,0.12345679012345678,0.10222804718217562,0.05,0.0,0.0,0.2923777019340159,0.0,0.06147540983606557,0.0,0.0,0.05042016806722689,0.0784557907845579,0.0,0.0,0.0,0.0,0.0,0.0,0.0,0.0,0.0,0.0,0.0,0.0,0.0,0.0,0.0],"Recall by cluster":[0.09331259720062209,0.01584786053882726,0.7659574468085106,0.004081632653061225,0.0,0.0,0.6361386138613861,0.0,0.04823151125401929,0.0,0.0,0.022988505747126436,0.2625,0.0,0.0,0.0,0.0,0.0,0.0,0.0,0.0,0.0,0.0,0.0,0.0,0.0,0.0,0.0],"F1 score by cluster":[0.09942004971002485,0.028089887640449437,0.18038157641164002,0.007547169811320755,0.0,0.0,0.4006235385814497,0.0,0.05405405405405406,0.0,0.0,0.031578947368421054,0.12080536912751678,0.0,0.0,0.0,0.0,0.0,0.0,0.0,0.0,0.0,0.0,0.0,0.0,0.0,0.0,0.0],"confusion_matrix":[[60,11,436,4,1,0,45,0,26,0,0,10,50,0,0,0,0,0,0,0,0,0,0,0,0,0,0,0],[61,10,420,5,0,0,37,0,15,0,0,8,75,0,0,0,0,0,0,0,0,0,0,0,0,0,0,0],[29,2,468,0,0,0,13,0,37,0,0,7,55,0,0,0,0,0,0,0,0,0,0,0,0,0,0,0],[39,5,364,2,0,0,17,0,10,0,0,4,49,0,0,0,0,0,0,0,0,0,0,0,0,0,0,0],[43,1,318,6,0,1,11,0,17,0,0,6,41,0,0,0,0,0,0,0,0,0,0,0,0,0,0,0],[29,0,354,3,0,0,4,0,10,0,0,2,34,0,0,0,0,0,0,0,0,0,0,0,0,0,0,0],[13,3,99,1,0,0,257,0,5,0,0,4,22,0,0,0,0,0,0,0,0,0,0,0,0,0,0,0],[10,2,238,0,0,0,10,0,9,0,0,6,37,0,0,0,0,0,0,0,0,0,0,0,0,0,0,0],[35,7,160,0,0,0,42,0,15,0,0,5,47,0,0,0,0,0,0,0,0,0,0,0,0,0,0,0],[12,1,205,3,0,0,13,0,8,0,0,4,36,0,0,0,0,0,0,0,0,0,0,0,0,0,0,0],[39,3,162,3,0,0,36,0,3,0,0,5,25,0,0,0,0,0,0,0,0,0,0,0,0,0,0,0],[22,2,127,1,0,0,68,0,6,0,0,6,29,0,0,0,0,0,0,0,0,0,0,0,0,0,0,0],[19,4,51,1,0,0,87,0,2,0,0,13,63,0,0,0,0,0,0,0,0,0,0,0,0,0,0,0],[21,3,149,0,0,0,35,0,17,0,0,6,14,0,0,0,0,0,0,0,0,0,0,0,0,0,0,0],[19,3,154,1,0,0,13,0,11,0,0,1,13,0,0,0,0,0,0,0,0,0,0,0,0,0,0,0],[13,1,168,1,0,0,7,0,6,0,0,5,23,0,0,0,0,0,0,0,0,0,0,0,0,0,0,0],[7,4,46,0,0,0,61,0,1,0,0,7,47,0,0,0,0,0,0,0,0,0,0,0,0,0,0,0],[10,0,78,0,0,0,12,0,3,0,0,4,12,0,0,0,0,0,0,0,0,0,0,0,0,0,0,0],[13,3,62,1,0,0,21,0,8,0,0,0,20,0,0,0,0,0,0,0,0,0,0,0,0,0,0,0],[10,5,66,1,0,0,22,0,1,0,0,3,11,0,0,0,0,0,0,0,0,0,0,0,0,0,0,0],[17,5,67,1,0,0,16,0,2,0,0,1,16,0,0,0,0,0,0,0,0,0,0,0,0,0,0,0],[10,1,70,1,0,0,20,0,2,0,0,2,22,0,0,0,0,0,0,0,0,0,0,0,0,0,0,0],[6,1,92,1,0,0,0,0,7,0,0,0,9,0,0,0,0,0,0,0,0,0,0,0,0,0,0,0],[3,2,53,1,0,0,13,0,3,0,0,5,13,0,0,0,0,0,0,0,0,0,0,0,0,0,0,0],[7,0,65,0,0,0,3,0,1,0,0,0,9,0,0,0,0,0,0,0,0,0,0,0,0,0,0,0],[6,0,50,1,0,0,0,0,2,0,0,1,6,0,0,0,0,0,0,0,0,0,0,0,0,0,0,0],[6,2,33,1,0,0,6,0,3,0,0,1,19,0,0,0,0,0,0,0,0,0,0,0,0,0,0,0],[5,0,23,1,0,0,10,0,14,0,0,3,6,0,0,0,0,0,0,0,0,0,0,0,0,0,0,0]]}