{"Accuracy":0.06155950752393981,"Precision":0.09022703094136447,"Recall":0.06155950752393981,"F1 Score":0.04309884524022164,"Adjusted Rand Index":0.017168669873747336,"Precision by cluster":[0.0985663082437276,0.08560311284046693,0.15602836879432624,0.07766990291262135,0.0,0.02531645569620253,0.5714285714285714,0.0,0.048109965635738834,0.06374501992031872,0.04504504504504504,0.0784313725490196,0.11904761904761904,0.06995884773662552,0.0,0.0,0.05102040816326531,0.0,0.0,0.0,0.0,0.0,0.0,0.0,0.0,0.0,0.0,0.75],"Recall by cluster":[0.08553654743390357,0.1045958795562599,0.03600654664484452,0.04897959183673469,0.0,0.0045871559633027525,0.019801980198019802,0.0,0.09003215434083602,0.05673758865248227,0.47101449275362317,0.01532567049808429,0.020833333333333332,0.06938775510204082,0.0,0.0,0.4046242774566474,0.0,0.0,0.0,0.0,0.0,0.0,0.0,0.0,0.0,0.0,0.04838709677419355],"F1 score by cluster":[0.09159034138218151,0.09415121255349501,0.05851063829787234,0.060075093867334166,0.0,0.007766990291262136,0.03827751196172249,0.0,0.06270996640537514,0.0600375234521576,0.08222643896268185,0.02564102564102564,0.03546099290780142,0.06967213114754098,0.0,0.0,0.09061488673139159,0.0,0.0,0.0,0.0,0.0,0.0,0.0,0.0,0.0,0.0,0.09090909090909091],"confusion_matrix":[[55,55,13,35,0,9,0,0,34,21,294,4,1,31,0,0,91,0,0,0,0,0,0,0,0,0,0,0],[60,66,10,27,0,6,0,0,22,29,262,5,5,21,0,0,118,0,0,0,0,0,0,0,0,0,0,0],[45,56,22,31,0,5,0,0,10,16,321,2,0,26,2,0,75,0,0,0,0,0,0,0,0,0,0,0],[40,56,9,24,0,4,0,0,6,19,228,1,5,14,0,0,84,0,0,0,0,0,0,0,0,0,0,0],[35,50,14,21,0,1,0,1,5,12,209,2,0,23,0,0,71,0,0,0,0,0,0,0,0,0,0,0],[33,38,12,36,0,2,0,0,1,23,216,2,2,15,0,0,56,0,0,0,0,0,0,0,0,0,0,0],[13,25,3,2,0,2,8,0,216,2,69,3,2,5,0,0,54,0,0,0,0,0,0,0,0,0,0,0],[31,34,5,18,0,1,0,0,4,15,124,1,2,5,0,0,71,0,1,0,0,0,0,0,0,0,0,0],[23,37,6,13,0,3,0,0,28,4,92,5,2,14,1,0,83,0,0,0,0,0,0,0,0,0,0,0],[23,24,8,9,0,4,0,0,4,16,124,0,0,11,0,0,59,0,0,0,0,0,0,0,0,0,0,0],[12,39,2,6,0,2,1,0,27,5,130,4,2,3,0,0,43,0,0,0,0,0,0,0,0,0,0,0],[12,37,2,3,0,6,0,0,29,6,74,4,10,7,0,0,70,0,1,0,0,0,0,0,0,0,0,0],[9,36,3,6,0,0,2,0,41,12,26,1,5,0,0,0,99,0,0,0,0,0,0,0,0,0,0,0],[11,29,3,7,0,3,2,0,29,3,100,7,1,17,0,0,33,0,0,0,0,0,0,0,0,0,0,0],[25,21,3,13,0,4,0,0,9,2,89,1,1,8,0,0,39,0,0,0,0,0,0,0,0,0,0,0],[20,24,0,16,0,6,0,0,4,15,99,1,0,5,0,0,34,0,0,0,0,0,0,0,0,0,0,0],[8,12,2,0,0,0,0,0,35,17,27,0,2,0,0,0,70,0,0,0,0,0,0,0,0,0,0,0],[11,12,1,3,0,1,1,0,9,2,49,3,1,7,0,0,19,0,0,0,0,0,0,0,0,0,0,0],[12,12,3,7,0,3,0,0,20,4,40,0,0,1,0,0,25,0,0,0,0,0,0,0,0,0,0,1],[15,16,2,4,0,2,0,0,16,2,35,1,0,0,0,0,26,0,0,0,0,0,0,0,0,0,0,0],[15,17,4,2,0,2,0,0,5,6,37,1,0,7,0,0,29,0,0,0,0,0,0,0,0,0,0,0],[12,21,0,4,0,1,0,0,7,4,39,0,1,2,0,0,37,0,0,0,0,0,0,0,0,0,0,0],[11,8,5,7,0,3,0,0,1,3,58,0,0,4,0,0,15,0,1,0,0,0,0,0,0,0,0,0],[5,18,2,5,0,2,0,0,4,4,30,1,0,3,0,0,19,0,0,0,0,0,0,0,0,0,0,0],[8,9,2,5,0,1,0,0,2,6,38,0,0,2,0,0,12,0,0,0,0,0,0,0,0,0,0,0],[5,8,3,3,0,2,0,0,0,1,30,0,0,3,0,0,11,0,0,0,0,0,0,0,0,0,0,0],[7,7,1,0,0,1,0,0,3,2,29,1,0,1,0,0,19,0,0,0,0,0,0,0,0,0,0,0],[2,4,1,2,0,3,0,0,11,0,17,1,0,8,0,0,10,0,0,0,0,0,0,0,0,0,0,3]]}