{"Accuracy":0.11983584131326949,"Precision":0.06941634583844923,"Recall":0.11983584131326949,"F1 Score":0.06555266712257815,"Adjusted Rand Index":0.013629807456893791,"Precision by cluster":[0.09838998211091235,0.07407407407407407,0.09293917481922587,0.0,0.0,0.16666666666666666,0.40425531914893614,0.0,0.08536585365853659,0.0,0.0,0.08695652173913043,0.14285714285714285,0.0,0.0,0.0,0.09523809523809523,0.0,0.0,0.0,0.0,0.0,0.0,0.0,0.0,0.0,0.0,0.075],"Recall by cluster":[0.17107309486780714,0.009508716323296355,0.7152209492635024,0.0,0.0,0.009174311926605505,0.5643564356435643,0.0,0.04501607717041801,0.0,0.0,0.06896551724137931,0.21666666666666667,0.0,0.0,0.0,0.023121387283236993,0.0,0.0,0.0,0.0,0.0,0.0,0.0,0.0,0.0,0.0,0.04838709677419355],"F1 score by cluster":[0.1249290176036343,0.016853932584269662,0.1645021645021645,0.0,0.0,0.017391304347826087,0.47107438016528924,0.0,0.05894736842105263,0.0,0.0,0.07692307692307693,0.17218543046357615,0.0,0.0,0.0,0.037209302325581395,0.0,0.0,0.0,0.0,0.0,0.0,0.0,0.0,0.0,0.0,0.058823529411764705],"confusion_matrix":[[110,6,448,1,0,2,24,0,14,0,0,10,17,0,0,0,4,0,0,0,0,0,0,0,0,0,0,7],[116,6,427,0,0,1,14,0,11,0,0,14,33,0,0,0,6,0,0,0,0,0,0,0,0,0,0,3],[101,4,437,0,0,3,9,0,18,0,0,17,10,0,0,0,5,0,0,0,0,0,0,0,0,0,0,7],[75,2,371,0,0,0,10,0,5,1,0,10,15,0,0,0,0,0,0,0,0,0,0,0,0,0,0,1],[84,3,322,0,0,2,5,0,4,0,0,3,12,0,0,0,2,0,0,0,0,0,0,0,0,0,0,7],[82,2,332,0,0,4,2,0,2,0,0,6,5,0,0,0,1,0,0,0,0,0,0,0,0,0,0,0],[39,6,91,0,0,2,228,0,11,0,0,8,17,0,0,0,0,0,0,0,0,0,0,0,0,0,0,2],[32,3,251,0,0,0,6,0,5,0,0,10,4,0,0,0,0,0,0,0,0,0,0,0,0,0,0,1],[45,10,177,0,0,0,20,0,14,0,0,13,28,0,0,0,2,0,0,0,0,0,0,0,0,0,0,2],[40,2,211,0,0,0,4,1,2,0,0,7,15,0,0,0,0,0,0,0,0,0,0,0,0,0,0,0],[52,3,174,0,0,1,20,0,6,0,0,6,14,0,0,0,0,0,0,0,0,0,0,0,0,0,0,0],[41,5,126,0,0,1,31,0,5,0,0,18,31,0,0,0,2,0,0,0,0,0,0,0,0,0,0,1],[15,4,90,0,0,0,50,0,5,0,0,22,52,0,0,0,2,0,0,0,0,0,0,0,0,0,0,0],[49,0,140,0,0,1,30,0,8,0,0,7,9,0,0,0,0,0,0,0,0,0,0,0,0,0,0,1],[23,4,162,0,0,1,8,0,5,0,0,2,8,0,0,0,0,0,0,0,0,0,0,0,0,0,0,2],[36,3,166,0,0,1,3,0,1,0,0,4,9,0,0,0,0,0,0,0,0,0,0,0,0,0,0,1],[18,4,63,0,0,1,31,0,14,0,0,14,24,0,0,0,4,0,0,0,0,0,0,0,0,0,0,0],[25,0,74,0,0,1,11,0,2,0,0,1,3,0,0,0,2,0,0,0,0,0,0,0,0,0,0,0],[19,3,71,0,0,0,12,1,8,0,0,3,9,0,0,0,2,0,0,0,0,0,0,0,0,0,0,0],[12,1,78,0,0,1,14,0,3,0,0,2,8,0,0,0,0,0,0,0,0,0,0,0,0,0,0,0],[19,1,78,0,0,0,6,0,0,0,0,6,10,0,0,0,5,0,0,0,0,0,0,0,0,0,0,0],[11,6,87,0,0,0,6,0,2,0,0,4,11,0,0,0,1,0,0,0,0,0,0,0,0,0,0,0],[14,1,91,0,0,1,1,0,2,0,0,2,1,0,0,0,2,0,0,0,0,0,0,0,0,0,0,1],[15,0,51,0,0,0,11,0,2,0,0,6,7,0,0,0,1,0,0,0,0,0,0,0,0,0,0,0],[12,0,68,0,0,1,1,0,1,0,0,0,2,0,0,0,0,0,0,0,0,0,0,0,0,0,0,0],[11,0,51,0,0,0,0,0,0,0,0,2,1,0,0,0,0,0,0,0,0,0,0,0,0,0,0,1],[13,1,41,0,0,0,2,0,3,0,0,5,5,0,0,0,1,0,0,0,0,0,0,0,0,0,0,0],[9,1,24,0,0,0,5,0,11,0,0,5,4,0,0,0,0,0,0,0,0,0,0,0,0,0,0,3]]}