{"Accuracy":0.13488372093023257,"Precision":0.1327842695075955,"Recall":0.13488372093023257,"F1 Score":0.09616268867742263,"Adjusted Rand Index":0.019105357276936557,"Precision by cluster":[0.11538461538461539,0.11366202484004516,0.2827868852459016,0.12080536912751678,0.2857142857142857,0.11594202898550725,0.4585152838427948,0.15565031982942432,0.10714285714285714,0.08333333333333333,0.08333333333333333,0.18518518518518517,0.116,0.0,0.0,0.0,0.11478599221789883,0.0,0.0,0.0,0.0,0.0,0.0,0.0,0.0,0.0,0.0,0.2],"Recall by cluster":[0.004373177842565598,0.5016611295681063,0.2247557003257329,0.14090019569471623,0.004555808656036446,0.018306636155606407,0.2713178294573643,0.23934426229508196,0.17712177121771217,0.0036101083032490976,0.31297709923664124,0.01818181818181818,0.3670886075949367,0.0,0.0,0.0,0.29797979797979796,0.0,0.0,0.0,0.0,0.0,0.0,0.0,0.0,0.0,0.0,0.017241379310344827],"F1 score by cluster":[0.008426966292134831,0.18533292420988032,0.25045372050816694,0.13008130081300814,0.008968609865470852,0.03162055335968379,0.3409090909090909,0.18863049095607234,0.13351877607788595,0.006920415224913495,0.13162118780096307,0.033112582781456956,0.1762917933130699,0.0,0.0,0.0,0.16573033707865167,0.0,0.0,0.0,0.0,0.0,0.0,0.0,0.0,0.0,0.0,0.031746031746031744],"confusion_matrix":[[3,282,54,74,0,10,10,55,31,1,90,1,46,0,0,0,25,0,0,0,0,2,0,2,0,0,0,0],[1,302,9,33,0,2,4,5,40,0,117,2,45,0,0,0,42,0,0,0,0,0,0,0,0,0,0,0],[3,161,138,74,2,10,0,110,14,1,44,2,20,3,0,0,29,0,0,0,0,1,0,0,0,0,2,0],[0,224,13,72,0,4,1,17,18,0,91,3,30,0,0,0,36,0,0,0,0,1,0,1,0,0,0,0],[3,153,57,44,2,4,2,49,24,2,52,2,14,0,0,0,28,0,0,0,0,3,0,0,0,0,0,0],[2,206,19,61,0,8,2,20,16,1,67,2,16,0,0,0,15,0,0,0,0,1,0,1,0,0,0,0],[1,60,6,7,0,0,105,2,18,0,27,1,131,0,0,0,28,0,0,0,0,1,0,0,0,0,0,0],[3,77,42,34,0,4,0,73,13,2,22,0,23,1,0,0,11,0,0,0,0,0,0,0,0,0,0,0],[2,66,32,9,0,3,1,17,48,0,29,0,23,1,0,0,36,0,0,0,0,0,0,1,0,0,0,3],[0,133,17,22,0,4,0,22,10,1,22,1,19,0,0,0,25,0,0,0,0,0,0,1,0,0,0,0],[0,97,2,12,1,1,16,3,16,0,82,0,21,0,0,0,11,0,0,0,0,0,0,0,0,0,0,0],[1,96,2,13,1,2,20,0,19,0,28,5,61,1,0,0,25,0,0,0,0,0,0,1,0,0,0,0],[0,49,1,3,0,0,13,2,19,0,20,1,87,0,0,0,42,0,0,0,0,0,0,0,0,0,0,0],[3,92,5,12,0,0,15,2,20,0,46,1,32,0,0,0,11,0,0,0,0,0,0,0,0,0,0,1],[1,92,30,16,0,3,8,16,14,0,23,0,13,1,0,0,8,0,0,0,0,0,0,2,0,0,0,0],[0,84,15,24,0,4,0,30,9,1,20,0,15,2,0,0,10,0,0,0,0,0,0,0,0,0,0,0],[0,36,1,3,0,0,7,0,30,0,18,0,44,0,0,0,59,0,0,0,0,0,0,0,0,0,0,0],[0,55,14,6,0,0,4,1,5,0,27,0,11,0,0,0,4,0,0,0,0,0,0,0,0,0,0,0],[1,29,6,9,0,2,1,8,21,0,12,1,11,0,0,0,19,0,0,0,0,0,0,0,0,0,0,0],[0,48,0,5,0,0,4,2,16,0,32,0,20,0,0,0,9,0,0,0,0,0,0,0,0,0,0,0],[0,63,0,11,0,1,2,3,9,0,16,0,9,0,0,0,7,0,0,0,0,0,0,0,0,0,0,0],[0,51,0,5,0,1,4,1,10,0,25,0,11,0,0,0,8,0,0,0,0,0,0,0,0,0,0,0],[0,42,5,9,1,2,0,12,2,1,11,1,2,0,0,0,5,0,0,0,0,0,0,0,0,0,0,0],[0,29,2,6,0,1,6,0,5,0,5,2,17,0,0,0,8,0,0,0,0,0,0,0,0,0,0,0],[0,44,4,13,0,2,0,2,3,1,14,0,9,0,0,0,2,0,0,0,0,0,0,0,0,0,0,0],[1,35,10,16,0,1,1,13,0,0,11,1,6,0,0,0,1,0,0,0,0,0,0,0,0,0,0,0],[1,33,0,1,0,0,0,2,6,1,24,0,10,0,0,0,8,0,0,0,0,0,0,0,0,0,0,0],[0,18,4,2,0,0,3,2,12,0,9,1,4,0,0,0,2,0,0,0,0,0,0,0,0,0,0,1]],"epoch_accuracies":[[0.10934293921845789,0.13474077789430486,0.14472664265195387,0.14983356892070585,0.15243262961105286,0.15712917787606584,0.16164333591719485,0.16191692125302085,0.16273767726049884,0.16615749395832383,0.16602070129041083,0.16392321371574484,0.16839177420090284,0.16779900597327982,0.17226756645843783,0.17276913957411882,0.17272354201814782,0.16957731065614884,0.17240435912635083,0.17340750535771282,0.17400027358533582,0.17760248050704483,0.17582417582417584,0.17951757785782682,0.17892480963020382,0.17472983448087182,0.1813870776526378,0.1831653823355068,0.17728329761524783,0.1813870776526378],[0.1372093023255814,0.12448700410396717,0.07770177838577291,0.1326949384404925,0.10369357045143639,0.13980848153214775,0.13296853625170998,0.1357045143638851,0.12051983584131327,0.12393980848153215,0.1131326949384405,0.1332421340629275,0.13337893296853626,0.14281805745554035,0.13023255813953488,0.13091655266757865,0.12051983584131327,0.14432284541723667,0.15253077975376197,0.13775649794801642,0.14459644322845416,0.16073871409028728,0.13406292749658003,0.1476060191518468,0.13091655266757865,0.15321477428180574,0.14555403556771546,0.126812585499316,0.1518467852257182,0.13611491108071136]]}