{"Accuracy":0.10082079343365254,"Precision":0.05954011496148267,"Recall":0.10082079343365254,"F1 Score":0.04415043608088127,"Adjusted Rand Index":0.011966098277425646,"Precision by cluster":[0.05263157894736842,0.0,0.0936677775828802,0.0,0.023809523809523808,0.0,0.5470588235294118,0.0,0.06493506493506493,0.0,0.06201550387596899,0.07709497206703911,0.10638297872340426,0.0,0.0,0.0,0.12,0.0,0.0,0.0,0.0,0.0,0.0,0.0,0.0,0.0,0.0,0.14285714285714285],"Recall by cluster":[0.003110419906687403,0.0,0.8739770867430442,0.0,0.0022522522522522522,0.0,0.2301980198019802,0.0,0.03215434083601286,0.0,0.028985507246376812,0.26436781609195403,0.0625,0.0,0.0,0.0,0.017341040462427744,0.0,0.0,0.0,0.0,0.0,0.0,0.0,0.0,0.0,0.0,0.03225806451612903],"F1 score by cluster":[0.005873715124816446,0.0,0.16920152091254753,0.0,0.00411522633744856,0.0,0.3240418118466899,0.0,0.043010752688172046,0.0,0.03950617283950617,0.11937716262975778,0.07874015748031496,0.0,0.0,0.0,0.030303030303030304,0.0,0.0,0.0,0.0,0.0,0.0,0.0,0.0,0.0,0.0,0.05263157894736842],"confusion_matrix":[[2,0,538,0,6,0,5,0,21,0,6,58,6,0,0,0,1,0,0,0,0,0,0,0,0,0,0,0],[3,0,541,0,3,0,3,0,7,0,2,56,14,0,0,0,2,0,0,0,0,0,0,0,0,0,0,0],[2,0,534,0,6,0,0,0,22,0,2,37,5,0,0,0,1,0,0,0,0,0,0,0,0,0,0,2],[0,0,441,0,0,0,0,0,5,0,0,37,4,0,0,0,2,0,0,0,0,0,0,0,0,0,0,1],[1,0,402,0,1,0,1,0,11,0,2,21,3,0,0,0,1,0,0,0,0,0,0,0,0,0,0,1],[3,0,405,0,3,0,0,0,4,0,0,17,3,0,0,0,1,0,0,0,0,0,0,0,0,0,0,0],[5,0,125,0,1,0,93,0,5,0,63,101,11,0,0,0,0,0,0,0,0,0,0,0,0,0,0,0],[3,0,274,0,2,0,1,0,5,0,0,22,4,0,0,0,0,0,0,0,0,0,0,0,0,0,0,1],[1,0,221,0,0,0,1,0,10,0,3,55,14,0,0,0,4,0,0,0,0,0,0,0,0,0,0,2],[0,0,241,0,6,0,0,0,3,0,0,27,4,0,0,0,1,0,0,0,0,0,0,0,0,0,0,0],[4,0,219,0,2,0,6,0,4,0,8,27,5,0,0,0,1,0,0,0,0,0,0,0,0,0,0,0],[3,0,165,0,1,0,9,0,4,0,2,69,6,0,0,0,1,0,0,0,0,0,0,0,0,0,0,1],[0,0,96,0,0,0,14,0,1,0,7,105,15,0,0,0,2,0,0,0,0,0,0,0,0,0,0,0],[0,0,184,0,1,0,11,0,9,0,6,30,1,0,0,0,1,0,0,0,0,0,0,0,0,0,0,2],[1,0,185,0,1,0,2,0,5,0,2,15,2,0,0,0,1,0,0,0,0,0,0,0,0,0,0,1],[0,0,204,0,0,0,0,0,2,0,0,16,2,0,0,0,0,0,0,0,0,0,0,0,0,0,0,0],[5,0,75,0,0,0,5,0,0,0,8,65,12,0,0,0,3,0,0,0,0,0,0,0,0,0,0,0],[0,0,96,0,0,0,2,0,4,0,3,13,1,0,0,0,0,0,0,0,0,0,0,0,0,0,0,0],[3,0,89,0,0,0,3,0,6,0,4,16,5,0,0,0,1,0,0,0,0,0,0,0,0,0,0,1],[0,0,87,0,0,0,4,0,1,0,4,19,4,0,0,0,0,0,0,0,0,0,0,0,0,0,0,0],[1,0,93,0,2,0,3,0,0,0,1,21,3,0,0,0,1,0,0,0,0,0,0,0,0,0,0,0],[1,0,94,0,2,0,2,0,3,0,2,16,8,0,0,0,0,0,0,0,0,0,0,0,0,0,0,0],[0,0,105,0,2,0,0,0,4,0,0,3,1,1,0,0,0,0,0,0,0,0,0,0,0,0,0,0],[0,0,65,0,0,0,4,0,2,0,1,18,3,0,0,0,0,0,0,0,0,0,0,0,0,0,0,0],[0,0,77,0,0,0,0,0,2,0,1,4,1,0,0,0,0,0,0,0,0,0,0,0,0,0,0,0],[0,0,60,0,1,0,0,0,1,0,0,3,1,0,0,0,0,0,0,0,0,0,0,0,0,0,0,0],[0,0,55,0,2,0,0,0,1,0,0,11,2,0,0,0,0,0,0,0,0,0,0,0,0,0,0,0],[0,0,30,0,0,0,1,0,12,0,2,13,1,0,0,0,1,0,0,0,0,0,0,0,0,0,0,2]]}