{"Accuracy":0.11532147742818058,"Precision":0.06686405540400975,"Recall":0.11532147742818058,"F1 Score":0.05023701619397039,"Adjusted Rand Index":0.013017152126630748,"Precision by cluster":[0.125,0.18181818181818182,0.09200418994413408,0.0,0.0,0.0,0.380718954248366,0.0,0.07317073170731707,0.0,0.0,0.0880952380952381,0.09333333333333334,0.0,0.0,0.0,0.0,0.0,0.0,0.0,0.0,0.0,0.0,0.0,0.0,0.0,0.0,0.25],"Recall by cluster":[0.003110419906687403,0.003169572107765452,0.8625204582651391,0.0,0.0,0.0,0.5767326732673267,0.0,0.03858520900321544,0.0,0.0,0.1417624521072797,0.11666666666666667,0.0,0.0,0.0,0.0,0.0,0.0,0.0,0.0,0.0,0.0,0.0,0.0,0.0,0.0,0.03225806451612903],"F1 score by cluster":[0.006069802731411229,0.006230529595015576,0.1662722826944313,0.0,0.0,0.0,0.45866141732283466,0.0,0.05052631578947368,0.0,0.0,0.10866372980910426,0.1037037037037037,0.0,0.0,0.0,0.0,0.0,0.0,0.0,0.0,0.0,0.0,0.0,0.0,0.0,0.0,0.05714285714285714],"confusion_matrix":[[2,0,546,0,0,0,32,0,18,0,0,22,18,5,0,0,0,0,0,0,0,0,0,0,0,0,0,0],[0,2,535,0,0,0,21,0,9,0,0,27,32,5,0,0,0,0,0,0,0,0,0,0,0,0,0,0],[1,0,527,0,0,0,8,0,25,0,0,25,11,12,0,0,1,0,0,0,0,0,0,0,0,0,0,1],[2,1,437,0,0,0,6,0,6,0,0,28,8,2,0,0,0,0,0,0,0,0,0,0,0,0,0,0],[0,0,407,0,0,0,6,0,9,0,0,6,11,3,0,0,0,0,0,0,0,0,0,0,0,0,0,2],[1,0,407,0,0,0,1,0,5,0,0,11,9,2,0,0,0,0,0,0,0,0,0,0,0,0,0,0],[0,1,129,0,0,0,233,0,4,0,0,19,15,3,0,0,0,0,0,0,0,0,0,0,0,0,0,0],[2,0,277,0,0,0,6,0,6,0,0,12,7,1,0,0,0,0,0,0,0,0,0,0,0,0,0,1],[3,1,216,0,0,0,25,0,12,0,0,28,24,1,0,0,0,0,0,0,0,0,0,0,0,0,0,1],[0,0,243,0,0,0,4,0,7,0,0,17,9,2,0,0,0,0,0,0,0,0,0,0,0,0,0,0],[1,0,223,0,0,0,24,0,1,0,0,12,13,2,0,0,0,0,0,0,0,0,0,0,0,0,0,0],[0,1,167,0,0,0,33,0,6,0,0,37,16,1,0,0,0,0,0,0,0,0,0,0,0,0,0,0],[0,1,102,0,0,0,59,0,1,0,0,49,28,0,0,0,0,0,0,0,0,0,0,0,0,0,0,0],[0,0,189,0,0,0,30,0,10,0,0,14,2,0,0,0,0,0,0,0,0,0,0,0,0,0,0,0],[0,1,187,0,0,0,9,0,6,0,0,9,2,0,0,0,0,0,0,0,0,0,0,0,0,0,0,1],[0,0,201,0,0,0,3,0,2,0,0,8,9,1,0,0,0,0,0,0,0,0,0,0,0,0,0,0],[0,1,82,0,0,0,37,0,1,0,0,26,26,0,0,0,0,0,0,0,0,0,0,0,0,0,0,0],[0,0,95,0,0,0,11,0,4,0,0,7,2,0,0,0,0,0,0,0,0,0,0,0,0,0,0,0],[0,1,86,0,0,0,14,0,7,0,0,7,12,1,0,0,0,0,0,0,0,0,0,0,0,0,0,0],[0,0,87,0,0,0,15,0,1,0,0,8,7,1,0,0,0,0,0,0,0,0,0,0,0,0,0,0],[0,0,97,0,0,0,8,0,0,0,0,11,7,1,0,0,1,0,0,0,0,0,0,0,0,0,0,0],[0,1,99,0,0,0,8,0,2,0,0,6,12,0,0,0,0,0,0,0,0,0,0,0,0,0,0,0],[1,0,107,0,0,0,0,0,4,0,0,2,2,0,0,0,0,0,0,0,0,0,0,0,0,0,0,0],[0,0,66,0,0,0,10,0,2,0,0,10,5,0,0,0,0,0,0,0,0,0,0,0,0,0,0,0],[0,0,78,0,0,0,2,0,0,0,0,2,1,2,0,0,0,0,0,0,0,0,0,0,0,0,0,0],[2,0,57,0,0,0,0,0,2,0,0,3,1,1,0,0,0,0,0,0,0,0,0,0,0,0,0,0],[1,0,52,0,0,0,2,0,2,0,0,7,6,1,0,0,0,0,0,0,0,0,0,0,0,0,0,0],[0,0,29,0,0,0,5,0,12,0,0,7,5,2,0,0,0,0,0,0,0,0,0,0,0,0,0,2]]}