{"Accuracy":0.12024623803009576,"Precision":0.04801557253731134,"Recall":0.12024623803009576,"F1 Score":0.05441923090651155,"Adjusted Rand Index":0.014777195644814533,"Precision by cluster":[0.08411214953271028,0.0,0.09831307817884999,0.0,0.0,0.0,0.35244755244755244,0.0,0.05333333333333334,0.0,0.0,0.08125,0.16091954022988506,0.05084745762711865,0.0,0.0,0.0,0.0,0.0,0.0,0.0,0.0,0.0,0.0,0.0,0.0,0.0,0.0],"Recall by cluster":[0.04141104294478527,0.0,0.8548895899053628,0.0,0.0,0.0,0.6072289156626506,0.0,0.04225352112676056,0.0,0.0,0.10743801652892562,0.05714285714285714,0.022900763358778626,0.0,0.0,0.0,0.0,0.0,0.0,0.0,0.0,0.0,0.0,0.0,0.0,0.0,0.0],"F1 score by cluster":[0.05549845837615622,0.0,0.17634618513095818,0.0,0.0,0.0,0.44601769911504424,0.0,0.047151277013752456,0.0,0.0,0.09252669039145907,0.08433734939759036,0.031578947368421054,0.0,0.0,0.0,0.0,0.0,0.0,0.0,0.0,0.0,0.0,0.0,0.0,0.0,0.0],"confusion_matrix":[[27,0,545,0,0,0,30,0,18,0,0,19,6,6,0,0,0,0,0,0,0,0,0,0,0,0,0,1],[24,0,520,0,0,0,32,0,8,0,0,22,4,10,0,0,0,0,0,0,0,0,0,0,0,0,0,0],[29,0,542,0,0,0,5,0,35,0,0,14,4,5,0,0,0,0,0,0,0,0,0,0,0,0,0,0],[19,0,426,0,0,0,7,0,11,0,0,19,0,6,0,0,0,0,0,0,0,0,0,0,0,0,0,2],[20,0,376,0,0,0,5,0,25,0,0,17,0,5,0,0,0,0,0,0,0,0,0,0,0,0,0,3],[16,0,399,0,0,0,6,0,11,0,0,8,4,9,0,0,0,0,0,0,0,0,0,0,0,0,0,0],[9,0,119,0,0,0,252,0,5,0,0,12,5,13,0,0,0,0,0,0,0,0,0,0,0,0,0,0],[21,0,268,0,0,0,7,0,9,0,0,12,4,3,0,0,0,0,0,0,0,0,0,0,0,0,0,1],[14,0,188,0,0,0,44,0,12,0,0,15,3,8,0,0,0,0,0,0,0,0,0,0,0,0,0,0],[11,0,235,0,0,0,10,0,5,0,0,14,4,5,0,0,0,0,0,0,0,0,0,0,0,0,0,1],[13,0,209,0,0,0,22,0,6,0,0,7,4,3,0,0,0,0,0,0,0,0,0,0,0,0,0,0],[20,0,142,0,0,0,38,0,5,0,0,26,3,7,0,0,0,0,0,0,0,0,0,0,0,0,0,1],[22,0,79,0,0,0,82,0,0,0,0,36,14,12,0,0,0,0,0,0,0,0,0,0,0,0,0,0],[9,0,198,0,0,0,30,0,13,0,0,5,1,6,0,0,0,0,0,0,0,0,0,0,0,0,0,0],[6,0,162,0,0,0,16,0,10,0,0,9,4,3,0,0,0,0,0,0,0,0,0,0,0,0,0,1],[10,0,177,0,0,0,7,0,5,0,0,5,1,2,0,0,0,0,0,0,0,0,0,0,0,0,0,1],[13,0,92,0,0,0,41,0,3,0,0,26,10,4,0,0,0,0,0,0,0,0,0,0,0,0,0,0],[4,0,95,0,0,0,11,0,5,0,0,2,0,0,0,0,0,0,0,0,0,0,0,0,0,0,0,0],[5,0,94,0,0,0,14,0,7,0,0,8,2,1,0,0,0,0,0,0,0,0,0,0,0,0,0,0],[2,0,91,0,0,0,13,0,1,0,0,11,2,1,0,0,0,0,0,0,0,0,0,0,0,0,0,0],[1,0,91,0,0,0,12,0,2,0,0,4,3,3,0,0,0,0,0,0,0,0,0,0,0,0,0,0],[8,0,82,0,0,0,8,0,2,0,0,9,4,0,0,0,0,0,0,0,0,0,0,0,0,0,0,0],[2,0,95,0,0,0,1,0,6,0,0,1,1,1,0,0,0,0,0,0,0,0,0,0,0,0,0,0],[5,0,49,0,0,0,12,0,2,0,0,8,3,0,0,0,0,0,0,0,0,0,0,0,0,0,0,0],[1,0,65,0,0,0,1,0,4,0,0,2,1,0,0,0,0,0,0,0,0,0,0,0,0,0,0,0],[3,0,78,0,0,0,0,0,2,0,0,1,0,3,0,0,0,0,0,0,0,0,0,0,0,0,0,0],[3,0,60,0,0,0,4,0,3,0,0,6,0,0,0,0,0,0,0,0,0,0,0,0,0,0,0,0],[4,0,36,0,0,0,5,0,10,0,0,2,0,2,0,0,0,0,0,0,0,0,0,0,0,0,0,0]]}