{"Accuracy":0.16358911229653947,"Precision":0.065853547993891,"Recall":0.16358911229653947,"F1 Score":0.08797656398934678,"Adjusted Rand Index":0.03155576114316235,"Precision by cluster":[0.09276018099547512,0.153023598820059,0.15244444444444444,0.08888888888888889,0.0,0.0,0.39603960396039606,0.0,0.0,0.0,0.0,0.0,0.16176470588235295,0.0,0.0,0.0,0.0,0.0,0.0,0.0,0.0,0.0,0.0,0.0,0.0,0.0,0.0,0.0],"Recall by cluster":[0.1342062193126023,0.6374807987711214,0.6247723132969034,0.06047516198704104,0.0,0.0,0.6,0.0,0.0,0.0,0.0,0.0,0.33976833976833976,0.0,0.0,0.0,0.0,0.0,0.0,0.0,0.0,0.0,0.0,0.0,0.0,0.0,0.0,0.0],"F1 score by cluster":[0.1096989966555184,0.24680344930121914,0.2450875312611647,0.07197943444730077,0.0,0.0,0.47713717693836977,0.0,0.0,0.0,0.0,0.0,0.2191780821917808,0.0,0.0,0.0,0.0,0.0,0.0,0.0,0.0,0.0,0.0,0.0,0.0,0.0,0.0,0.0],"confusion_matrix":[[82,210,234,33,0,0,19,0,0,0,0,0,33,0,0,0,0,0,0,0,0,0,0,0,0,0,0,0],[65,415,79,26,0,0,22,0,0,0,0,0,44,0,0,0,0,0,0,0,0,0,0,0,0,0,0,0],[67,102,343,18,0,0,5,0,0,0,0,0,14,0,0,0,0,0,0,0,0,0,0,0,0,0,0,0],[82,185,143,28,0,0,3,0,0,0,0,0,22,0,0,0,0,0,0,0,0,0,0,0,0,0,0,0],[64,121,244,26,0,0,7,0,0,0,0,0,12,0,0,0,0,0,0,0,0,0,0,0,0,0,0,0],[94,168,189,18,0,0,3,0,0,0,0,0,6,0,0,0,0,0,0,0,0,0,0,0,0,0,0,0],[25,76,20,10,0,0,240,0,0,0,0,0,29,0,0,0,0,0,0,0,0,0,0,0,0,0,0,0],[37,42,202,10,0,0,3,0,0,0,0,0,14,0,0,0,0,0,0,0,0,0,0,0,0,0,0,0],[30,122,92,8,0,0,31,0,0,0,0,0,31,0,0,0,0,0,0,0,0,0,0,0,0,0,0,0],[30,139,100,23,0,0,4,0,0,0,0,0,21,0,0,0,0,0,0,0,0,0,0,0,0,0,0,0],[25,167,26,15,0,0,21,0,0,0,0,0,17,0,0,0,0,0,0,0,0,0,0,0,0,0,0,0],[36,93,41,9,0,0,42,0,0,0,0,0,36,0,0,0,0,0,0,0,0,0,0,0,0,0,0,0],[15,77,16,11,0,0,52,0,0,0,0,0,88,0,0,0,0,0,0,0,0,0,0,0,0,0,0,0],[36,109,46,8,0,0,25,0,0,0,0,0,23,0,0,0,0,0,0,0,0,0,0,0,0,0,0,0],[30,80,75,9,0,0,16,0,0,0,0,0,16,0,0,0,0,0,0,0,0,0,0,0,0,0,0,0],[24,67,75,11,0,0,7,0,0,0,0,0,4,0,0,0,0,0,0,0,0,0,0,0,0,0,0,0],[10,61,15,6,0,0,39,0,0,0,0,0,46,0,0,0,0,0,0,0,0,0,0,0,0,0,0,0],[18,56,38,5,0,0,13,0,0,0,0,0,12,0,0,0,0,0,0,0,0,0,0,0,0,0,0,0],[15,44,36,4,0,0,8,0,0,0,0,0,11,0,0,0,0,0,0,0,0,0,0,0,0,0,0,0],[7,66,12,4,0,0,12,0,0,0,0,0,10,0,0,0,0,0,0,0,0,0,0,0,0,0,0,0],[15,76,14,4,0,0,14,0,0,0,0,0,10,0,0,0,0,0,0,0,0,0,0,0,0,0,0,0],[16,47,26,2,0,0,6,0,0,0,0,0,14,0,0,0,0,0,0,0,0,0,0,0,0,0,0,0],[17,32,43,6,0,0,0,0,0,0,0,0,1,0,0,0,0,0,0,0,0,0,0,0,0,0,0,0],[12,33,31,3,0,0,8,0,0,0,0,0,6,0,0,0,0,0,0,0,0,0,0,0,0,0,0,0],[13,39,24,8,0,0,1,0,0,0,0,0,3,0,0,0,0,0,0,0,0,0,0,0,0,0,0,0],[12,17,52,3,0,0,0,0,0,0,0,0,4,0,0,0,0,0,0,0,0,0,0,0,0,0,0,0],[5,43,7,7,0,0,2,0,0,0,0,0,14,0,0,0,0,0,0,0,0,0,0,0,0,0,0,0],[2,25,27,0,0,0,3,0,0,0,0,0,3,0,0,0,0,0,0,0,0,0,0,0,0,0,0,0]],"epoch_accuracies":[[0.0846329229366165,0.10241678066575467,0.11135430916552667,0.1121295029639763,0.11340629274965801,0.11495668034655723,0.11728226174190606,0.1203374373005016,0.12389420884632923,0.12444140446876426,0.12735978112175103,0.1305061559507524,0.13137254901960785,0.13433652530779755,0.13242134062927496,0.13666210670314638,0.13565891472868216,0.14012767897856818,0.14053807569539445,0.1436388508891929,0.14400364797081625,0.14477884176926584,0.14578203374373006,0.14997720018239855,0.14660282717738257,0.14883720930232558,0.150843593251254,0.1535795713634291,0.14947560419516645,0.14933880528955767],[0.1170838462590617,0.12652167966078512,0.13021474490493776,0.12843660237997537,0.1401996990835727,0.1261113390781015,0.14088360005471207,0.14197784160853508,0.1423881821912187,0.14389276432772535,0.14225140199699082,0.148680071125701,0.14963753248529613,0.14717548898919436,0.15141567501025852,0.1430720831623581,0.14512378607577622,0.15401449870058814,0.15579264122555053,0.1560662016140063,0.15442483928327178,0.16153740938312133,0.16044316782929832,0.15688688277937354,0.1594857064697032,0.15237313636985364,0.15907536588701957,0.16304199151962795,0.1593489262754753,0.16331555190808372]]}