{"Accuracy":0.14746922024623804,"Precision":0.12601429557635518,"Recall":0.14746922024623804,"F1 Score":0.11896085980835704,"Adjusted Rand Index":0.027650493030728585,"Precision by cluster":[0.1102803738317757,0.13283884018880648,0.1953059513830679,0.10096670247046187,0.13513513513513514,0.1262135922330097,0.4928571428571429,0.12096774193548387,0.1,0.07079646017699115,0.11671087533156499,0.25,0.14859437751004015,0.08333333333333333,0.0,0.0,0.07650765076507651,0.0,0.0,0.0,0.0,0.0,0.0,0.0,0.0,0.0,0.0,0.45],"Recall by cluster":[0.09175738724727839,0.312202852614897,0.381342062193126,0.19183673469387755,0.02252252252252252,0.02981651376146789,0.5123762376237624,0.04807692307692308,0.0932475884244373,0.028368794326241134,0.15942028985507245,0.0842911877394636,0.15416666666666667,0.0653061224489796,0.0,0.0,0.4913294797687861,0.0,0.0,0.0,0.0,0.0,0.0,0.0,0.0,0.0,0.0,0.14516129032258066],"F1 score by cluster":[0.100169779286927,0.18637653736991486,0.2583148558758315,0.13230119634060522,0.03861003861003861,0.04823747680890538,0.5024271844660194,0.06880733944954129,0.09650582362728785,0.04050632911392405,0.13476263399693722,0.12607449856733524,0.15132924335378323,0.07322654462242563,0.0,0.0,0.13239875389408098,0.0,0.0,0.0,0.0,0.0,0.0,0.0,0.0,0.0,0.0,0.21951219512195122],"confusion_matrix":[[59,139,120,78,9,16,15,11,29,13,36,3,11,25,0,0,78,0,0,1,0,0,0,0,0,0,0,0],[41,197,49,81,2,1,11,5,41,11,43,7,20,22,0,0,100,0,0,0,0,0,0,0,0,0,0,0],[45,86,233,98,8,13,2,16,15,4,16,3,12,16,0,0,42,0,0,0,0,0,0,1,0,0,0,1],[63,110,55,94,3,4,3,3,12,15,37,5,8,11,0,0,67,0,0,0,0,0,0,0,0,0,0,0],[34,103,110,72,10,6,1,14,10,6,16,1,6,12,0,0,42,0,1,0,0,0,0,0,0,0,0,0],[37,106,89,89,0,13,0,7,11,12,21,1,3,12,0,0,35,0,0,0,0,0,0,0,0,0,0,0],[14,35,20,11,1,1,207,0,12,2,14,5,22,5,0,0,54,0,1,0,0,0,0,0,0,0,0,0],[31,27,131,37,4,8,1,15,5,6,7,4,3,0,0,0,33,0,0,0,0,0,0,0,0,0,0,0],[20,49,39,22,4,6,10,4,29,2,14,0,20,11,1,0,76,0,0,0,0,0,0,0,0,0,0,4],[27,53,47,49,2,5,2,8,8,8,15,2,7,6,0,0,43,0,0,0,0,0,0,0,0,0,0,0],[16,81,8,31,0,2,18,1,13,5,44,2,8,3,0,0,44,0,0,0,0,0,0,0,0,0,0,0],[9,53,21,19,3,3,21,3,10,4,12,22,19,9,0,0,52,0,0,0,0,0,0,1,0,0,0,0],[6,25,14,12,1,0,29,4,5,2,3,13,37,1,0,0,88,0,0,0,0,0,0,0,0,0,0,0],[14,69,21,21,1,2,24,1,17,0,19,2,9,16,0,0,26,0,0,0,0,0,0,0,0,0,0,3],[11,43,48,40,5,2,6,3,7,1,11,2,4,5,0,0,26,0,0,0,0,0,0,0,0,0,0,1],[19,49,59,38,7,4,2,4,2,3,9,0,5,4,0,0,19,0,0,0,0,0,0,0,0,0,0,0],[12,10,9,6,1,0,19,1,10,0,3,1,15,1,0,0,85,0,0,0,0,0,0,0,0,0,0,0],[11,29,18,11,1,2,8,1,5,0,7,1,1,6,1,0,17,0,0,0,0,0,0,0,0,0,0,0],[2,21,17,13,3,2,8,4,9,2,2,0,5,3,0,0,35,0,0,0,0,0,0,0,0,0,0,2],[12,25,5,13,1,2,10,5,6,3,7,2,7,0,0,0,21,0,0,0,0,0,0,0,0,0,0,0],[4,40,4,10,0,0,4,1,7,2,13,2,7,7,0,0,24,0,0,0,0,0,0,0,0,0,0,0],[11,26,7,18,1,1,4,2,7,4,4,3,8,2,0,0,30,0,0,0,0,0,0,0,0,0,0,0],[15,24,24,19,2,5,0,3,1,3,3,0,1,2,0,0,14,0,0,0,0,0,0,0,0,0,0,0],[5,20,9,11,2,1,7,2,3,0,2,6,5,4,0,0,16,0,0,0,0,0,0,0,0,0,0,0],[8,24,5,15,2,2,1,4,5,5,5,0,0,1,0,0,8,0,0,0,0,0,0,0,0,0,0,0],[4,14,21,11,1,2,0,2,2,0,3,0,0,4,0,0,2,0,0,0,0,0,0,0,0,0,0,0],[4,12,5,7,0,0,1,0,4,0,9,0,4,1,0,0,24,0,0,0,0,0,0,0,0,0,0,0],[1,13,5,5,0,0,6,0,5,0,2,1,2,3,0,0,10,0,0,0,0,0,0,0,0,0,0,9]]}