{"Accuracy":0.11367989056087552,"Precision":0.07025820641088883,"Recall":0.11367989056087552,"F1 Score":0.05576082175651532,"Adjusted Rand Index":0.011286999896691728,"Precision by cluster":[0.08762886597938144,0.13636363636363635,0.08726591760299625,0.0625,0.0,0.14814814814814814,0.38593481989708406,0.0,0.02197802197802198,0.0,0.0,0.07692307692307693,0.17938144329896907,0.0,0.0,0.0,0.0,0.0,0.0,0.0,0.0,0.0,0.0,0.0,0.0,0.0,0.0,0.021791767554479417],"Recall by cluster":[0.026604068857589983,0.02903225806451613,0.8321428571428572,0.003929273084479371,0.0,0.009779951100244499,0.5501222493887531,0.0,0.006493506493506494,0.0,0.0,0.0036900369003690036,0.3466135458167331,0.0,0.0,0.0,0.0,0.0,0.0,0.0,0.0,0.0,0.0,0.0,0.0,0.0,0.0,0.15254237288135594],"F1 score by cluster":[0.04081632653061224,0.047872340425531915,0.15796610169491526,0.0073937153419593345,0.0,0.01834862385321101,0.4536290322580645,0.0,0.010025062656641603,0.0,0.0,0.007042253521126761,0.23641304347826086,0.0,0.0,0.0,0.0,0.0,0.0,0.0,0.0,0.0,0.0,0.0,0.0,0.0,0.0,0.038135593220338986],"confusion_matrix":[[17,18,508,2,0,3,26,0,7,0,0,1,18,0,0,0,0,0,0,0,0,0,0,0,0,0,0,39],[27,18,465,3,0,3,17,0,14,0,0,0,45,0,0,0,0,0,0,0,0,0,0,0,0,0,0,28],[7,2,466,2,0,0,2,0,11,0,0,0,15,0,0,0,0,0,0,0,0,0,0,0,0,0,0,55],[11,4,435,2,0,1,4,0,10,0,0,0,15,0,0,0,0,0,0,0,0,0,0,0,0,0,0,27],[8,12,329,1,0,1,6,0,10,0,0,1,15,0,0,0,0,0,0,0,0,0,0,0,0,0,0,34],[13,4,355,3,0,4,3,0,3,0,0,0,8,0,0,0,0,0,0,0,0,0,0,0,0,0,0,16],[6,4,130,0,0,0,225,0,2,0,0,3,36,0,0,0,0,0,0,0,0,0,0,0,0,0,0,3],[3,3,283,1,0,2,5,0,1,0,0,0,21,0,0,0,0,0,0,0,0,0,0,0,0,0,0,16],[13,14,196,1,0,1,30,0,2,0,0,3,25,0,0,0,0,0,0,0,0,0,0,0,0,0,0,23],[9,3,251,2,0,1,2,0,2,0,0,0,13,0,0,0,0,0,0,0,0,0,0,0,0,0,0,9],[18,10,190,1,0,2,18,0,2,0,0,0,17,0,0,0,0,0,0,0,0,0,0,0,0,0,0,17],[4,4,174,0,0,1,40,0,3,0,0,1,31,0,0,0,0,0,0,0,0,0,0,0,0,0,0,13],[2,3,106,0,0,0,52,0,0,0,0,1,87,0,0,0,0,0,0,0,0,0,0,0,0,0,0,0],[10,5,149,2,0,0,29,0,3,0,0,0,19,0,0,0,0,0,0,0,0,0,0,0,0,0,0,23],[8,4,173,2,0,1,16,0,1,0,0,0,9,0,0,0,0,0,0,0,0,0,0,0,0,0,0,18],[3,3,164,1,0,0,1,0,2,0,0,0,7,0,0,0,0,0,0,0,0,0,0,0,0,0,0,20],[1,2,112,1,0,2,28,0,1,0,0,1,28,0,0,0,0,0,0,0,0,0,0,0,0,0,0,4],[4,0,99,1,0,0,15,0,1,0,0,0,6,0,0,0,0,0,0,0,0,0,0,0,0,0,0,9],[5,4,97,1,0,1,11,0,0,0,0,0,10,0,0,0,0,0,0,0,0,0,0,0,0,0,0,6],[5,1,85,1,0,1,12,0,1,0,0,1,10,0,0,0,0,0,0,0,0,0,0,0,0,0,0,3],[3,8,79,1,0,1,10,0,4,0,0,1,11,0,0,0,0,0,0,0,0,0,0,0,0,0,0,5],[6,1,105,0,0,0,4,0,2,0,0,0,9,0,0,0,0,0,0,0,0,0,0,0,0,0,0,4],[2,2,89,0,0,0,1,0,1,0,0,0,1,0,0,0,0,0,0,0,0,0,0,0,0,0,0,4],[1,0,69,2,0,0,13,0,1,0,0,0,9,0,0,0,0,0,0,0,0,0,0,0,0,0,0,10],[2,1,76,2,0,2,2,0,2,0,0,0,2,0,0,0,0,0,0,0,0,0,0,0,0,0,0,8],[2,1,65,0,0,0,3,0,3,0,0,0,3,0,0,0,0,0,0,0,0,0,0,0,0,0,0,8],[2,0,55,0,0,0,3,0,0,0,0,0,10,0,0,0,0,0,0,0,0,0,0,0,0,0,0,2],[2,1,35,0,0,0,5,0,2,0,0,0,5,0,0,0,0,0,0,0,0,0,0,0,0,0,0,9]]}