{"Accuracy":0.11655266757865937,"Precision":0.09438511789854834,"Recall":0.11655266757865937,"F1 Score":0.08114322455450743,"Adjusted Rand Index":0.015809837133193692,"Precision by cluster":[0.10775862068965517,0.11710677382319173,0.1105121293800539,0.08266360505166476,0.0,0.08609271523178808,0.5220125786163522,0.0,0.07692307692307693,0.05128205128205128,0.058823529411764705,0.057692307692307696,0.10824742268041238,0.3333333333333333,0.0,0.0,0.048879837067209775,0.0,0.0,0.0,0.0,0.0,0.0,0.0,0.0,0.0,0.0,0.18421052631578946],"Recall by cluster":[0.037257824143070044,0.17258883248730963,0.4079601990049751,0.1448692152917505,0.0,0.08783783783783784,0.415,0.0,0.0038314176245210726,0.05653710247349823,0.010638297872340425,0.010869565217391304,0.6228813559322034,0.004016064257028112,0.0,0.0,0.1518987341772152,0.0,0.0,0.0,0.0,0.0,0.0,0.0,0.0,0.0,0.0,0.125],"F1 score by cluster":[0.05537098560354374,0.13953488372093023,0.17391304347826086,0.10526315789473684,0.0,0.08695652173913043,0.4623955431754875,0.0,0.0072992700729927005,0.05378151260504202,0.018018018018018018,0.018292682926829267,0.18444165621079048,0.007936507936507936,0.0,0.0,0.07395993836671803,0.0,0.0,0.0,0.0,0.0,0.0,0.0,0.0,0.0,0.0,0.14893617021276595],"confusion_matrix":[[25,87,240,89,0,50,12,2,2,38,3,7,74,0,0,0,38,0,0,0,0,0,0,0,0,0,0,4],[7,102,174,64,0,49,8,5,0,23,5,3,104,0,0,0,46,0,0,0,0,0,0,0,0,0,0,1],[28,54,246,85,0,43,0,2,1,28,5,7,71,0,0,0,28,0,0,0,0,0,0,0,0,0,0,5],[17,65,158,72,0,34,0,5,0,26,6,3,67,0,0,0,44,0,0,0,0,0,0,0,0,0,0,0],[24,62,171,69,0,25,1,0,0,21,3,3,32,0,0,0,23,0,0,0,0,0,0,0,0,0,0,3],[21,47,190,55,0,39,1,0,0,23,0,4,38,0,0,0,26,0,0,0,0,0,0,0,0,0,0,0],[4,32,42,15,0,10,166,0,0,3,1,3,108,0,0,0,16,0,0,0,0,0,0,0,0,0,0,0],[9,34,98,46,0,20,1,0,1,30,3,1,54,0,0,0,26,0,0,0,0,0,0,0,0,0,0,2],[8,25,78,26,0,12,6,1,1,6,0,1,66,0,0,0,25,0,0,0,0,0,0,0,0,0,0,6],[13,23,99,41,0,18,0,0,0,16,3,2,50,0,0,0,18,0,0,0,0,0,0,0,0,0,0,0],[13,45,63,40,0,21,19,0,0,7,3,2,46,0,0,0,23,0,0,0,0,0,0,0,0,0,0,0],[4,30,76,25,0,15,7,1,1,4,4,3,93,0,0,0,13,0,0,0,0,0,0,0,0,0,0,0],[0,22,11,12,0,2,19,0,0,3,0,0,147,0,0,0,20,0,0,0,0,0,0,0,0,0,0,0],[8,26,76,27,0,17,16,0,1,7,3,2,49,1,0,0,11,0,0,0,0,0,0,0,0,0,0,5],[9,26,80,29,0,12,7,0,1,7,0,1,38,1,0,0,14,0,0,0,0,0,0,0,0,0,0,1],[12,21,71,35,0,13,3,0,0,10,2,3,35,0,0,0,13,0,0,0,0,0,0,0,0,0,0,0],[1,16,18,8,0,1,13,0,1,5,0,0,70,1,0,0,24,0,0,0,0,0,0,0,0,0,0,0],[4,14,58,16,0,11,8,0,0,6,1,1,23,0,0,0,7,0,0,0,0,0,0,0,0,0,0,1],[3,14,33,12,0,6,3,0,2,8,1,0,32,0,0,0,10,0,0,0,0,0,0,0,0,0,0,2],[3,19,27,22,0,9,10,0,0,3,0,0,26,0,0,0,17,0,0,0,0,0,0,0,0,0,0,0],[2,23,30,13,0,9,4,2,0,9,2,0,31,0,0,0,4,0,0,0,0,0,0,0,0,0,0,0],[3,18,24,10,0,8,4,1,0,5,1,3,30,0,0,0,14,0,0,0,0,0,0,0,0,0,0,1],[1,14,37,12,0,8,0,1,0,3,1,1,6,0,0,0,2,0,0,0,0,0,0,0,0,0,0,0],[4,7,38,12,0,2,3,0,1,3,0,0,25,0,0,0,3,0,0,0,0,0,0,0,0,0,0,0],[2,11,30,9,0,3,1,0,0,5,3,1,10,0,0,0,7,0,0,0,0,0,0,0,0,0,0,0],[2,12,26,11,0,9,1,1,0,6,0,0,8,0,0,0,4,0,0,0,0,0,0,0,0,0,0,0],[1,18,15,10,0,4,1,0,0,6,1,1,18,0,0,0,13,0,0,0,0,0,0,0,0,0,0,0],[4,4,17,6,0,3,4,0,1,1,0,0,7,0,0,0,2,0,0,0,0,0,0,0,0,0,0,7]]}