{"Accuracy":0.1292749658002736,"Precision":0.07070484052452526,"Recall":0.1292749658002736,"F1 Score":0.06952475815056665,"Adjusted Rand Index":0.02011544337886667,"Precision by cluster":[0.08812949640287769,0.15913978494623657,0.10770681121847749,0.0860655737704918,0.0,0.0625,0.3124215809284818,0.0,0.22727272727272727,0.0,0.0,0.04225352112676056,0.10012674271229405,0.0,0.0,0.0,0.0,0.0,0.0,0.0,0.0,0.0,0.0,0.0,0.0,0.0,0.0,0.15384615384615385],"Recall by cluster":[0.07302533532041729,0.12521150592216582,0.75787728026534,0.04225352112676056,0.0,0.013513513513513514,0.6225,0.0,0.019157088122605363,0.0,0.0,0.010869565217391304,0.3347457627118644,0.0,0.0,0.0,0.0,0.0,0.0,0.0,0.0,0.0,0.0,0.0,0.0,0.0,0.0,0.03571428571428571],"F1 score by cluster":[0.07986960065199673,0.14015151515151514,0.18860916219562526,0.05668016194331984,0.0,0.022222222222222223,0.41604010025062654,0.0,0.0353356890459364,0.0,0.0,0.01729106628242075,0.15414634146341463,0.0,0.0,0.0,0.0,0.0,0.0,0.0,0.0,0.0,0.0,0.0,0.0,0.0,0.0,0.057971014492753624],"confusion_matrix":[[49,50,448,25,1,9,30,0,3,0,0,6,48,0,0,0,0,0,0,0,0,0,0,0,0,0,0,2],[69,74,301,14,1,15,42,0,1,0,0,9,65,0,0,0,0,0,0,0,0,0,0,0,0,0,0,0],[27,19,457,22,1,6,7,0,0,0,0,7,56,0,0,0,0,0,0,0,0,0,0,0,0,0,0,1],[33,26,341,21,1,8,11,0,0,0,0,8,48,0,0,0,0,0,0,0,0,0,0,0,0,0,0,0],[31,30,325,12,0,2,10,0,1,0,0,1,25,0,0,0,0,0,0,0,0,0,0,0,0,0,0,0],[35,22,326,19,1,6,6,0,0,0,0,1,28,0,0,0,0,0,0,0,0,0,0,0,0,0,0,0],[16,9,91,5,0,2,249,0,0,0,0,3,25,0,0,0,0,0,0,0,0,0,0,0,0,0,0,0],[18,6,233,15,0,1,14,0,1,0,0,4,33,0,0,0,0,0,0,0,0,0,0,0,0,0,0,0],[31,29,113,7,1,3,36,0,5,0,0,0,33,0,0,0,0,0,0,0,0,0,0,0,0,0,0,3],[16,14,185,16,0,1,6,0,0,0,0,4,41,0,0,0,0,0,0,0,0,0,0,0,0,0,0,0],[25,25,143,9,1,11,37,0,0,0,0,4,27,0,0,0,0,0,0,0,0,0,0,0,0,0,0,0],[32,18,128,4,0,0,55,0,0,0,0,3,36,0,0,0,0,0,0,0,0,0,0,0,0,0,0,0],[14,4,40,7,2,3,80,0,0,0,0,7,79,0,0,0,0,0,0,0,0,0,0,0,0,0,0,0],[17,21,136,6,0,3,40,0,3,0,0,2,20,0,0,0,0,0,0,0,0,0,0,0,0,0,0,1],[15,12,145,6,1,4,21,0,0,0,0,1,20,0,0,0,0,0,0,0,0,0,0,0,0,0,0,1],[17,11,144,10,2,2,8,0,0,0,0,1,23,0,0,0,0,0,0,0,0,0,0,0,0,0,0,0],[16,6,34,7,0,0,44,0,2,0,0,1,48,0,0,0,0,0,0,0,0,0,0,0,0,0,0,0],[14,9,85,5,1,3,16,0,0,0,0,1,15,0,0,0,0,0,0,0,0,0,0,0,0,0,0,1],[11,14,64,3,0,0,16,0,0,0,0,1,15,0,0,0,0,0,0,0,0,0,0,0,0,0,0,2],[11,17,62,6,0,2,22,0,0,0,0,1,15,0,0,0,0,0,0,0,0,0,0,0,0,0,0,0],[17,13,60,7,0,6,13,0,0,0,0,2,11,0,0,0,0,0,0,0,0,0,0,0,0,0,0,0],[9,3,67,3,0,1,11,0,1,0,0,2,25,0,0,0,0,0,0,0,0,0,0,0,0,0,0,0],[6,2,69,2,0,1,0,0,0,0,0,1,5,0,0,0,0,0,0,0,0,0,0,0,0,0,0,0],[5,5,58,3,0,2,8,0,0,0,0,1,16,0,0,0,0,0,0,0,0,0,0,0,0,0,0,0],[7,6,55,4,0,1,3,0,0,0,0,0,6,0,0,0,0,0,0,0,0,0,0,0,0,0,0,0],[1,7,63,3,0,0,1,0,0,0,0,0,5,0,0,0,0,0,0,0,0,0,0,0,0,0,0,0],[11,9,44,1,0,3,6,0,0,0,0,0,14,0,0,0,0,0,0,0,0,0,0,0,0,0,0,0],[3,4,26,2,1,1,5,0,5,0,0,0,7,0,0,0,0,0,0,0,0,0,0,0,0,0,0,2]]}