{"Accuracy":0.15376196990424076,"Precision":0.1254262154685491,"Recall":0.15376196990424076,"F1 Score":0.12363070359516222,"Adjusted Rand Index":0.03377967303245395,"Precision by cluster":[0.0962566844919786,0.17963386727688788,0.19831546707503828,0.11627906976744186,0.046153846153846156,0.12162162162162163,0.4834710743801653,0.17763157894736842,0.10559006211180125,0.049019607843137254,0.20253164556962025,0.1412639405204461,0.16228070175438597,0.06896551724137931,0.0,0.0,0.12814070351758794,0.0,0.0,0.0,0.0,0.07692307692307693,0.0,0.25925925925925924,0.0,0.0,0.0,0.0],"Recall by cluster":[0.0864,0.2569558101472995,0.45121951219512196,0.2523364485981308,0.00702576112412178,0.366412213740458,0.2903225806451613,0.08108108108108109,0.19101123595505617,0.01718213058419244,0.11940298507462686,0.14615384615384616,0.13805970149253732,0.0234375,0.0,0.0,0.2897727272727273,0.0,0.0,0.0,0.0,0.007936507936507936,0.0,0.08045977011494253,0.0,0.0,0.0,0.0],"F1 score by cluster":[0.09106239460370995,0.21144781144781144,0.275531914893617,0.15919811320754718,0.012195121951219513,0.18262523779327838,0.3627906976744186,0.11134020618556702,0.136,0.02544529262086514,0.15023474178403756,0.14366729678638943,0.14919354838709678,0.03498542274052478,0.0,0.0,0.17770034843205576,0.0,0.0,0.0,0.0,0.014388489208633094,0.0,0.12280701754385964,0.0,0.0,0.0,0.0],"confusion_matrix":[[54,75,126,108,5,123,13,12,28,10,11,17,13,12,0,0,16,0,0,0,0,1,0,1,0,0,0,0],[69,157,33,122,7,63,8,8,26,14,14,12,17,13,0,0,44,0,0,0,0,2,0,2,0,0,0,0],[32,41,259,57,4,99,2,14,14,7,5,19,9,3,0,0,7,0,0,0,0,0,0,2,0,0,0,0],[49,44,71,135,7,129,0,6,9,14,14,19,13,3,0,0,19,0,0,0,0,0,0,3,0,0,0,0],[38,36,124,55,3,98,1,11,21,6,3,4,5,11,0,0,8,0,0,0,0,1,0,2,0,0,0,0],[21,33,78,76,6,144,0,6,2,3,5,6,1,1,0,0,11,0,0,0,0,0,0,0,0,0,0,0],[17,38,20,22,1,12,117,2,96,2,3,20,19,4,0,0,30,0,0,0,0,0,0,0,0,0,0,0],[13,10,171,38,0,49,0,27,8,3,0,2,3,0,0,0,8,0,0,0,0,0,0,1,0,0,0,0],[26,24,50,28,2,32,1,6,51,0,9,5,7,1,0,0,23,0,0,0,0,1,0,1,0,0,0,0],[25,22,57,48,0,74,0,8,8,5,3,5,12,3,0,0,19,0,0,0,0,0,0,2,0,0,0,0],[15,59,8,62,3,23,8,4,16,3,32,10,8,3,0,0,13,0,0,0,0,1,0,0,0,0,0,0],[18,38,17,34,7,23,15,10,14,2,2,38,20,7,0,0,12,0,0,0,0,0,0,3,0,0,0,0],[15,17,17,14,1,14,22,3,42,4,3,28,37,0,0,0,50,0,0,0,0,0,0,1,0,0,0,0],[25,54,11,37,2,28,20,1,20,3,8,20,9,6,0,0,9,0,0,0,0,2,0,1,0,0,0,0],[16,25,48,41,2,38,5,3,17,2,1,9,3,6,0,0,4,0,0,0,0,1,0,0,0,0,0,0],[13,15,52,38,2,53,3,11,4,5,1,4,5,1,0,0,4,0,0,0,0,0,0,0,0,0,0,0],[14,10,9,30,1,5,5,2,24,1,8,7,9,0,0,0,51,0,0,0,0,0,0,0,0,0,0,0],[12,29,20,28,4,21,6,0,8,4,2,4,4,3,0,0,4,0,0,0,0,1,0,0,0,0,0,0],[15,12,17,15,0,14,2,2,13,2,3,2,4,1,0,0,20,0,0,0,0,0,0,0,0,0,0,0],[13,25,5,17,1,10,6,2,9,2,11,5,8,3,0,0,14,0,0,0,0,0,0,0,0,0,0,0],[10,33,7,19,0,11,1,2,8,3,3,6,6,3,0,0,8,0,0,0,0,0,0,0,0,0,0,0],[11,7,9,38,2,19,0,1,10,2,4,5,6,1,0,0,10,0,0,0,0,1,0,0,0,0,0,0],[8,12,40,17,0,32,0,4,2,0,1,1,1,1,0,0,1,0,0,0,0,1,0,1,0,0,0,0],[6,16,11,9,0,8,4,1,7,1,2,12,0,0,0,0,3,0,0,0,0,0,0,7,0,0,0,0],[10,8,12,25,2,20,2,2,1,1,0,2,0,0,0,0,3,0,0,0,0,1,0,0,0,0,0,0],[4,12,25,19,1,25,0,2,2,0,2,0,0,1,0,0,1,0,0,0,0,0,0,0,0,0,0,0],[9,13,3,21,1,10,0,1,5,3,6,4,6,0,0,0,3,0,0,0,0,0,0,0,0,0,0,0],[3,9,6,8,1,7,1,1,18,0,2,3,3,0,0,0,3,0,0,0,0,0,0,0,0,0,0,0]],"epoch_accuracies":[[0.0976699648898819,0.11075646345355888,0.12160868177465688,0.13255209520769687,0.13428480233459486,0.13838858237198487,0.13893575304363687,0.14003009438694086,0.14664174000273586,0.14563859377137386,0.14987916647667684,0.15142948337969084,0.15152067849163284,0.15512288541334185,0.15694678765218184,0.15776754365965984,0.16036660435000685,0.16132415302539785,0.16273767726049884,0.16488076239113583,0.16346723815603484,0.16907573754046784,0.16729743285759882,0.16633988418220783,0.16980529843600384,0.17190278601066983,0.17491222470475581,0.17495782226072681,0.1751858100405818,0.17874241940631982],[0.08632010943912449,0.07414500683994528,0.11450068399452805,0.11244870041039672,0.1103967168262654,0.11258549931600548,0.12366621067031464,0.12051983584131327,0.12366621067031464,0.10328317373461013,0.12517099863201095,0.1292749658002736,0.13693570451436388,0.1344733242134063,0.13119015047879617,0.1332421340629275,0.11504787961696307,0.12120383036935704,0.1270861833105335,0.15020519835841314,0.146374829001368,0.1357045143638851,0.16169630642954858,0.14528043775649796,0.14856361149110808,0.15266757865937072,0.15896032831737347,0.17004103967168263,0.1704514363885089,0.14774281805745554]]}