{"Accuracy":0.1210670314637483,"Precision":0.0476855227758337,"Recall":0.1210670314637483,"F1 Score":0.052791099062794535,"Adjusted Rand Index":0.014202070651309184,"Precision by cluster":[0.07446808510638298,0.0,0.09668850717194971,0.0,0.0,0.0,0.36714285714285716,0.0,0.038781163434903045,0.0,0.0,0.10614525139664804,0.13141025641025642,0.06666666666666667,0.0,0.0,0.0,0.0,0.0,0.0,0.0,0.0,0.0,0.0,0.0,0.0,0.0,0.0],"Recall by cluster":[0.010736196319018405,0.0,0.861198738170347,0.0,0.0,0.0,0.619277108433735,0.0,0.04929577464788732,0.0,0.0,0.07851239669421488,0.1673469387755102,0.003816793893129771,0.0,0.0,0.0,0.0,0.0,0.0,0.0,0.0,0.0,0.0,0.0,0.0,0.0,0.0],"F1 score by cluster":[0.01876675603217158,0.0,0.17385766597675528,0.0,0.0,0.0,0.4609865470852018,0.0,0.043410852713178294,0.0,0.0,0.09026128266033254,0.14721723518850988,0.007220216606498195,0.0,0.0,0.0,0.0,0.0,0.0,0.0,0.0,0.0,0.0,0.0,0.0,0.0,0.0],"confusion_matrix":[[7,0,557,0,0,0,31,0,27,0,0,11,16,2,0,0,0,0,0,0,0,0,0,0,0,0,0,1],[8,0,531,0,0,0,27,0,19,0,0,10,24,1,0,0,0,0,0,0,0,0,0,0,0,0,0,0],[14,0,546,0,0,0,3,0,49,0,0,9,13,0,0,0,0,0,0,0,0,0,0,0,0,0,0,0],[7,0,436,0,0,0,7,0,24,0,0,6,10,0,0,0,0,0,0,0,0,0,0,0,0,0,0,0],[4,0,382,0,0,0,5,0,40,0,0,5,15,0,0,0,0,0,0,0,0,0,0,0,0,0,0,0],[3,0,409,0,0,0,6,0,23,0,0,4,7,1,0,0,0,0,0,0,0,0,0,0,0,0,0,0],[2,0,122,0,0,0,257,0,8,0,0,5,18,3,0,0,0,0,0,0,0,0,0,0,0,0,0,0],[2,0,277,0,0,0,6,0,20,0,0,5,15,0,0,0,0,0,0,0,0,0,0,0,0,0,0,0],[4,0,194,0,0,0,37,0,14,0,0,16,18,1,0,0,0,0,0,0,0,0,0,0,0,0,0,0],[1,0,239,0,0,0,12,0,8,0,0,10,13,1,0,0,0,0,0,0,0,0,0,0,0,0,0,1],[2,0,215,0,0,0,20,0,10,0,0,6,11,0,0,0,0,0,0,0,0,0,0,0,0,0,0,0],[9,0,149,0,0,0,33,0,9,0,0,19,20,3,0,0,0,0,0,0,0,0,0,0,0,0,0,0],[8,0,93,0,0,0,82,0,0,0,0,20,41,1,0,0,0,0,0,0,0,0,0,0,0,0,0,0],[1,0,203,0,0,0,30,0,19,0,0,4,4,1,0,0,0,0,0,0,0,0,0,0,0,0,0,0],[2,0,169,0,0,0,15,0,13,0,0,4,8,0,0,0,0,0,0,0,0,0,0,0,0,0,0,0],[2,0,179,0,0,0,7,0,11,0,0,4,5,0,0,0,0,0,0,0,0,0,0,0,0,0,0,0],[6,0,97,0,0,0,35,0,7,0,0,12,32,0,0,0,0,0,0,0,0,0,0,0,0,0,0,0],[0,0,97,0,0,0,11,0,7,0,0,1,1,0,0,0,0,0,0,0,0,0,0,0,0,0,0,0],[3,0,95,0,0,0,14,0,9,0,0,3,7,0,0,0,0,0,0,0,0,0,0,0,0,0,0,0],[2,0,91,0,0,0,15,0,2,0,0,6,5,0,0,0,0,0,0,0,0,0,0,0,0,0,0,0],[1,0,91,0,0,0,15,0,3,0,0,2,4,0,0,0,0,0,0,0,0,0,0,0,0,0,0,0],[0,0,85,0,0,0,8,0,4,0,0,7,9,0,0,0,0,0,0,0,0,0,0,0,0,0,0,0],[1,0,95,0,0,0,1,0,8,0,0,1,1,0,0,0,0,0,0,0,0,0,0,0,0,0,0,0],[1,0,50,0,0,0,12,0,4,0,0,4,8,0,0,0,0,0,0,0,0,0,0,0,0,0,0,0],[0,0,66,0,0,0,1,0,4,0,0,1,2,0,0,0,0,0,0,0,0,0,0,0,0,0,0,0],[1,0,82,0,0,0,0,0,4,0,0,0,0,0,0,0,0,0,0,0,0,0,0,0,0,0,0,0],[1,0,60,0,0,0,6,0,3,0,0,3,3,0,0,0,0,0,0,0,0,0,0,0,0,0,0,0],[2,0,37,0,0,0,4,0,12,0,0,1,2,1,0,0,0,0,0,0,0,0,0,0,0,0,0,0]]}