{"Accuracy":0.09220246238030096,"Precision":0.09536908927125583,"Recall":0.09220246238030096,"F1 Score":0.07321171518521767,"Adjusted Rand Index":0.013167895411060802,"Precision by cluster":[0.09615384615384616,0.07894736842105263,0.09565217391304348,0.0922970159611381,0.0,0.12037037037037036,0.5625,0.0,0.06888888888888889,0.07291666666666667,0.05033003300330033,0.3333333333333333,0.1308139534883721,0.07352941176470588,0.0,0.0,0.05674418604651163,0.0,0.0,0.0,0.0,0.0,0.0,0.0,0.0,0.0,0.0,0.0],"Recall by cluster":[0.02332814930015552,0.10935023771790808,0.16202945990180032,0.2714285714285714,0.0,0.02981651376146789,0.2896039603960396,0.0,0.09967845659163987,0.04964539007092199,0.2210144927536232,0.0038314176245210726,0.1875,0.061224489795918366,0.0,0.0,0.35260115606936415,0.0,0.0,0.0,0.0,0.0,0.0,0.0,0.0,0.0,0.0,0.0],"F1 score by cluster":[0.03754693366708386,0.09169435215946845,0.12029161603888214,0.13775245986535473,0.0,0.04779411764705882,0.38235294117647056,0.0,0.08147174770039421,0.05907172995780591,0.08198924731182795,0.007575757575757576,0.1541095890410959,0.066815144766147,0.0,0.0,0.09775641025641026,0.0,0.0,0.0,0.0,0.0,0.0,0.0,0.0,0.0,0.0,0.0],"confusion_matrix":[[15,81,98,143,0,10,7,1,30,17,132,0,20,23,0,0,66,0,0,0,0,0,0,0,0,0,0,0],[15,69,113,132,0,9,8,0,25,14,113,0,20,20,0,0,93,0,0,0,0,0,0,0,0,0,0,0],[21,103,99,130,0,6,1,0,10,15,130,0,15,16,2,0,63,0,0,0,0,0,0,0,0,0,0,0],[12,52,71,133,0,12,0,0,9,12,98,0,13,11,0,0,67,0,0,0,0,0,0,0,0,0,0,0],[8,64,78,107,0,6,1,0,13,13,78,0,8,17,0,0,51,0,0,0,0,0,0,0,0,0,0,0],[3,60,61,121,1,13,0,0,7,16,81,1,8,16,0,0,48,0,0,0,0,0,0,0,0,0,0,0],[3,26,19,19,0,2,117,0,102,4,37,0,31,11,0,0,33,0,0,0,0,0,0,0,0,0,0,0],[5,43,56,71,0,4,2,0,4,10,52,0,6,1,1,0,57,0,0,0,0,0,0,0,0,0,0,0],[9,33,46,47,0,5,1,0,31,7,34,0,28,11,0,0,59,0,0,0,0,0,0,0,0,0,0,0],[5,27,47,71,0,0,0,0,3,14,52,0,10,9,0,0,44,0,0,0,0,0,0,0,0,0,0,0],[5,28,28,56,0,9,7,0,21,3,61,0,16,3,0,0,39,0,0,0,0,0,0,0,0,0,0,0],[6,26,16,39,0,4,7,0,24,6,37,1,26,9,0,0,60,0,0,0,0,0,0,0,0,0,0,0],[3,31,13,17,0,1,13,0,22,3,14,1,45,0,0,0,77,0,0,0,0,0,0,0,0,0,0,0],[5,26,31,35,0,5,15,0,21,3,46,0,11,15,2,0,30,0,0,0,0,0,0,0,0,0,0,0],[8,19,42,51,0,2,1,0,15,6,39,0,6,2,0,0,24,0,0,0,0,0,0,0,0,0,0,0],[3,34,51,56,0,6,1,0,3,8,32,0,8,4,0,0,18,0,0,0,0,0,0,0,0,0,0,0],[0,10,13,9,0,3,7,0,25,6,13,0,25,1,0,0,61,0,0,0,0,0,0,0,0,0,0,0],[1,18,16,22,0,1,5,0,7,6,18,0,3,10,0,0,12,0,0,0,0,0,0,0,0,0,0,0],[4,11,14,19,0,0,2,0,20,6,18,0,8,2,0,0,24,0,0,0,0,0,0,0,0,0,0,0],[3,22,13,17,0,0,3,0,14,3,17,0,5,0,0,0,21,1,0,0,0,0,0,0,0,0,0,0],[3,16,23,21,0,0,2,0,6,3,14,0,7,8,0,0,22,0,0,0,0,0,0,0,0,0,0,0],[1,22,13,19,0,0,3,0,7,5,19,0,11,1,0,0,27,0,0,0,0,0,0,0,0,0,0,0],[6,12,21,35,0,3,0,0,1,2,23,0,0,2,0,0,11,0,0,0,0,0,0,0,0,0,0,0],[2,10,12,14,0,1,3,0,4,1,10,0,5,5,0,0,26,0,0,0,0,0,0,0,0,0,0,0],[4,9,12,25,0,3,0,0,3,1,13,0,0,1,0,0,14,0,0,0,0,0,0,0,0,0,0,0],[1,9,12,15,0,0,0,0,2,3,16,0,0,2,0,0,6,0,0,0,0,0,0,0,0,0,0,0],[3,9,10,8,0,1,0,0,6,4,9,0,4,1,0,0,16,0,0,0,0,0,0,0,0,0,0,0],[2,4,7,9,0,2,2,0,15,1,6,0,5,3,0,0,6,0,0,0,0,0,0,0,0,0,0,0]]}