{"Accuracy":0.12407660738714091,"Precision":0.0869259155938935,"Recall":0.12407660738714091,"F1 Score":0.06671683063420406,"Adjusted Rand Index":0.011974382381519082,"Precision by cluster":[0.13157894736842105,0.09785390824965544,0.21232876712328766,0.0858085808580858,0.0,0.0,0.44377510040160645,0.0,0.12244897959183673,0.0,0.046357615894039736,0.09090909090909091,0.11621966794380588,0.0,0.0,0.0,0.061946902654867256,0.0,0.0,0.0,0.0,0.0,0.0,0.0,0.0,0.0,0.0,0.4],"Recall by cluster":[0.007776049766718507,0.7876386687797148,0.05073649754500818,0.053061224489795916,0.0,0.0,0.5470297029702971,0.0,0.01929260450160772,0.0,0.025362318840579712,0.0038314176245210726,0.37916666666666665,0.0,0.0,0.0,0.08092485549132948,0.0,0.0,0.0,0.0,0.0,0.0,0.0,0.0,0.0,0.0,0.12903225806451613],"F1 score by cluster":[0.014684287812041116,0.17408056042031525,0.08190224570673713,0.06557377049180328,0.0,0.0,0.49002217294900224,0.0,0.03333333333333333,0.0,0.03278688524590164,0.007352941176470588,0.17790811339198437,0.0,0.0,0.0,0.07017543859649122,0.0,0.0,0.0,0.0,0.0,0.0,0.0,0.0,0.0,0.0,0.1951219512195122],"confusion_matrix":[[5,484,16,34,0,0,20,0,5,0,10,3,51,0,0,0,15,0,0,0,0,0,0,0,0,0,0,0],[2,497,8,21,0,0,13,0,4,0,11,0,52,0,0,0,23,0,0,0,0,0,0,0,0,0,0,0],[3,434,31,50,0,0,5,0,0,0,24,0,44,0,0,0,19,0,0,0,0,0,0,0,0,0,0,1],[2,388,2,26,0,1,2,0,2,0,18,0,38,0,0,0,11,0,0,0,0,0,0,0,0,0,0,0],[5,344,13,19,0,0,3,0,2,1,11,0,25,0,0,0,20,0,0,0,0,0,0,0,0,0,0,1],[0,361,7,29,0,0,0,0,0,0,11,1,18,0,0,0,9,0,0,0,0,0,0,0,0,0,0,0],[2,121,2,5,0,0,221,0,2,0,0,1,48,0,0,0,2,0,0,0,0,0,0,0,0,0,0,0],[0,224,10,20,0,0,3,0,1,0,10,1,28,0,0,0,14,0,0,0,0,0,0,0,0,0,0,1],[2,201,5,9,0,0,15,0,6,0,5,0,51,2,0,0,12,0,0,0,0,0,0,0,0,0,0,3],[1,215,3,19,0,0,3,0,0,0,7,0,23,0,0,0,11,0,0,0,0,0,0,0,0,0,0,0],[0,214,1,4,0,0,18,0,3,0,7,1,25,0,0,0,3,0,0,0,0,0,0,0,0,0,0,0],[2,150,3,6,0,0,24,0,3,0,1,1,66,1,0,0,4,0,0,0,0,0,0,0,0,0,0,0],[0,98,0,0,0,0,39,0,1,0,1,1,91,0,0,0,9,0,0,0,0,0,0,0,0,0,0,0],[3,172,7,4,0,0,29,0,5,0,4,1,17,0,0,0,2,0,0,0,0,0,0,0,0,0,0,1],[2,158,8,13,0,0,6,0,0,0,7,0,11,0,0,0,8,0,0,0,0,0,0,0,0,0,0,2],[1,170,4,13,0,0,3,0,0,0,5,0,18,0,0,0,10,0,0,0,0,0,0,0,0,0,0,0],[0,73,0,2,0,0,35,0,2,0,1,0,46,0,0,0,14,0,0,0,0,0,0,0,0,0,0,0],[1,90,5,2,0,0,9,0,2,0,1,0,6,0,0,0,3,0,0,0,0,0,0,0,0,0,0,0],[1,79,3,5,0,0,12,0,3,1,1,0,17,0,0,0,3,0,0,0,0,0,0,0,0,0,0,3],[0,78,1,2,0,0,11,0,1,0,3,1,18,0,0,0,4,0,0,0,0,0,0,0,0,0,0,0],[0,95,1,1,0,0,5,0,2,0,1,0,16,0,0,0,4,0,0,0,0,0,0,0,0,0,0,0],[1,85,2,1,0,0,6,0,1,0,3,0,23,0,0,0,6,0,0,0,0,0,0,0,0,0,0,0],[1,89,5,7,0,0,0,0,0,0,4,0,2,0,0,0,8,0,0,0,0,0,0,0,0,0,0,0],[1,60,2,1,0,0,6,0,0,0,0,0,20,0,0,0,3,0,0,0,0,0,0,0,0,0,0,0],[0,73,1,4,0,0,1,0,0,0,1,0,5,0,0,0,0,0,0,0,0,0,0,0,0,0,0,0],[1,49,2,5,0,0,0,0,0,0,3,0,4,0,0,0,2,0,0,0,0,0,0,0,0,0,0,0],[1,51,0,1,0,0,2,0,0,0,0,0,11,0,0,0,5,0,0,0,0,0,0,0,0,0,0,0],[1,26,4,0,0,0,7,0,4,0,1,0,9,0,0,0,2,0,0,0,0,0,0,0,0,0,0,8]]}