{"Accuracy":0.1625170998632011,"Precision":0.1391358647042827,"Recall":0.1625170998632011,"F1 Score":0.11874745123928107,"Adjusted Rand Index":0.039551800854583485,"Precision by cluster":[0.0859375,0.13313609467455623,0.1808097615085968,0.12816041848299914,0.15384615384615385,0.09659090909090909,0.4216417910447761,0.2196969696969697,0.1875,0.058823529411764705,0.1542056074766355,0.27058823529411763,0.20273972602739726,0.06852791878172589,0.0,0.0,0.11596180081855388,0.0,0.3333333333333333,0.0,0.0,0.0,0.0,0.16981132075471697,0.0,0.0,0.0,0.25],"Recall by cluster":[0.01800327332242226,0.225752508361204,0.5451505016722408,0.28937007874015747,0.004545454545454545,0.03881278538812785,0.5580246913580247,0.08787878787878788,0.040268456375838924,0.0033444816053511705,0.12547528517110265,0.07796610169491526,0.296,0.2125984251968504,0.0,0.0,0.4644808743169399,0.0,0.007936507936507936,0.0,0.0,0.0,0.0,0.09090909090909091,0.0,0.0,0.0,0.045454545454545456],"F1 score by cluster":[0.029769959404600813,0.1674937965260546,0.27155351936693045,0.17764350453172206,0.008830022075055188,0.05537459283387622,0.48034006376195537,0.12554112554112554,0.06629834254143646,0.006329113924050633,0.13836477987421383,0.12105263157894737,0.24065040650406505,0.1036468330134357,0.0,0.0,0.185589519650655,0.0,0.015503875968992248,0.0,0.0,0.0,0.0,0.11842105263157894,0.0,0.0,0.0,0.07692307692307693],"confusion_matrix":[[11,89,193,103,4,16,22,15,6,3,19,4,21,61,0,1,41,0,0,0,0,0,0,2,0,0,0,0],[13,135,64,94,0,3,22,2,2,1,20,4,28,130,0,1,70,0,0,0,0,3,0,5,0,0,0,1],[9,49,326,82,0,23,8,13,1,0,7,3,10,35,0,2,25,0,0,0,0,0,0,5,0,0,0,0],[12,70,117,147,0,17,3,5,2,1,16,4,13,61,0,2,36,0,0,0,0,0,0,1,0,0,1,0],[12,70,170,72,2,11,1,9,3,3,6,3,9,42,0,1,24,0,0,0,0,0,0,2,0,0,0,0],[11,83,109,108,0,17,4,16,0,1,14,5,8,30,0,8,20,0,0,0,0,0,0,4,0,0,0,0],[3,29,17,27,1,3,226,0,1,1,9,2,31,28,0,0,24,0,1,0,0,0,0,2,0,0,0,0],[9,11,176,46,2,9,2,29,1,3,1,0,5,10,0,2,21,0,0,0,0,0,0,3,0,0,0,0],[7,33,71,21,1,10,15,5,12,0,9,1,16,24,0,0,67,0,0,0,0,0,0,2,0,0,0,4],[3,45,88,56,0,11,5,2,3,1,6,5,9,25,0,0,36,0,0,0,0,0,0,4,0,0,0,0],[8,63,19,21,0,5,24,3,1,0,33,2,8,43,0,0,33,0,0,0,0,0,0,0,0,0,0,0],[6,48,27,37,0,2,35,2,3,0,5,23,37,42,0,0,25,0,0,0,0,0,0,3,0,0,0,0],[1,21,11,19,0,0,45,3,1,1,6,9,74,12,0,1,45,0,0,0,0,0,0,1,0,0,0,0],[1,49,31,26,1,3,34,0,4,0,7,6,7,54,0,1,24,0,0,0,0,0,0,5,0,0,0,1],[1,20,83,32,1,7,11,5,1,0,4,2,7,24,0,0,18,0,0,0,0,0,0,1,0,0,0,2],[1,30,70,48,0,10,5,7,1,1,2,2,4,15,0,0,10,0,0,0,0,0,0,0,0,0,0,0],[1,9,12,13,0,1,22,0,4,0,7,1,17,10,0,0,85,0,0,0,0,0,0,1,0,0,0,0],[1,19,32,19,0,1,12,1,3,0,3,2,5,27,0,0,12,0,0,0,0,0,0,0,0,0,0,1],[1,13,33,12,1,1,9,1,3,0,2,1,10,7,0,0,31,0,1,0,0,0,0,0,0,0,0,0],[2,23,10,20,0,3,9,1,1,0,11,0,8,15,0,0,15,0,0,0,0,0,0,0,0,0,0,0],[2,24,7,15,0,0,4,2,0,0,3,3,7,14,0,0,16,0,0,0,0,0,0,0,0,0,0,0],[1,11,13,24,0,1,5,0,0,0,5,1,8,15,0,0,10,0,0,0,0,0,0,0,0,0,0,0],[1,13,37,19,0,5,1,3,0,0,3,0,0,9,0,0,6,0,0,0,0,0,0,2,0,0,0,0],[1,15,13,17,0,4,6,0,0,0,0,1,12,12,0,2,7,0,0,0,0,0,0,9,0,0,0,0],[5,13,15,25,0,3,0,2,1,0,0,1,0,14,0,1,10,0,0,0,0,0,0,0,0,0,0,0],[2,9,35,16,0,9,0,3,2,0,4,0,2,9,0,0,3,0,0,0,0,0,0,0,0,0,0,0],[2,12,6,21,0,0,3,1,1,0,10,0,5,16,0,1,16,0,0,0,0,0,0,0,0,0,0,0],[1,8,18,7,0,1,3,2,7,1,2,0,4,4,0,0,3,0,1,0,0,0,0,1,0,0,0,3]],"epoch_accuracies":[[0.1021841229310109,0.11235237791254389,0.12493730336053988,0.13296247321143587,0.13702065569285488,0.13159454653230587,0.13724864347270987,0.13847977748392687,0.14572978888331586,0.14572978888331586,0.14399708175641784,0.14582098399525786,0.14655054489079386,0.14987916647667684,0.15443892207377685,0.15854270211116683,0.16114176280151385,0.16127855546942685,0.16246409192467284,0.16811818886507685,0.16574711595458483,0.16816378642104785,0.16948611554420684,0.17436505403310382,0.17153800556290183,0.17317951757785782,0.17135561533901783,0.17368109069353882,0.17226756645843783,0.17586977338014684,0.17938078518991382,0.17737449272718983,0.18079430942501482,0.18047512653321782,0.1821622361041448,0.18102229720486981,0.18106789476084081,0.1833933701153618,0.18512607724225982,0.18649400392138982,0.18544526013405682,0.18581004058182482,0.1901874059550408,0.18704117459304181,0.1882723086042588,0.1898226255072728,0.1882723086042588,0.1907345766266928,0.1912361497423738,0.1897770279513018,0.1941543933245178,0.1948383566640828,0.1936072226528658,0.1971638320186038,0.1946559664401988,0.1979389904701108,0.1961150882312708,0.2007204413843418,0.2009484291641968,0.1999452829328348,0.1994437098171538,0.2037754776343988,0.2029091240709498,0.1999908804888058,0.2042314531941088,0.20660252610460078,0.2089280014591218,0.20701290410833978,0.2088368063471798,0.21312297660845378],[0.08878248974008209,0.11409028727770178,0.11887824897400821,0.11614227086183311,0.11491108071135431,0.12216142270861834,0.1225718194254446,0.12120383036935704,0.10807113543091655,0.12558139534883722,0.09945280437756499,0.12024623803009576,0.12065663474692202,0.1213406292749658,0.08632010943912449,0.09699042407660739,0.10642954856361149,0.13023255813953488,0.11381668946648427,0.12913816689466484,0.12476060191518468,0.12311901504787962,0.1503419972640219,0.1292749658002736,0.14227086183310533,0.1359781121751026,0.16388508891928866,0.16279069767441862,0.15239398084815323,0.1575923392612859,0.1622435020519836,0.1518467852257182,0.1484268125854993,0.1567715458276334,0.17688098495212037,0.1545827633378933,0.14158686730506156,0.16935704514363886,0.1649794801641587,0.1752393980848153,0.1744186046511628,0.1521203830369357,0.1759233926128591,0.16470588235294117,0.1649794801641587,0.15663474692202461,0.16703146374829,0.16689466484268126,0.1753761969904241,0.16580027359781122,0.16839945280437757,0.1615595075239398,0.1704514363885089,0.17359781121751025,0.17510259917920656,0.16374829001367988,0.1722298221614227,0.16880984952120384,0.17633378932968535,0.17058823529411765,0.16963064295485636,0.17305061559507523,0.16607387140902874,0.1722298221614227,0.17400820793433652,0.1808481532147743,0.18098495212038304,0.16552667578659372,0.15964432284541724,0.16279069767441862]]}