{"Accuracy":0.1384404924760602,"Precision":0.12111038486822168,"Recall":0.1384404924760602,"F1 Score":0.09945647599012733,"Adjusted Rand Index":0.032177711041724545,"Precision by cluster":[0.08913649025069638,0.16602809706257982,0.1652046783625731,0.12172284644194757,0.13333333333333333,0.11,0.3931034482758621,0.17647058823529413,0.07746478873239436,0.051470588235294115,0.08823529411764706,0.1917808219178082,0.1969111969111969,0.19696969696969696,0.0,0.0,0.11478599221789883,0.0,0.0,0.0,0.0,0.0,0.0,0.16666666666666666,0.0,0.0,0.0,0.21428571428571427],"Recall by cluster":[0.10126582278481013,0.21207177814029363,0.5784982935153583,0.12974051896207583,0.00437636761487965,0.3767123287671233,0.15281501340482573,0.009615384615384616,0.12043795620437957,0.024475524475524476,0.010948905109489052,0.051094890510948905,0.21982758620689655,0.05019305019305019,0.0,0.0,0.3333333333333333,0.0,0.0,0.0,0.0,0.0,0.0,0.037037037037037035,0.0,0.0,0.0,0.058823529411764705],"F1 score by cluster":[0.09481481481481481,0.18624641833810887,0.25701288855193327,0.12560386473429952,0.00847457627118644,0.17027863777089783,0.22007722007722008,0.0182370820668693,0.09428571428571429,0.03317535545023697,0.01948051948051948,0.08069164265129683,0.20773930753564154,0.08,0.0,0.0,0.170767004341534,0.0,0.0,0.0,0.0,0.0,0.0,0.06060606060606061,0.0,0.0,0.0,0.09230769230769231],"confusion_matrix":[[64,69,205,43,1,142,7,1,25,13,2,10,15,1,0,0,33,0,0,0,0,0,0,1,0,0,0,0],[99,130,92,55,0,128,8,0,13,11,4,6,14,11,0,0,42,0,0,0,0,0,0,0,0,0,0,0],[31,17,339,35,5,106,1,3,7,12,0,2,8,3,0,0,14,0,0,0,0,0,0,2,0,0,0,1],[39,46,131,65,0,162,2,2,4,9,3,1,12,2,0,0,22,0,0,0,0,0,0,1,0,0,0,0],[33,25,192,33,2,131,0,1,5,11,3,0,3,4,0,0,13,0,0,0,0,0,0,0,0,0,0,1],[36,25,149,35,0,165,1,3,0,4,1,1,4,0,0,0,13,0,0,0,0,0,0,1,0,0,0,0],[24,35,28,7,0,26,57,0,117,6,1,6,19,4,0,0,41,0,0,0,0,0,0,2,0,0,0,0],[7,10,200,8,2,41,1,3,5,8,0,2,9,0,0,0,14,0,0,0,0,0,0,2,0,0,0,0],[22,29,75,12,0,38,3,1,33,3,3,3,4,2,0,0,40,0,0,0,0,0,0,1,0,0,0,5],[31,23,72,31,1,84,0,1,2,7,0,4,11,4,0,0,15,0,0,0,0,0,0,0,0,0,0,0],[41,62,27,27,0,54,9,0,21,2,3,1,5,4,0,0,18,0,0,0,0,0,0,0,0,0,0,0],[31,25,41,12,0,33,20,0,27,5,1,14,37,4,0,0,21,0,0,0,0,0,0,3,0,0,0,0],[20,22,17,10,0,10,10,0,31,8,3,2,51,1,0,0,47,0,0,0,0,0,0,0,0,0,0,0],[39,47,33,17,0,39,7,0,21,5,2,3,12,13,0,0,17,0,0,0,0,0,0,0,0,0,0,4],[31,31,90,11,1,53,4,1,8,0,0,2,11,3,0,0,12,0,0,0,0,0,0,1,0,0,0,0],[19,13,80,12,1,50,0,0,4,9,1,2,5,1,0,0,7,0,0,0,0,0,0,2,0,0,0,0],[14,22,13,11,0,9,1,0,31,2,1,1,9,2,0,0,59,0,0,0,0,0,0,2,0,0,0,0],[15,13,36,13,0,30,3,0,10,1,1,0,4,2,0,0,6,0,0,0,0,0,0,0,0,0,0,0],[15,16,38,6,2,21,1,1,15,3,0,2,1,1,0,0,19,0,0,0,0,0,0,0,0,0,0,0],[23,26,16,13,0,15,1,0,9,0,2,0,3,2,0,0,15,0,0,0,0,0,0,0,0,0,0,0],[19,34,21,12,0,24,4,0,7,2,0,2,7,0,0,0,4,0,0,0,0,0,0,0,0,0,0,0],[10,15,28,12,0,19,0,0,10,3,0,1,1,0,0,0,13,0,0,0,0,0,0,1,0,0,0,0],[9,3,40,12,0,21,0,0,1,3,0,1,0,0,0,0,3,0,0,0,0,0,0,0,0,0,0,0],[9,8,18,4,0,33,4,0,7,1,1,6,6,1,0,0,6,0,0,0,0,0,0,4,0,0,0,0],[10,10,21,19,0,22,0,0,1,3,0,1,4,0,0,0,2,0,0,0,0,0,0,1,0,0,0,0],[4,6,38,6,0,24,0,0,2,2,0,0,0,1,0,0,1,0,0,0,0,0,0,0,0,0,0,0],[13,13,5,12,0,13,0,0,3,2,1,0,3,0,0,0,13,0,0,0,0,0,0,0,0,0,0,0],[10,8,7,1,0,7,1,0,7,1,1,0,1,0,0,0,4,0,0,0,0,0,0,0,0,0,0,3]],"epoch_accuracies":[[0.1049655738452419,0.11194199990880489,0.12060553554329488,0.13036341252108888,0.13369203410697186,0.13679266791299988,0.13916374082349187,0.14285714285714285,0.14614016688705486,0.14974237380876385,0.15366376362226986,0.15370936117824086,0.15662760476038484,0.15612603164470384,0.15877068989102183,0.16159773836122385,0.16469837216725183,0.16492635994710683,0.16816378642104785,0.16975970088003284,0.17058045688751083,0.17035246910765584,0.17445624914504582,0.17058045688751083,0.17368109069353882,0.17650813916374083,0.17874241940631982,0.18011034608544982,0.17942638274588482,0.17947198030185582],[0.10451436388508892,0.1103967168262654,0.11258549931600548,0.11532147742818058,0.10807113543091655,0.10861833105335157,0.1012311901504788,0.11969904240766074,0.10136798905608756,0.11792065663474692,0.13926128590971273,0.13584131326949384,0.10574555403556772,0.10177838577291382,0.11792065663474692,0.12722298221614228,0.1347469220246238,0.11874145006839945,0.11696306429548564,0.10889192886456908,0.10889192886456908,0.10725034199726402,0.12790697674418605,0.1250341997264022,0.1292749658002736,0.14596443228454173,0.12995896032831739,0.1448700410396717,0.14186046511627906,0.13761969904240767]]}