{"Accuracy":0.15157318741450068,"Precision":0.1261475644062631,"Recall":0.15157318741450068,"F1 Score":0.11918185702179526,"Adjusted Rand Index":0.034184778135102886,"Precision by cluster":[0.08374384236453201,0.13811659192825113,0.1810126582278481,0.09555555555555556,0.16071428571428573,0.11851851851851852,0.4462474645030426,0.125,0.14948453608247422,0.1282051282051282,0.08981233243967829,0.2,0.1440443213296399,0.10052910052910052,0.1111111111111111,0.0,0.09768211920529801,0.0,0.0,0.0,0.0,0.0,0.0,0.0,0.0,0.0,0.0,0.35135135135135137],"Recall by cluster":[0.05287713841368585,0.24405705229793978,0.46808510638297873,0.17551020408163265,0.02027027027027027,0.07339449541284404,0.5445544554455446,0.08333333333333333,0.0932475884244373,0.03546099290780142,0.2427536231884058,0.0421455938697318,0.21666666666666667,0.07755102040816327,0.004651162790697674,0.0,0.34104046242774566,0.0,0.0,0.0,0.0,0.0,0.0,0.0,0.0,0.0,0.0,0.20967741935483872],"F1 score by cluster":[0.06482364156339371,0.1764032073310424,0.26106800547695114,0.1237410071942446,0.036,0.0906515580736544,0.49052396878483834,0.1,0.11485148514851486,0.05555555555555555,0.13111545988258316,0.06962025316455696,0.17304492512479203,0.08755760368663594,0.008928571428571428,0.0,0.15186615186615188,0.0,0.0,0.0,0.0,0.0,0.0,0.0,0.0,0.0,0.0,0.26262626262626265],"confusion_matrix":[[34,111,167,73,4,38,17,15,18,10,69,3,17,21,1,0,43,0,0,1,0,0,0,0,0,0,0,1],[46,154,60,79,2,13,17,11,22,7,92,5,30,28,0,0,64,0,1,0,0,0,0,0,0,0,0,0],[26,57,286,82,9,29,5,22,11,5,33,3,7,10,1,0,22,0,0,0,0,0,0,1,0,0,0,2],[42,68,109,86,1,26,3,13,5,6,71,3,16,6,0,0,34,0,0,1,0,0,0,0,0,0,0,0],[26,75,133,69,9,17,3,19,9,3,37,1,7,10,0,0,21,0,0,1,0,1,0,0,0,0,0,3],[28,70,117,87,6,32,3,14,2,8,37,2,5,9,0,0,16,0,0,0,0,0,0,0,0,0,0,0],[7,34,22,10,0,3,220,2,10,1,24,1,26,10,0,0,34,0,0,0,0,0,0,0,0,0,0,0],[12,11,151,39,3,16,4,26,2,1,25,2,6,0,1,0,13,0,0,0,0,0,0,0,0,0,0,0],[13,49,45,27,1,7,11,6,29,1,30,1,21,10,0,0,54,0,0,0,0,0,0,0,0,0,0,6],[19,26,70,59,1,13,4,14,4,10,24,2,8,7,0,0,21,0,0,0,0,0,0,0,0,0,0,0],[14,68,16,28,2,4,21,3,9,7,67,2,14,3,0,0,17,0,0,1,0,0,0,0,0,0,0,0],[14,43,28,20,1,5,26,4,8,2,25,11,37,12,0,0,23,0,0,1,0,0,0,1,0,0,0,0],[18,23,15,5,1,3,35,6,11,4,13,4,52,0,0,0,50,0,0,0,0,0,0,0,0,0,0,0],[15,55,27,17,0,4,31,2,6,1,33,1,11,19,3,0,16,0,0,0,0,0,0,0,0,0,0,4],[11,34,69,29,2,9,7,5,3,1,16,1,7,5,1,0,12,0,0,0,0,0,0,0,0,0,0,3],[16,31,72,41,3,7,3,13,0,0,15,0,5,6,0,0,12,0,0,0,0,0,0,0,0,0,0,0],[4,14,16,5,2,0,26,2,12,1,11,1,20,0,0,0,59,0,0,0,0,0,0,0,0,0,0,0],[7,22,18,14,1,4,10,4,0,0,17,0,4,10,0,0,8,0,0,0,0,0,0,0,0,0,0,0],[6,20,27,11,1,4,9,5,12,0,8,0,8,0,0,0,13,0,0,0,0,0,0,0,0,0,0,4],[7,22,13,13,0,5,13,1,2,0,17,2,11,1,0,0,12,0,0,0,0,0,0,0,0,0,0,0],[8,32,8,14,0,6,4,2,5,0,14,0,10,9,0,0,13,0,0,0,0,0,0,0,0,0,0,0],[7,16,16,17,1,4,6,1,4,4,16,1,16,1,1,0,17,0,0,0,0,0,0,0,0,0,0,0],[8,13,32,26,3,6,0,4,0,1,11,1,2,3,0,0,5,0,0,0,0,0,0,0,0,0,0,1],[3,20,12,7,1,4,7,4,3,0,6,6,6,5,0,0,9,0,0,0,0,0,0,0,0,0,0,0],[7,15,12,19,0,5,1,4,1,3,11,0,2,1,0,0,4,0,0,0,0,0,0,0,0,0,0,0],[2,11,27,11,1,2,1,3,0,2,4,0,1,1,0,0,0,0,0,0,0,0,0,0,0,0,0,0],[4,13,5,6,0,3,2,2,3,0,13,1,8,1,1,0,9,0,0,0,0,0,0,0,0,0,0,0],[2,8,7,6,1,1,4,1,3,0,7,1,4,1,0,0,3,0,0,0,0,0,0,0,0,0,0,13]]}