{"Accuracy":0.18919288645690835,"Precision":0.17252611315918345,"Recall":0.18919288645690835,"F1 Score":0.1489369097454508,"Adjusted Rand Index":0.03385247754405933,"Precision by cluster":[0.12183908045977011,0.1578021978021978,0.3101851851851852,0.14354450681635927,0.0,0.1643835616438356,0.5335820895522388,0.17105263157894737,0.3584905660377358,0.1559633027522936,0.2033898305084746,0.23076923076923078,0.1939218523878437,0.058823529411764705,0.0,0.0,0.21764705882352942,0.0,0.42857142857142855,0.0625,0.0,0.08333333333333333,0.0,0.4583333333333333,0.0,0.0,0.0,0.0],"Recall by cluster":[0.07851851851851852,0.6136752136752137,0.33444259567387685,0.36016096579476864,0.0,0.16363636363636364,0.35572139303482586,0.32098765432098764,0.06666666666666667,0.05537459283387622,0.08921933085501858,0.09012875536480687,0.5037593984962406,0.004201680672268907,0.0,0.0,0.20670391061452514,0.0,0.02112676056338028,0.008620689655172414,0.0,0.034782608695652174,0.0,0.11,0.0,0.0,0.0,0.0],"F1 score by cluster":[0.09549549549549549,0.25104895104895103,0.32185748598879105,0.20527522935779816,0.0,0.16400911161731208,0.42686567164179107,0.22317596566523606,0.11242603550295859,0.08173076923076923,0.12403100775193798,0.12962962962962962,0.2800417972831766,0.00784313725490196,0.0,0.0,0.21203438395415472,0.0,0.040268456375838924,0.015151515151515152,0.0,0.049079754601226995,0.0,0.1774193548387097,0.0,0.0,0.0,0.0],"confusion_matrix":[[53,216,62,127,3,39,12,67,2,13,12,8,45,0,0,0,7,0,1,0,0,7,0,0,0,0,1,0],[27,359,6,82,1,10,8,6,2,9,9,5,37,3,0,0,15,0,0,0,0,4,0,1,0,0,1,0],[41,96,201,89,2,47,2,97,2,5,2,2,10,1,0,0,1,0,0,0,0,2,0,0,0,0,1,0],[39,154,13,179,0,34,0,33,1,9,5,3,14,0,0,0,8,0,0,2,0,3,0,0,0,0,0,0],[32,101,83,79,0,35,1,76,4,7,2,1,13,1,0,2,1,0,0,0,0,3,0,1,0,0,0,0],[26,122,13,108,0,72,0,67,0,4,3,4,11,0,0,2,2,0,0,1,0,4,0,1,0,0,0,0],[9,86,6,21,3,4,143,1,0,3,3,9,101,2,0,0,9,0,0,0,0,1,0,1,0,0,0,0],[31,37,56,57,2,14,1,104,1,2,2,0,16,0,0,1,0,0,0,0,0,0,0,0,0,0,0,0],[12,66,39,26,8,14,9,6,19,6,4,2,43,1,0,0,24,0,3,1,0,1,0,1,0,0,0,0],[23,83,17,73,1,34,2,29,0,17,2,2,13,0,0,0,7,0,0,1,0,2,0,0,0,0,1,0],[10,125,3,37,1,8,22,3,0,1,24,1,19,3,0,0,6,0,0,4,0,1,0,0,0,0,1,0],[11,94,2,30,0,10,6,0,0,3,3,21,47,1,0,0,1,0,0,1,0,1,0,2,0,0,0,0],[12,53,1,20,0,2,5,2,1,12,1,5,134,1,0,0,10,0,0,2,0,4,0,0,0,0,1,0],[7,125,8,27,1,5,13,0,2,4,4,5,21,1,0,0,8,0,0,0,0,1,0,4,0,0,2,0],[11,68,46,32,0,18,7,23,1,3,1,3,11,1,0,0,3,0,0,0,0,1,0,0,0,0,0,0],[10,53,15,49,2,24,3,32,0,1,1,3,8,0,0,0,1,0,0,0,0,0,0,0,0,0,0,0],[9,47,2,16,0,2,8,0,5,2,1,1,46,1,0,0,37,0,0,0,0,2,0,0,0,0,0,0],[5,53,12,24,1,7,5,8,2,1,2,1,11,0,0,1,1,0,0,1,0,0,0,1,0,0,0,0],[14,33,19,14,3,8,4,8,3,1,4,0,14,0,0,0,13,0,3,0,0,0,0,1,0,0,0,0],[4,45,1,16,0,5,5,1,2,0,12,0,18,0,0,0,4,0,0,1,0,1,0,0,0,0,1,0],[4,61,1,15,1,0,2,0,0,1,4,1,11,0,0,0,2,0,0,0,0,3,0,0,0,0,1,0],[6,47,4,25,1,1,2,3,0,0,8,0,11,1,0,0,2,0,0,0,0,4,0,0,0,0,0,0],[13,19,10,16,0,14,0,20,0,1,1,1,2,0,0,0,1,0,0,1,0,0,0,0,0,0,0,0],[8,31,1,8,0,5,5,1,0,1,0,10,17,0,0,0,1,0,0,1,0,0,0,11,0,0,0,0],[8,33,0,26,0,8,0,2,0,1,0,2,4,0,0,0,1,0,0,0,0,1,0,0,0,0,0,0],[5,18,17,22,0,10,0,14,0,1,1,0,4,0,0,0,0,0,0,0,0,0,0,0,0,0,0,0],[3,34,1,20,0,6,1,0,0,0,5,0,7,0,0,0,3,0,0,0,0,1,0,0,0,0,0,0],[2,16,9,9,1,2,2,5,6,1,2,1,3,0,0,0,2,0,0,0,0,1,0,0,0,0,0,0]]}