{"Accuracy":0.12051983584131327,"Precision":0.1078851182713554,"Recall":0.12051983584131327,"F1 Score":0.06856237029038129,"Adjusted Rand Index":0.011020005037637354,"Precision by cluster":[0.15384615384615385,0.09204368174726989,0.20168067226890757,0.09923664122137404,0.0,0.0,0.45252525252525255,0.0,0.11764705882352941,0.0,0.05058365758754864,0.4,0.1404494382022472,0.2,0.0,0.0,0.08385744234800839,0.0,0.0,0.0,0.0,0.0,0.0,0.0,0.0,0.0,0.0,0.4],"Recall by cluster":[0.015552099533437015,0.7480190174326465,0.03927986906710311,0.026530612244897958,0.0,0.0,0.5544554455445545,0.0,0.09646302250803858,0.0,0.04710144927536232,0.007662835249042145,0.20833333333333334,0.004081632653061225,0.0,0.0,0.23121387283236994,0.0,0.0,0.0,0.0,0.0,0.0,0.0,0.0,0.0,0.0,0.03225806451612903],"F1 score by cluster":[0.02824858757062147,0.16391734676159056,0.06575342465753424,0.04186795491143317,0.0,0.0,0.4983314794215795,0.0,0.10600706713780919,0.0,0.04878048780487805,0.015037593984962405,0.16778523489932887,0.008,0.0,0.0,0.12307692307692308,0.0,0.0,0.0,0.0,0.0,0.0,0.0,0.0,0.0,0.0,0.05970149253731343],"confusion_matrix":[[10,485,9,12,0,0,17,0,26,1,27,0,25,0,0,0,31,0,0,0,0,0,0,0,0,0,0,0],[4,472,7,11,0,0,15,0,40,0,24,0,24,0,0,0,34,0,0,0,0,0,0,0,0,0,0,0],[15,456,24,21,0,1,5,0,8,0,28,0,18,1,0,0,33,0,0,0,0,0,0,0,0,0,0,1],[3,392,3,13,0,0,3,0,5,1,24,0,18,0,0,0,28,0,0,0,0,0,0,0,0,0,0,0],[4,348,15,6,0,0,5,0,13,1,21,0,6,0,0,0,25,0,0,0,0,0,0,0,0,0,0,0],[1,362,6,11,0,0,0,0,10,1,22,0,8,0,0,0,15,0,0,0,0,0,0,0,0,0,0,0],[1,127,3,1,0,0,224,0,8,0,3,0,25,0,0,0,12,0,0,0,0,0,0,0,0,0,0,0],[5,226,9,14,0,1,1,0,1,0,14,0,11,0,0,0,30,0,0,0,0,0,0,0,0,0,0,0],[4,198,4,1,0,1,16,0,30,0,7,0,19,0,0,0,29,0,0,0,0,0,0,0,0,0,0,2],[4,227,3,7,0,0,3,0,2,0,9,0,6,0,0,0,21,0,0,0,0,0,0,0,0,0,0,0],[1,200,0,4,0,0,19,0,12,0,13,0,13,0,0,0,14,0,0,0,0,0,0,0,0,0,0,0],[0,158,3,2,0,0,26,0,7,0,8,2,31,2,0,0,22,0,0,0,0,0,0,0,0,0,0,0],[0,112,1,0,0,0,36,0,9,0,1,2,50,0,0,0,29,0,0,0,0,0,0,0,0,0,0,0],[2,179,5,1,0,0,27,0,12,0,5,0,7,1,0,0,6,0,0,0,0,0,0,0,0,0,0,0],[0,159,6,7,0,2,6,0,10,0,7,0,6,0,0,0,12,0,0,0,0,0,0,0,0,0,0,0],[1,183,3,5,0,0,2,0,1,0,6,0,7,0,0,0,16,0,0,0,0,0,0,0,0,0,0,0],[0,69,2,0,0,0,31,0,7,0,3,0,21,0,0,0,40,0,0,0,0,0,0,0,0,0,0,0],[3,92,4,0,0,0,10,0,2,0,2,0,2,0,0,0,4,0,0,0,0,0,0,0,0,0,0,0],[2,75,2,3,0,0,12,0,10,1,5,0,7,0,0,0,11,0,0,0,0,0,0,0,0,0,0,0],[0,83,0,0,0,0,12,0,4,0,2,0,10,0,0,0,8,0,0,0,0,0,0,0,0,0,0,0],[0,84,0,2,0,0,5,0,8,0,4,0,8,1,0,0,13,0,0,0,0,0,0,0,0,0,0,0],[2,81,0,2,0,0,5,0,7,0,4,0,10,0,0,0,17,0,0,0,0,0,0,0,0,0,0,0],[0,93,4,1,0,0,0,0,4,0,7,0,0,0,0,0,7,0,0,0,0,0,0,0,0,0,0,0],[2,59,1,1,0,0,6,0,3,1,3,1,9,0,0,0,7,0,0,0,0,0,0,0,0,0,0,0],[0,70,1,2,0,0,1,0,2,0,2,0,4,0,0,0,3,0,0,0,0,0,0,0,0,0,0,0],[0,53,2,3,0,1,1,0,1,0,3,0,0,0,0,0,2,0,0,0,0,0,0,0,0,0,0,0],[0,59,0,0,0,0,1,0,1,0,1,0,5,0,0,0,4,0,0,0,0,0,0,0,0,0,0,0],[1,26,2,1,0,0,6,0,12,0,2,0,6,0,0,0,4,0,0,0,0,0,0,0,0,0,0,2]]}