{"Accuracy":0.12024623803009576,"Precision":0.09346085322372683,"Recall":0.12024623803009576,"F1 Score":0.0686755080067718,"Adjusted Rand Index":0.009981671144371158,"Precision by cluster":[0.12222222222222222,0.09476780836310149,0.22972972972972974,0.07042253521126761,0.0,0.0875,0.38945578231292516,0.0,0.22,0.0,0.07303370786516854,0.1,0.10586552217453506,0.0,0.0,0.0,0.062111801242236024,0.0,0.0,0.0,0.0,0.0,0.0,0.0,0.0,0.0,0.0,0.38095238095238093],"Recall by cluster":[0.03421461897356143,0.7147385103011094,0.027823240589198037,0.07142857142857142,0.0,0.016055045871559634,0.5668316831683168,0.0,0.03536977491961415,0.0,0.04710144927536232,0.007662835249042145,0.30833333333333335,0.0,0.0,0.0,0.057803468208092484,0.0,0.0,0.0,0.0,0.0,0.0,0.0,0.0,0.0,0.0,0.12903225806451613],"F1 score by cluster":[0.053462940461725394,0.1673469387755102,0.049635036496350364,0.07092198581560284,0.0,0.027131782945736434,0.46169354838709675,0.0,0.060941828254847646,0.0,0.05726872246696035,0.014234875444839857,0.15761448349307774,0.0,0.0,0.0,0.059880239520958084,0.0,0.0,0.0,0.0,0.0,0.0,0.0,0.0,0.0,0.0,0.1927710843373494],"confusion_matrix":[[22,450,7,53,0,7,26,0,3,0,21,1,40,0,0,0,13,0,0,0,0,0,0,0,0,0,0,0],[14,451,5,30,0,6,20,0,4,0,21,1,58,0,0,0,21,0,0,0,0,0,0,0,0,0,0,0],[24,386,17,85,0,16,9,0,2,0,22,0,41,0,0,0,7,0,0,0,0,0,0,0,0,0,0,2],[13,368,4,35,0,1,7,0,2,0,13,3,27,0,0,0,17,0,0,0,0,0,0,0,0,0,0,0],[15,322,9,38,0,7,5,0,1,1,12,0,28,0,0,0,4,0,0,0,0,0,0,0,0,0,0,2],[8,333,4,44,0,7,1,0,0,0,10,1,21,0,0,0,7,0,0,0,0,0,0,0,0,0,0,0],[4,116,1,8,0,1,229,0,4,0,5,1,34,0,0,0,1,0,0,0,0,0,0,0,0,0,0,0],[9,194,8,39,0,5,4,0,1,0,5,2,30,0,0,0,15,0,0,0,0,0,0,0,0,0,0,0],[4,192,2,18,0,2,22,0,11,0,2,0,49,1,0,0,6,0,0,0,0,0,0,0,0,0,0,2],[11,196,1,24,0,3,5,0,0,0,10,1,20,0,0,0,11,0,0,0,0,0,0,0,0,0,0,0],[3,200,0,6,0,2,20,0,2,0,13,0,27,0,0,0,3,0,0,0,0,0,0,0,0,0,0,0],[2,151,1,10,0,2,35,0,0,0,4,2,49,0,0,0,4,0,0,0,0,0,0,0,0,0,0,1],[0,103,0,2,0,0,53,0,0,0,1,3,74,0,0,0,4,0,0,0,0,0,0,0,0,0,0,0],[9,166,1,12,0,0,31,0,6,0,6,1,11,0,0,0,1,0,0,0,0,0,0,0,0,0,0,1],[10,145,4,20,0,4,7,0,1,0,5,1,12,0,0,0,4,0,0,0,0,0,0,0,0,0,0,2],[7,151,1,23,0,6,3,0,0,0,5,0,19,0,0,0,9,0,0,0,0,0,0,0,0,0,0,0],[0,74,0,4,0,0,41,0,1,0,0,1,42,0,0,0,10,0,0,0,0,0,0,0,0,0,0,0],[2,87,3,4,1,0,10,0,1,0,3,0,8,0,0,0,0,0,0,0,0,0,0,0,0,0,0,0],[4,76,1,5,0,1,14,0,2,0,5,0,15,0,0,0,2,0,0,0,0,0,0,0,0,0,0,3],[0,83,0,1,0,0,15,0,2,0,2,0,13,0,0,0,3,0,0,0,0,0,0,0,0,0,0,0],[1,93,0,3,0,0,6,0,1,0,1,0,15,0,0,0,5,0,0,0,0,0,0,0,0,0,0,0],[3,81,0,6,0,0,8,0,1,0,2,0,22,0,0,0,5,0,0,0,0,0,0,0,0,0,0,0],[3,86,2,10,0,2,0,0,1,0,2,0,6,0,0,0,4,0,0,0,0,0,0,0,0,0,0,0],[4,60,1,1,0,0,8,0,0,0,3,1,13,0,0,0,2,0,0,0,0,0,0,0,0,0,0,0],[0,69,1,4,0,2,1,0,0,0,2,0,6,0,0,0,0,0,0,0,0,0,0,0,0,0,0,0],[4,45,0,9,0,4,0,0,0,0,1,0,2,0,0,0,1,0,0,0,0,0,0,0,0,0,0,0],[2,54,0,1,0,0,2,0,0,0,1,0,10,0,0,0,1,0,0,0,0,0,0,0,0,0,0,0],[2,27,1,2,0,2,6,0,4,0,1,1,7,0,0,0,1,0,0,0,0,0,0,0,0,0,0,8]]}