{"Accuracy":0.10205198358413133,"Precision":0.0970124422637802,"Recall":0.10205198358413133,"F1 Score":0.07844754127276791,"Adjusted Rand Index":0.01326316044057319,"Precision by cluster":[0.12580645161290321,0.07508532423208192,0.10298229263746506,0.09023789991796555,0.08108108108108109,0.07296137339055794,0.5018315018315018,0.2,0.08357348703170028,0.06467661691542288,0.06779661016949153,0.0,0.21904761904761905,0.06299212598425197,0.0,0.0,0.05694915254237288,0.0,0.0,0.0,0.0,0.0,0.0,0.0,0.0,0.0,0.0,0.0],"Recall by cluster":[0.060653188180404355,0.03486529318541997,0.3617021276595745,0.22448979591836735,0.006756756756756757,0.0779816513761468,0.33910891089108913,0.009615384615384616,0.0932475884244373,0.04609929078014184,0.07246376811594203,0.0,0.09583333333333334,0.0326530612244898,0.0,0.0,0.48554913294797686,0.0,0.0,0.0,0.0,0.0,0.0,0.0,0.0,0.0,0.0,0.0],"F1 score by cluster":[0.08184679958027283,0.047619047619047616,0.16031918752266958,0.12873025160912815,0.012474012474012475,0.07538802660753881,0.40472673559822747,0.01834862385321101,0.08814589665653495,0.053830227743271224,0.07005253940455342,0.0,0.13333333333333333,0.043010752688172046,0.0,0.0,0.10194174757281553,0.0,0.0,0.0,0.0,0.0,0.0,0.0,0.0,0.0,0.0,0.0],"confusion_matrix":[[39,32,207,132,6,42,11,0,21,16,25,0,3,16,0,0,93,0,0,0,0,0,0,0,0,0,0,0],[27,22,222,98,9,45,9,1,9,13,27,0,8,14,0,0,127,0,0,0,0,0,0,0,0,0,0,0],[30,29,221,123,3,50,2,0,8,15,37,0,3,9,0,0,81,0,0,0,0,0,0,0,0,0,0,0],[26,30,147,110,1,36,1,0,7,19,26,0,9,5,0,0,73,0,0,0,0,0,0,0,0,0,0,0],[26,19,138,91,3,35,1,3,6,11,20,0,4,14,0,0,73,0,0,0,0,0,0,0,0,0,0,0],[17,14,166,102,0,34,0,0,0,21,20,0,3,5,0,0,54,0,0,0,0,0,0,0,0,0,0,0],[8,5,40,20,1,14,137,1,88,4,12,0,6,4,0,0,64,0,0,0,0,0,0,0,0,0,0,0],[14,19,92,67,0,15,1,3,3,13,12,1,4,0,0,0,68,0,0,0,0,0,0,0,0,0,0,0],[8,11,96,34,1,23,4,1,29,3,4,0,2,8,0,0,87,0,0,0,0,0,0,0,0,0,0,0],[9,8,96,63,1,14,0,2,4,13,10,0,1,4,0,0,57,0,0,0,0,0,0,0,0,0,0,0],[12,12,61,52,3,25,10,0,14,7,20,0,3,3,0,0,54,0,0,0,0,0,0,0,0,0,0,0],[8,7,54,27,1,14,15,0,16,8,10,0,11,5,0,0,85,0,0,0,0,0,0,0,0,0,0,0],[4,9,16,17,0,1,24,0,23,3,3,0,23,0,0,0,117,0,0,0,0,0,0,0,0,0,0,0],[14,13,69,34,1,20,17,0,19,3,11,0,3,8,0,0,33,0,0,0,0,0,0,0,0,0,0,0],[11,7,87,35,0,16,4,0,8,6,9,0,0,1,0,0,31,0,0,0,0,0,0,0,0,0,0,0],[8,10,87,45,1,16,0,1,4,6,7,0,0,4,0,0,35,0,0,0,0,0,0,0,0,0,0,0],[3,5,23,8,0,1,10,0,26,3,6,0,4,0,0,0,84,0,0,0,0,0,0,0,0,0,0,0],[12,3,35,14,0,11,6,0,2,4,1,0,0,8,0,0,23,0,0,0,0,0,0,0,0,0,0,0],[3,3,34,13,0,6,2,1,17,7,6,0,3,3,0,0,30,0,0,0,0,0,0,0,0,0,0,0],[3,8,22,21,1,5,7,0,9,8,1,0,3,0,0,0,31,0,0,0,0,0,0,0,0,0,0,0],[2,5,37,15,2,5,3,1,3,3,6,0,0,7,0,0,36,0,0,0,0,0,0,0,0,0,0,0],[6,6,29,23,0,5,3,0,4,2,7,0,2,0,0,0,41,0,0,0,0,0,0,0,0,0,0,0],[4,3,53,22,0,8,0,0,0,5,3,0,0,2,0,0,16,0,0,0,0,0,0,0,0,0,0,0],[2,3,29,8,0,5,3,0,6,2,2,0,5,3,0,0,25,0,0,0,0,0,0,0,0,0,0,0],[6,4,32,16,1,9,0,0,2,1,2,0,0,0,0,0,12,0,0,0,0,0,0,0,0,0,0,0],[4,3,24,13,1,3,0,1,0,0,5,0,1,2,0,0,9,0,0,0,0,0,0,0,0,0,0,0],[4,3,13,10,1,4,0,0,2,4,3,0,1,0,0,0,26,0,0,0,0,0,0,0,0,0,0,0],[0,0,16,6,0,4,3,0,17,1,0,0,3,2,0,0,10,0,0,0,0,0,0,0,0,0,0,0]]}