{"Accuracy":0.11272229822161423,"Precision":0.08029572022432455,"Recall":0.11272229822161423,"F1 Score":0.07107302557363053,"Adjusted Rand Index":0.013864834768465338,"Precision by cluster":[0.11092985318107668,0.088,0.09512341962673089,0.09829059829059829,0.0,0.0,0.5158730158730159,0.0,0.13157894736842105,0.0,0.10526315789473684,0.0,0.2,0.06666666666666667,0.0,0.0,0.06418092909535453,0.0,0.0,0.0,0.0,0.0,0.0,0.0,0.0,0.0,0.0,0.0],"Recall by cluster":[0.2115085536547434,0.03486529318541997,0.5171849427168577,0.04693877551020408,0.0,0.0,0.48267326732673266,0.0,0.03215434083601286,0.0,0.014492753623188406,0.0,0.025,0.02857142857142857,0.0,0.0,0.6069364161849711,0.0,0.0,0.0,0.0,0.0,0.0,0.0,0.0,0.0,0.0,0.0],"F1 score by cluster":[0.14553237025147137,0.049943246311010214,0.16069158403254513,0.06353591160220995,0.0,0.0,0.49872122762148335,0.0,0.05167958656330749,0.0,0.025477707006369428,0.0,0.044444444444444446,0.04,0.0,0.0,0.11608623548922056,0.0,0.0,0.0,0.0,0.0,0.0,0.0,0.0,0.0,0.0,0.0],"confusion_matrix":[[136,24,319,28,0,1,14,0,4,0,2,0,3,14,0,0,98,0,0,0,0,0,0,0,0,0,0,0],[115,22,329,15,1,0,11,2,1,0,4,0,1,11,0,0,119,0,0,0,0,0,0,0,0,0,0,0],[135,36,316,26,0,0,1,0,4,0,5,0,1,4,0,0,83,0,0,0,0,0,0,0,0,0,0,0],[86,15,258,23,0,1,1,0,1,0,5,0,0,4,0,0,96,0,0,0,0,0,0,0,0,0,0,0],[98,21,209,24,0,0,1,1,2,0,0,0,0,9,0,0,79,0,0,0,0,0,0,0,0,0,0,0],[84,14,256,24,0,0,0,0,0,0,2,0,1,5,0,0,50,0,0,0,0,0,0,0,0,0,0,0],[44,11,58,1,0,0,195,0,7,0,0,0,2,4,0,0,82,0,0,0,0,0,0,0,0,0,0,0],[50,10,161,8,0,1,1,0,2,0,2,0,3,1,0,0,73,0,0,0,0,0,0,0,0,0,0,0],[46,8,127,5,0,0,9,0,10,0,1,0,1,7,0,0,97,0,0,0,0,0,0,0,0,0,0,0],[51,9,143,13,1,0,1,0,0,0,0,0,1,3,0,0,60,0,0,0,0,0,0,0,0,0,0,0],[47,8,121,12,0,3,14,0,3,0,4,0,0,2,0,0,62,0,0,0,0,0,0,0,0,0,0,0],[41,8,86,6,0,0,16,0,3,0,0,0,3,6,0,0,92,0,0,0,0,0,0,0,0,0,0,0],[13,2,45,2,0,0,29,0,1,0,0,0,6,0,0,0,142,0,0,0,0,0,0,0,0,0,0,0],[43,13,104,5,0,0,23,0,8,0,2,0,2,7,0,0,38,0,0,0,0,0,0,0,0,0,0,0],[38,3,117,8,0,0,5,0,2,0,1,0,1,1,0,0,39,0,0,0,0,0,0,0,0,0,0,0],[33,5,136,5,0,1,1,0,2,0,0,0,0,3,0,0,38,0,0,0,0,0,0,0,0,0,0,0],[13,6,28,1,0,0,17,0,3,0,0,0,0,0,0,0,105,0,0,0,0,0,0,0,0,0,0,0],[20,5,54,2,0,1,8,0,1,0,0,0,0,6,0,0,22,0,0,0,0,0,0,0,0,0,0,0],[16,0,58,1,0,0,6,0,5,0,1,0,0,1,0,0,40,0,0,0,0,0,0,0,0,0,0,0],[12,8,53,3,0,1,8,0,1,0,0,0,1,0,0,0,32,0,0,0,0,0,0,0,0,0,0,0],[16,3,51,4,0,0,3,0,0,0,2,0,0,9,0,0,37,0,0,0,0,0,0,0,0,0,0,0],[15,5,51,7,0,0,3,0,0,0,4,0,1,1,0,0,41,0,0,0,0,0,0,0,0,0,0,0],[23,1,70,3,0,1,0,0,1,0,0,0,0,1,0,0,16,0,0,0,0,0,0,0,0,0,0,0],[12,4,39,1,0,0,6,0,0,0,0,0,1,3,0,0,27,0,0,0,0,0,0,0,0,0,0,0],[14,2,50,1,0,0,1,0,0,0,0,0,0,0,0,0,17,0,0,0,0,0,0,0,0,0,0,0],[15,3,33,3,0,0,0,0,1,0,1,0,0,0,0,0,10,0,0,0,0,0,0,0,0,0,0,0],[6,3,29,1,0,0,0,0,1,0,2,0,0,1,0,0,28,0,0,0,0,0,0,0,0,0,0,0],[4,1,21,2,0,0,4,0,13,0,0,0,2,2,0,0,13,0,0,0,0,0,0,0,0,0,0,0]]}