{"Accuracy":0.14528043775649796,"Precision":0.12297503100825327,"Recall":0.14528043775649796,"F1 Score":0.10940193047956016,"Adjusted Rand Index":0.026701808566746605,"Precision by cluster":[0.12322274881516587,0.12210526315789473,0.22272727272727272,0.09455842997323818,0.10869565217391304,0.1875,0.39625850340136054,0.078125,0.13478260869565217,0.0898876404494382,0.07974816369359916,0.2698412698412698,0.12256267409470752,0.07731958762886598,0.0,0.0,0.09851301115241635,0.0,0.0,0.0,0.0,0.0,0.0,0.0,0.0,0.0,0.0,0.3333333333333333],"Recall by cluster":[0.04043545878693624,0.3676703645007924,0.32078559738134205,0.2163265306122449,0.01126126126126126,0.020642201834862386,0.5767326732673267,0.016025641025641024,0.09967845659163987,0.028368794326241134,0.2753623188405797,0.06513409961685823,0.18333333333333332,0.061224489795918366,0.0,0.0,0.3063583815028902,0.0,0.0,0.0,0.0,0.0,0.0,0.0,0.0,0.0,0.0,0.0967741935483871],"F1 score by cluster":[0.06088992974238876,0.1833267483208218,0.26291079812206575,0.13159528243327126,0.02040816326530612,0.0371900826446281,0.46975806451612906,0.026595744680851064,0.11460258780036968,0.0431266846361186,0.12367778681855167,0.10493827160493827,0.14691151919866444,0.0683371298405467,0.0,0.0,0.1490857946554149,0.0,0.0,0.0,0.0,0.0,0.0,0.0,0.0,0.0,0.0,0.15],"confusion_matrix":[[26,192,89,118,6,3,23,9,21,9,72,2,24,24,0,0,25,0,0,0,0,0,0,0,0,0,0,0],[13,232,29,74,5,1,22,2,27,10,112,6,26,23,0,0,48,0,1,0,0,0,0,0,0,0,0,0],[12,122,196,138,8,8,9,7,10,1,48,3,15,13,0,0,20,0,0,0,0,0,0,0,0,0,0,1],[23,139,34,106,2,0,10,4,6,10,96,5,14,9,0,0,32,0,0,0,0,0,0,0,0,0,0,0],[17,124,72,82,5,6,6,7,12,5,63,0,10,16,0,0,17,0,1,0,0,0,0,0,0,0,0,1],[16,131,49,98,2,9,2,7,6,4,75,0,10,13,0,0,14,0,0,0,0,0,0,0,0,0,0,0],[3,52,18,15,0,0,233,0,10,0,19,2,20,9,0,0,21,0,2,0,0,0,0,0,0,0,0,0],[13,48,93,76,2,3,3,5,3,4,31,3,9,0,0,0,19,0,0,0,0,0,0,0,0,0,0,0],[7,79,29,30,0,4,17,2,31,2,27,1,24,12,0,0,42,0,1,0,0,0,0,0,0,0,0,3],[13,66,37,60,3,3,5,5,4,8,35,2,9,8,0,0,24,0,0,0,0,0,0,0,0,0,0,0],[9,86,4,28,1,1,23,0,9,3,76,0,15,0,0,0,21,0,0,0,0,0,0,0,0,0,0,0],[5,60,11,24,2,0,33,1,12,3,24,17,31,11,0,0,27,0,0,0,0,0,0,0,0,0,0,0],[7,46,8,11,0,0,50,1,7,2,13,8,44,1,0,0,42,0,0,0,0,0,0,0,0,0,0,0],[5,83,17,19,1,0,32,0,14,1,38,0,10,15,0,0,7,0,0,0,0,0,0,0,0,0,0,3],[8,60,42,43,1,0,10,0,7,1,22,2,3,2,0,0,12,0,1,0,0,0,0,0,0,0,0,1],[5,60,43,47,2,2,4,6,0,2,27,1,7,5,0,0,13,0,0,0,0,0,0,0,0,0,0,0],[3,22,8,9,0,0,30,1,7,1,10,1,25,1,0,0,53,0,2,0,0,0,0,0,0,0,0,0],[5,38,13,13,1,2,10,1,2,0,14,1,2,7,0,0,10,0,0,0,0,0,0,0,0,0,0,0],[3,30,13,11,1,1,13,1,10,2,14,1,9,1,0,0,15,0,0,0,0,0,0,0,0,0,0,3],[5,33,4,14,0,0,14,1,3,4,23,0,9,0,0,0,9,0,0,0,0,0,0,0,0,0,0,0],[2,35,5,12,0,0,8,1,6,3,22,0,9,10,0,0,12,0,0,0,0,0,0,0,0,0,0,0],[4,38,3,14,0,0,8,0,6,6,17,4,12,1,0,0,15,0,0,0,0,0,0,0,0,0,0,0],[1,26,19,32,1,1,2,0,1,2,18,0,1,4,0,0,8,0,0,0,0,0,0,0,0,0,0,0],[3,23,10,6,0,0,12,2,1,1,9,4,9,5,0,0,8,0,0,0,0,0,0,0,0,0,0,0],[1,26,9,17,1,1,1,0,1,2,19,0,2,2,0,0,3,0,0,0,0,0,0,0,0,0,0,0],[2,18,18,13,1,1,0,1,1,1,7,0,1,0,0,0,2,0,0,0,0,0,0,0,0,0,0,0],[0,19,3,6,1,0,2,0,5,2,16,0,4,0,0,0,13,0,0,0,0,0,0,0,0,0,0,0],[0,12,4,5,0,2,6,0,8,0,6,0,5,2,0,0,6,0,0,0,0,0,0,0,0,0,0,6]]}