{"Accuracy":0.11272229822161423,"Precision":0.057350186649987304,"Recall":0.11272229822161423,"F1 Score":0.05112153903576379,"Adjusted Rand Index":0.014067529827543761,"Precision by cluster":[0.0375,0.04,0.09577663898215233,0.0,0.0,0.0,0.48639455782312924,0.13333333333333333,0.07614213197969544,0.0,0.0,0.0,0.13162118780096307,0.0,0.0,0.0,0.10396039603960396,0.0,0.0,0.0,0.0,0.0,0.0,0.0,0.0,0.0,0.0,0.0],"Recall by cluster":[0.004665629860031105,0.001584786053882726,0.8870703764320785,0.0,0.0,0.0,0.35396039603960394,0.00641025641025641,0.09646302250803858,0.0,0.0,0.0,0.3416666666666667,0.0,0.0,0.0,0.12138728323699421,0.0,0.0,0.0,0.0,0.0,0.0,0.0,0.0,0.0,0.0,0.0],"F1 score by cluster":[0.008298755186721992,0.003048780487804878,0.17288676236044656,0.0,0.0,0.0,0.40974212034383956,0.012232415902140673,0.0851063829787234,0.0,0.0,0.0,0.19003476245654694,0.0,0.0,0.0,0.112,0.0,0.0,0.0,0.0,0.0,0.0,0.0,0.0,0.0,0.0,0.0],"confusion_matrix":[[3,3,560,0,0,0,10,0,24,0,1,1,29,0,0,0,12,0,0,0,0,0,0,0,0,0,0,0],[3,1,541,0,0,0,8,2,14,0,1,0,46,0,0,0,15,0,0,0,0,0,0,0,0,0,0,0],[7,1,542,0,0,0,1,0,10,0,0,0,35,0,0,0,15,0,0,0,0,0,0,0,0,0,0,0],[11,0,428,0,0,0,1,1,7,0,0,0,31,0,0,0,11,0,0,0,0,0,0,0,0,0,0,0],[4,2,397,0,0,0,2,3,10,0,0,2,15,0,0,0,9,0,0,0,0,0,0,0,0,0,0,0],[3,0,408,0,0,0,0,1,0,0,0,0,18,0,0,0,6,0,0,0,0,0,0,0,0,0,0,0],[4,1,126,0,0,0,143,0,87,0,5,0,32,0,0,0,6,0,0,0,0,0,0,0,0,0,0,0],[6,2,260,0,0,0,1,2,4,0,0,0,21,0,0,0,16,0,0,0,0,0,0,0,0,0,0,0],[4,3,214,0,0,0,4,0,30,0,1,0,43,0,0,0,11,0,0,0,0,0,0,0,0,0,0,1],[4,1,238,0,0,0,3,2,5,0,0,0,19,0,0,0,10,0,0,0,0,0,0,0,0,0,0,0],[5,1,215,0,0,0,12,0,19,0,0,1,21,0,0,0,2,0,0,0,0,0,0,0,0,0,0,0],[3,3,158,0,0,0,13,1,23,0,0,0,49,0,0,0,11,0,0,0,0,0,0,0,0,0,0,0],[3,1,90,0,0,0,28,0,22,0,1,0,82,0,0,0,13,0,0,0,0,0,0,0,0,0,0,0],[3,0,182,0,0,0,19,1,23,0,1,0,13,0,0,0,3,0,0,0,0,0,0,0,0,0,0,0],[3,1,188,0,0,0,2,0,10,0,0,0,8,0,0,0,3,0,0,0,0,0,0,0,0,0,0,0],[3,0,195,0,0,0,1,1,1,0,0,0,18,0,0,0,5,0,0,0,0,0,0,0,0,0,0,0],[5,2,65,0,0,0,12,0,31,0,1,0,36,0,0,0,21,0,0,0,0,0,0,0,0,0,0,0],[0,1,96,0,0,0,6,0,5,0,0,0,8,0,0,0,3,0,0,0,0,0,0,0,0,0,0,0],[1,0,88,0,0,0,4,0,20,0,0,1,10,0,0,0,4,0,0,0,0,0,0,0,0,0,0,0],[0,2,85,0,0,0,8,0,9,0,0,1,14,0,0,0,0,0,0,0,0,0,0,0,0,0,0,0],[0,0,97,0,0,0,3,0,3,0,0,0,15,0,0,0,7,0,0,0,0,0,0,0,0,0,0,0],[1,0,95,0,0,0,3,0,6,0,0,0,20,0,0,0,3,0,0,0,0,0,0,0,0,0,0,0],[0,0,108,0,0,0,0,0,1,0,0,0,3,0,0,0,4,0,0,0,0,0,0,0,0,0,0,0],[2,0,63,0,0,0,3,0,8,0,0,0,14,0,0,0,3,0,0,0,0,0,0,0,0,0,0,0],[0,0,76,0,0,0,1,1,1,0,0,0,4,0,0,0,2,0,0,0,0,0,0,0,0,0,0,0],[1,0,59,0,0,0,0,0,1,0,0,0,3,0,0,0,2,0,0,0,0,0,0,0,0,0,0,0],[1,0,53,0,0,0,1,0,2,0,0,0,10,0,0,0,4,0,0,0,0,0,0,0,0,0,0,0],[0,0,32,0,0,0,5,0,18,0,0,0,6,0,0,0,1,0,0,0,0,0,0,0,0,0,0,0]]}