{"Accuracy":0.15745554035567716,"Precision":0.1156494958353078,"Recall":0.15745554035567716,"F1 Score":0.08737985291040973,"Adjusted Rand Index":0.03405675857238053,"Precision by cluster":[0.09495192307692307,0.1435163820950623,0.15168752370117558,0.10695187165775401,0.0,0.16279069767441862,0.38476190476190475,0.0,1.0,0.0,0.0,0.0,0.14630681818181818,0.0,0.0,0.0,0.0,0.0,0.0,0.0,0.0,0.0,0.0,0.0,0.0,0.0,0.0,0.2962962962962963],"Recall by cluster":[0.13079470198675497,0.5166112956810631,0.6980802792321117,0.07889546351084813,0.0,0.014925373134328358,0.5415549597855228,0.0,0.0034965034965034965,0.0,0.0,0.0,0.40551181102362205,0.0,0.0,0.0,0.0,0.0,0.0,0.0,0.0,0.0,0.0,0.0,0.0,0.0,0.0,0.13559322033898305],"F1 score by cluster":[0.11002785515320335,0.2246298302636331,0.24922118380062305,0.09080590238365494,0.0,0.02734375,0.44988864142538976,0.0,0.006968641114982578,0.0,0.0,0.0,0.2150313152400835,0.0,0.0,0.0,0.0,0.0,0.0,0.0,0.0,0.0,0.0,0.0,0.0,0.0,0.0,0.18604651162790697],"confusion_matrix":[[79,164,278,27,0,4,18,0,0,0,0,0,33,0,0,0,0,0,0,0,0,0,0,0,0,0,0,1],[67,311,117,37,0,2,12,0,0,0,0,0,56,0,0,0,0,0,0,0,0,0,0,0,0,0,0,0],[56,68,400,24,0,0,4,0,0,0,0,0,19,0,0,0,0,0,0,0,0,0,0,0,0,0,0,2],[71,154,201,40,0,3,8,0,0,0,0,0,30,0,0,0,0,0,0,0,0,0,0,0,0,0,0,0],[61,97,232,21,0,5,3,0,0,0,0,0,4,0,0,0,0,0,0,0,0,0,0,0,0,0,0,1],[67,109,248,24,0,7,4,0,0,0,0,0,10,0,0,0,0,0,0,0,0,0,0,0,0,0,0,0],[14,70,27,12,0,2,202,0,0,0,0,0,46,0,0,0,0,0,0,0,0,0,0,0,0,0,0,0],[34,37,244,24,0,3,5,0,0,0,0,0,15,0,0,0,0,0,0,0,0,0,0,0,0,0,0,0],[29,93,76,7,0,1,23,0,1,0,0,0,49,0,0,0,0,0,0,0,0,0,0,0,0,0,0,7],[40,95,113,19,0,0,0,0,0,0,0,0,22,0,0,0,0,0,0,0,0,0,0,0,0,0,0,0],[26,130,47,16,0,1,25,0,0,0,0,0,27,0,0,0,0,0,0,0,0,0,0,0,0,0,0,0],[33,84,43,9,0,0,29,0,0,0,0,0,62,0,0,0,0,0,0,0,0,0,0,0,0,0,0,0],[18,61,9,11,0,1,51,0,0,0,0,0,103,0,0,0,0,0,0,0,0,0,0,0,0,0,0,0],[41,95,51,10,0,1,26,0,0,0,0,0,22,0,0,0,0,0,0,0,0,0,0,0,0,0,0,4],[25,59,93,12,0,1,10,0,0,0,0,0,18,0,0,0,0,0,0,0,0,0,0,0,0,0,0,3],[26,54,111,9,0,2,0,0,0,0,0,0,6,0,0,0,0,0,0,0,0,0,0,0,0,0,0,0],[9,52,12,7,0,0,35,0,0,0,0,0,71,0,0,0,0,0,0,0,0,0,0,0,0,0,0,0],[13,54,45,8,0,1,8,0,0,0,0,0,6,0,0,0,0,0,0,0,0,0,0,0,0,0,0,1],[17,53,39,2,0,0,15,0,0,0,0,0,21,0,0,0,0,0,0,0,0,0,0,0,0,0,0,0],[11,38,18,6,0,1,11,0,0,0,0,0,21,0,0,0,0,0,0,0,0,0,0,0,0,0,0,0],[17,72,14,8,0,1,6,0,0,0,0,0,14,0,0,0,0,0,0,0,0,0,0,0,0,0,0,0],[15,43,36,7,0,1,4,0,0,0,0,0,16,0,0,0,0,0,0,0,0,0,0,0,0,0,0,0],[14,30,54,9,0,3,0,0,0,0,0,0,2,0,0,0,0,0,0,0,0,0,0,0,0,0,0,0],[19,27,17,1,0,0,13,0,0,0,0,0,8,0,0,0,0,0,0,0,0,0,0,0,0,0,0,0],[11,39,31,11,0,1,4,0,0,0,0,0,4,0,0,0,0,0,0,0,0,0,0,0,0,0,0,0],[11,17,52,8,0,1,2,0,0,0,0,0,0,0,0,0,0,0,0,0,0,0,0,0,0,0,0,0],[5,45,11,3,0,1,1,0,0,0,0,0,13,0,0,0,0,0,0,0,0,0,0,0,0,0,0,0],[3,16,18,2,0,0,6,0,0,0,0,0,6,0,0,0,0,0,0,0,0,0,0,0,0,0,0,8]],"epoch_accuracies":[[0.08800328302402992,0.1082030003191829,0.11239797546851489,0.11121243901326888,0.11563540194245589,0.11782408462906388,0.12179107199854088,0.12762755916282886,0.12958825406958188,0.13059140030094388,0.13651908257717385,0.13934613104737587,0.14007569194291186,0.14331311841685285,0.14536500843554787,0.14563859377137386,0.14796406912589485,0.14851123979754685,0.15256942227896586,0.15156627604760384,0.15325338561853086,0.15480370252154485,0.15101910537595184,0.15617162920067484,0.15525967808125485,0.16086817746568785,0.15826911677534083,0.16045779946194885,0.15826911677534083,0.16237289681273084],[0.11108071135430916,0.11477428180574556,0.11723666210670315,0.13187414500683994,0.12694938440492476,0.13830369357045144,0.13939808481532148,0.14076607387140902,0.13214774281805747,0.14596443228454173,0.14473324213406294,0.14979480164158687,0.14651162790697675,0.14733242134062927,0.14856361149110808,0.1511627906976744,0.15280437756497947,0.15198358413132695,0.15225718194254445,0.15225718194254445,0.15280437756497947,0.1538987688098495,0.15567715458276335,0.15636114911080712,0.1540355677154583,0.1548563611491108,0.15512995896032833,0.15786593707250343,0.16073871409028728,0.1575923392612859]]}