{"Accuracy":0.11135430916552667,"Precision":0.08371264976757173,"Recall":0.11135430916552667,"F1 Score":0.07344217879238449,"Adjusted Rand Index":0.016887727675115177,"Precision by cluster":[0.11594202898550725,0.10483210483210484,0.11442786069651742,0.08166470357283079,0.0,0.07142857142857142,0.5014577259475219,0.07142857142857142,0.1111111111111111,0.05714285714285714,0.038834951456310676,0.0,0.11522965350523771,0.0,0.0,0.0,0.04918032786885246,0.0,0.0,0.0,0.0,0.0,0.0,0.0,0.0,0.0,0.0,0.2857142857142857],"Recall by cluster":[0.011922503725782414,0.21658206429780033,0.15257048092868988,0.41851106639839036,0.0,0.018018018018018018,0.43,0.006153846153846154,0.011494252873563218,0.0353356890459364,0.014184397163120567,0.0,0.6059322033898306,0.0,0.0,0.0,0.189873417721519,0.0,0.0,0.0,0.0,0.0,0.0,0.0,0.0,0.0,0.0,0.10714285714285714],"F1 score by cluster":[0.021621621621621623,0.141280353200883,0.13077469793887705,0.1366622864651774,0.0,0.02877697841726619,0.4629878869448183,0.0113314447592068,0.020833333333333332,0.043668122270742356,0.02077922077922078,0.0,0.19363574813811782,0.0,0.0,0.0,0.078125,0.0,0.0,0.0,0.0,0.0,0.0,0.0,0.0,0.0,0.0,0.15584415584415584],"confusion_matrix":[[8,121,99,267,0,10,17,1,2,18,15,0,64,0,0,0,47,0,0,0,0,0,0,0,0,0,0,2],[6,128,49,214,0,10,10,4,0,12,8,0,103,0,0,0,46,0,0,0,0,0,0,0,0,0,0,1],[9,74,92,269,0,14,0,4,5,13,11,2,61,0,0,0,48,0,0,0,0,0,0,0,0,0,0,1],[2,82,56,208,0,7,0,3,0,21,11,0,64,0,0,0,43,0,0,0,0,0,0,0,0,0,0,0],[5,78,75,190,0,6,1,1,2,13,4,0,34,0,0,0,27,0,0,0,0,0,0,0,0,0,0,1],[2,76,57,213,0,8,1,1,0,10,4,1,38,0,0,0,33,0,0,0,0,0,0,0,0,0,0,0],[3,40,18,41,0,2,172,0,0,3,0,0,101,0,0,0,20,0,0,0,0,0,0,0,0,0,0,0],[0,48,32,130,0,3,0,2,3,19,7,0,48,0,0,0,33,0,0,0,0,0,0,0,0,0,0,0],[6,39,28,77,0,3,10,1,3,2,1,0,59,0,0,0,28,0,0,0,0,0,0,0,0,0,0,4],[2,46,42,108,0,5,0,1,0,10,2,2,40,0,0,0,25,0,0,0,0,0,0,0,0,0,0,0],[6,60,22,95,0,3,18,0,0,3,4,0,48,0,0,0,23,0,0,0,0,0,0,0,0,0,0,0],[4,46,27,69,0,9,11,0,1,3,7,0,77,0,0,0,22,0,0,0,0,0,0,0,0,0,0,0],[1,23,3,17,0,0,21,0,0,3,1,0,143,0,0,0,24,0,0,0,0,0,0,0,0,0,0,0],[2,36,29,79,0,9,17,0,3,6,4,1,47,0,0,0,13,0,0,0,0,0,0,0,0,0,0,3],[2,38,27,82,0,6,8,2,1,4,0,0,32,0,0,0,23,0,0,0,0,0,0,0,0,0,0,1],[0,34,31,92,0,3,3,0,0,5,5,0,32,0,0,0,13,0,0,0,0,0,0,0,0,0,0,0],[1,19,3,17,0,0,13,0,1,4,3,0,67,0,0,0,30,0,0,0,0,0,0,0,0,0,0,0],[3,30,17,55,0,4,8,0,0,3,1,0,21,0,0,0,7,0,0,0,0,0,0,0,0,0,0,1],[0,23,13,35,0,1,3,0,3,3,0,0,30,0,0,0,14,0,0,0,0,0,0,0,0,0,0,1],[0,28,13,37,0,1,11,0,0,1,1,0,21,0,0,0,23,0,0,0,0,0,0,0,0,0,0,0],[1,31,7,41,0,0,3,2,0,7,1,0,27,0,0,0,9,0,0,0,0,0,0,0,0,0,0,0],[0,25,5,37,0,0,4,2,1,1,4,0,30,0,0,0,13,0,0,0,0,0,0,0,0,0,0,0],[0,20,11,40,0,1,0,1,0,2,2,0,4,0,0,0,5,0,0,0,0,0,0,0,0,0,0,0],[2,18,14,29,0,3,3,2,0,2,0,0,19,0,0,0,6,0,0,0,0,0,0,0,0,0,0,0],[0,15,9,34,0,0,1,1,0,1,2,3,9,0,0,0,7,0,0,0,0,0,0,0,0,0,0,0],[2,13,15,34,0,1,1,0,0,4,0,0,4,0,0,0,6,0,0,0,0,0,0,0,0,0,0,0],[0,23,4,24,0,0,2,0,0,2,3,0,14,0,0,0,16,0,0,0,0,0,0,0,0,0,0,0],[2,7,6,13,0,3,5,0,2,0,2,0,4,0,0,0,6,0,0,0,0,0,0,0,0,0,0,6]]}