{"Accuracy":0.15444596443228453,"Precision":0.09225849298606086,"Recall":0.15444596443228453,"F1 Score":0.09969739926827795,"Adjusted Rand Index":0.0343051672058045,"Precision by cluster":[0.09411764705882353,0.18044077134986225,0.17207792207792208,0.09234234234234234,0.1111111111111111,0.0859375,0.31336405529953915,0.1625,0.10638297872340426,0.0,0.0,0.0,0.13663663663663664,0.07692307692307693,0.0,0.0,0.0,0.0,0.0,0.0,0.0,0.0,0.0,0.0,0.0,0.0,0.0,0.2222222222222222],"Recall by cluster":[0.15711947626841244,0.43449419568822556,0.5417376490630323,0.17154811715481172,0.02564102564102564,0.10114942528735632,0.5425531914893617,0.036827195467422094,0.016233766233766232,0.0,0.0,0.0,0.36693548387096775,0.00392156862745098,0.0,0.0,0.0,0.0,0.0,0.0,0.0,0.0,0.0,0.0,0.0,0.0,0.0,0.02702702702702703],"F1 score by cluster":[0.11771919068056406,0.25498783454987833,0.26119096509240247,0.12005856515373353,0.041666666666666664,0.09292502639915523,0.39727361246348586,0.06004618937644342,0.028169014084507043,0.0,0.0,0.0,0.19912472647702406,0.007462686567164179,0.0,0.0,0.0,0.0,0.0,0.0,0.0,0.0,0.0,0.0,0.0,0.0,0.0,0.04819277108433735],"confusion_matrix":[[96,135,183,67,9,42,44,5,2,0,0,2,26,0,0,0,0,0,0,0,0,0,0,0,0,0,0,0],[78,262,65,64,4,50,28,3,3,0,0,3,42,1,0,0,0,0,0,0,0,0,0,0,0,0,0,0],[73,40,318,70,8,39,4,13,2,0,0,2,18,0,0,0,0,0,0,0,0,0,0,0,0,0,0,0],[91,91,111,82,3,45,9,5,1,0,0,3,37,0,0,0,0,0,0,0,0,0,0,0,0,0,0,0],[75,57,163,52,11,35,5,3,6,0,0,1,20,1,0,0,0,0,0,0,0,0,0,0,0,0,0,0],[62,72,141,77,8,44,5,5,2,0,0,5,13,0,0,0,1,0,0,0,0,0,0,0,0,0,0,0],[33,45,16,16,2,13,204,0,1,0,0,0,44,2,0,0,0,0,0,0,0,0,0,0,0,0,0,0],[37,20,192,47,6,13,3,13,2,0,0,0,20,0,0,0,0,0,0,0,0,0,0,0,0,0,0,0],[40,50,68,35,9,12,32,3,5,0,0,0,48,1,0,0,0,0,0,0,0,0,0,0,0,0,0,5],[50,60,82,53,7,32,5,3,1,0,0,1,21,1,0,0,0,0,0,0,0,0,0,0,0,0,0,0],[33,88,27,33,0,21,35,1,1,0,0,0,19,0,0,0,0,0,0,0,0,0,0,0,0,0,0,0],[39,49,26,37,7,11,47,1,1,0,0,0,45,0,0,0,0,0,0,0,0,0,0,0,0,0,0,0],[20,39,14,13,1,2,65,1,0,0,0,2,91,0,0,0,0,0,0,0,0,0,0,0,0,0,0,0],[41,76,30,25,1,21,32,1,4,0,0,0,21,1,0,0,0,0,0,0,0,0,0,0,0,0,0,2],[31,37,69,21,3,15,22,5,3,0,0,0,16,0,0,0,0,0,0,0,0,0,0,0,0,0,0,0],[26,29,81,33,5,19,3,3,1,0,0,1,13,0,0,0,0,0,0,0,0,0,0,0,0,0,0,0],[14,46,9,17,0,7,33,0,1,0,0,0,58,0,0,0,0,0,0,0,0,0,0,0,0,0,0,0],[27,32,27,20,2,16,13,0,4,0,0,0,8,1,0,0,0,0,0,0,0,0,0,0,0,0,0,0],[15,20,30,11,1,7,18,2,0,0,0,1,14,2,0,0,0,0,0,0,0,0,0,0,0,0,0,0],[17,35,13,12,1,4,6,0,0,0,0,0,19,0,0,0,0,0,0,0,0,0,0,0,0,0,0,0],[17,43,7,20,2,8,11,0,1,0,0,0,15,3,0,0,0,0,0,0,0,0,0,0,0,0,0,0],[18,25,17,12,1,12,3,0,3,0,0,0,19,0,0,0,0,0,0,0,0,0,0,0,0,0,0,0],[18,14,45,16,1,12,1,3,1,0,0,0,3,0,0,0,0,0,0,0,0,0,0,0,0,0,0,0],[13,21,21,7,0,7,11,1,0,0,0,1,9,0,0,0,0,0,0,0,0,0,0,0,0,0,0,0],[21,18,22,16,0,7,1,4,0,0,0,0,5,0,0,0,0,0,0,0,0,0,0,0,0,0,0,0],[12,8,41,12,3,10,0,2,0,0,0,0,6,0,0,0,0,0,0,0,0,0,0,0,0,0,0,0],[12,32,10,14,0,3,4,1,0,0,0,0,11,0,0,0,0,0,0,0,0,0,0,0,0,0,0,0],[11,8,20,6,4,5,7,2,2,0,0,2,5,0,0,0,0,0,0,0,0,0,0,0,0,0,0,2]],"epoch_accuracies":[[0.07272810177374493,0.0991746842369249,0.10906935388263189,0.11408508503944188,0.11983037709178788,0.12457252291277188,0.12744516893894486,0.13460398522639186,0.13492316811818886,0.13889015548766587,0.14431626464821484,0.14572978888331586,0.14846564224157585,0.15380055629018285,0.15708358032009484,0.16064018968583285,0.16191692125302085,0.16351283571200584,0.16551912817472983,0.16738862796954082,0.17217637134649583,0.17760248050704483,0.17901600474214582,0.1826638092198258,0.18517167479823082,0.1882267110482878,0.1899138206192148,0.19223929597373582,0.1981669782499658,0.2041858556381378],[0.09740082079343365,0.11600547195622435,0.12571819425444597,0.12599179206566347,0.1372093023255814,0.1399452804377565,0.14309165526675788,0.1454172366621067,0.14473324213406294,0.1491108071135431,0.14555403556771546,0.14692202462380302,0.14870041039671683,0.14952120383036935,0.15129958960328319,0.1493844049247606,0.1508891928864569,0.15362517099863202,0.1540355677154583,0.15143638850889193,0.14692202462380302,0.15225718194254445,0.15157318741450068,0.15362517099863202,0.15006839945280437,0.15444596443228453,0.15512995896032833,0.15471956224350206,0.15417236662106704,0.15444596443228453]]}