{"Accuracy":0.06812585499316005,"Precision":0.10700138295904836,"Recall":0.06812585499316005,"F1 Score":0.030965266881031826,"Adjusted Rand Index":0.010355768012744524,"Precision by cluster":[0.06779661016949153,0.09692757863935625,0.2,0.04878048780487805,0.0,0.03225806451612903,0.7777777777777778,0.0,0.04,0.1724137931034483,0.05180921052631579,0.25,0.0,0.06986899563318777,0.16666666666666666,0.0,0.045950864422202004,0.0,0.0,0.01282051282051282,0.0,0.0,0.0,0.0,0.0,0.0,0.0,0.0],"Recall by cluster":[0.012441679626749611,0.41996830427892234,0.0016366612111292963,0.012244897959183673,0.0,0.0022935779816513763,0.017326732673267328,0.0,0.06752411575562701,0.01773049645390071,0.22826086956521738,0.007662835249042145,0.0,0.0653061224489796,0.004651162790697674,0.0,0.5838150289017341,0.0,0.0,0.008403361344537815,0.0,0.0,0.0,0.0,0.0,0.0,0.0,0.0],"F1 score by cluster":[0.02102496714848883,0.1575037147102526,0.003246753246753247,0.01957585644371941,0.0,0.004282655246252677,0.03389830508474576,0.0,0.050239234449760764,0.03215434083601286,0.08445040214477212,0.01486988847583643,0.0,0.06751054852320675,0.00904977375565611,0.0,0.08519611978068325,0.0,0.0,0.01015228426395939,0.0,0.0,0.0,0.0,0.0,0.0,0.0,0.0],"confusion_matrix":[[8,265,2,16,0,5,0,0,23,2,135,0,0,25,1,0,154,0,0,7,0,0,0,0,0,0,0,0],[7,265,0,14,0,4,1,0,16,2,115,0,0,26,0,0,175,0,0,6,0,0,0,0,0,0,0,0],[26,252,1,16,0,4,0,0,6,1,123,1,0,26,1,0,150,0,0,4,0,0,0,0,0,0,0,0],[9,190,0,6,0,3,0,0,7,2,97,0,0,11,0,0,154,0,0,11,0,0,0,0,0,0,0,0],[10,191,1,10,0,3,0,0,5,2,81,0,0,17,0,0,117,0,0,7,0,0,0,0,0,0,0,0],[6,198,0,12,0,1,0,0,0,2,102,0,0,8,0,0,100,0,0,7,0,0,0,0,0,0,0,0],[1,65,0,0,0,0,7,0,213,0,30,0,0,5,0,0,81,0,0,2,0,0,0,0,0,0,0,0],[11,129,1,6,0,0,0,0,3,2,49,0,0,1,0,0,108,0,0,2,0,0,0,0,0,0,0,0],[2,116,0,3,0,1,1,0,21,0,36,2,0,14,2,0,112,0,0,1,0,0,0,0,0,0,0,0],[5,106,0,6,0,2,0,0,4,5,53,0,0,8,0,0,90,0,0,3,0,0,0,0,0,0,0,0],[2,107,0,2,0,0,0,0,22,1,63,0,0,4,0,0,72,0,0,3,0,0,0,0,0,0,0,0],[3,83,0,0,0,1,0,0,24,0,25,2,0,9,0,0,112,0,0,2,0,0,0,0,0,0,0,0],[0,33,0,5,0,0,0,0,40,3,5,1,0,0,0,0,152,0,0,1,0,0,0,0,0,0,0,0],[5,99,0,2,0,0,0,0,24,0,37,1,0,16,0,0,55,0,0,5,0,0,0,0,0,0,0,1],[4,88,0,4,0,1,0,0,9,0,36,0,0,6,1,0,62,0,0,4,0,0,0,0,0,0,0,0],[2,101,0,2,0,3,0,0,4,1,45,0,0,3,0,0,62,0,0,1,0,0,0,0,0,0,0,0],[0,27,0,1,0,0,0,0,34,1,8,0,0,1,0,0,101,0,0,0,0,0,0,0,0,0,0,0],[4,46,0,1,0,0,0,0,10,0,21,0,0,11,0,0,25,0,0,1,0,0,0,0,0,0,0,0],[1,49,0,5,0,0,0,0,13,1,14,0,0,6,0,0,39,0,0,0,0,0,0,0,0,0,0,0],[3,46,0,1,0,0,0,0,12,0,16,0,0,1,0,0,39,0,0,1,0,0,0,0,0,0,0,0],[1,41,0,1,0,1,0,0,7,0,20,1,0,7,0,0,44,0,0,2,0,0,0,0,0,0,0,0],[1,44,0,1,0,0,0,0,5,2,20,0,0,1,0,0,53,0,0,1,0,0,0,0,0,0,0,0],[1,56,0,2,0,1,0,0,1,2,28,0,0,2,1,0,20,0,0,2,0,0,0,0,0,0,0,0],[2,35,0,3,0,0,0,0,7,0,7,0,0,3,0,0,33,0,0,3,0,0,0,0,0,0,0,0],[1,36,0,1,0,0,0,0,2,0,20,0,0,3,0,0,22,0,0,0,0,0,0,0,0,0,0,0],[0,30,0,2,0,1,0,0,0,0,12,0,0,3,0,0,18,0,0,0,0,0,0,0,0,0,0,0],[1,21,0,1,0,0,0,0,2,0,10,0,0,2,0,0,33,0,0,1,0,0,0,0,0,0,0,0],[2,15,0,0,0,0,0,0,11,0,8,0,0,10,0,0,15,0,0,1,0,0,0,0,0,0,0,0]]}