{"Accuracy":0.13953488372093023,"Precision":0.11677603135264233,"Recall":0.13953488372093023,"F1 Score":0.11223233303856944,"Adjusted Rand Index":0.020649150659175042,"Precision by cluster":[0.10617283950617284,0.12050078247261346,0.2388888888888889,0.10526315789473684,0.0,0.1048951048951049,0.48756218905472637,0.14285714285714285,0.11132437619961612,0.09174311926605505,0.09333333333333334,0.19480519480519481,0.15040650406504066,0.057692307692307696,0.0,0.0,0.07154340836012862,0.0,0.0,0.0,0.0,0.0,0.0,0.0,0.0,0.0,0.0,0.4],"Recall by cluster":[0.06687402799377916,0.36608557844690964,0.281505728314239,0.1510204081632653,0.0,0.034403669724770644,0.48514851485148514,0.07371794871794872,0.1864951768488746,0.03546099290780142,0.17753623188405798,0.05747126436781609,0.15416666666666667,0.024489795918367346,0.0,0.0,0.5144508670520231,0.0,0.0,0.0,0.0,0.0,0.0,0.0,0.0,0.0,0.0,0.03225806451612903],"F1 score by cluster":[0.08206106870229007,0.1813186813186813,0.25845229151014276,0.12405699916177704,0.0,0.05181347150259067,0.48635235732009924,0.09725158562367865,0.13942307692307693,0.05115089514066496,0.12234706616729088,0.08875739644970414,0.1522633744855967,0.034383954154727794,0.0,0.0,0.12561750176429076,0.0,0.0,0.0,0.0,0.0,0.0,0.0,0.0,0.0,0.0,0.05970149253731343],"confusion_matrix":[[43,183,84,67,0,24,14,21,47,10,42,2,10,13,0,0,83,0,0,0,0,0,0,0,0,0,0,0],[31,231,17,57,3,2,13,5,58,8,63,4,13,12,0,0,113,0,1,0,0,0,0,0,0,0,0,0],[41,127,172,75,2,25,1,26,22,7,27,4,9,7,0,0,64,0,0,0,0,0,0,1,0,0,0,1],[41,144,24,74,5,11,1,4,22,11,52,4,16,5,0,0,74,0,2,0,0,0,0,0,0,0,0,0],[34,117,67,51,0,16,3,16,31,8,35,3,10,5,0,0,48,0,0,0,0,0,0,0,0,0,0,0],[25,155,37,64,2,15,1,14,16,12,36,2,9,7,0,0,40,0,1,0,0,0,0,0,0,0,0,0],[11,48,14,9,0,1,196,1,26,1,12,3,20,4,0,0,58,0,0,0,0,0,0,0,0,0,0,0],[24,49,74,44,3,9,2,23,7,8,13,3,10,0,0,0,43,0,0,0,0,0,0,0,0,0,0,0],[11,61,30,16,0,5,9,3,58,3,18,1,15,6,0,0,73,0,1,0,0,0,0,0,0,0,0,1],[24,73,30,31,1,12,1,7,9,10,21,3,9,2,0,0,49,0,0,0,0,0,0,0,0,0,0,0],[6,97,3,15,0,3,18,1,25,5,49,1,8,2,0,0,43,0,0,0,0,0,0,0,0,0,0,0],[7,71,7,11,0,0,21,2,16,2,15,15,26,5,0,0,63,0,0,0,0,0,0,0,0,0,0,0],[2,31,3,7,0,1,25,2,16,2,5,9,37,0,0,0,100,0,0,0,0,0,0,0,0,0,0,0],[9,81,19,13,0,1,24,1,34,1,22,2,11,6,0,0,21,0,0,0,0,0,0,0,0,0,0,0],[9,57,37,33,0,3,8,5,16,2,10,3,3,1,0,0,28,0,0,0,0,0,0,0,0,0,0,0],[14,72,30,31,0,6,1,9,4,3,14,3,2,3,0,0,31,0,1,0,0,0,0,0,0,0,0,0],[7,10,7,6,0,0,18,1,18,0,6,1,9,1,0,0,89,0,0,0,0,0,0,0,0,0,0,0],[8,37,9,9,1,0,9,1,10,1,9,0,3,5,0,0,17,0,0,0,0,0,0,0,0,0,0,0],[1,28,12,12,1,1,5,4,17,1,7,0,3,0,1,0,34,0,0,0,0,0,0,0,0,0,0,1],[9,33,1,10,0,0,10,2,14,3,11,1,4,0,0,0,21,0,0,0,0,0,0,0,0,0,0,0],[3,42,3,7,0,1,4,0,9,1,15,1,4,6,0,0,29,0,0,0,0,0,0,0,0,0,0,0],[11,26,2,12,0,1,3,0,11,2,9,4,6,2,0,0,38,0,1,0,0,0,0,0,0,0,0,0],[14,29,15,16,1,3,0,2,5,2,10,0,1,3,0,0,15,0,0,0,0,0,0,0,0,0,0,0],[4,26,5,7,0,0,9,0,8,0,2,6,3,4,0,0,19,0,0,0,0,0,0,0,0,0,0,0],[7,38,1,11,0,1,1,3,1,3,8,0,0,0,0,0,11,0,0,0,0,0,0,0,0,0,0,0],[5,18,11,9,0,1,0,7,2,3,5,0,0,2,0,0,3,0,0,0,0,0,0,0,0,0,0,0],[3,17,2,3,0,0,1,0,6,0,7,1,4,1,0,0,26,0,0,0,0,0,0,0,0,0,0,0],[1,16,4,3,0,1,4,1,13,0,2,1,1,2,0,0,11,0,0,0,0,0,0,0,0,0,0,2]]}