{"Accuracy":0.08180574555403557,"Precision":0.08913035675139569,"Recall":0.08180574555403557,"F1 Score":0.03674528481448157,"Adjusted Rand Index":0.010642437087056542,"Precision by cluster":[0.0,0.096668349318526,0.25,0.05789473684210526,0.0,0.0,0.5217391304347826,0.0,0.059006211180124224,0.08287292817679558,0.05787037037037037,0.14285714285714285,0.2631578947368421,0.0641025641025641,0.07142857142857142,0.0,0.0545950864422202,0.0,0.0,0.0,0.0,0.0,0.0,0.0,0.0,0.0,0.0,0.0],"Recall by cluster":[0.0,0.606973058637084,0.004909983633387889,0.022448979591836733,0.0,0.0,0.0297029702970297,0.0,0.12218649517684887,0.05319148936170213,0.18115942028985507,0.01532567049808429,0.020833333333333332,0.061224489795918366,0.009302325581395349,0.0,0.3468208092485549,0.0,0.0,0.0,0.0,0.0,0.0,0.0,0.0,0.0,0.0,0.0],"F1 score by cluster":[0.0,0.16677552797735684,0.009630818619582664,0.03235294117647059,0.0,0.0,0.05620608899297424,0.0,0.07958115183246073,0.06479481641468683,0.08771929824561403,0.02768166089965398,0.03861003861003861,0.06263048016701461,0.01646090534979424,0.0,0.09433962264150944,0.0,0.0,0.0,0.0,0.0,0.0,0.0,0.0,0.0,0.0,0.0],"confusion_matrix":[[0,363,2,25,0,0,0,0,34,20,90,6,1,28,1,0,73,0,0,0,0,0,0,0,0,0,0,0],[0,383,0,14,0,0,0,0,24,15,83,2,2,24,0,0,83,0,0,1,0,0,0,0,0,0,0,0],[1,364,3,28,0,1,0,0,12,11,74,0,0,26,6,0,83,0,0,2,0,0,0,0,0,0,0,0],[0,289,0,11,0,2,0,0,9,13,79,0,1,13,0,0,70,0,0,3,0,0,0,0,0,0,0,0],[0,269,3,16,0,0,0,0,7,12,59,3,0,17,2,0,53,0,0,3,0,0,0,0,0,0,0,0],[0,256,0,14,0,0,0,0,2,10,75,1,0,18,0,0,59,0,0,1,0,0,0,0,0,0,0,0],[0,101,0,2,0,0,12,0,224,2,21,0,0,8,0,0,33,0,0,1,0,0,0,0,0,0,0,0],[0,192,3,16,0,0,0,0,3,10,33,0,1,1,4,0,49,0,0,0,0,0,0,0,0,0,0,0],[0,160,0,10,0,0,0,0,38,3,25,2,1,15,3,0,54,0,0,0,0,0,0,0,0,0,0,0],[0,151,0,2,0,0,0,0,6,15,43,0,0,8,2,0,55,0,0,0,0,0,0,0,0,0,0,0],[0,160,0,2,0,0,2,0,23,1,50,2,1,3,0,0,32,0,0,0,0,0,0,0,0,0,0,0],[0,126,0,3,0,0,0,0,39,5,17,4,5,8,1,0,52,0,0,1,0,0,0,0,0,0,0,0],[0,94,0,3,0,0,2,0,52,10,5,0,5,0,0,0,69,0,0,0,0,0,0,0,0,0,0,0],[0,125,0,1,0,0,4,0,27,3,30,2,0,15,2,0,32,0,0,4,0,0,0,0,0,0,0,0],[0,126,0,9,0,0,0,0,8,2,25,1,1,4,2,0,36,0,0,1,0,0,0,0,0,0,0,0],[0,138,0,10,0,0,0,0,1,5,30,0,0,5,0,0,35,0,0,0,0,0,0,0,0,0,0,0],[0,60,0,0,0,0,0,0,42,7,4,0,0,0,0,0,60,0,0,0,0,0,0,0,0,0,0,0],[0,62,0,3,0,0,1,0,10,3,15,2,0,7,1,0,13,0,0,2,0,0,0,0,0,0,0,0],[0,58,0,4,0,0,0,0,23,9,12,0,0,2,1,0,19,0,0,0,0,0,0,0,0,0,0,0],[0,72,0,0,0,0,1,0,17,2,9,0,0,1,0,0,17,0,0,0,0,0,0,0,0,0,0,0],[0,73,0,3,0,0,0,0,7,5,11,1,0,6,0,0,19,0,0,0,0,0,0,0,0,0,0,0],[0,70,0,1,0,0,0,0,10,3,11,0,0,2,0,0,30,0,0,1,0,0,0,0,0,0,0,0],[0,68,0,4,0,0,0,0,0,4,21,0,0,1,2,0,15,0,0,1,0,0,0,0,0,0,0,0],[0,46,1,1,0,0,1,0,8,2,9,1,0,5,1,0,18,0,0,0,0,0,0,0,0,0,0,0],[0,52,0,2,0,0,0,0,2,2,14,0,0,0,0,0,13,0,0,0,0,0,0,0,0,0,0,0],[0,43,0,3,0,0,0,0,0,3,8,1,0,4,0,0,4,0,0,0,0,0,0,0,0,0,0,0],[0,38,0,0,0,0,0,0,3,3,8,0,0,2,0,0,16,0,0,1,0,0,0,0,0,0,0,0],[0,23,0,3,0,0,0,0,13,1,3,0,1,11,0,0,7,0,0,0,0,0,0,0,0,0,0,0]]}