{"Accuracy":0.1121751025991792,"Precision":0.06501368862423497,"Recall":0.1121751025991792,"F1 Score":0.057922705029324,"Adjusted Rand Index":0.016473070474609258,"Precision by cluster":[0.07529411764705882,0.13636363636363635,0.09558186543459428,0.13675213675213677,0.0,0.0,0.3622704507512521,0.04,0.04395604395604396,0.0,0.0,0.075,0.08511941212492345,0.0,0.0,0.0,0.0,0.0,0.0,0.0,0.0,0.0,0.0,0.0,0.0,0.0,0.0,0.30303030303030304],"Recall by cluster":[0.15335463258785942,0.005110732538330494,0.5525876460767947,0.030360531309297913,0.0,0.0,0.5864864864864865,0.00303951367781155,0.013422818791946308,0.0,0.0,0.012195121951219513,0.5205992509363296,0.0,0.0,0.0,0.0,0.0,0.0,0.0,0.0,0.0,0.0,0.0,0.0,0.0,0.0,0.17543859649122806],"F1 score by cluster":[0.10099947396107312,0.009852216748768473,0.16297390448055146,0.049689440993788817,0.0,0.0,0.44788441692466463,0.005649717514124294,0.02056555269922879,0.0,0.0,0.02097902097902098,0.1463157894736842,0.0,0.0,0.0,0.0,0.0,0.0,0.0,0.0,0.0,0.0,0.0,0.0,0.0,0.0,0.2222222222222222],"confusion_matrix":[[96,2,344,15,0,0,26,4,9,0,0,4,125,0,0,0,1,0,0,0,0,0,0,0,0,0,0,0],[101,3,302,12,0,2,31,6,3,0,0,3,123,0,0,0,0,0,0,0,0,0,0,0,0,0,0,1],[143,1,331,5,0,0,4,1,7,0,0,3,102,0,0,0,1,0,0,0,0,0,0,0,0,0,0,1],[90,1,290,16,0,0,4,2,4,0,0,4,115,0,0,0,1,0,0,0,0,0,0,0,0,0,0,0],[86,0,263,8,0,0,5,1,7,0,0,2,67,0,0,0,0,0,0,0,0,0,0,0,0,0,0,1],[87,0,272,6,0,0,1,1,6,0,0,1,64,0,0,0,1,0,0,0,0,0,0,0,0,0,0,0],[20,1,71,3,0,0,217,0,4,0,0,0,54,0,0,0,0,0,0,0,0,0,0,0,0,0,0,0],[73,0,154,4,0,0,5,1,3,0,0,3,84,0,0,0,2,0,0,0,0,0,0,0,0,0,0,0],[39,2,138,3,0,0,34,0,4,0,0,0,67,0,0,0,0,0,0,0,0,0,0,0,0,0,0,11],[51,1,166,4,0,0,7,1,3,0,0,4,79,0,0,0,0,0,0,0,0,0,0,0,0,0,0,0],[66,2,115,8,0,0,21,2,1,0,0,0,62,0,0,0,0,0,0,0,0,0,0,0,0,0,0,0],[40,1,75,3,0,0,44,0,3,0,0,3,77,0,0,0,0,0,0,0,0,0,0,0,0,0,0,0],[20,0,21,4,0,0,75,1,5,0,0,2,139,0,0,0,0,0,0,0,0,0,0,0,0,0,0,0],[43,0,138,3,0,0,27,1,2,0,0,4,43,0,0,0,1,0,0,0,0,0,0,0,0,0,0,6],[37,1,104,2,0,0,13,0,2,0,0,2,38,0,0,0,0,0,0,0,0,0,0,0,0,0,0,2],[41,0,126,3,0,0,0,0,5,0,0,2,52,0,0,0,1,0,0,0,0,0,0,0,0,0,0,1],[27,0,42,3,0,0,27,0,4,0,0,0,83,0,0,0,0,0,0,0,0,0,0,0,0,0,0,0],[27,1,67,2,0,0,8,0,3,0,0,0,19,0,0,0,0,0,0,0,0,0,0,0,0,0,0,0],[28,1,50,0,0,0,11,0,5,0,0,0,33,0,0,0,1,0,0,0,0,0,0,0,0,0,0,0],[23,2,40,2,0,0,8,1,4,0,0,0,33,0,0,0,0,0,0,0,0,0,0,0,0,0,0,0],[17,0,57,1,0,0,8,0,0,0,0,0,30,0,0,0,0,0,0,0,0,0,0,0,0,0,0,0],[24,2,44,1,0,0,7,0,3,0,0,0,33,0,0,0,0,0,0,0,0,0,0,0,0,0,0,0],[22,0,62,3,0,0,1,0,1,0,0,0,18,0,0,0,0,0,0,0,0,0,0,0,0,0,0,0],[16,0,36,0,0,0,6,0,0,0,0,1,27,0,0,0,0,0,0,0,0,0,0,0,0,0,0,0],[24,0,54,1,0,0,1,2,2,0,0,0,17,0,0,0,0,0,0,0,0,0,0,0,0,0,0,0],[19,0,51,2,0,0,1,1,1,0,0,0,9,0,0,0,0,0,0,0,0,0,0,0,0,0,0,0],[11,1,23,3,0,0,3,0,0,0,0,2,28,0,0,0,1,0,0,0,0,0,0,0,0,0,0,0],[4,0,27,0,0,0,4,0,0,0,0,0,12,0,0,0,0,0,0,0,0,0,0,0,0,0,0,10]]}