{"Accuracy":0.12544459644322845,"Precision":0.07732337639809093,"Recall":0.12544459644322845,"F1 Score":0.06523734587197377,"Adjusted Rand Index":0.01804104559610758,"Precision by cluster":[0.08823529411764706,0.16296296296296298,0.10482758620689656,0.0843558282208589,0.0,0.09803921568627451,0.4149908592321755,0.07142857142857142,0.075,0.0,0.0,0.078125,0.10277324632952692,0.0,0.0,0.0,0.04081632653061224,0.0,0.0,0.0,0.0,0.0,0.0,0.0,0.0,0.0,0.0,0.0],"Recall by cluster":[0.013412816691505217,0.03722504230118443,0.7562189054726368,0.11066398390342053,0.0,0.01126126126126126,0.5675,0.003076923076923077,0.034482758620689655,0.0,0.0,0.018115942028985508,0.5338983050847458,0.0,0.0,0.0,0.012658227848101266,0.0,0.0,0.0,0.0,0.0,0.0,0.0,0.0,0.0,0.0,0.0],"F1 score by cluster":[0.02328589909443726,0.06060606060606061,0.18413082980012113,0.09573542210617929,0.0,0.020202020202020204,0.47940865892291445,0.0058997050147492625,0.047244094488188976,0.0,0.0,0.029411764705882353,0.17236662106703146,0.0,0.0,0.0,0.01932367149758454,0.0,0.0,0.0,0.0,0.0,0.0,0.0,0.0,0.0,0.0,0.0],"confusion_matrix":[[9,20,450,63,0,4,25,4,15,0,0,2,74,0,0,0,5,0,0,0,0,0,0,0,0,0,0,0],[17,22,338,65,0,8,24,1,3,0,0,6,102,0,0,0,5,0,0,0,0,0,0,0,0,0,0,0],[3,2,456,36,0,3,4,1,16,0,0,6,72,0,0,0,4,0,0,0,0,0,0,0,0,0,0,0],[2,5,350,55,0,3,2,0,2,0,0,5,67,0,0,0,6,0,0,0,0,0,0,0,0,0,0,0],[5,7,319,43,0,6,3,0,12,0,0,5,35,0,0,0,2,0,0,0,0,0,0,0,0,0,0,0],[4,2,340,40,0,5,2,1,2,0,0,1,45,0,0,0,2,0,0,0,0,0,0,0,0,0,0,0],[4,3,97,10,0,0,227,0,2,0,0,4,51,0,0,0,2,0,0,0,0,0,0,0,0,0,0,0],[1,2,219,33,0,1,4,1,9,0,0,2,51,0,0,0,2,0,0,0,0,0,0,0,0,0,0,0],[4,14,130,25,0,0,18,0,9,0,0,1,58,0,0,0,2,0,0,0,0,0,0,0,0,0,0,0],[3,1,191,25,0,0,1,2,2,0,0,2,52,0,0,0,4,0,0,0,0,0,0,0,0,0,0,0],[11,5,152,29,0,6,26,0,0,0,0,2,47,0,0,0,4,0,0,0,0,0,0,0,0,0,0,0],[7,5,136,23,0,4,31,0,2,0,0,5,62,0,0,0,1,0,0,0,0,0,0,0,0,0,0,0],[2,2,41,15,0,1,43,0,0,0,0,4,126,0,0,0,2,0,0,0,0,0,0,0,0,0,0,0],[6,3,143,17,0,1,28,0,8,0,0,5,38,0,0,0,0,0,0,0,0,0,0,0,0,0,0,0],[4,3,146,15,0,1,15,2,6,0,0,2,31,0,0,0,1,0,0,0,0,0,0,0,0,0,0,0],[1,3,149,25,0,1,5,0,2,0,0,0,32,0,0,0,0,0,0,0,0,0,0,0,0,0,0,0],[0,6,33,12,0,0,25,1,2,0,0,2,75,0,0,0,2,0,0,0,0,0,0,0,0,0,0,0],[2,5,88,17,0,1,13,0,3,0,0,0,21,0,0,0,0,0,0,0,0,0,0,0,0,0,0,0],[1,7,65,8,0,0,11,0,4,0,0,0,29,0,0,0,1,0,0,0,0,0,0,0,0,0,0,0],[7,5,61,21,0,1,15,0,0,0,0,2,23,0,0,0,1,0,0,0,0,0,0,0,0,0,0,0],[5,5,62,19,0,2,5,1,2,0,0,2,26,0,0,0,0,0,0,0,0,0,0,0,0,0,0,0],[2,1,68,6,0,0,5,0,4,0,0,2,32,0,0,0,2,0,0,0,0,0,0,0,0,0,0,0],[0,1,70,7,0,0,0,0,2,0,0,0,6,0,0,0,0,0,0,0,0,0,0,0,0,0,0,0],[0,1,58,5,0,0,5,0,3,0,0,3,23,0,0,0,0,0,0,0,0,0,0,0,0,0,0,0],[0,1,53,10,0,1,1,0,2,0,0,1,13,0,0,0,0,0,0,0,0,0,0,0,0,0,0,0],[0,1,60,12,0,0,1,0,0,0,0,0,6,0,0,0,0,0,0,0,0,0,0,0,0,0,0,0],[2,2,45,12,0,1,3,0,0,0,0,0,22,0,0,0,1,0,0,0,0,0,0,0,0,0,0,0],[0,1,30,4,0,1,5,0,8,0,0,0,7,0,0,0,0,0,0,0,0,0,0,0,0,0,0,0]]}