{"Accuracy":0.11409028727770178,"Precision":0.1052743181121773,"Recall":0.11409028727770178,"F1 Score":0.06950778693991516,"Adjusted Rand Index":0.014349793166322965,"Precision by cluster":[0.18,0.05333333333333334,0.09508119557542952,0.09115281501340483,0.10344827586206896,0.088,0.5076142131979695,0.3333333333333333,0.13953488372093023,0.0,0.0,0.109375,0.16666666666666666,0.0,0.0,0.0,0.06985573272589218,0.0,0.0,0.0,0.0,0.0,0.0,0.0,0.0,0.0,0.0,0.0],"Recall by cluster":[0.013996889580093312,0.006339144215530904,0.6612111292962357,0.06938775510204082,0.0472972972972973,0.07568807339449542,0.49504950495049505,0.003205128205128205,0.03858520900321544,0.0,0.0,0.02681992337164751,0.07083333333333333,0.0,0.0,0.0,0.5317919075144508,0.0,0.0,0.0,0.0,0.0,0.0,0.0,0.0,0.0,0.0,0.0],"F1 score by cluster":[0.025974025974025976,0.0113314447592068,0.1662551440329218,0.07879490150637311,0.06491499227202473,0.08138101109741061,0.5012531328320802,0.006349206349206349,0.060453400503778336,0.0,0.0,0.043076923076923075,0.09941520467836257,0.0,0.0,0.0,0.12348993288590604,0.0,0.0,0.0,0.0,0.0,0.0,0.0,0.0,0.0,0.0,0.0],"confusion_matrix":[[9,3,407,37,22,44,13,0,6,0,0,6,6,0,2,0,88,0,0,0,0,0,0,0,0,0,0,0],[3,4,416,29,21,29,9,0,3,1,0,2,8,0,1,0,105,0,0,0,0,0,0,0,0,0,0,0],[4,5,404,47,20,51,1,0,3,0,0,4,7,0,0,0,65,0,0,0,0,0,0,0,0,0,0,0],[4,1,328,34,21,25,2,0,0,0,0,4,8,0,2,0,61,0,0,0,0,0,0,0,0,0,0,0],[4,3,293,29,21,23,4,0,2,0,0,3,2,0,3,0,57,0,0,0,0,0,0,0,0,0,0,0],[4,2,307,34,12,33,0,0,0,0,0,1,2,0,1,0,40,0,0,0,0,0,0,0,0,0,0,0],[3,2,86,5,5,17,200,0,11,0,0,0,7,0,2,0,66,0,0,0,0,0,0,0,0,0,0,0],[4,8,203,17,4,13,1,1,1,0,0,3,2,0,0,0,55,0,0,0,0,0,0,0,0,0,0,0],[1,7,172,9,7,7,11,0,12,1,0,6,7,0,0,0,71,0,0,0,0,0,0,0,0,0,0,0],[2,1,180,19,4,13,2,0,0,0,0,1,2,0,1,0,57,0,0,0,0,0,0,0,0,0,0,0],[0,8,161,18,8,11,17,0,2,0,0,2,4,0,0,0,45,0,0,0,0,0,0,0,0,0,0,0],[1,2,108,7,13,11,18,0,3,0,0,7,9,0,1,0,81,0,0,0,0,0,0,0,0,0,0,0],[1,6,58,3,1,2,28,0,4,0,0,5,17,0,0,0,115,0,0,0,0,0,0,0,0,0,0,0],[2,2,138,13,6,19,21,0,9,0,0,3,3,0,0,0,29,0,0,0,0,0,0,0,0,0,0,0],[0,2,150,11,7,7,5,0,2,0,0,1,4,0,0,0,26,0,0,0,0,0,0,0,0,0,0,0],[2,4,153,11,2,16,2,0,1,0,0,1,0,0,1,0,31,0,0,0,0,0,0,0,0,0,0,0],[1,3,48,3,0,2,18,0,2,0,0,1,3,0,0,0,92,0,0,0,0,0,0,0,0,0,0,0],[0,4,73,2,1,14,8,0,1,0,0,2,1,0,2,0,11,0,0,0,0,0,0,0,0,0,0,0],[1,2,67,3,3,5,6,1,6,0,0,0,1,0,0,0,33,0,0,0,0,0,0,0,0,0,0,0],[0,2,61,6,5,4,7,0,1,0,0,2,2,0,0,0,29,0,0,0,0,0,0,0,0,0,0,0],[0,0,68,6,7,4,4,1,1,0,0,2,0,0,1,0,31,0,0,0,0,0,0,0,0,0,0,0],[1,0,70,6,1,3,4,0,1,0,0,1,3,0,0,0,38,0,0,0,0,0,0,0,0,0,0,0],[1,1,84,7,6,6,0,0,0,0,0,0,0,0,0,0,11,0,0,0,0,0,0,0,0,0,0,0],[0,1,49,3,2,1,8,0,1,0,0,3,0,0,0,0,25,0,0,0,0,0,0,0,0,0,0,0],[0,0,61,5,0,5,1,0,0,0,0,2,0,0,0,0,11,0,0,0,0,0,0,0,0,0,0,0],[1,0,47,4,0,5,0,0,1,0,0,0,0,0,0,0,8,0,0,0,0,0,0,0,0,0,0,0],[1,2,33,3,2,1,1,0,1,0,0,0,2,0,0,0,25,0,0,0,0,0,0,0,0,0,0,0],[0,0,24,2,2,4,3,0,12,0,0,2,2,0,0,0,11,0,0,0,0,0,0,0,0,0,0,0]]}