{"Accuracy":0.11518467852257182,"Precision":0.09523171436708197,"Recall":0.11518467852257182,"F1 Score":0.0828166002235039,"Adjusted Rand Index":0.015669665145758793,"Precision by cluster":[0.12261146496815287,0.07119386637458927,0.09137217446673034,0.1088,0.10344827586206896,0.08024691358024691,0.45,0.21052631578947367,0.07854984894259819,0.0,0.058823529411764705,0.1,0.19480519480519481,0.039603960396039604,0.0,0.0,0.06715328467153285,0.0,0.0,0.0,0.0,0.0,0.0,0.0,0.0,0.0,0.0,0.0],"Recall by cluster":[0.11975116640746501,0.10301109350237718,0.469721767594108,0.13877551020408163,0.006756756756756757,0.02981651376146789,0.5346534653465347,0.01282051282051282,0.08360128617363344,0.0,0.0036231884057971015,0.007662835249042145,0.125,0.0163265306122449,0.0,0.0,0.2658959537572254,0.0,0.0,0.0,0.0,0.0,0.0,0.0,0.0,0.0,0.0,0.0],"F1 score by cluster":[0.12116443745082613,0.08419689119170984,0.15298507462686567,0.12197309417040358,0.012684989429175475,0.043478260869565216,0.48868778280542985,0.02416918429003021,0.08099688473520249,0.0,0.006825938566552901,0.014234875444839857,0.15228426395939088,0.023121387283236993,0.0,0.0,0.10722610722610723,0.0,0.0,0.0,0.0,0.0,0.0,0.0,0.0,0.0,0.0,0.0],"confusion_matrix":[[77,78,295,60,4,23,17,2,16,0,0,0,10,11,0,0,49,0,0,0,0,0,0,0,0,0,0,1],[55,65,319,47,3,16,16,2,18,0,2,2,10,11,0,0,65,0,0,0,0,0,0,0,0,0,0,0],[70,98,287,62,5,14,3,1,13,0,2,1,11,8,0,0,36,0,0,0,0,0,0,0,0,0,0,0],[40,67,236,68,3,12,4,3,9,0,2,2,5,5,0,0,34,0,0,0,0,0,0,0,0,0,0,0],[46,59,211,51,3,8,4,0,7,0,2,0,4,11,0,0,37,0,0,0,0,0,0,0,0,0,0,1],[45,57,228,54,1,13,0,1,4,0,1,1,0,2,0,0,29,0,0,0,0,0,0,0,0,0,0,0],[18,37,57,9,0,4,216,1,37,0,0,0,4,2,0,0,19,0,0,0,0,0,0,0,0,0,0,0],[29,43,147,34,2,4,4,4,3,0,1,0,6,0,0,0,35,0,0,0,0,0,0,0,0,0,0,0],[19,31,134,16,1,4,14,0,26,0,0,2,10,9,0,0,43,0,0,0,0,0,0,0,0,0,0,2],[16,49,133,33,0,5,2,1,5,0,0,1,9,3,0,0,25,0,0,0,0,0,0,0,0,0,0,0],[33,36,109,30,1,5,18,0,16,0,1,0,4,2,0,0,21,0,0,0,0,0,0,0,0,0,0,0],[12,37,85,11,1,7,26,0,25,0,1,2,14,6,0,0,34,0,0,0,0,0,0,0,0,0,0,0],[4,27,48,5,0,1,45,0,22,0,1,1,30,0,0,0,56,0,0,0,0,0,0,0,0,0,0,0],[23,43,90,17,0,11,24,2,16,0,1,1,2,4,0,0,10,0,0,0,0,0,0,0,0,0,0,1],[22,19,120,18,1,4,7,1,6,0,1,0,1,2,0,0,13,0,0,0,0,0,0,0,0,0,0,0],[24,25,124,19,0,4,2,1,4,0,0,0,4,2,0,0,15,0,0,0,0,0,0,0,0,0,0,0],[5,20,38,5,0,0,27,0,28,0,1,0,3,0,0,0,46,0,0,0,0,0,0,0,0,0,0,0],[10,18,52,8,0,2,8,0,3,0,0,0,3,6,0,0,9,0,0,0,0,0,0,0,0,0,0,0],[10,12,53,7,0,3,10,0,18,0,0,0,1,1,0,0,13,0,0,0,0,0,0,0,0,0,0,0],[6,13,49,11,1,1,10,0,14,0,0,1,1,2,0,0,10,0,0,0,0,0,0,0,0,0,0,0],[8,12,57,8,1,2,4,0,5,0,1,0,4,6,0,0,17,0,0,0,0,0,0,0,0,0,0,0],[11,14,50,9,1,2,4,0,12,0,0,4,5,0,0,0,16,0,0,0,0,0,0,0,0,0,0,0],[16,10,67,9,0,3,0,0,1,0,0,0,1,2,0,0,7,0,0,0,0,0,0,0,0,0,0,0],[5,13,37,3,0,3,7,0,4,0,0,1,3,3,0,0,14,0,0,0,0,0,0,0,0,0,0,0],[6,8,41,14,0,4,1,0,1,0,0,0,1,0,0,0,9,0,0,0,0,0,0,0,0,0,0,0],[9,8,32,7,0,3,0,0,1,0,0,0,0,0,0,0,6,0,0,0,0,0,0,0,0,0,0,0],[6,10,26,7,0,2,2,0,2,0,0,0,3,1,0,0,12,0,0,0,0,0,0,0,0,0,0,0],[3,4,16,3,1,2,5,0,15,0,0,1,5,2,0,0,5,0,0,0,0,0,0,0,0,0,0,0]]}